image_num,bboxes,labels
0001,"{'<DENSE_REGION_CAPTION>': {'bboxes': [[89.04000091552734, 127.12000274658203, 223.66400146484375, 223.66400146484375], [49.39200210571289, 49.39200210571289, 121.29600524902344, 223.66400146484375], [153.7760009765625, 142.8000030517578, 223.66400146484375, 223.66400146484375], [137.42401123046875, 71.12000274658203, 184.01600646972656, 144.81600952148438]], 'labels': ['desk', 'person', 'person', 'person']}}"
0002,"{'<DENSE_REGION_CAPTION>': {'bboxes': [[41.3280029296875, 48.272003173828125, 123.31200408935547, 223.66400146484375], [169.2320098876953, 150.63999938964844, 223.66400146484375, 223.66400146484375], [140.55999755859375, 76.72000122070312, 180.8800048828125, 149.07200622558594], [196.33599853515625, 86.57600402832031, 223.66400146484375, 148.17601013183594]], 'labels': ['person', 'person', 'person', 'person']}}"
0003,"{'<DENSE_REGION_CAPTION>': {'bboxes': [[93.29600524902344, 94.41600036621094, 104.94400024414062, 119.2800064086914]], 'labels': ['human face']}}"
0004,"{'<DENSE_REGION_CAPTION>': {'bboxes': [[60.592002868652344, 53.87200164794922, 162.9600067138672, 223.66400146484375], [173.71200561523438, 96.20800018310547, 223.66400146484375, 223.66400146484375], [173.71200561523438, 145.93600463867188, 223.66400146484375, 223.66400146484375], [138.76800537109375, 75.82400512695312, 183.79200744628906, 146.60800170898438]], 'labels': ['person', 'person', 'person', 'person']}}"
0005,"{'<DENSE_REGION_CAPTION>': {'bboxes': [[93.96800231933594, 129.58399963378906, 223.66400146484375, 223.66400146484375], [105.84000396728516, 87.92000579833984, 126.00000762939453, 128.46400451660156], [160.49600219726562, 96.20800018310547, 169.9040069580078, 111.21600341796875]], 'labels': ['desk', 'human face', 'human face']}}"
0006,"{'<DENSE_REGION_CAPTION>': {'bboxes': [[109.64800262451172, 86.35200500488281, 128.91200256347656, 128.24000549316406]], 'labels': ['human face']}}"
0007,"{'<DENSE_REGION_CAPTION>': {'bboxes': [[93.96800231933594, 131.15200805664062, 223.66400146484375, 223.66400146484375], [111.66400146484375, 89.48799896240234, 130.48001098632812, 129.58399963378906], [206.864013671875, 95.31200408935547, 221.42401123046875, 121.29600524902344], [211.34400939941406, 197.6800079345703, 223.66400146484375, 217.8400115966797], [163.1840057373047, 93.07200622558594, 173.93600463867188, 108.75200653076172]], 'labels': ['desk', 'human face', 'human face', 'human face', 'human face']}}"
0008,"{'<DENSE_REGION_CAPTION>': {'bboxes': [[59.92000198364258, 67.08800506591797, 143.0240020751953, 223.66400146484375], [139.21600341796875, 156.01600646972656, 190.5120086669922, 223.66400146484375], [142.1280059814453, 86.57600402832031, 184.68800354003906, 149.07200622558594], [190.9600067138672, 76.27200317382812, 223.66400146484375, 158.48001098632812], [201.04000854492188, 143.0240020751953, 223.66400146484375, 223.66400146484375]], 'labels': ['person', 'person', 'person', 'person', 'person']}}"
0009,"{'<DENSE_REGION_CAPTION>': {'bboxes': [[112.11200714111328, 129.80799865722656, 223.66400146484375, 223.66400146484375], [110.31999969482422, 80.08000183105469, 128.46400451660156, 127.56800079345703], [163.4080047607422, 90.38400268554688, 174.38400268554688, 109.20000457763672]], 'labels': ['desk', 'human face', 'human face']}}"
0010,"{'<DENSE_REGION_CAPTION>': {'bboxes': [[62.608001708984375, 69.10400390625, 160.72000122070312, 217.8400115966797], [142.1280059814453, 70.67200469970703, 187.15200805664062, 147.27999877929688], [155.79200744628906, 150.86399841308594, 201.93600463867188, 223.66400146484375], [190.9600067138672, 91.7280044555664, 223.66400146484375, 174.60800170898438], [206.19200134277344, 145.04000854492188, 223.66400146484375, 223.66400146484375]], 'labels': ['person', 'person', 'person', 'person', 'person']}}"
0011,"{'<DENSE_REGION_CAPTION>': {'bboxes': [[62.160003662109375, 68.656005859375, 156.68800354003906, 216.94400024414062], [149.29600524902344, 143.6959991455078, 198.3520050048828, 223.66400146484375], [142.1280059814453, 71.79199981689453, 187.15200805664062, 148.84800720214844], [183.56800842285156, 99.79199981689453, 223.66400146484375, 176.62400817871094], [211.34400939941406, 141.4560089111328, 223.66400146484375, 223.66400146484375]], 'labels': ['person', 'person', 'person', 'person', 'person']}}"
0012,"{'<DENSE_REGION_CAPTION>': {'bboxes': [[62.160003662109375, 70.0, 160.49600219726562, 221.20001220703125], [154.2239990234375, 137.87200927734375, 203.50401306152344, 223.66400146484375], [178.63999938964844, 102.4800033569336, 223.66400146484375, 178.63999938964844], [141.2320098876953, 74.0320053100586, 178.86399841308594, 149.96800231933594]], 'labels': ['person', 'person', 'person', 'person']}}"
0013,"{'<DENSE_REGION_CAPTION>': {'bboxes': [[61.93600082397461, 70.67200469970703, 160.04800415039062, 221.20001220703125], [153.10400390625, 138.54400634765625, 202.83200073242188, 223.66400146484375], [178.63999938964844, 95.08800506591797, 223.66400146484375, 155.79200744628906], [140.7840118408203, 78.06400299072266, 176.62400817871094, 154.89601135253906], [199.6959991455078, 143.0240020751953, 223.66400146484375, 223.66400146484375]], 'labels': ['person', 'person', 'person', 'person', 'person']}}"
0014,"{'<DENSE_REGION_CAPTION>': {'bboxes': [[62.160003662109375, 68.20800018310547, 160.04800415039062, 223.66400146484375], [153.3280029296875, 138.76800537109375, 201.04000854492188, 223.66400146484375], [182.67201232910156, 105.39200592041016, 223.66400146484375, 173.48800659179688], [143.0240020751953, 80.30400085449219, 176.17601013183594, 155.12001037597656], [202.83200073242188, 141.9040069580078, 223.66400146484375, 216.04800415039062]], 'labels': ['person', 'person', 'person', 'person', 'person']}}"
0015,"{'<DENSE_REGION_CAPTION>': {'bboxes': [[61.93600082397461, 67.31200408935547, 155.79200744628906, 216.27200317382812], [150.19200134277344, 138.54400634765625, 198.8000030517578, 223.66400146484375], [181.10400390625, 102.7040023803711, 223.66400146484375, 161.16799926757812], [144.36801147460938, 78.06400299072266, 178.19200134277344, 143.4720001220703], [196.7840118408203, 146.38400268554688, 223.66400146484375, 223.66400146484375]], 'labels': ['person', 'person', 'person', 'person', 'person']}}"
0016,"{'<DENSE_REGION_CAPTION>': {'bboxes': [[61.93600082397461, 67.08800506591797, 158.03199768066406, 216.04800415039062], [152.2080078125, 137.42401123046875, 201.04000854492188, 223.66400146484375], [135.4080047607422, 70.2239990234375, 183.79200744628906, 140.7840118408203], [182.67201232910156, 100.24000549316406, 223.66400146484375, 178.19200134277344]], 'labels': ['person', 'person', 'person', 'person']}}"
0017,"{'<DENSE_REGION_CAPTION>': {'bboxes': [[61.93600082397461, 67.08800506591797, 160.27200317382812, 215.82400512695312], [154.67201232910156, 138.09600830078125, 202.83200073242188, 223.66400146484375], [146.60800170898438, 76.49600219726562, 186.92800903320312, 154.447998046875], [185.36000061035156, 97.7760009765625, 221.87200927734375, 164.7519989013672]], 'labels': ['person', 'person', 'person', 'person']}}"
0018,"{'<DENSE_REGION_CAPTION>': {'bboxes': [[25.200000762939453, 127.79200744628906, 77.16799926757812, 223.66400146484375], [113.23200225830078, 90.38400268554688, 133.39199829101562, 132.72000122070312]], 'labels': ['chair', 'human face']}}"
0019,"{'<DENSE_REGION_CAPTION>': {'bboxes': [[62.160003662109375, 69.552001953125, 147.95201110839844, 223.66400146484375], [122.64000701904297, 137.87200927734375, 188.27200317382812, 223.66400146484375], [137.87200927734375, 75.60000610351562, 180.4320068359375, 145.93600463867188], [187.15200805664062, 102.4800033569336, 223.66400146484375, 169.9040069580078], [198.8000030517578, 148.17601013183594, 223.66400146484375, 223.66400146484375]], 'labels': ['person', 'person', 'person', 'person', 'person']}}"
0020,"{'<DENSE_REGION_CAPTION>': {'bboxes': [[62.608001708984375, 72.24000549316406, 148.40000915527344, 215.15200805664062], [126.22400665283203, 136.9759979248047, 188.72000122070312, 223.66400146484375], [136.3040008544922, 75.1520004272461, 181.3280029296875, 145.93600463867188], [181.7760009765625, 102.7040023803711, 223.66400146484375, 168.7840118408203], [199.0240020751953, 147.50399780273438, 223.66400146484375, 223.66400146484375]], 'labels': ['person', 'person', 'person', 'person', 'person']}}"
0021,"{'<DENSE_REGION_CAPTION>': {'bboxes': [[25.424001693725586, 128.01600646972656, 77.39200592041016, 223.66400146484375], [117.04000091552734, 92.1760025024414, 134.9600067138672, 135.6320037841797], [160.49600219726562, 93.52000427246094, 169.9040069580078, 107.85600280761719]], 'labels': ['chair', 'human face', 'human face']}}"
0022,"{'<DENSE_REGION_CAPTION>': {'bboxes': [[62.608001708984375, 72.68800354003906, 154.67201232910156, 215.15200805664062], [147.95201110839844, 134.7360076904297, 195.66400146484375, 223.66400146484375], [183.56800842285156, 90.38400268554688, 223.66400146484375, 176.17601013183594], [157.58399963378906, 69.3280029296875, 190.5120086669922, 149.96800231933594], [206.41600036621094, 140.33599853515625, 223.66400146484375, 223.66400146484375]], 'labels': ['person', 'person', 'person', 'person', 'person']}}"
0023,"{'<DENSE_REGION_CAPTION>': {'bboxes': [[62.608001708984375, 72.68800354003906, 157.58399963378906, 215.15200805664062], [150.41600036621094, 135.1840057373047, 199.0240020751953, 223.66400146484375], [157.13600158691406, 69.10400390625, 189.39199829101562, 142.8000030517578], [194.09600830078125, 91.9520034790039, 223.66400146484375, 154.89601135253906], [204.84800720214844, 141.2320098876953, 223.66400146484375, 223.66400146484375], [203.50401306152344, 50.064002990722656, 222.32000732421875, 76.27200317382812], [143.9199981689453, 194.09600830078125, 147.27999877929688, 209.552001953125]], 'labels': ['person', 'person', 'person', 'person', 'person', 'box', 'bracelet']}}"
0024,"{'<DENSE_REGION_CAPTION>': {'bboxes': [[62.608001708984375, 72.68800354003906, 163.4080047607422, 215.37600708007812], [155.79200744628906, 138.99200439453125, 206.41600036621094, 223.66400146484375], [156.68800354003906, 67.76000213623047, 192.3040008544922, 142.1280059814453], [201.48800659179688, 89.93600463867188, 223.66400146484375, 178.19200134277344]], 'labels': ['person', 'person', 'person', 'person']}}"
0025,"{'<DENSE_REGION_CAPTION>': {'bboxes': [[62.608001708984375, 72.46400451660156, 160.04800415039062, 215.15200805664062], [152.8800048828125, 138.32000732421875, 205.96800231933594, 223.66400146484375], [157.13600158691406, 75.3759994506836, 192.3040008544922, 144.1439971923828], [201.93600463867188, 92.6240005493164, 223.66400146484375, 177.74400329589844]], 'labels': ['person', 'person', 'person', 'person']}}"
0026,"{'<DENSE_REGION_CAPTION>': {'bboxes': [[117.93600463867188, 92.8479995727539, 134.5120086669922, 134.9600067138672], [164.7519989013672, 92.8479995727539, 176.62400817871094, 108.97600555419922]], 'labels': ['human face', 'human face']}}"
0027,"{'<DENSE_REGION_CAPTION>': {'bboxes': [[62.608001708984375, 70.44800567626953, 160.94400024414062, 215.37600708007812], [165.20001220703125, 147.27999877929688, 223.66400146484375, 223.66400146484375], [156.68800354003906, 77.39200592041016, 190.2880096435547, 148.62400817871094], [201.26400756835938, 95.76000213623047, 223.66400146484375, 178.41600036621094]], 'labels': ['person', 'person', 'person', 'person']}}"
0028,"{'<DENSE_REGION_CAPTION>': {'bboxes': [[117.71200561523438, 93.07200622558594, 134.9600067138672, 134.0640106201172], [166.32000732421875, 109.20000457763672, 182.2239990234375, 119.7280044555664]], 'labels': ['human face', 'human face']}}"
0029,"{'<DENSE_REGION_CAPTION>': {'bboxes': [[62.608001708984375, 70.44800567626953, 159.15200805664062, 215.60000610351562], [152.8800048828125, 149.29600524902344, 212.68800354003906, 223.66400146484375], [155.56800842285156, 69.3280029296875, 188.94400024414062, 151.760009765625], [195.66400146484375, 93.74400329589844, 223.66400146484375, 178.19200134277344]], 'labels': ['person', 'person', 'person', 'person']}}"
0030,"{'<DENSE_REGION_CAPTION>': {'bboxes': [[62.608001708984375, 70.44800567626953, 161.39199829101562, 215.60000610351562], [160.94400024414062, 147.05599975585938, 223.66400146484375, 223.66400146484375], [150.41600036621094, 73.36000061035156, 186.03201293945312, 162.2880096435547], [194.76800537109375, 94.41600036621094, 223.66400146484375, 178.41600036621094]], 'labels': ['person', 'person', 'person', 'person']}}"
0031,"{'<DENSE_REGION_CAPTION>': {'bboxes': [[62.608001708984375, 72.24000549316406, 162.9600067138672, 215.60000610351562], [157.80799865722656, 147.27999877929688, 221.42401123046875, 223.66400146484375], [147.50399780273438, 74.0320053100586, 185.58399963378906, 161.6160125732422], [199.2480010986328, 99.79199981689453, 223.66400146484375, 152.2080078125]], 'labels': ['person', 'person', 'person', 'person']}}"
0032,"{'<DENSE_REGION_CAPTION>': {'bboxes': [[62.832000732421875, 73.80799865722656, 163.4080047607422, 215.37600708007812], [166.32000732421875, 144.1439971923828, 223.66400146484375, 223.66400146484375], [146.16000366210938, 72.91200256347656, 187.15200805664062, 162.7360076904297], [194.76800537109375, 100.01600646972656, 223.66400146484375, 149.52000427246094]], 'labels': ['person', 'person', 'person', 'person']}}"
0033,"{'<DENSE_REGION_CAPTION>': {'bboxes': [[62.608001708984375, 73.58399963378906, 162.2880096435547, 215.37600708007812], [162.0640106201172, 145.26400756835938, 223.66400146484375, 223.66400146484375], [147.72801208496094, 74.7040023803711, 187.15200805664062, 162.0640106201172], [194.32000732421875, 100.24000549316406, 223.66400146484375, 150.41600036621094]], 'labels': ['person', 'person', 'person', 'person']}}"
0034,"{'<DENSE_REGION_CAPTION>': {'bboxes': [[61.93600082397461, 71.12000274658203, 162.5120086669922, 215.60000610351562], [159.82400512695312, 145.71200561523438, 223.66400146484375, 223.66400146484375], [147.72801208496094, 75.1520004272461, 188.04800415039062, 149.07200622558594], [193.42401123046875, 101.13600158691406, 223.66400146484375, 151.08799743652344]], 'labels': ['person', 'person', 'person', 'person']}}"
0035,"{'<DENSE_REGION_CAPTION>': {'bboxes': [[61.93600082397461, 70.2239990234375, 160.94400024414062, 215.37600708007812], [155.79200744628906, 148.40000915527344, 215.15200805664062, 223.66400146484375], [147.95201110839844, 74.9280014038086, 188.04800415039062, 150.41600036621094], [195.21600341796875, 97.552001953125, 223.66400146484375, 167.66400146484375]], 'labels': ['person', 'person', 'person', 'person']}}"
0036,"{'<DENSE_REGION_CAPTION>': {'bboxes': [[61.93600082397461, 70.0, 160.04800415039062, 215.15200805664062], [164.5279998779297, 147.05599975585938, 218.2880096435547, 223.66400146484375], [147.95201110839844, 74.4800033569336, 188.04800415039062, 161.8400115966797], [191.8560028076172, 99.34400177001953, 223.66400146484375, 157.36000061035156]], 'labels': ['person', 'person', 'person', 'person']}}"
0037,"{'<DENSE_REGION_CAPTION>': {'bboxes': [[61.93600082397461, 70.0, 160.49600219726562, 215.15200805664062], [164.9759979248047, 147.50399780273438, 223.66400146484375, 223.66400146484375], [147.95201110839844, 74.7040023803711, 188.04800415039062, 161.6160125732422], [191.4080047607422, 101.8080062866211, 223.66400146484375, 152.8800048828125]], 'labels': ['person', 'person', 'person', 'person']}}"
0038,"{'<DENSE_REGION_CAPTION>': {'bboxes': [[61.93600082397461, 70.0, 161.16799926757812, 215.15200805664062], [160.04800415039062, 146.60800170898438, 218.5120086669922, 223.66400146484375], [157.13600158691406, 66.86399841308594, 194.32000732421875, 148.84800720214844], [192.3040008544922, 106.73600006103516, 223.66400146484375, 154.89601135253906]], 'labels': ['person', 'person', 'person', 'person']}}"
0039,"{'<DENSE_REGION_CAPTION>': {'bboxes': [[61.93600082397461, 70.2239990234375, 162.0640106201172, 215.15200805664062], [158.25601196289062, 149.52000427246094, 214.48001098632812, 223.66400146484375], [153.7760009765625, 76.94400024414062, 187.15200805664062, 160.49600219726562], [195.21600341796875, 105.61600494384766, 223.66400146484375, 181.7760009765625]], 'labels': ['person', 'person', 'person', 'person']}}"
0040,"{'<DENSE_REGION_CAPTION>': {'bboxes': [[61.93600082397461, 70.0, 162.0640106201172, 215.15200805664062], [162.2880096435547, 149.07200622558594, 218.9600067138672, 223.66400146484375], [156.24000549316406, 74.2560043334961, 188.94400024414062, 160.72000122070312], [193.42401123046875, 105.61600494384766, 223.66400146484375, 184.91200256347656]], 'labels': ['person', 'person', 'person', 'person']}}"
0041,"{'<DENSE_REGION_CAPTION>': {'bboxes': [[61.93600082397461, 70.89600372314453, 163.6320037841797, 215.15200805664062], [160.72000122070312, 147.05599975585938, 216.94400024414062, 223.66400146484375], [156.68800354003906, 71.12000274658203, 190.2880096435547, 154.67201232910156], [195.21600341796875, 105.84000396728516, 223.66400146484375, 184.91200256347656]], 'labels': ['person', 'person', 'person', 'person']}}"
0042,"{'<DENSE_REGION_CAPTION>': {'bboxes': [[61.93600082397461, 72.46400451660156, 164.0800018310547, 215.37600708007812], [170.1280059814453, 144.1439971923828, 223.66400146484375, 223.66400146484375], [159.60000610351562, 69.10400390625, 190.9600067138672, 146.16000366210938], [194.54400634765625, 109.87200164794922, 223.66400146484375, 178.86399841308594], [203.72801208496094, 54.992000579833984, 221.87200927734375, 76.04800415039062], [121.07200622558594, 141.4560089111328, 132.04800415039062, 156.91200256347656], [144.36801147460938, 196.11199951171875, 147.27999877929688, 212.01600646972656]], 'labels': ['person', 'person', 'person', 'person', 'box', 'bracelet', 'bracelet']}}"
0043,"{'<DENSE_REGION_CAPTION>': {'bboxes': [[61.71200180053711, 72.01599884033203, 161.39199829101562, 215.37600708007812], [166.99200439453125, 143.9199981689453, 223.66400146484375, 223.66400146484375], [160.72000122070312, 70.0, 190.5120086669922, 146.38400268554688], [197.6800079345703, 107.40800476074219, 223.66400146484375, 156.46400451660156]], 'labels': ['person', 'person', 'person', 'person']}}"
0044,"{'<DENSE_REGION_CAPTION>': {'bboxes': [[93.96800231933594, 130.48001098632812, 223.66400146484375, 223.66400146484375], [106.96000671386719, 91.7280044555664, 126.44800567626953, 139.44000244140625], [168.7840118408203, 88.36800384521484, 180.656005859375, 111.44000244140625]], 'labels': ['desk', 'human face', 'human face']}}"
0045,"{'<DENSE_REGION_CAPTION>': {'bboxes': [[61.48800277709961, 73.58399963378906, 164.0800018310547, 215.60000610351562], [162.0640106201172, 147.05599975585938, 223.66400146484375, 223.66400146484375], [159.60000610351562, 70.0, 190.5120086669922, 148.17601013183594], [199.4720001220703, 102.0320053100586, 223.66400146484375, 164.9759979248047]], 'labels': ['person', 'person', 'person', 'person']}}"
0046,"{'<DENSE_REGION_CAPTION>': {'bboxes': [[61.26400375366211, 72.68800354003906, 141.2320098876953, 215.37600708007812], [134.5120086669922, 149.07200622558594, 188.94400024414062, 223.66400146484375], [159.60000610351562, 70.2239990234375, 190.5120086669922, 152.2080078125], [192.0800018310547, 102.9280014038086, 223.66400146484375, 180.2080078125]], 'labels': ['person', 'person', 'person', 'person']}}"
0047,"{'<DENSE_REGION_CAPTION>': {'bboxes': [[61.48800277709961, 73.58399963378906, 134.9600067138672, 215.37600708007812], [125.7760009765625, 145.93600463867188, 174.60800170898438, 223.66400146484375], [159.15200805664062, 70.44800567626953, 190.2880096435547, 151.9840087890625], [196.11199951171875, 87.69599914550781, 223.66400146484375, 177.52000427246094]], 'labels': ['person', 'person', 'person', 'person']}}"
0048,"{'<DENSE_REGION_CAPTION>': {'bboxes': [[61.48800277709961, 72.24000549316406, 141.6800079345703, 215.60000610351562], [135.4080047607422, 139.44000244140625, 189.39199829101562, 223.66400146484375], [189.39199829101562, 86.35200500488281, 223.66400146484375, 177.96800231933594], [159.15200805664062, 70.44800567626953, 190.2880096435547, 152.4320068359375]], 'labels': ['person', 'person', 'person', 'person']}}"
0049,"{'<DENSE_REGION_CAPTION>': {'bboxes': [[61.48800277709961, 72.91200256347656, 141.6800079345703, 215.60000610351562], [133.8400115966797, 139.66400146484375, 182.2239990234375, 223.66400146484375], [189.39199829101562, 149.52000427246094, 223.66400146484375, 223.66400146484375], [159.15200805664062, 70.67200469970703, 188.94400024414062, 152.2080078125], [187.15200805664062, 92.8479995727539, 223.66400146484375, 156.24000549316406], [98.89600372314453, 21.61600112915039, 133.61599731445312, 74.2560043334961], [134.0640106201172, 22.736000061035156, 155.79200744628906, 52.30400085449219]], 'labels': ['person', 'person', 'person', 'person', 'person', 'poster', 'poster']}}"
0050,"{'<DENSE_REGION_CAPTION>': {'bboxes': [[102.7040023803711, 78.95999908447266, 121.29600524902344, 127.79200744628906], [205.96800231933594, 199.6959991455078, 223.66400146484375, 223.66400146484375], [168.7840118408203, 89.93600463867188, 180.4320068359375, 112.33600616455078], [168.5600128173828, 94.86400604248047, 180.4320068359375, 112.11200714111328]], 'labels': ['human face', 'human face', 'human face', 'human face']}}"
0051,"{'<DENSE_REGION_CAPTION>': {'bboxes': [[61.48800277709961, 70.0, 147.05599975585938, 215.60000610351562], [159.15200805664062, 70.44800567626953, 220.3040008544922, 164.3040008544922], [141.2320098876953, 139.66400146484375, 194.76800537109375, 223.66400146484375], [201.04000854492188, 155.34400939941406, 223.66400146484375, 223.66400146484375]], 'labels': ['person', 'person', 'person', 'person']}}"
0052,"{'<DENSE_REGION_CAPTION>': {'bboxes': [[108.52799987792969, 89.04000091552734, 126.22400665283203, 137.64801025390625], [204.17601013183594, 199.0240020751953, 223.66400146484375, 223.66400146484375], [140.33599853515625, 199.4720001220703, 156.91200256347656, 223.66400146484375], [168.33599853515625, 94.86400604248047, 179.760009765625, 112.11200714111328]], 'labels': ['human face', 'human face', 'human face', 'human face']}}"
0053,"{'<DENSE_REGION_CAPTION>': {'bboxes': [[61.040000915527344, 70.67200469970703, 153.3280029296875, 215.82400512695312], [155.12001037597656, 70.2239990234375, 220.97601318359375, 164.7519989013672], [146.16000366210938, 141.0080108642578, 198.5760040283203, 223.66400146484375], [198.8000030517578, 151.08799743652344, 223.66400146484375, 223.66400146484375]], 'labels': ['person', 'person', 'person', 'person']}}"
0054,"{'<DENSE_REGION_CAPTION>': {'bboxes': [[61.26400375366211, 70.67200469970703, 143.2480010986328, 223.66400146484375], [139.21600341796875, 141.9040069580078, 189.6160125732422, 223.66400146484375], [158.25601196289062, 70.0, 189.39199829101562, 152.656005859375], [181.3280029296875, 106.73600006103516, 220.75201416015625, 170.1280059814453], [199.92001342773438, 150.63999938964844, 223.66400146484375, 223.66400146484375], [139.66400146484375, 113.00800323486328, 176.62400817871094, 146.83200073242188], [164.7519989013672, 0.1120000034570694, 187.15200805664062, 36.400001525878906], [187.60000610351562, 68.656005859375, 202.60800170898438, 101.8080062866211], [203.50401306152344, 54.992000579833984, 221.87200927734375, 76.49600219726562]], 'labels': ['person', 'person', 'person', 'person', 'person', 'box', 'box', 'box', 'box']}}"
0055,"{'<DENSE_REGION_CAPTION>': {'bboxes': [[61.26400375366211, 71.34400177001953, 143.2480010986328, 215.60000610351562], [138.54400634765625, 141.2320098876953, 189.16799926757812, 223.66400146484375], [158.03199768066406, 70.44800567626953, 189.39199829101562, 151.08799743652344], [199.92001342773438, 149.52000427246094, 223.66400146484375, 223.66400146484375], [140.11199951171875, 113.45600128173828, 176.62400817871094, 146.38400268554688], [164.7519989013672, 0.1120000034570694, 187.15200805664062, 36.400001525878906], [187.60000610351562, 68.656005859375, 202.60800170898438, 101.58399963378906], [203.50401306152344, 54.992000579833984, 221.87200927734375, 76.27200317382812]], 'labels': ['person', 'person', 'person', 'person', 'box', 'box', 'box', 'box']}}"
0056,"{'<DENSE_REGION_CAPTION>': {'bboxes': [[108.52799987792969, 88.36800384521484, 126.00000762939453, 136.0800018310547], [165.42401123046875, 91.9520034790039, 175.27999877929688, 108.52799987792969]], 'labels': ['human face', 'human face']}}"
0057,"{'<DENSE_REGION_CAPTION>': {'bboxes': [[61.48800277709961, 70.44800567626953, 139.21600341796875, 215.37600708007812], [128.68800354003906, 144.59201049804688, 178.41600036621094, 223.66400146484375], [152.2080078125, 70.0, 192.3040008544922, 150.19200134277344], [185.36000061035156, 100.01600646972656, 223.66400146484375, 158.25601196289062], [193.87200927734375, 151.9840087890625, 223.66400146484375, 223.66400146484375]], 'labels': ['person', 'person', 'person', 'person', 'person']}}"
0058,"{'<DENSE_REGION_CAPTION>': {'bboxes': [[25.200000762939453, 127.79200744628906, 77.61600494384766, 223.66400146484375], [110.76800537109375, 90.38400268554688, 128.24000549316406, 134.9600067138672], [165.20001220703125, 96.20800018310547, 176.40000915527344, 113.68000030517578]], 'labels': ['chair', 'human face', 'human face']}}"
0059,"{'<DENSE_REGION_CAPTION>': {'bboxes': [[110.31999969482422, 89.26399993896484, 127.56800079345703, 134.5120086669922], [203.50401306152344, 204.17601013183594, 223.66400146484375, 223.66400146484375], [166.09600830078125, 98.22400665283203, 176.40000915527344, 114.35200500488281]], 'labels': ['human face', 'human face', 'human face']}}"
0060,"{'<DENSE_REGION_CAPTION>': {'bboxes': [[109.87200164794922, 87.92000579833984, 126.44800567626953, 135.6320037841797], [163.6320037841797, 99.34400177001953, 174.16000366210938, 115.02400207519531]], 'labels': ['human face', 'human face']}}"
0061,"{'<DENSE_REGION_CAPTION>': {'bboxes': [[61.26400375366211, 71.56800079345703, 141.2320098876953, 215.60000610351562], [126.22400665283203, 144.36801147460938, 177.52000427246094, 223.66400146484375], [154.67201232910156, 73.36000061035156, 189.8400115966797, 155.79200744628906], [194.54400634765625, 151.760009765625, 223.66400146484375, 223.66400146484375], [189.8400115966797, 96.20800018310547, 223.66400146484375, 158.48001098632812]], 'labels': ['person', 'person', 'person', 'person', 'person']}}"
0062,"{'<DENSE_REGION_CAPTION>': {'bboxes': [[101.8080062866211, 96.8800048828125, 122.19200134277344, 143.0240020751953], [164.0800018310547, 100.01600646972656, 175.05599975585938, 114.80000305175781]], 'labels': ['human face', 'human face']}}"
0063,"{'<DENSE_REGION_CAPTION>': {'bboxes': [[100.01600646972656, 103.3759994506836, 119.9520034790039, 148.62400817871094], [165.20001220703125, 100.68800354003906, 175.95201110839844, 114.80000305175781]], 'labels': ['human face', 'human face']}}"
0064,"{'<DENSE_REGION_CAPTION>': {'bboxes': [[61.48800277709961, 74.9280014038086, 140.33599853515625, 215.60000610351562], [126.89600372314453, 144.1439971923828, 178.86399841308594, 223.66400146484375], [153.7760009765625, 73.80799865722656, 192.3040008544922, 156.01600646972656], [189.8400115966797, 97.552001953125, 223.66400146484375, 168.7840118408203], [197.6800079345703, 148.84800720214844, 223.66400146484375, 223.66400146484375]], 'labels': ['person', 'person', 'person', 'person', 'person']}}"
0065,"{'<DENSE_REGION_CAPTION>': {'bboxes': [[164.9759979248047, 103.1520004272461, 174.83200073242188, 117.48800659179688]], 'labels': ['human face']}}"
0066,"{'<DENSE_REGION_CAPTION>': {'bboxes': [[52.30400085449219, 43.56800079345703, 128.68800354003906, 223.66400146484375], [124.8800048828125, 146.38400268554688, 190.5120086669922, 223.66400146484375], [143.6959991455078, 78.51200103759766, 191.1840057373047, 158.25601196289062], [191.4080047607422, 96.20800018310547, 223.66400146484375, 159.37600708007812], [191.8560028076172, 153.552001953125, 223.66400146484375, 223.66400146484375]], 'labels': ['person', 'person', 'person', 'person', 'person']}}"
0067,"{'<DENSE_REGION_CAPTION>': {'bboxes': [[62.608001708984375, 44.6879997253418, 151.760009765625, 223.66400146484375], [143.6959991455078, 77.39200592041016, 189.39199829101562, 160.27200317382812], [120.4000015258789, 150.41600036621094, 169.2320098876953, 223.66400146484375], [189.8400115966797, 97.552001953125, 223.66400146484375, 158.25601196289062], [193.87200927734375, 152.8800048828125, 223.66400146484375, 223.66400146484375]], 'labels': ['person', 'person', 'person', 'person', 'person']}}"
0068,"{'<DENSE_REGION_CAPTION>': {'bboxes': [[65.52000427246094, 51.63199996948242, 132.04800415039062, 223.66400146484375], [126.89600372314453, 145.93600463867188, 183.12001037597656, 223.66400146484375], [144.36801147460938, 75.82400512695312, 189.8400115966797, 160.49600219726562], [190.0640106201172, 95.53600311279297, 223.66400146484375, 158.92800903320312], [190.5120086669922, 154.67201232910156, 223.66400146484375, 223.66400146484375]], 'labels': ['person', 'person', 'person', 'person', 'person']}}"
0069,"{'<DENSE_REGION_CAPTION>': {'bboxes': [[94.63999938964844, 130.48001098632812, 203.50401306152344, 223.66400146484375], [67.53600311279297, 64.8479995727539, 143.0240020751953, 207.9840087890625], [141.2320098876953, 141.9040069580078, 190.7360076904297, 223.66400146484375], [146.60800170898438, 76.04800415039062, 189.39199829101562, 154.67201232910156], [190.9600067138672, 154.0, 223.66400146484375, 223.66400146484375], [194.99200439453125, 93.29600524902344, 223.66400146484375, 158.70401000976562]], 'labels': ['desk', 'person', 'person', 'person', 'person', 'person']}}"
0070,"{'<DENSE_REGION_CAPTION>': {'bboxes': [[94.41600036621094, 130.70401000976562, 173.48800659179688, 223.66400146484375], [165.64801025390625, 98.67200469970703, 176.84800720214844, 116.81600189208984]], 'labels': ['desk', 'human face']}}"
0071,"{'<DENSE_REGION_CAPTION>': {'bboxes': [[94.63999938964844, 130.48001098632812, 223.66400146484375, 223.66400146484375], [165.64801025390625, 99.79199981689453, 176.62400817871094, 117.26399993896484]], 'labels': ['desk', 'human face']}}"
0072,"{'<DENSE_REGION_CAPTION>': {'bboxes': [[94.41600036621094, 130.48001098632812, 223.66400146484375, 223.66400146484375], [164.9759979248047, 100.91200256347656, 175.72801208496094, 117.48800659179688]], 'labels': ['desk', 'human face']}}"
0073,"{'<DENSE_REGION_CAPTION>': {'bboxes': [[67.53600311279297, 67.08800506591797, 158.70401000976562, 207.9840087890625], [169.2320098876953, 145.04000854492188, 223.66400146484375, 223.66400146484375], [145.48800659179688, 77.39200592041016, 189.8400115966797, 153.7760009765625], [191.4080047607422, 96.20800018310547, 223.66400146484375, 176.17601013183594]], 'labels': ['person', 'person', 'person', 'person']}}"
0074,"{'<DENSE_REGION_CAPTION>': {'bboxes': [[67.53600311279297, 66.19200134277344, 158.48001098632812, 207.760009765625], [146.60800170898438, 76.27200317382812, 189.8400115966797, 159.15200805664062], [175.50399780273438, 147.05599975585938, 223.66400146484375, 223.66400146484375], [192.97601318359375, 93.96800231933594, 223.66400146484375, 168.33599853515625]], 'labels': ['person', 'person', 'person', 'person']}}"
0075,"{'<DENSE_REGION_CAPTION>': {'bboxes': [[94.41600036621094, 131.82400512695312, 223.66400146484375, 223.66400146484375], [118.60800170898438, 80.30400085449219, 136.5279998779297, 119.7280044555664], [165.64801025390625, 102.0320053100586, 176.62400817871094, 118.60800170898438]], 'labels': ['desk', 'human face', 'human face']}}"
0076,"{'<DENSE_REGION_CAPTION>': {'bboxes': [[94.41600036621094, 131.15200805664062, 223.66400146484375, 223.66400146484375], [124.8800048828125, 83.21600341796875, 138.09600830078125, 119.9520034790039], [164.9759979248047, 97.3280029296875, 176.17601013183594, 115.24800109863281]], 'labels': ['desk', 'human face', 'human face']}}"
0077,"{'<DENSE_REGION_CAPTION>': {'bboxes': [[67.53600311279297, 65.74400329589844, 164.3040008544922, 208.4320068359375], [167.44000244140625, 146.60800170898438, 223.66400146484375, 223.66400146484375], [150.41600036621094, 74.9280014038086, 189.39199829101562, 154.67201232910156], [199.6959991455078, 91.05599975585938, 223.66400146484375, 151.31201171875]], 'labels': ['person', 'person', 'person', 'person']}}"
0078,"{'<DENSE_REGION_CAPTION>': {'bboxes': [[94.41600036621094, 130.48001098632812, 223.66400146484375, 223.66400146484375], [67.76000213623047, 66.41600036621094, 151.760009765625, 207.9840087890625], [150.19200134277344, 141.9040069580078, 195.88800048828125, 223.66400146484375], [151.31201171875, 74.0320053100586, 188.94400024414062, 149.96800231933594], [202.16000366210938, 89.04000091552734, 223.66400146484375, 152.656005859375], [205.96800231933594, 146.60800170898438, 223.66400146484375, 216.94400024414062]], 'labels': ['desk', 'person', 'person', 'person', 'person', 'person']}}"
0079,"{'<DENSE_REGION_CAPTION>': {'bboxes': [[48.944000244140625, 65.29600524902344, 126.89600372314453, 211.12001037597656], [123.08800506591797, 148.62400817871094, 185.36000061035156, 223.66400146484375], [182.89601135253906, 141.0080108642578, 223.66400146484375, 223.66400146484375], [132.04800415039062, 72.01599884033203, 170.3520050048828, 154.2239990234375], [175.72801208496094, 94.41600036621094, 215.15200805664062, 154.2239990234375], [213.36000061035156, 102.7040023803711, 223.66400146484375, 159.82400512695312], [191.1840057373047, 186.48001098632812, 208.8800048828125, 208.656005859375], [109.87200164794922, 90.38400268554688, 118.60800170898438, 118.38400268554688], [147.05599975585938, 97.3280029296875, 158.25601196289062, 111.44000244140625]], 'labels': ['person', 'person', 'person', 'person', 'person', 'person', 'human face', 'human face', 'human face']}}"
0080,"{'<DENSE_REGION_CAPTION>': {'bboxes': [[109.42400360107422, 87.47200012207031, 120.4000015258789, 123.98400115966797], [155.79200744628906, 97.552001953125, 169.0080108642578, 114.12800598144531]], 'labels': ['human face', 'human face']}}"
0081,"{'<DENSE_REGION_CAPTION>': {'bboxes': [[106.28800201416016, 75.3759994506836, 122.19200134277344, 128.01600646972656], [172.36801147460938, 92.4000015258789, 190.9600067138672, 119.0560073852539]], 'labels': ['human face', 'human face']}}"
0082,"{'<DENSE_REGION_CAPTION>': {'bboxes': [[35.72800064086914, 0.1120000034570694, 96.43199920654297, 44.4640007019043], [89.93600463867188, 75.82400512695312, 105.39200592041016, 128.24000549316406], [154.447998046875, 90.60800170898438, 172.59201049804688, 117.04000091552734]], 'labels': ['poster', 'human face', 'human face']}}"
0083,"{'<DENSE_REGION_CAPTION>': {'bboxes': [[0.1120000034570694, 32.14400100708008, 130.48001098632812, 223.66400146484375], [89.71200561523438, 74.7040023803711, 106.06400299072266, 128.24000549316406], [154.2239990234375, 92.1760025024414, 173.04000854492188, 117.71200561523438]], 'labels': ['woman', 'human face', 'human face']}}"
0084,"{'<DENSE_REGION_CAPTION>': {'bboxes': [[0.1120000034570694, 31.920000076293945, 141.6800079345703, 223.66400146484375], [126.22400665283203, 45.80800247192383, 197.0080108642578, 164.5279998779297], [137.42401123046875, 141.9040069580078, 215.37600708007812, 223.66400146484375], [205.96800231933594, 85.90399932861328, 223.66400146484375, 223.66400146484375], [89.93600463867188, 76.27200317382812, 106.06400299072266, 120.4000015258789], [156.91200256347656, 91.5040054321289, 175.72801208496094, 116.59200286865234]], 'labels': ['person', 'person', 'person', 'person', 'human face', 'human face']}}"
0085,"{'<DENSE_REGION_CAPTION>': {'bboxes': [[74.4800033569336, 60.816001892089844, 106.96000671386719, 129.58399963378906], [155.56800842285156, 93.52000427246094, 173.93600463867188, 117.48800659179688]], 'labels': ['human face', 'human face']}}"
0086,"{'<DENSE_REGION_CAPTION>': {'bboxes': [[0.1120000034570694, 29.68000030517578, 146.60800170898438, 223.66400146484375], [76.49600219726562, 59.02400207519531, 106.96000671386719, 129.13600158691406], [152.8800048828125, 97.10400390625, 171.4720001220703, 119.2800064086914]], 'labels': ['woman', 'human face', 'human face']}}"
0087,"{'<DENSE_REGION_CAPTION>': {'bboxes': [[0.1120000034570694, 27.440000534057617, 104.49600219726562, 223.66400146484375], [125.3280029296875, 46.25600051879883, 196.7840118408203, 187.37600708007812], [85.90399932861328, 60.816001892089844, 104.94400024414062, 125.3280029296875], [152.8800048828125, 93.52000427246094, 171.4720001220703, 117.26399993896484]], 'labels': ['woman', 'woman', 'human face', 'human face']}}"
0088,"{'<DENSE_REGION_CAPTION>': {'bboxes': [[0.1120000034570694, 24.304000854492188, 104.04800415039062, 223.66400146484375], [87.69599914550781, 64.1760025024414, 103.60000610351562, 121.07200622558594], [155.12001037597656, 85.90399932861328, 173.71200561523438, 111.44000244140625]], 'labels': ['woman', 'human face', 'human face']}}"
0089,"{'<DENSE_REGION_CAPTION>': {'bboxes': [[89.48799896240234, 77.39200592041016, 108.52799987792969, 130.25599670410156], [154.89601135253906, 80.97600555419922, 173.26400756835938, 105.84000396728516]], 'labels': ['human face', 'human face']}}"
0090,"{'<DENSE_REGION_CAPTION>': {'bboxes': [[0.1120000034570694, 32.816001892089844, 125.7760009765625, 223.66400146484375], [118.16000366210938, 33.71200180053711, 196.7840118408203, 171.6959991455078], [121.52000427246094, 152.656005859375, 193.87200927734375, 223.66400146484375], [202.16000366210938, 93.52000427246094, 223.66400146484375, 217.8400115966797]], 'labels': ['person', 'person', 'person', 'person']}}"
0091,"{'<DENSE_REGION_CAPTION>': {'bboxes': [[0.1120000034570694, 26.32000160217285, 137.42401123046875, 223.66400146484375], [120.4000015258789, 33.263999938964844, 203.95201110839844, 165.64801025390625], [84.11199951171875, 49.16800308227539, 106.73600006103516, 118.38400268554688], [155.79200744628906, 78.06400299072266, 174.16000366210938, 104.27200317382812]], 'labels': ['woman', 'woman', 'human face', 'human face']}}"
0092,"{'<DENSE_REGION_CAPTION>': {'bboxes': [[87.69599914550781, 52.97600173950195, 112.11200714111328, 125.552001953125], [157.80799865722656, 63.50400161743164, 178.41600036621094, 102.2560043334961]], 'labels': ['human face', 'human face']}}"
0093,"{'<DENSE_REGION_CAPTION>': {'bboxes': [[0.1120000034570694, 31.920000076293945, 130.70401000976562, 223.66400146484375], [131.82400512695312, 33.040000915527344, 195.66400146484375, 177.74400329589844], [89.04000091552734, 57.68000030517578, 112.11200714111328, 128.01600646972656], [158.70401000976562, 69.3280029296875, 179.0880126953125, 104.94400024414062]], 'labels': ['woman', 'woman', 'human face', 'human face']}}"
0094,"{'<DENSE_REGION_CAPTION>': {'bboxes': [[90.60800170898438, 63.28000259399414, 112.78400421142578, 130.25599670410156], [156.91200256347656, 66.41600036621094, 177.74400329589844, 104.04800415039062]], 'labels': ['human face', 'human face']}}"
0095,"{'<DENSE_REGION_CAPTION>': {'bboxes': [[90.60800170898438, 64.6240005493164, 112.78400421142578, 132.72000122070312], [156.24000549316406, 73.58399963378906, 176.84800720214844, 108.08000183105469]], 'labels': ['human face', 'human face']}}"
0096,"{'<DENSE_REGION_CAPTION>': {'bboxes': [[78.51200103759766, 66.19200134277344, 111.21600341796875, 135.6320037841797], [156.24000549316406, 76.27200317382812, 176.17601013183594, 109.20000457763672]], 'labels': ['human face', 'human face']}}"
0097,"{'<DENSE_REGION_CAPTION>': {'bboxes': [[81.42400360107422, 67.08800506591797, 112.11200714111328, 136.3040008544922], [157.13600158691406, 74.7040023803711, 177.07200622558594, 111.88800048828125]], 'labels': ['human face', 'human face']}}"
0098,"{'<DENSE_REGION_CAPTION>': {'bboxes': [[85.00800323486328, 67.31200408935547, 112.11200714111328, 134.7360076904297], [156.91200256347656, 76.27200317382812, 177.96800231933594, 113.00800323486328]], 'labels': ['human face', 'human face']}}"
0099,"{'<DENSE_REGION_CAPTION>': {'bboxes': [[85.00800323486328, 67.31200408935547, 112.11200714111328, 134.9600067138672], [153.3280029296875, 76.27200317382812, 174.60800170898438, 112.56000518798828]], 'labels': ['human face', 'human face']}}"
0100,"{'<DENSE_REGION_CAPTION>': {'bboxes': [[84.78400421142578, 59.02400207519531, 109.87200164794922, 127.56800079345703], [153.7760009765625, 77.39200592041016, 174.60800170898438, 113.00800323486328]], 'labels': ['human face', 'human face']}}"
0101,"{'<DENSE_REGION_CAPTION>': {'bboxes': [[0.1120000034570694, 29.45600128173828, 141.6800079345703, 223.66400146484375], [129.58399963378906, 37.74399948120117, 196.7840118408203, 194.09600830078125], [85.00800323486328, 58.35200119018555, 109.42400360107422, 126.67200469970703], [156.68800354003906, 76.27200317382812, 176.84800720214844, 111.88800048828125]], 'labels': ['woman', 'woman', 'human face', 'human face']}}"
0102,"{'<DENSE_REGION_CAPTION>': {'bboxes': [[0.1120000034570694, 29.45600128173828, 137.87200927734375, 223.66400146484375], [130.48001098632812, 38.8640022277832, 196.33599853515625, 194.54400634765625], [85.00800323486328, 57.23200225830078, 109.87200164794922, 126.67200469970703], [158.70401000976562, 77.61600494384766, 178.41600036621094, 113.00800323486328]], 'labels': ['woman', 'woman', 'human face', 'human face']}}"
0103,"{'<DENSE_REGION_CAPTION>': {'bboxes': [[85.68000030517578, 50.064002990722656, 108.30400085449219, 121.29600524902344], [157.80799865722656, 80.30400085449219, 178.41600036621094, 115.92000579833984]], 'labels': ['human face', 'human face']}}"
0104,"{'<DENSE_REGION_CAPTION>': {'bboxes': [[93.52000427246094, 79.63200378417969, 110.31999969482422, 128.46400451660156], [156.91200256347656, 88.59200286865234, 176.62400817871094, 115.92000579833984], [0.1120000034570694, 33.040000915527344, 138.32000732421875, 223.66400146484375], [130.70401000976562, 42.672000885009766, 197.6800079345703, 194.09600830078125], [194.76800537109375, 70.89600372314453, 223.66400146484375, 223.66400146484375]], 'labels': ['human face', 'human face', 'woman', 'woman', 'woman']}}"
0105,"{'<DENSE_REGION_CAPTION>': {'bboxes': [[0.1120000034570694, 35.055999755859375, 137.87200927734375, 223.66400146484375], [131.15200805664062, 45.58399963378906, 196.11199951171875, 194.32000732421875], [195.88800048828125, 70.44800567626953, 223.66400146484375, 204.17601013183594], [36.624000549316406, 0.1120000034570694, 97.3280029296875, 44.2400016784668], [163.6320037841797, 169.6800079345703, 187.15200805664062, 194.32000732421875]], 'labels': ['person', 'person', 'person', 'poster', 'glove']}}"
0106,"{'<DENSE_REGION_CAPTION>': {'bboxes': [[0.1120000034570694, 35.055999755859375, 137.87200927734375, 223.66400146484375], [131.60000610351562, 44.91200256347656, 196.33599853515625, 193.87200927734375], [196.11199951171875, 72.46400451660156, 223.66400146484375, 212.46400451660156]], 'labels': ['person', 'person', 'person']}}"
0107,"{'<DENSE_REGION_CAPTION>': {'bboxes': [[0.1120000034570694, 35.28000259399414, 137.42401123046875, 223.66400146484375], [129.80799865722656, 42.672000885009766, 196.33599853515625, 193.87200927734375], [187.82400512695312, 71.12000274658203, 223.66400146484375, 220.5279998779297], [36.400001525878906, 0.1120000034570694, 97.3280029296875, 44.2400016784668]], 'labels': ['person', 'person', 'person', 'poster']}}"
0108,"{'<DENSE_REGION_CAPTION>': {'bboxes': [[91.7280044555664, 70.0, 111.21600341796875, 129.58399963378906], [156.91200256347656, 80.97600555419922, 177.52000427246094, 114.57600402832031], [157.13600158691406, 88.36800384521484, 176.84800720214844, 114.35200500488281]], 'labels': ['human face', 'human face', 'human face']}}"
0109,"{'<DENSE_REGION_CAPTION>': {'bboxes': [[88.59200286865234, 63.72800064086914, 111.21600341796875, 130.70401000976562], [155.56800842285156, 82.09600067138672, 175.72801208496094, 114.12800598144531]], 'labels': ['human face', 'human face']}}"
0110,"{'<DENSE_REGION_CAPTION>': {'bboxes': [[0.1120000034570694, 23.18400001525879, 138.32000732421875, 223.66400146484375], [124.4320068359375, 34.608001708984375, 192.7519989013672, 179.760009765625], [78.51200103759766, 49.61600112915039, 105.16800689697266, 124.8800048828125], [147.27999877929688, 67.31200408935547, 167.66400146484375, 107.18400573730469]], 'labels': ['woman', 'woman', 'human face', 'human face']}}"
0111,"{'<DENSE_REGION_CAPTION>': {'bboxes': [[0.1120000034570694, 37.74399948120117, 138.32000732421875, 223.66400146484375], [126.89600372314453, 39.98400115966797, 191.4080047607422, 192.97601318359375], [36.624000549316406, 0.1120000034570694, 97.3280029296875, 44.2400016784668]], 'labels': ['person', 'person', 'poster']}}"
0112,"{'<DENSE_REGION_CAPTION>': {'bboxes': [[0.1120000034570694, 35.95199966430664, 139.66400146484375, 223.66400146484375], [127.79200744628906, 44.91200256347656, 190.5120086669922, 192.3040008544922], [211.34400939941406, 81.87200164794922, 223.66400146484375, 223.66400146484375]], 'labels': ['person', 'person', 'person']}}"
0113,"{'<DENSE_REGION_CAPTION>': {'bboxes': [[0.1120000034570694, 42.448001861572266, 138.09600830078125, 223.66400146484375], [116.59200286865234, 44.91200256347656, 190.5120086669922, 192.3040008544922], [193.87200927734375, 134.2880096435547, 223.66400146484375, 215.60000610351562]], 'labels': ['person', 'person', 'person']}}"
0114,"{'<DENSE_REGION_CAPTION>': {'bboxes': [[0.1120000034570694, 36.400001525878906, 148.84800720214844, 223.66400146484375], [120.4000015258789, 45.36000061035156, 190.0640106201172, 163.6320037841797], [152.8800048828125, 151.9840087890625, 223.66400146484375, 223.66400146484375], [208.8800048828125, 103.60000610351562, 223.66400146484375, 223.66400146484375]], 'labels': ['person', 'person', 'person', 'person']}}"
0115,"{'<DENSE_REGION_CAPTION>': {'bboxes': [[0.1120000034570694, 37.07200241088867, 122.41600036621094, 223.66400146484375], [118.60800170898438, 42.672000885009766, 191.4080047607422, 191.4080047607422], [85.00800323486328, 70.89600372314453, 112.78400421142578, 145.26400756835938], [147.27999877929688, 83.66400146484375, 164.7519989013672, 114.35200500488281]], 'labels': ['woman', 'woman', 'human face', 'human face']}}"
0116,"{'<DENSE_REGION_CAPTION>': {'bboxes': [[0.1120000034570694, 49.61600112915039, 124.4320068359375, 223.66400146484375], [92.1760025024414, 85.00800323486328, 121.29600524902344, 156.46400451660156], [145.26400756835938, 86.35200500488281, 163.6320037841797, 116.36800384521484]], 'labels': ['woman', 'human face', 'human face']}}"
0117,"{'<DENSE_REGION_CAPTION>': {'bboxes': [[0.1120000034570694, 49.84000015258789, 124.8800048828125, 223.66400146484375], [94.86400604248047, 88.36800384521484, 122.41600036621094, 156.91200256347656], [146.16000366210938, 82.76800537109375, 162.2880096435547, 114.35200500488281]], 'labels': ['girl', 'human face', 'human face']}}"
0118,"{'<DENSE_REGION_CAPTION>': {'bboxes': [[0.1120000034570694, 48.944000244140625, 124.4320068359375, 223.66400146484375], [94.41600036621094, 85.45600128173828, 122.41600036621094, 154.89601135253906], [143.6959991455078, 86.12800598144531, 160.72000122070312, 116.14400482177734]], 'labels': ['girl', 'human face', 'human face']}}"
0119,"{'<DENSE_REGION_CAPTION>': {'bboxes': [[0.1120000034570694, 48.944000244140625, 124.20800018310547, 223.66400146484375], [121.29600524902344, 47.152000427246094, 189.8400115966797, 187.82400512695312], [165.20001220703125, 146.83200073242188, 223.66400146484375, 223.66400146484375], [204.40000915527344, 102.9280014038086, 223.66400146484375, 151.9840087890625]], 'labels': ['person', 'person', 'person', 'person']}}"
0120,"{'<DENSE_REGION_CAPTION>': {'bboxes': [[0.1120000034570694, 48.720001220703125, 124.4320068359375, 223.66400146484375], [94.41600036621094, 87.02400207519531, 121.96800231933594, 154.89601135253906], [147.27999877929688, 93.96800231933594, 165.42401123046875, 120.1760025024414]], 'labels': ['girl', 'human face', 'human face']}}"
0121,"{'<DENSE_REGION_CAPTION>': {'bboxes': [[0.1120000034570694, 49.61600112915039, 125.3280029296875, 223.66400146484375], [97.3280029296875, 89.26399993896484, 122.19200134277344, 155.56800842285156], [145.93600463867188, 98.22400665283203, 163.6320037841797, 121.74400329589844]], 'labels': ['girl', 'human face', 'human face']}}"
0122,"{'<DENSE_REGION_CAPTION>': {'bboxes': [[0.1120000034570694, 50.512001037597656, 126.67200469970703, 223.66400146484375], [98.22400665283203, 93.07200622558594, 123.53600311279297, 156.91200256347656], [141.0080108642578, 93.29600524902344, 160.49600219726562, 117.93600463867188]], 'labels': ['girl', 'human face', 'human face']}}"
0123,"{'<DENSE_REGION_CAPTION>': {'bboxes': [[0.1120000034570694, 50.736000061035156, 127.56800079345703, 223.66400146484375], [98.44800567626953, 94.19200134277344, 123.76000213623047, 158.25601196289062], [140.55999755859375, 76.72000122070312, 161.6160125732422, 114.12800598144531]], 'labels': ['woman', 'human face', 'human face']}}"
0124,"{'<DENSE_REGION_CAPTION>': {'bboxes': [[0.1120000034570694, 52.30400085449219, 127.56800079345703, 223.66400146484375], [120.4000015258789, 40.656002044677734, 190.9600067138672, 188.49600219726562], [94.63999938964844, 89.26399993896484, 124.8800048828125, 160.72000122070312], [144.36801147460938, 82.54400634765625, 162.2880096435547, 112.33600616455078]], 'labels': ['woman', 'woman', 'human face', 'human face']}}"
0125,"{'<DENSE_REGION_CAPTION>': {'bboxes': [[0.1120000034570694, 60.816001892089844, 128.68800354003906, 223.66400146484375], [93.52000427246094, 98.0, 127.12000274658203, 172.36801147460938], [140.33599853515625, 93.07200622558594, 158.70401000976562, 118.38400268554688]], 'labels': ['girl', 'human face', 'human face']}}"
0126,"{'<DENSE_REGION_CAPTION>': {'bboxes': [[0.1120000034570694, 59.69600296020508, 127.79200744628906, 223.66400146484375], [93.52000427246094, 95.08800506591797, 127.12000274658203, 171.6959991455078], [141.0080108642578, 94.19200134277344, 158.25601196289062, 118.38400268554688]], 'labels': ['girl', 'human face', 'human face']}}"
0127,"{'<DENSE_REGION_CAPTION>': {'bboxes': [[0.1120000034570694, 58.57600021362305, 127.12000274658203, 223.66400146484375], [92.1760025024414, 96.43199920654297, 124.8800048828125, 170.1280059814453], [143.2480010986328, 92.4000015258789, 161.6160125732422, 118.60800170898438]], 'labels': ['girl', 'human face', 'human face']}}"
0128,"{'<DENSE_REGION_CAPTION>': {'bboxes': [[0.1120000034570694, 58.57600021362305, 127.56800079345703, 223.66400146484375], [92.1760025024414, 96.43199920654297, 124.8800048828125, 171.0240020751953], [142.1280059814453, 89.93600463867188, 160.27200317382812, 117.71200561523438]], 'labels': ['girl', 'human face', 'human face']}}"
0129,"{'<DENSE_REGION_CAPTION>': {'bboxes': [[0.1120000034570694, 55.66400146484375, 129.13600158691406, 223.66400146484375], [97.7760009765625, 95.31200408935547, 127.12000274658203, 163.6320037841797], [142.8000030517578, 91.2800064086914, 160.72000122070312, 117.71200561523438]], 'labels': ['girl', 'human face', 'human face']}}"
0130,"{'<DENSE_REGION_CAPTION>': {'bboxes': [[0.1120000034570694, 56.560001373291016, 129.58399963378906, 223.66400146484375], [98.67200469970703, 97.3280029296875, 127.12000274658203, 165.20001220703125], [141.9040069580078, 92.1760025024414, 159.82400512695312, 118.16000366210938]], 'labels': ['girl', 'human face', 'human face']}}"
0131,"{'<DENSE_REGION_CAPTION>': {'bboxes': [[0.1120000034570694, 57.45600128173828, 130.70401000976562, 223.66400146484375], [97.552001953125, 98.0, 127.56800079345703, 166.09600830078125], [141.9040069580078, 93.96800231933594, 159.60000610351562, 118.83200073242188]], 'labels': ['girl', 'human face', 'human face']}}"
0132,"{'<DENSE_REGION_CAPTION>': {'bboxes': [[0.1120000034570694, 57.45600128173828, 131.15200805664062, 223.66400146484375], [123.76000213623047, 34.384002685546875, 194.32000732421875, 173.26400756835938], [99.56800079345703, 97.552001953125, 127.56800079345703, 168.7840118408203], [151.31201171875, 51.63199996948242, 171.9199981689453, 101.36000061035156]], 'labels': ['woman', 'woman', 'human face', 'human face']}}"
0133,"{'<DENSE_REGION_CAPTION>': {'bboxes': [[36.847999572753906, 0.1120000034570694, 97.3280029296875, 44.2400016784668], [99.56800079345703, 96.43199920654297, 129.58399963378906, 169.0080108642578], [154.2239990234375, 63.72800064086914, 174.83200073242188, 106.96000671386719]], 'labels': ['poster', 'human face', 'human face']}}"
0134,"{'<DENSE_REGION_CAPTION>': {'bboxes': [[0.1120000034570694, 60.592002868652344, 134.0640106201172, 223.66400146484375], [127.79200744628906, 39.76000213623047, 196.33599853515625, 202.16000366210938], [98.44800567626953, 101.58399963378906, 129.58399963378906, 169.9040069580078], [149.29600524902344, 78.95999908447266, 170.3520050048828, 111.44000244140625]], 'labels': ['woman', 'woman', 'human face', 'human face']}}"
0135,"{'<DENSE_REGION_CAPTION>': {'bboxes': [[0.1120000034570694, 61.26400375366211, 134.0640106201172, 223.66400146484375], [125.3280029296875, 43.56800079345703, 194.99200439453125, 198.3520050048828], [190.9600067138672, 78.06400299072266, 223.66400146484375, 223.66400146484375], [190.9600067138672, 78.06400299072266, 223.44000244140625, 173.48800659179688], [191.8560028076172, 149.52000427246094, 223.66400146484375, 223.66400146484375]], 'labels': ['person', 'person', 'person', 'person', 'person']}}"
0136,"{'<DENSE_REGION_CAPTION>': {'bboxes': [[0.1120000034570694, 61.26400375366211, 135.4080047607422, 223.66400146484375], [99.56800079345703, 104.27200317382812, 131.60000610351562, 170.5760040283203], [159.15200805664062, 65.29600524902344, 180.4320068359375, 104.49600219726562]], 'labels': ['girl', 'human face', 'human face']}}"
0137,"{'<DENSE_REGION_CAPTION>': {'bboxes': [[0.1120000034570694, 61.26400375366211, 135.4080047607422, 223.66400146484375], [143.0240020751953, 35.28000259399414, 196.33599853515625, 179.5360107421875], [98.67200469970703, 104.94400024414062, 130.70401000976562, 171.0240020751953], [159.60000610351562, 67.08800506591797, 180.4320068359375, 106.73600006103516]], 'labels': ['woman', 'woman', 'human face', 'human face']}}"
0138,"{'<DENSE_REGION_CAPTION>': {'bboxes': [[0.1120000034570694, 61.040000915527344, 134.0640106201172, 223.66400146484375], [145.71200561523438, 37.07200241088867, 194.32000732421875, 182.67201232910156], [36.624000549316406, 0.1120000034570694, 97.3280029296875, 44.2400016784668], [101.13600158691406, 105.39200592041016, 129.58399963378906, 171.0240020751953], [159.15200805664062, 62.384002685546875, 180.4320068359375, 106.06400299072266]], 'labels': ['person', 'person', 'poster', 'human face', 'human face']}}"
0139,"{'<DENSE_REGION_CAPTION>': {'bboxes': [[0.1120000034570694, 37.52000045776367, 121.96800231933594, 223.66400146484375], [137.87200927734375, 36.847999572753906, 195.66400146484375, 182.67201232910156], [78.06400299072266, 66.41600036621094, 110.09600067138672, 147.27999877929688], [159.60000610351562, 65.74400329589844, 180.8800048828125, 107.63200378417969]], 'labels': ['woman', 'woman', 'human face', 'human face']}}"
0140,"{'<DENSE_REGION_CAPTION>': {'bboxes': [[0.1120000034570694, 39.0880012512207, 126.67200469970703, 223.66400146484375], [133.39199829101562, 37.52000045776367, 196.7840118408203, 181.7760009765625], [71.56800079345703, 70.44800567626953, 102.4800033569336, 153.552001953125], [158.70401000976562, 67.31200408935547, 179.9840087890625, 108.52799987792969]], 'labels': ['woman', 'woman', 'human face', 'human face']}}"
0141,"{'<DENSE_REGION_CAPTION>': {'bboxes': [[0.1120000034570694, 37.07200241088867, 125.3280029296875, 223.66400146484375], [121.52000427246094, 103.60000610351562, 170.8000030517578, 195.44000244140625], [36.847999572753906, 0.1120000034570694, 97.7760009765625, 43.56800079345703], [76.49600219726562, 57.68000030517578, 106.51200103759766, 143.4720001220703], [158.70401000976562, 68.43199920654297, 180.2080078125, 109.87200164794922]], 'labels': ['woman', 'box', 'poster', 'human face', 'human face']}}"
0142,"{'<DENSE_REGION_CAPTION>': {'bboxes': [[0.1120000034570694, 37.07200241088867, 125.3280029296875, 223.66400146484375], [110.09600067138672, 108.75200653076172, 172.81600952148438, 190.5120086669922], [76.72000122070312, 64.1760025024414, 106.06400299072266, 145.26400756835938], [157.13600158691406, 70.44800567626953, 178.63999938964844, 111.44000244140625]], 'labels': ['woman', 'box', 'human face', 'human face']}}"
0143,"{'<DENSE_REGION_CAPTION>': {'bboxes': [[0.1120000034570694, 45.80800247192383, 125.7760009765625, 223.66400146484375], [108.97600555419922, 115.24800109863281, 172.81600952148438, 190.7360076904297], [75.82400512695312, 78.06400299072266, 107.40800476074219, 158.70401000976562], [156.01600646972656, 71.12000274658203, 177.52000427246094, 111.21600341796875]], 'labels': ['woman', 'box', 'human face', 'human face']}}"
0144,"{'<DENSE_REGION_CAPTION>': {'bboxes': [[0.1120000034570694, 50.736000061035156, 125.7760009765625, 223.66400146484375], [111.21600341796875, 106.51200103759766, 173.48800659179688, 191.4080047607422], [78.06400299072266, 82.76800537109375, 110.76800537109375, 163.1840057373047], [155.34400939941406, 70.0, 176.84800720214844, 111.88800048828125]], 'labels': ['woman', 'box', 'human face', 'human face']}}"
0145,"{'<DENSE_REGION_CAPTION>': {'bboxes': [[0.1120000034570694, 50.736000061035156, 126.22400665283203, 223.66400146484375], [139.21600341796875, 39.0880012512207, 194.32000732421875, 182.67201232910156], [79.63200378417969, 82.09600067138672, 111.66400146484375, 162.2880096435547], [155.79200744628906, 69.3280029296875, 177.29600524902344, 111.88800048828125]], 'labels': ['woman', 'woman', 'human face', 'human face']}}"
0146,"{'<DENSE_REGION_CAPTION>': {'bboxes': [[0.1120000034570694, 48.496002197265625, 190.9600067138672, 223.66400146484375], [135.4080047607422, 39.3120002746582, 196.33599853515625, 183.56800842285156], [84.11199951171875, 78.06400299072266, 112.78400421142578, 158.25601196289062], [156.24000549316406, 70.89600372314453, 177.74400329589844, 111.88800048828125]], 'labels': ['woman', 'woman', 'human face', 'human face']}}"
0147,"{'<DENSE_REGION_CAPTION>': {'bboxes': [[0.1120000034570694, 45.13600158691406, 126.67200469970703, 223.66400146484375], [135.8560028076172, 39.3120002746582, 195.66400146484375, 181.7760009765625], [85.68000030517578, 77.39200592041016, 112.11200714111328, 155.34400939941406], [155.79200744628906, 70.44800567626953, 177.29600524902344, 111.44000244140625]], 'labels': ['woman', 'woman', 'human face', 'human face']}}"
0148,"{'<DENSE_REGION_CAPTION>': {'bboxes': [[0.1120000034570694, 51.63199996948242, 126.22400665283203, 223.66400146484375], [134.5120086669922, 39.53600311279297, 194.76800537109375, 183.34400939941406], [80.97600555419922, 85.45600128173828, 113.90400695800781, 164.3040008544922], [155.79200744628906, 70.89600372314453, 177.29600524902344, 111.88800048828125]], 'labels': ['woman', 'woman', 'human face', 'human face']}}"
0149,"{'<DENSE_REGION_CAPTION>': {'bboxes': [[0.1120000034570694, 54.768001556396484, 127.12000274658203, 223.66400146484375], [142.5760040283203, 42.0, 195.21600341796875, 182.67201232910156], [74.4800033569336, 96.43199920654297, 110.09600067138672, 171.6959991455078], [155.34400939941406, 74.4800033569336, 177.07200622558594, 114.80000305175781]], 'labels': ['woman', 'woman', 'human face', 'human face']}}"
0150,"{'<DENSE_REGION_CAPTION>': {'bboxes': [[0.1120000034570694, 53.87200164794922, 126.67200469970703, 223.66400146484375], [140.7840118408203, 40.20800018310547, 193.42401123046875, 182.89601135253906], [75.1520004272461, 93.96800231933594, 109.87200164794922, 171.0240020751953], [152.2080078125, 72.46400451660156, 173.93600463867188, 112.78400421142578]], 'labels': ['woman', 'woman', 'human face', 'human face']}}"
0151,"{'<DENSE_REGION_CAPTION>': {'bboxes': [[0.1120000034570694, 53.87200164794922, 126.22400665283203, 223.66400146484375], [137.87200927734375, 40.20800018310547, 192.7519989013672, 182.2239990234375], [193.42401123046875, 93.07200622558594, 223.66400146484375, 207.9840087890625]], 'labels': ['person', 'person', 'person']}}"
0152,"{'<DENSE_REGION_CAPTION>': {'bboxes': [[0.1120000034570694, 53.20000076293945, 126.67200469970703, 223.66400146484375], [132.94400024414062, 39.0880012512207, 194.32000732421875, 183.34400939941406], [75.1520004272461, 92.1760025024414, 110.09600067138672, 170.1280059814453], [152.8800048828125, 70.44800567626953, 173.71200561523438, 110.31999969482422]], 'labels': ['woman', 'woman', 'human face', 'human face']}}"
0153,"{'<DENSE_REGION_CAPTION>': {'bboxes': [[0.1120000034570694, 53.20000076293945, 126.67200469970703, 223.66400146484375], [74.4800033569336, 92.1760025024414, 109.87200164794922, 170.5760040283203], [154.447998046875, 67.53600311279297, 176.17601013183594, 109.42400360107422]], 'labels': ['woman', 'human face', 'human face']}}"
0154,"{'<DENSE_REGION_CAPTION>': {'bboxes': [[0.1120000034570694, 53.20000076293945, 126.67200469970703, 223.66400146484375], [135.6320037841797, 39.0880012512207, 195.21600341796875, 184.46400451660156], [74.4800033569336, 92.4000015258789, 110.09600067138672, 170.5760040283203], [154.2239990234375, 69.3280029296875, 175.72801208496094, 110.31999969482422]], 'labels': ['woman', 'woman', 'human face', 'human face']}}"
0155,"{'<DENSE_REGION_CAPTION>': {'bboxes': [[0.1120000034570694, 53.42399978637695, 126.22400665283203, 223.66400146484375], [126.67200469970703, 45.58399963378906, 195.21600341796875, 185.13600158691406], [189.8400115966797, 79.40800476074219, 223.66400146484375, 223.66400146484375], [36.624000549316406, 0.1120000034570694, 97.3280029296875, 44.0160026550293], [211.56800842285156, 135.4080047607422, 223.66400146484375, 149.96800231933594]], 'labels': ['woman', 'woman', 'woman', 'poster', 'glasses']}}"
0156,"{'<DENSE_REGION_CAPTION>': {'bboxes': [[0.1120000034570694, 53.64800262451172, 126.22400665283203, 223.66400146484375], [126.22400665283203, 46.03200149536133, 194.76800537109375, 186.03201293945312], [75.1520004272461, 92.1760025024414, 109.87200164794922, 170.1280059814453], [147.05599975585938, 83.66400146484375, 168.5600128173828, 119.2800064086914]], 'labels': ['woman', 'woman', 'human face', 'human face']}}"
0157,"{'<DENSE_REGION_CAPTION>': {'bboxes': [[0.1120000034570694, 50.064002990722656, 126.22400665283203, 223.66400146484375], [126.22400665283203, 46.928001403808594, 194.76800537109375, 186.48001098632812], [75.1520004272461, 81.42400360107422, 110.09600067138672, 164.3040008544922], [145.71200561523438, 82.09600067138672, 167.21600341796875, 119.2800064086914]], 'labels': ['woman', 'woman', 'human face', 'human face']}}"
0158,"{'<DENSE_REGION_CAPTION>': {'bboxes': [[0.1120000034570694, 45.58399963378906, 126.22400665283203, 223.66400146484375], [126.22400665283203, 45.58399963378906, 194.76800537109375, 168.7840118408203], [80.08000183105469, 70.67200469970703, 112.33600616455078, 153.7760009765625], [146.60800170898438, 82.09600067138672, 167.66400146484375, 118.16000366210938]], 'labels': ['woman', 'woman', 'human face', 'human face']}}"
0159,"{'<DENSE_REGION_CAPTION>': {'bboxes': [[0.1120000034570694, 48.272003173828125, 126.67200469970703, 223.66400146484375], [126.22400665283203, 45.36000061035156, 196.7840118408203, 186.70401000976562], [79.63200378417969, 79.63200378417969, 112.11200714111328, 160.04800415039062], [147.50399780273438, 81.42400360107422, 169.4560089111328, 117.48800659179688]], 'labels': ['woman', 'woman', 'human face', 'human face']}}"
0160,"{'<DENSE_REGION_CAPTION>': {'bboxes': [[0.1120000034570694, 48.272003173828125, 126.67200469970703, 223.66400146484375], [126.22400665283203, 45.58399963378906, 196.7840118408203, 169.6800079345703], [79.40800476074219, 78.06400299072266, 111.21600341796875, 159.15200805664062], [149.74400329589844, 82.09600067138672, 171.0240020751953, 118.60800170898438]], 'labels': ['woman', 'woman', 'human face', 'human face']}}"
0161,"{'<DENSE_REGION_CAPTION>': {'bboxes': [[0.1120000034570694, 48.272003173828125, 126.22400665283203, 223.66400146484375], [128.24000549316406, 38.19200134277344, 196.33599853515625, 160.27200317382812], [79.63200378417969, 78.51200103759766, 110.76800537109375, 159.15200805664062], [147.72801208496094, 76.72000122070312, 165.64801025390625, 107.63200378417969]], 'labels': ['woman', 'woman', 'human face', 'human face']}}"
0162,"{'<DENSE_REGION_CAPTION>': {'bboxes': [[0.1120000034570694, 48.720001220703125, 126.67200469970703, 223.66400146484375], [78.06400299072266, 79.63200378417969, 110.76800537109375, 160.72000122070312], [147.27999877929688, 72.01599884033203, 167.44000244140625, 106.73600006103516]], 'labels': ['woman', 'human face', 'human face']}}"
0163,"{'<DENSE_REGION_CAPTION>': {'bboxes': [[0.1120000034570694, 48.720001220703125, 126.22400665283203, 223.66400146484375], [124.4320068359375, 37.74399948120117, 191.4080047607422, 159.15200805664062], [78.51200103759766, 78.51200103759766, 111.21600341796875, 160.72000122070312], [149.29600524902344, 74.2560043334961, 169.4560089111328, 108.75200653076172]], 'labels': ['woman', 'woman', 'human face', 'human face']}}"
0164,"{'<DENSE_REGION_CAPTION>': {'bboxes': [[0.1120000034570694, 48.720001220703125, 126.22400665283203, 223.66400146484375], [123.76000213623047, 43.79199981689453, 191.4080047607422, 167.88800048828125], [78.06400299072266, 79.40800476074219, 110.31999969482422, 159.82400512695312], [146.60800170898438, 79.40800476074219, 166.32000732421875, 115.69600677490234]], 'labels': ['woman', 'woman', 'human face', 'human face']}}"
0165,"{'<DENSE_REGION_CAPTION>': {'bboxes': [[0.1120000034570694, 52.30400085449219, 126.67200469970703, 223.66400146484375], [123.76000213623047, 41.7760009765625, 192.3040008544922, 169.2320098876953], [78.51200103759766, 91.7280044555664, 112.11200714111328, 166.32000732421875], [145.93600463867188, 75.82400512695312, 166.09600830078125, 113.00800323486328]], 'labels': ['woman', 'woman', 'human face', 'human face']}}"
0166,"{'<DENSE_REGION_CAPTION>': {'bboxes': [[0.1120000034570694, 52.52799987792969, 127.12000274658203, 223.66400146484375], [75.82400512695312, 97.3280029296875, 110.76800537109375, 168.7840118408203], [143.6959991455078, 82.09600067138672, 164.0800018310547, 118.16000366210938]], 'labels': ['woman', 'human face', 'human face']}}"
0167,"{'<DENSE_REGION_CAPTION>': {'bboxes': [[0.1120000034570694, 43.56800079345703, 127.12000274658203, 223.66400146484375], [83.21600341796875, 72.46400451660156, 112.78400421142578, 155.56800842285156], [145.71200561523438, 77.39200592041016, 167.21600341796875, 115.02400207519531]], 'labels': ['woman', 'human face', 'human face']}}"
0168,"{'<DENSE_REGION_CAPTION>': {'bboxes': [[0.1120000034570694, 46.47999954223633, 126.67200469970703, 223.66400146484375], [75.82400512695312, 80.97600555419922, 109.87200164794922, 161.6160125732422], [144.36801147460938, 74.4800033569336, 164.9759979248047, 111.88800048828125]], 'labels': ['woman', 'human face', 'human face']}}"
0169,"{'<DENSE_REGION_CAPTION>': {'bboxes': [[0.1120000034570694, 52.97600173950195, 126.22400665283203, 223.66400146484375], [123.76000213623047, 39.53600311279297, 192.5279998779297, 188.27200317382812], [148.17601013183594, 147.50399780273438, 223.66400146484375, 223.66400146484375], [190.0640106201172, 90.38400268554688, 213.58399963378906, 131.60000610351562], [193.87200927734375, 38.63999938964844, 217.3920135498047, 57.68000030517578], [192.0800018310547, 71.34400177001953, 213.58399963378906, 87.02400207519531], [193.20001220703125, 57.00800323486328, 214.70401000976562, 71.56800079345703], [190.7360076904297, 116.81600189208984, 210.67201232910156, 131.37600708007812]], 'labels': ['person', 'person', 'person', 'box', 'box', 'box', 'box', 'box']}}"
0170,"{'<DENSE_REGION_CAPTION>': {'bboxes': [[0.1120000034570694, 57.45600128173828, 126.22400665283203, 223.66400146484375], [112.78400421142578, 33.263999938964844, 198.5760040283203, 171.9199981689453], [151.31201171875, 149.07200622558594, 223.66400146484375, 223.66400146484375]], 'labels': ['person', 'person', 'person']}}"
0171,"{'<DENSE_REGION_CAPTION>': {'bboxes': [[0.1120000034570694, 56.336002349853516, 126.67200469970703, 223.66400146484375], [126.89600372314453, 35.72800064086914, 206.41600036621094, 165.64801025390625], [74.4800033569336, 100.24000549316406, 110.31999969482422, 173.26400756835938], [150.86399841308594, 78.51200103759766, 170.1280059814453, 107.63200378417969]], 'labels': ['woman', 'woman', 'human face', 'human face']}}"
0172,"{'<DENSE_REGION_CAPTION>': {'bboxes': [[0.1120000034570694, 57.45600128173828, 126.67200469970703, 223.66400146484375], [129.36000061035156, 37.52000045776367, 198.5760040283203, 178.19200134277344], [74.0320053100586, 102.4800033569336, 109.87200164794922, 174.60800170898438], [151.31201171875, 73.58399963378906, 173.04000854492188, 109.20000457763672]], 'labels': ['woman', 'woman', 'human face', 'human face']}}"
0173,"{'<DENSE_REGION_CAPTION>': {'bboxes': [[0.1120000034570694, 57.45600128173828, 126.67200469970703, 223.66400146484375], [129.80799865722656, 37.74399948120117, 198.5760040283203, 180.2080078125], [74.0320053100586, 103.3759994506836, 109.64800262451172, 173.26400756835938], [151.31201171875, 73.58399963378906, 173.48800659179688, 108.75200653076172]], 'labels': ['woman', 'woman', 'human face', 'human face']}}"
0174,"{'<DENSE_REGION_CAPTION>': {'bboxes': [[0.1120000034570694, 42.224002838134766, 125.3280029296875, 223.66400146484375], [130.48001098632812, 39.0880012512207, 196.7840118408203, 179.760009765625], [73.58399963378906, 78.06400299072266, 106.06400299072266, 156.24000549316406], [151.31201171875, 76.27200317382812, 172.59201049804688, 109.87200164794922]], 'labels': ['woman', 'woman', 'human face', 'human face']}}"
0175,"{'<DENSE_REGION_CAPTION>': {'bboxes': [[0.1120000034570694, 0.1120000034570694, 116.14400482177734, 223.66400146484375], [31.02400016784668, 20.720001220703125, 48.720001220703125, 94.19200134277344], [151.08799743652344, 91.2800064086914, 168.11199951171875, 114.57600402832031]], 'labels': ['girl', 'human face', 'human face']}}"
0176,"{'<DENSE_REGION_CAPTION>': {'bboxes': [[0.1120000034570694, 0.1120000034570694, 85.68000030517578, 223.66400146484375], [129.80799865722656, 44.0160026550293, 193.87200927734375, 180.4320068359375], [83.66400146484375, 110.99200439453125, 92.6240005493164, 135.1840057373047]], 'labels': ['person', 'person', 'scissors']}}"
0177,"{'<DENSE_REGION_CAPTION>': {'bboxes': [[0.1120000034570694, 0.1120000034570694, 97.7760009765625, 223.66400146484375], [50.064002990722656, 26.992000579833984, 75.82400512695312, 100.91200256347656], [150.41600036621094, 90.38400268554688, 168.7840118408203, 114.35200500488281]], 'labels': ['woman', 'human face', 'human face']}}"
0178,"{'<DENSE_REGION_CAPTION>': {'bboxes': [[0.1120000034570694, 9.520000457763672, 92.8479995727539, 223.66400146484375], [129.13600158691406, 41.7760009765625, 196.33599853515625, 189.6160125732422], [55.21600341796875, 43.79199981689453, 80.97600555419922, 115.92000579833984], [150.41600036621094, 89.93600463867188, 168.5600128173828, 113.23200225830078]], 'labels': ['woman', 'woman', 'human face', 'human face']}}"
0179,"{'<DENSE_REGION_CAPTION>': {'bboxes': [[0.1120000034570694, 22.736000061035156, 101.13600158691406, 223.66400146484375], [130.92800903320312, 40.432003021240234, 195.21600341796875, 196.7840118408203], [203.72801208496094, 84.33600616455078, 223.66400146484375, 223.66400146484375]], 'labels': ['person', 'person', 'person']}}"
0180,"{'<DENSE_REGION_CAPTION>': {'bboxes': [[0.1120000034570694, 0.1120000034570694, 98.67200469970703, 223.66400146484375], [42.672000885009766, 47.152000427246094, 89.93600463867188, 151.08799743652344], [176.84800720214844, 61.040000915527344, 207.9840087890625, 114.57600402832031]], 'labels': ['girl', 'human face', 'human face']}}"
0181,"{'<DENSE_REGION_CAPTION>': {'bboxes': [[145.04000854492188, 83.21600341796875, 161.39199829101562, 113.90400695800781]], 'labels': ['human face']}}"
0182,"{'<DENSE_REGION_CAPTION>': {'bboxes': [[30.576000213623047, 52.08000183105469, 114.80000305175781, 223.66400146484375], [160.27200317382812, 139.88800048828125, 215.15200805664062, 223.66400146484375], [169.9040069580078, 89.26399993896484, 218.5120086669922, 168.7840118408203], [120.1760025024414, 82.09600067138672, 159.60000610351562, 161.6160125732422], [0.1120000034570694, 134.5120086669922, 25.648000717163086, 223.66400146484375], [210.67201232910156, 100.91200256347656, 223.66400146484375, 223.66400146484375]], 'labels': ['person', 'person', 'person', 'person', 'person', 'person']}}"
0183,"{'<DENSE_REGION_CAPTION>': {'bboxes': [[35.50400161743164, 56.112003326416016, 111.21600341796875, 215.82400512695312], [149.96800231933594, 139.66400146484375, 201.26400756835938, 223.66400146484375], [167.44000244140625, 91.7280044555664, 212.46400451660156, 167.44000244140625], [121.74400329589844, 72.68800354003906, 158.70401000976562, 158.92800903320312]], 'labels': ['person', 'person', 'person', 'person']}}"
0184,"{'<DENSE_REGION_CAPTION>': {'bboxes': [[36.176002502441406, 56.112003326416016, 110.31999969482422, 215.37600708007812], [155.12001037597656, 141.9040069580078, 209.7760009765625, 223.66400146484375], [165.20001220703125, 92.6240005493164, 212.46400451660156, 158.25601196289062]], 'labels': ['person', 'person', 'person']}}"
0185,"{'<DENSE_REGION_CAPTION>': {'bboxes': [[35.50400161743164, 55.44000244140625, 107.85600280761719, 216.04800415039062], [138.76800537109375, 88.14400482177734, 149.96800231933594, 107.18400573730469]], 'labels': ['woman', 'human face']}}"
0186,"{'<DENSE_REGION_CAPTION>': {'bboxes': [[145.04000854492188, 84.56000518798828, 156.68800354003906, 107.63200378417969], [171.0240020751953, 118.83200073242188, 186.70401000976562, 135.1840057373047]], 'labels': ['human face', 'human face']}}"
0187,"{'<DENSE_REGION_CAPTION>': {'bboxes': [[36.176002502441406, 55.44000244140625, 110.76800537109375, 215.15200805664062], [160.49600219726562, 143.0240020751953, 220.5279998779297, 223.66400146484375], [128.24000549316406, 70.67200469970703, 164.0800018310547, 152.2080078125], [207.760009765625, 102.4800033569336, 223.66400146484375, 223.66400146484375], [165.87200927734375, 102.9280014038086, 201.04000854492188, 150.63999938964844], [208.4320068359375, 128.46400451660156, 223.66400146484375, 156.46400451660156], [136.3040008544922, 88.36800384521484, 147.95201110839844, 111.21600341796875]], 'labels': ['person', 'person', 'person', 'person', 'person', 'human face', 'human face']}}"
0188,"{'<DENSE_REGION_CAPTION>': {'bboxes': [[207.9840087890625, 121.52000427246094, 223.66400146484375, 157.36000061035156], [134.0640106201172, 92.1760025024414, 144.81600952148438, 111.44000244140625]], 'labels': ['human face', 'human face']}}"
0189,"{'<DENSE_REGION_CAPTION>': {'bboxes': [[35.28000259399414, 54.09600067138672, 111.21600341796875, 216.94400024414062], [208.2080078125, 127.12000274658203, 223.66400146484375, 173.48800659179688], [133.39199829101562, 94.86400604248047, 144.81600952148438, 113.90400695800781]], 'labels': ['woman', 'human face', 'human face']}}"
0190,"{'<DENSE_REGION_CAPTION>': {'bboxes': [[35.50400161743164, 54.544002532958984, 111.21600341796875, 216.49600219726562], [133.39199829101562, 92.6240005493164, 145.26400756835938, 114.80000305175781]], 'labels': ['woman', 'human face']}}"
0191,"{'<DENSE_REGION_CAPTION>': {'bboxes': [[36.176002502441406, 54.768001556396484, 110.31999969482422, 223.66400146484375], [156.46400451660156, 139.88800048828125, 223.66400146484375, 223.66400146484375], [123.53600311279297, 77.39200592041016, 162.5120086669922, 162.0640106201172], [167.21600341796875, 99.79199981689453, 201.71200561523438, 144.36801147460938], [209.7760009765625, 102.7040023803711, 223.66400146484375, 175.95201110839844]], 'labels': ['person', 'person', 'person', 'person', 'person']}}"
0192,"{'<DENSE_REGION_CAPTION>': {'bboxes': [[87.92000579833984, 83.21600341796875, 98.44800567626953, 111.66400146484375], [140.33599853515625, 89.93600463867188, 152.4320068359375, 109.42400360107422]], 'labels': ['human face', 'human face']}}"
0193,"{'<DENSE_REGION_CAPTION>': {'bboxes': [[87.69599914550781, 82.76800537109375, 98.67200469970703, 110.99200439453125], [132.94400024414062, 100.01600646972656, 143.9199981689453, 117.04000091552734]], 'labels': ['human face', 'human face']}}"
0194,"{'<DENSE_REGION_CAPTION>': {'bboxes': [[35.50400161743164, 53.64800262451172, 111.66400146484375, 215.60000610351562], [208.4320068359375, 136.0800018310547, 223.66400146484375, 174.83200073242188], [87.47200012207031, 83.21600341796875, 98.44800567626953, 112.56000518798828], [134.9600067138672, 95.31200408935547, 146.16000366210938, 113.90400695800781]], 'labels': ['woman', 'human face', 'human face', 'human face']}}"
0195,"{'<DENSE_REGION_CAPTION>': {'bboxes': [[36.176002502441406, 52.30400085449219, 115.02400207519531, 214.92800903320312], [87.02400207519531, 65.52000427246094, 98.0, 106.73600006103516], [133.16799926757812, 98.0, 143.9199981689453, 115.24800109863281]], 'labels': ['woman', 'human face', 'human face']}}"
0196,"{'<DENSE_REGION_CAPTION>': {'bboxes': [[36.176002502441406, 56.784000396728516, 108.30400085449219, 214.92800903320312], [150.86399841308594, 136.3040008544922, 223.66400146484375, 223.66400146484375], [127.79200744628906, 73.80799865722656, 167.66400146484375, 154.89601135253906]], 'labels': ['person', 'person', 'woman']}}"
0197,"{'<DENSE_REGION_CAPTION>': {'bboxes': [[35.28000259399414, 56.784000396728516, 108.97600555419922, 215.82400512695312], [147.05599975585938, 139.21600341796875, 223.66400146484375, 223.66400146484375], [147.05599975585938, 139.21600341796875, 201.26400756835938, 223.66400146484375], [183.12001037597656, 141.2320098876953, 223.66400146484375, 223.66400146484375], [127.79200744628906, 74.0320053100586, 167.66400146484375, 155.12001037597656], [168.5600128173828, 88.59200286865234, 203.95201110839844, 144.36801147460938], [208.2080078125, 102.9280014038086, 223.66400146484375, 176.40000915527344], [133.8400115966797, 100.01600646972656, 145.26400756835938, 116.14400482177734]], 'labels': ['woman', 'woman', 'woman', 'woman', 'woman', 'woman', 'woman', 'human face']}}"
0198,"{'<DENSE_REGION_CAPTION>': {'bboxes': [[36.400001525878906, 58.12800216674805, 106.96000671386719, 223.66400146484375], [152.8800048828125, 140.11199951171875, 223.66400146484375, 223.66400146484375], [153.552001953125, 93.29600524902344, 206.864013671875, 157.36000061035156], [125.3280029296875, 75.1520004272461, 167.66400146484375, 156.91200256347656], [209.3280029296875, 104.49600219726562, 223.66400146484375, 177.29600524902344]], 'labels': ['person', 'person', 'person', 'person', 'person']}}"
0199,"{'<DENSE_REGION_CAPTION>': {'bboxes': [[36.176002502441406, 57.45600128173828, 108.97600555419922, 215.15200805664062], [154.0, 137.64801025390625, 223.66400146484375, 223.66400146484375], [126.22400665283203, 72.91200256347656, 166.32000732421875, 152.2080078125], [169.0080108642578, 96.20800018310547, 208.2080078125, 150.19200134277344], [208.4320068359375, 103.60000610351562, 223.66400146484375, 177.07200622558594], [211.12001037597656, 141.9040069580078, 223.66400146484375, 176.40000915527344], [134.5120086669922, 100.01600646972656, 146.16000366210938, 115.92000579833984]], 'labels': ['person', 'person', 'person', 'person', 'person', 'human face', 'human face']}}"
0200,"{'<DENSE_REGION_CAPTION>': {'bboxes': [[36.176002502441406, 57.68000030517578, 107.85600280761719, 214.70401000976562], [155.12001037597656, 131.60000610351562, 223.66400146484375, 223.66400146484375], [126.89600372314453, 77.84000396728516, 164.5279998779297, 156.68800354003906], [210.0, 101.58399963378906, 223.66400146484375, 177.74400329589844], [129.36000061035156, 105.61600494384766, 140.11199951171875, 121.07200622558594]], 'labels': ['person', 'person', 'person', 'person', 'human face']}}"
0201,"{'<DENSE_REGION_CAPTION>': {'bboxes': [[36.400001525878906, 58.12800216674805, 106.96000671386719, 223.66400146484375], [159.60000610351562, 142.5760040283203, 223.66400146484375, 223.66400146484375], [124.8800048828125, 75.60000610351562, 162.5120086669922, 156.24000549316406], [160.04800415039062, 95.08800506591797, 197.6800079345703, 160.49600219726562], [209.7760009765625, 102.0320053100586, 223.66400146484375, 177.52000427246094]], 'labels': ['person', 'person', 'person', 'person', 'person']}}"
0202,"{'<DENSE_REGION_CAPTION>': {'bboxes': [[36.624000549316406, 58.12800216674805, 106.96000671386719, 223.66400146484375], [157.13600158691406, 139.88800048828125, 223.66400146484375, 223.66400146484375], [159.60000610351562, 95.08800506591797, 214.48001098632812, 161.6160125732422], [0.1120000034570694, 132.94400024414062, 30.576000213623047, 223.66400146484375], [128.24000549316406, 75.1520004272461, 162.0640106201172, 154.89601135253906], [206.864013671875, 101.8080062866211, 223.66400146484375, 177.52000427246094]], 'labels': ['person', 'person', 'person', 'person', 'person', 'person']}}"
0203,"{'<DENSE_REGION_CAPTION>': {'bboxes': [[36.176002502441406, 58.12800216674805, 106.06400299072266, 223.66400146484375], [153.7760009765625, 189.6160125732422, 172.59201049804688, 223.66400146484375], [127.56800079345703, 103.82400512695312, 138.54400634765625, 119.2800064086914]], 'labels': ['girl', 'human face', 'human face']}}"
0204,"{'<DENSE_REGION_CAPTION>': {'bboxes': [[36.176002502441406, 58.12800216674805, 106.96000671386719, 214.70401000976562], [128.68800354003906, 100.68800354003906, 140.11199951171875, 116.59200286865234]], 'labels': ['girl', 'human face']}}"
0205,"{'<DENSE_REGION_CAPTION>': {'bboxes': [[36.176002502441406, 58.12800216674805, 107.85600280761719, 214.70401000976562], [152.656005859375, 140.33599853515625, 223.66400146484375, 223.66400146484375], [125.7760009765625, 72.46400451660156, 161.16799926757812, 155.34400939941406], [158.48001098632812, 90.60800170898438, 198.1280059814453, 155.12001037597656], [207.31201171875, 102.7040023803711, 223.66400146484375, 176.62400817871094], [166.54400634765625, 123.98400115966797, 183.79200744628906, 143.4720001220703], [133.16799926757812, 98.22400665283203, 143.9199981689453, 114.57600402832031]], 'labels': ['person', 'person', 'person', 'person', 'person', 'human face', 'human face']}}"
0206,"{'<DENSE_REGION_CAPTION>': {'bboxes': [[35.50400161743164, 57.45600128173828, 109.87200164794922, 215.82400512695312], [163.6320037841797, 140.33599853515625, 223.66400146484375, 223.66400146484375], [119.5040054321289, 72.24000549316406, 161.39199829101562, 155.34400939941406], [157.80799865722656, 91.5040054321289, 198.8000030517578, 163.6320037841797], [132.94400024414062, 98.67200469970703, 142.8000030517578, 114.35200500488281]], 'labels': ['woman', 'woman', 'woman', 'woman', 'human face']}}"
0207,"{'<DENSE_REGION_CAPTION>': {'bboxes': [[35.055999755859375, 53.64800262451172, 109.42400360107422, 216.27200317382812], [132.72000122070312, 100.24000549316406, 142.5760040283203, 115.47200012207031]], 'labels': ['woman', 'human face']}}"
0208,"{'<DENSE_REGION_CAPTION>': {'bboxes': [[63.28000259399414, 67.08800506591797, 82.31999969482422, 111.44000244140625], [166.76800537109375, 123.98400115966797, 182.89601135253906, 139.44000244140625], [132.72000122070312, 99.56800079345703, 142.5760040283203, 114.80000305175781]], 'labels': ['human face', 'human face', 'human face']}}"
0209,"{'<DENSE_REGION_CAPTION>': {'bboxes': [[62.832000732421875, 60.36800003051758, 81.64800262451172, 106.96000671386719], [149.52000427246094, 192.97601318359375, 183.34400939941406, 223.66400146484375], [132.72000122070312, 99.12000274658203, 142.1280059814453, 113.90400695800781]], 'labels': ['human face', 'human face', 'human face']}}"
0210,"{'<DENSE_REGION_CAPTION>': {'bboxes': [[16.239999771118164, 120.1760025024414, 102.4800033569336, 223.66400146484375], [40.432003021240234, 49.84000015258789, 102.9280014038086, 156.24000549316406], [146.60800170898438, 142.3520050048828, 208.656005859375, 223.66400146484375], [119.9520034790039, 70.44800567626953, 160.94400024414062, 155.56800842285156], [157.58399963378906, 92.4000015258789, 198.3520050048828, 156.46400451660156], [64.4000015258789, 65.0719985961914, 82.76800537109375, 108.97600555419922], [131.37600708007812, 95.31200408935547, 141.4560089111328, 112.78400421142578]], 'labels': ['woman', 'woman', 'woman', 'woman', 'woman', 'human face', 'human face']}}"
0211,"{'<DENSE_REGION_CAPTION>': {'bboxes': [[157.36000061035156, 184.01600646972656, 186.25601196289062, 223.66400146484375], [66.19200134277344, 63.50400161743164, 84.11199951171875, 108.08000183105469], [165.42401123046875, 126.22400665283203, 179.9840087890625, 139.44000244140625], [130.48001098632812, 99.56800079345703, 141.2320098876953, 115.47200012207031]], 'labels': ['human face', 'human face', 'human face', 'human face']}}"
0212,"{'<DENSE_REGION_CAPTION>': {'bboxes': [[171.0240020751953, 98.89600372314453, 185.36000061035156, 125.7760009765625], [79.40800476074219, 79.63200378417969, 90.16000366210938, 107.40800476074219], [217.6160125732422, 115.47200012207031, 223.66400146484375, 158.70401000976562], [131.15200805664062, 101.8080062866211, 142.1280059814453, 116.81600189208984]], 'labels': ['human face', 'human face', 'human face', 'human face']}}"
0213,"{'<DENSE_REGION_CAPTION>': {'bboxes': [[0.1120000034570694, 129.13600158691406, 223.66400146484375, 223.66400146484375], [130.03199768066406, 104.04800415039062, 140.55999755859375, 117.71200561523438]], 'labels': ['desk', 'human face']}}"
0214,"{'<DENSE_REGION_CAPTION>': {'bboxes': [[34.608001708984375, 52.52799987792969, 103.1520004272461, 223.66400146484375], [151.31201171875, 134.2880096435547, 215.60000610351562, 223.66400146484375], [120.4000015258789, 76.72000122070312, 161.39199829101562, 156.01600646972656], [165.42401123046875, 85.68000030517578, 202.60800170898438, 151.31201171875], [205.29600524902344, 131.82400512695312, 223.66400146484375, 223.66400146484375]], 'labels': ['person', 'person', 'person', 'person', 'person']}}"
0215,"{'<DENSE_REGION_CAPTION>': {'bboxes': [[34.608001708984375, 52.52799987792969, 104.04800415039062, 223.66400146484375], [147.05599975585938, 140.11199951171875, 201.93600463867188, 223.66400146484375], [121.52000427246094, 77.16799926757812, 162.0640106201172, 156.01600646972656], [186.03201293945312, 138.99200439453125, 223.66400146484375, 223.66400146484375], [164.7519989013672, 86.57600402832031, 201.71200561523438, 147.27999877929688], [210.0, 99.79199981689453, 223.66400146484375, 158.03199768066406]], 'labels': ['person', 'person', 'person', 'person', 'person', 'person']}}"
0216,"{'<DENSE_REGION_CAPTION>': {'bboxes': [[34.15999984741211, 52.30400085449219, 102.7040023803711, 223.66400146484375], [147.72801208496094, 136.5279998779297, 206.41600036621094, 223.66400146484375], [192.97601318359375, 103.1520004272461, 223.66400146484375, 223.66400146484375], [120.4000015258789, 79.18400573730469, 161.6160125732422, 155.34400939941406], [164.9759979248047, 86.57600402832031, 201.93600463867188, 146.16000366210938]], 'labels': ['person', 'person', 'person', 'person', 'person']}}"
0217,"{'<DENSE_REGION_CAPTION>': {'bboxes': [[34.608001708984375, 52.75200271606445, 102.0320053100586, 223.66400146484375], [145.71200561523438, 134.9600067138672, 209.3280029296875, 223.66400146484375], [0.1120000034570694, 132.94400024414062, 31.696001052856445, 223.66400146484375], [193.42401123046875, 137.42401123046875, 223.66400146484375, 223.66400146484375], [166.76800537109375, 85.45600128173828, 207.31201171875, 146.60800170898438], [207.0880126953125, 104.04800415039062, 223.66400146484375, 141.2320098876953]], 'labels': ['person', 'person', 'person', 'person', 'person', 'person']}}"
0218,"{'<DENSE_REGION_CAPTION>': {'bboxes': [[31.02400016784668, 50.736000061035156, 106.06400299072266, 223.66400146484375], [133.16799926757812, 91.2800064086914, 143.4720001220703, 108.52799987792969]], 'labels': ['woman', 'human face']}}"
0219,"{'<DENSE_REGION_CAPTION>': {'bboxes': [[33.93600082397461, 52.30400085449219, 105.84000396728516, 215.37600708007812], [143.9199981689453, 141.9040069580078, 203.27999877929688, 223.66400146484375], [118.38400268554688, 64.4000015258789, 164.9759979248047, 156.91200256347656], [165.42401123046875, 92.8479995727539, 206.19200134277344, 170.3520050048828], [207.31201171875, 104.49600219726562, 223.66400146484375, 223.66400146484375], [138.32000732421875, 85.68000030517578, 149.29600524902344, 104.94400024414062]], 'labels': ['person', 'person', 'person', 'person', 'person', 'human face']}}"
0220,"{'<DENSE_REGION_CAPTION>': {'bboxes': [[33.71200180053711, 52.30400085449219, 112.78400421142578, 215.60000610351562], [141.2320098876953, 87.02400207519531, 153.3280029296875, 108.75200653076172]], 'labels': ['woman', 'human face']}}"
0221,"{'<DENSE_REGION_CAPTION>': {'bboxes': [[34.15999984741211, 52.52799987792969, 113.68000030517578, 215.37600708007812], [141.0080108642578, 135.8560028076172, 202.83200073242188, 223.66400146484375], [124.8800048828125, 71.34400177001953, 166.99200439453125, 152.656005859375], [162.7360076904297, 102.2560043334961, 198.1280059814453, 172.81600952148438]], 'labels': ['person', 'person', 'person', 'person']}}"
0222,"{'<DENSE_REGION_CAPTION>': {'bboxes': [[33.93600082397461, 52.30400085449219, 113.68000030517578, 215.60000610351562], [134.7360076904297, 131.82400512695312, 203.50401306152344, 223.66400146484375], [127.12000274658203, 73.58399963378906, 167.88800048828125, 143.0240020751953], [140.7840118408203, 184.01600646972656, 157.58399963378906, 223.66400146484375], [140.7840118408203, 100.46400451660156, 151.08799743652344, 115.69600677490234]], 'labels': ['person', 'person', 'person', 'human face', 'human face']}}"
0223,"{'<DENSE_REGION_CAPTION>': {'bboxes': [[181.10400390625, 177.52000427246094, 211.12001037597656, 206.41600036621094]], 'labels': ['human face']}}"
0224,"{'<DENSE_REGION_CAPTION>': {'bboxes': [[202.83200073242188, 117.93600463867188, 223.66400146484375, 157.13600158691406], [139.66400146484375, 103.82400512695312, 150.41600036621094, 117.71200561523438]], 'labels': ['human face', 'human face']}}"
0225,"{'<DENSE_REGION_CAPTION>': {'bboxes': [[33.71200180053711, 52.08000183105469, 116.36800384521484, 216.04800415039062], [132.27200317382812, 196.5600128173828, 147.27999877929688, 223.66400146484375], [216.49600219726562, 123.53600311279297, 223.66400146484375, 150.19200134277344], [141.2320098876953, 100.24000549316406, 151.9840087890625, 115.47200012207031]], 'labels': ['woman', 'human face', 'human face', 'human face']}}"
0226,"{'<DENSE_REGION_CAPTION>': {'bboxes': [[34.608001708984375, 52.75200271606445, 111.21600341796875, 223.66400146484375], [149.29600524902344, 136.9759979248047, 197.0080108642578, 223.66400146484375], [190.9600067138672, 128.46400451660156, 223.66400146484375, 223.66400146484375], [135.1840057373047, 74.0320053100586, 192.3040008544922, 156.68800354003906]], 'labels': ['person', 'person', 'person', 'woman']}}"
0227,"{'<DENSE_REGION_CAPTION>': {'bboxes': [[33.71200180053711, 52.08000183105469, 107.85600280761719, 215.82400512695312], [142.5760040283203, 98.44800567626953, 153.552001953125, 114.80000305175781]], 'labels': ['woman', 'human face']}}"
0228,"{'<DENSE_REGION_CAPTION>': {'bboxes': [[70.44800567626953, 59.69600296020508, 87.24800109863281, 102.9280014038086], [141.9040069580078, 98.22400665283203, 152.2080078125, 114.35200500488281]], 'labels': ['human face', 'human face']}}"
0229,"{'<DENSE_REGION_CAPTION>': {'bboxes': [[68.43199920654297, 60.592002868652344, 86.35200500488281, 104.27200317382812], [136.7519989013672, 107.63200378417969, 146.83200073242188, 118.60800170898438]], 'labels': ['human face', 'human face']}}"
0230,"{'<DENSE_REGION_CAPTION>': {'bboxes': [[68.656005859375, 61.26400375366211, 86.57600402832031, 106.73600006103516]], 'labels': ['human face']}}"
0231,"{'<DENSE_REGION_CAPTION>': {'bboxes': [[69.3280029296875, 61.93600082397461, 87.24800109863281, 106.06400299072266], [181.10400390625, 198.3520050048828, 198.3520050048828, 216.49600219726562], [136.9759979248047, 98.67200469970703, 147.05599975585938, 113.00800323486328]], 'labels': ['human face', 'human face', 'human face']}}"
0232,"{'<DENSE_REGION_CAPTION>': {'bboxes': [[69.7760009765625, 61.93600082397461, 87.24800109863281, 106.73600006103516], [176.84800720214844, 197.2320098876953, 196.5600128173828, 217.8400115966797], [143.6959991455078, 91.05599975585938, 154.447998046875, 108.97600555419922]], 'labels': ['human face', 'human face', 'human face']}}"
0233,"{'<DENSE_REGION_CAPTION>': {'bboxes': [[71.12000274658203, 68.43199920654297, 88.14400482177734, 111.88800048828125], [176.84800720214844, 201.04000854492188, 193.87200927734375, 220.5279998779297], [164.7519989013672, 132.72000122070312, 180.2080078125, 150.19200134277344], [139.44000244140625, 99.34400177001953, 150.86399841308594, 116.14400482177734]], 'labels': ['human face', 'human face', 'human face', 'human face']}}"
0234,"{'<DENSE_REGION_CAPTION>': {'bboxes': [[70.44800567626953, 67.31200408935547, 87.92000579833984, 110.99200439453125], [140.11199951171875, 95.31200408935547, 151.08799743652344, 112.56000518798828]], 'labels': ['human face', 'human face']}}"
0235,"{'<DENSE_REGION_CAPTION>': {'bboxes': [[68.8800048828125, 66.19200134277344, 85.68000030517578, 111.44000244140625], [183.12001037597656, 196.11199951171875, 197.6800079345703, 213.58399963378906], [140.11199951171875, 98.89600372314453, 150.63999938964844, 114.57600402832031]], 'labels': ['human face', 'human face', 'human face']}}"
0236,"{'<DENSE_REGION_CAPTION>': {'bboxes': [[68.656005859375, 67.31200408935547, 85.23200225830078, 110.09600067138672], [186.25601196289062, 188.72000122070312, 203.50401306152344, 210.67201232910156], [173.04000854492188, 114.57600402832031, 185.80799865722656, 134.0640106201172], [139.88800048828125, 101.13600158691406, 150.41600036621094, 115.24800109863281]], 'labels': ['human face', 'human face', 'human face', 'human face']}}"
0237,"{'<DENSE_REGION_CAPTION>': {'bboxes': [[70.67200469970703, 69.3280029296875, 87.24800109863281, 112.33600616455078], [201.48800659179688, 108.52799987792969, 217.6160125732422, 148.17601013183594], [184.91200256347656, 186.48001098632812, 200.36801147460938, 210.2239990234375], [172.36801147460938, 112.11200714111328, 185.80799865722656, 132.72000122070312], [140.11199951171875, 97.10400390625, 149.96800231933594, 113.23200225830078]], 'labels': ['human face', 'human face', 'human face', 'human face', 'human face']}}"
0238,"{'<DENSE_REGION_CAPTION>': {'bboxes': [[70.44800567626953, 68.43199920654297, 86.12800598144531, 112.11200714111328], [188.49600219726562, 179.9840087890625, 203.50401306152344, 210.0], [172.81600952148438, 106.73600006103516, 186.92800903320312, 130.70401000976562], [140.11199951171875, 95.53600311279297, 151.08799743652344, 112.33600616455078]], 'labels': ['human face', 'human face', 'human face', 'human face']}}"
0239,"{'<DENSE_REGION_CAPTION>': {'bboxes': [[69.552001953125, 74.2560043334961, 87.24800109863281, 115.92000579833984], [186.70401000976562, 202.83200073242188, 210.0, 221.64801025390625], [173.71200561523438, 108.30400085449219, 188.27200317382812, 131.15200805664062], [140.11199951171875, 95.76000213623047, 151.08799743652344, 112.56000518798828]], 'labels': ['human face', 'human face', 'human face', 'human face']}}"
0240,"{'<DENSE_REGION_CAPTION>': {'bboxes': [[68.20800018310547, 81.64800262451172, 86.57600402832031, 120.1760025024414], [187.15200805664062, 197.9040069580078, 211.79200744628906, 218.2880096435547], [210.2239990234375, 135.6320037841797, 223.66400146484375, 162.9600067138672], [173.04000854492188, 113.68000030517578, 188.27200317382812, 134.2880096435547], [141.0080108642578, 95.76000213623047, 152.4320068359375, 113.23200225830078]], 'labels': ['human face', 'human face', 'human face', 'human face', 'human face']}}"
0241,"{'<DENSE_REGION_CAPTION>': {'bboxes': [[68.656005859375, 80.08000183105469, 86.57600402832031, 120.84800720214844], [204.84800720214844, 166.99200439453125, 223.66400146484375, 194.99200439453125], [171.6959991455078, 109.20000457763672, 186.70401000976562, 134.5120086669922], [142.8000030517578, 95.31200408935547, 152.8800048828125, 112.33600616455078]], 'labels': ['human face', 'human face', 'human face', 'human face']}}"
0242,"{'<DENSE_REGION_CAPTION>': {'bboxes': [[69.7760009765625, 74.4800033569336, 88.14400482177734, 118.16000366210938], [199.2480010986328, 179.5360107421875, 214.48001098632812, 198.8000030517578], [140.33599853515625, 98.22400665283203, 150.19200134277344, 114.12800598144531]], 'labels': ['human face', 'human face', 'human face']}}"
0243,"{'<DENSE_REGION_CAPTION>': {'bboxes': [[71.12000274658203, 74.0320053100586, 88.59200286865234, 117.04000091552734], [187.15200805664062, 191.6320037841797, 201.93600463867188, 206.41600036621094], [138.99200439453125, 102.4800033569336, 149.96800231933594, 117.04000091552734]], 'labels': ['human face', 'human face', 'human face']}}"
0244,"{'<DENSE_REGION_CAPTION>': {'bboxes': [[31.02400016784668, 53.87200164794922, 103.60000610351562, 223.66400146484375], [148.40000915527344, 134.0640106201172, 223.66400146484375, 223.66400146484375], [124.4320068359375, 72.01599884033203, 168.11199951171875, 156.68800354003906], [169.6800079345703, 87.24800109863281, 213.80801391601562, 154.67201232910156], [72.24000549316406, 71.56800079345703, 89.93600463867188, 115.02400207519531], [173.04000854492188, 102.9280014038086, 184.46400451660156, 127.79200744628906], [140.55999755859375, 96.43199920654297, 150.63999938964844, 113.45600128173828]], 'labels': ['woman', 'woman', 'woman', 'woman', 'human face', 'human face', 'human face']}}"
0245,"{'<DENSE_REGION_CAPTION>': {'bboxes': [[117.93600463867188, 148.17601013183594, 202.16000366210938, 223.66400146484375], [31.02400016784668, 52.97600173950195, 101.13600158691406, 223.66400146484375], [174.60800170898438, 138.99200439453125, 223.66400146484375, 223.66400146484375], [131.15200805664062, 71.79199981689453, 167.21600341796875, 151.760009765625], [168.33599853515625, 86.35200500488281, 204.17601013183594, 150.63999938964844], [77.16799926757812, 70.67200469970703, 91.05599975585938, 112.56000518798828], [176.62400817871094, 104.94400024414062, 190.2880096435547, 128.68800354003906], [141.0080108642578, 95.98400115966797, 151.31201171875, 112.78400421142578]], 'labels': ['man', 'woman', 'woman', 'woman', 'woman', 'human face', 'human face', 'human face']}}"
0246,"{'<DENSE_REGION_CAPTION>': {'bboxes': [[31.02400016784668, 52.30400085449219, 103.60000610351562, 223.66400146484375], [113.68000030517578, 128.91200256347656, 184.01600646972656, 223.66400146484375], [174.60800170898438, 139.66400146484375, 223.66400146484375, 223.66400146484375], [129.58399963378906, 67.76000213623047, 165.87200927734375, 151.08799743652344], [168.11199951171875, 89.71200561523438, 202.38400268554688, 157.13600158691406], [80.30400085449219, 73.36000061035156, 92.6240005493164, 111.88800048828125], [173.48800659179688, 113.68000030517578, 188.27200317382812, 135.1840057373047], [138.99200439453125, 86.80000305175781, 148.17601013183594, 107.85600280761719]], 'labels': ['woman', 'man', 'woman', 'woman', 'woman', 'human face', 'human face', 'human face']}}"
0247,"{'<DENSE_REGION_CAPTION>': {'bboxes': [[31.02400016784668, 51.63199996948242, 103.60000610351562, 223.66400146484375], [80.30400085449219, 71.79199981689453, 92.8479995727539, 112.56000518798828], [174.16000366210938, 111.21600341796875, 189.39199829101562, 137.64801025390625], [139.44000244140625, 86.80000305175781, 149.52000427246094, 108.30400085449219]], 'labels': ['woman', 'human face', 'human face', 'human face']}}"
0248,"{'<DENSE_REGION_CAPTION>': {'bboxes': [[31.02400016784668, 52.52799987792969, 103.1520004272461, 223.66400146484375], [171.6959991455078, 118.83200073242188, 186.92800903320312, 138.54400634765625], [141.2320098876953, 84.78400421142578, 152.8800048828125, 107.40800476074219], [216.72000122070312, 118.83200073242188, 223.66400146484375, 149.07200622558594]], 'labels': ['woman', 'human face', 'human face', 'human face']}}"
0249,"{'<DENSE_REGION_CAPTION>': {'bboxes': [[33.71200180053711, 53.64800262451172, 101.8080062866211, 216.27200317382812], [213.58399963378906, 112.33600616455078, 223.66400146484375, 150.86399841308594], [138.09600830078125, 89.48799896240234, 149.29600524902344, 109.42400360107422], [167.21600341796875, 122.86400604248047, 178.19200134277344, 139.21600341796875]], 'labels': ['woman', 'human face', 'human face', 'human face']}}"
0250,"{'<DENSE_REGION_CAPTION>': {'bboxes': [[33.71200180053711, 53.64800262451172, 101.58399963378906, 216.27200317382812], [210.44801330566406, 107.63200378417969, 223.66400146484375, 148.84800720214844], [81.64800262451172, 85.45600128173828, 92.8479995727539, 113.90400695800781], [140.7840118408203, 87.47200012207031, 151.31201171875, 108.97600555419922]], 'labels': ['woman', 'human face', 'human face', 'human face']}}"
0251,"{'<DENSE_REGION_CAPTION>': {'bboxes': [[34.608001708984375, 54.09600067138672, 102.4800033569336, 223.66400146484375], [133.39199829101562, 82.76800537109375, 209.3280029296875, 190.7360076904297], [140.33599853515625, 129.80799865722656, 193.42401123046875, 223.66400146484375], [184.24000549316406, 94.19200134277344, 223.66400146484375, 223.66400146484375], [0.1120000034570694, 132.72000122070312, 31.02400016784668, 223.66400146484375], [132.94400024414062, 68.656005859375, 163.4080047607422, 140.11199951171875], [209.552001953125, 94.19200134277344, 223.66400146484375, 151.08799743652344], [140.7840118408203, 168.11199951171875, 152.2080078125, 217.6160125732422], [209.7760009765625, 117.26399993896484, 223.66400146484375, 150.41600036621094], [169.9040069580078, 93.52000427246094, 183.56800842285156, 121.74400329589844], [81.64800262451172, 85.45600128173828, 92.8479995727539, 112.11200714111328], [139.88800048828125, 85.23200225830078, 151.31201171875, 108.75200653076172]], 'labels': ['person', 'person', 'person', 'person', 'person', 'person', 'person', 'human face', 'human face', 'human face', 'human face', 'human face']}}"
0252,"{'<DENSE_REGION_CAPTION>': {'bboxes': [[31.02400016784668, 52.97600173950195, 103.60000610351562, 223.66400146484375], [207.0880126953125, 118.83200073242188, 223.66400146484375, 154.2239990234375], [177.29600524902344, 95.53600311279297, 190.2880096435547, 121.29600524902344], [81.20000457763672, 85.45600128173828, 93.07200622558594, 112.33600616455078], [140.11199951171875, 85.90399932861328, 151.9840087890625, 108.75200653076172]], 'labels': ['woman', 'human face', 'human face', 'human face', 'human face']}}"
0253,"{'<DENSE_REGION_CAPTION>': {'bboxes': [[132.94400024414062, 129.80799865722656, 193.87200927734375, 223.66400146484375], [170.1280059814453, 80.97600555419922, 212.24000549316406, 191.8560028076172], [137.42401123046875, 176.17601013183594, 149.29600524902344, 213.80801391601562], [177.29600524902344, 98.89600372314453, 191.8560028076172, 126.22400665283203], [81.64800262451172, 86.35200500488281, 93.07200622558594, 113.68000030517578], [141.0080108642578, 84.56000518798828, 152.656005859375, 109.64800262451172]], 'labels': ['boy', 'girl', 'human face', 'human face', 'human face', 'human face']}}"
0254,"{'<DENSE_REGION_CAPTION>': {'bboxes': [[167.88800048828125, 79.85600280761719, 208.656005859375, 189.8400115966797], [130.25599670410156, 173.04000854492188, 143.0240020751953, 205.29600524902344], [171.0240020751953, 101.36000061035156, 185.36000061035156, 126.67200469970703], [81.64800262451172, 86.57600402832031, 93.07200622558594, 113.68000030517578], [140.7840118408203, 83.66400146484375, 152.656005859375, 107.63200378417969]], 'labels': ['girl', 'human face', 'human face', 'human face', 'human face']}}"
0255,"{'<DENSE_REGION_CAPTION>': {'bboxes': [[33.71200180053711, 53.42399978637695, 102.4800033569336, 217.3920135498047], [124.20800018310547, 173.48800659179688, 139.88800048828125, 212.46400451660156], [81.20000457763672, 85.68000030517578, 93.07200622558594, 113.68000030517578], [171.9199981689453, 108.52799987792969, 186.25601196289062, 129.13600158691406], [140.11199951171875, 86.12800598144531, 152.2080078125, 109.20000457763672]], 'labels': ['woman', 'human face', 'human face', 'human face', 'human face']}}"
0256,"{'<DENSE_REGION_CAPTION>': {'bboxes': [[201.04000854492188, 194.54400634765625, 223.66400146484375, 219.1840057373047], [77.84000396728516, 66.63999938964844, 89.71200561523438, 109.20000457763672], [139.88800048828125, 85.00800323486328, 152.4320068359375, 109.87200164794922], [184.24000549316406, 105.16800689697266, 197.4560089111328, 124.656005859375]], 'labels': ['human face', 'human face', 'human face', 'human face']}}"
0257,"{'<DENSE_REGION_CAPTION>': {'bboxes': [[35.50400161743164, 52.52799987792969, 128.68800354003906, 215.37600708007812], [174.16000366210938, 78.28800201416016, 209.3280029296875, 156.24000549316406], [203.72801208496094, 117.26399993896484, 223.66400146484375, 156.91200256347656], [184.46400451660156, 93.52000427246094, 198.5760040283203, 120.1760025024414], [137.64801025390625, 92.1760025024414, 149.07200622558594, 110.99200439453125]], 'labels': ['person', 'woman', 'human face', 'human face', 'human face']}}"
0258,"{'<DENSE_REGION_CAPTION>': {'bboxes': [[33.93600082397461, 50.512001037597656, 115.69600677490234, 215.82400512695312], [174.60800170898438, 93.29600524902344, 223.66400146484375, 179.9840087890625], [111.21600341796875, 148.62400817871094, 162.0640106201172, 223.66400146484375], [174.16000366210938, 78.06400299072266, 207.760009765625, 179.5360107421875], [129.13600158691406, 73.13600158691406, 164.9759979248047, 153.3280029296875], [202.16000366210938, 144.81600952148438, 223.66400146484375, 223.66400146484375], [201.93600463867188, 123.76000213623047, 219.1840057373047, 157.58399963378906], [76.72000122070312, 66.19200134277344, 89.26399993896484, 107.63200378417969], [207.31201171875, 197.4560089111328, 223.66400146484375, 223.66400146484375], [183.12001037597656, 97.552001953125, 197.2320098876953, 122.86400604248047], [136.7519989013672, 98.22400665283203, 147.95201110839844, 115.24800109863281]], 'labels': ['person', 'person', 'person', 'person', 'person', 'person', 'human face', 'human face', 'human face', 'human face', 'human face']}}"
0259,"{'<DENSE_REGION_CAPTION>': {'bboxes': [[52.97600173950195, 72.01599884033203, 73.36000061035156, 118.60800170898438], [201.04000854492188, 119.2800064086914, 219.4080047607422, 149.74400329589844], [180.656005859375, 102.7040023803711, 194.09600830078125, 124.8800048828125], [135.8560028076172, 100.24000549316406, 146.60800170898438, 117.26399993896484]], 'labels': ['human face', 'human face', 'human face', 'human face']}}"
0260,"{'<DENSE_REGION_CAPTION>': {'bboxes': [[72.46400451660156, 72.46400451660156, 90.60800170898438, 119.7280044555664], [199.92001342773438, 123.31200408935547, 217.3920135498047, 149.52000427246094], [202.38400268554688, 203.72801208496094, 223.66400146484375, 223.66400146484375], [178.41600036621094, 106.96000671386719, 193.64801025390625, 126.22400665283203], [138.09600830078125, 97.552001953125, 149.29600524902344, 115.02400207519531]], 'labels': ['human face', 'human face', 'human face', 'human face', 'human face']}}"
0261,"{'<DENSE_REGION_CAPTION>': {'bboxes': [[88.59200286865234, 87.47200012207031, 106.96000671386719, 133.61599731445312], [194.99200439453125, 119.0560073852539, 210.2239990234375, 151.08799743652344], [201.93600463867188, 205.52000427246094, 223.66400146484375, 223.66400146484375], [167.66400146484375, 110.99200439453125, 181.10400390625, 128.68800354003906], [139.21600341796875, 95.76000213623047, 150.63999938964844, 113.45600128173828]], 'labels': ['human face', 'human face', 'human face', 'human face', 'human face']}}"
0262,"{'<DENSE_REGION_CAPTION>': {'bboxes': [[87.24800109863281, 82.76800537109375, 104.94400024414062, 128.91200256347656], [200.36801147460938, 203.72801208496094, 223.66400146484375, 223.66400146484375], [189.6160125732422, 132.27200317382812, 205.07200622558594, 155.79200744628906], [136.5279998779297, 98.44800567626953, 147.27999877929688, 115.24800109863281], [167.66400146484375, 126.44800567626953, 180.8800048828125, 138.09600830078125]], 'labels': ['human face', 'human face', 'human face', 'human face', 'human face']}}"
0263,"{'<DENSE_REGION_CAPTION>': {'bboxes': [[35.50400161743164, 59.69600296020508, 104.94400024414062, 217.8400115966797], [87.02400207519531, 77.39200592041016, 103.1520004272461, 122.41600036621094], [193.87200927734375, 126.00000762939453, 209.3280029296875, 151.5360107421875], [200.14401245117188, 205.29600524902344, 223.66400146484375, 223.66400146484375], [136.3040008544922, 97.552001953125, 147.27999877929688, 115.02400207519531]], 'labels': ['woman', 'human face', 'human face', 'human face', 'human face']}}"
0264,"{'<DENSE_REGION_CAPTION>': {'bboxes': [[35.50400161743164, 77.39200592041016, 108.97600555419922, 217.8400115966797], [89.71200561523438, 105.39200592041016, 106.96000671386719, 139.44000244140625], [198.8000030517578, 126.89600372314453, 213.36000061035156, 151.31201171875], [199.6959991455078, 207.760009765625, 220.5279998779297, 222.99200439453125], [135.8560028076172, 98.0, 146.16000366210938, 114.80000305175781]], 'labels': ['girl', 'human face', 'human face', 'human face', 'human face']}}"
0265,"{'<DENSE_REGION_CAPTION>': {'bboxes': [[87.69599914550781, 106.06400299072266, 107.85600280761719, 150.63999938964844], [194.32000732421875, 121.29600524902344, 210.2239990234375, 154.2239990234375], [136.5279998779297, 97.7760009765625, 148.17601013183594, 114.35200500488281], [168.33599853515625, 123.08800506591797, 180.8800048828125, 135.6320037841797]], 'labels': ['human face', 'human face', 'human face', 'human face']}}"
0266,"{'<DENSE_REGION_CAPTION>': {'bboxes': [[35.50400161743164, 77.39200592041016, 109.87200164794922, 217.8400115966797], [124.656005859375, 143.2480010986328, 171.2480010986328, 223.66400146484375], [184.68800354003906, 149.07200622558594, 223.66400146484375, 223.66400146484375], [129.13600158691406, 69.7760009765625, 166.09600830078125, 149.07200622558594], [164.0800018310547, 91.7280044555664, 201.48800659179688, 160.04800415039062], [196.11199951171875, 93.07200622558594, 223.66400146484375, 162.2880096435547], [197.2320098876953, 126.89600372314453, 212.68800354003906, 151.760009765625], [199.4720001220703, 207.9840087890625, 223.66400146484375, 223.66400146484375], [95.76000213623047, 105.84000396728516, 108.08000183105469, 133.61599731445312], [139.88800048828125, 93.29600524902344, 150.63999938964844, 111.44000244140625], [171.0240020751953, 124.8800048828125, 182.67201232910156, 136.9759979248047]], 'labels': ['person', 'person', 'person', 'person', 'person', 'person', 'human face', 'human face', 'human face', 'human face', 'human face']}}"
0267,"{'<DENSE_REGION_CAPTION>': {'bboxes': [[35.50400161743164, 59.92000198364258, 114.12800598144531, 216.27200317382812], [85.68000030517578, 78.06400299072266, 102.2560043334961, 124.8800048828125], [194.99200439453125, 200.14401245117188, 216.94400024414062, 221.64801025390625], [196.11199951171875, 124.4320068359375, 210.67201232910156, 147.05599975585938], [136.0800018310547, 91.2800064086914, 145.48800659179688, 107.85600280761719]], 'labels': ['woman', 'human face', 'human face', 'human face', 'human face']}}"
0268,"{'<DENSE_REGION_CAPTION>': {'bboxes': [[36.176002502441406, 60.816001892089844, 103.60000610351562, 223.66400146484375], [115.24800109863281, 137.64801025390625, 161.6160125732422, 223.66400146484375], [0.1120000034570694, 132.04800415039062, 30.576000213623047, 223.66400146484375], [187.60000610351562, 144.36801147460938, 223.66400146484375, 223.66400146484375], [195.21600341796875, 93.29600524902344, 223.66400146484375, 149.52000427246094], [87.24800109863281, 84.11199951171875, 103.1520004272461, 126.22400665283203], [195.44000244140625, 198.3520050048828, 218.2880096435547, 221.42401123046875], [195.66400146484375, 121.29600524902344, 210.0, 148.62400817871094], [135.4080047607422, 89.93600463867188, 146.16000366210938, 107.63200378417969]], 'labels': ['person', 'person', 'person', 'person', 'person', 'human face', 'human face', 'human face', 'human face']}}"
0269,"{'<DENSE_REGION_CAPTION>': {'bboxes': [[36.176002502441406, 66.86399841308594, 108.97600555419922, 214.70401000976562], [106.96000671386719, 148.84800720214844, 164.3040008544922, 223.66400146484375], [194.09600830078125, 95.31200408935547, 223.66400146484375, 223.66400146484375], [125.3280029296875, 64.6240005493164, 165.20001220703125, 153.3280029296875], [160.94400024414062, 93.74400329589844, 204.40000915527344, 175.50399780273438], [205.74400329589844, 144.81600952148438, 223.66400146484375, 223.66400146484375], [195.44000244140625, 124.4320068359375, 211.12001037597656, 156.91200256347656], [91.9520034790039, 94.63999938964844, 107.18400573730469, 122.19200134277344], [147.95201110839844, 196.5600128173828, 161.6160125732422, 223.66400146484375], [143.2480010986328, 84.78400421142578, 154.89601135253906, 104.27200317382812]], 'labels': ['person', 'person', 'person', 'person', 'person', 'person', 'human face', 'human face', 'human face', 'human face']}}"
0270,"{'<DENSE_REGION_CAPTION>': {'bboxes': [[36.176002502441406, 64.8479995727539, 106.96000671386719, 215.15200805664062], [195.66400146484375, 116.36800384521484, 214.48001098632812, 159.82400512695312], [91.2800064086914, 89.26399993896484, 106.28800201416016, 128.24000549316406], [144.36801147460938, 195.88800048828125, 155.79200744628906, 223.66400146484375], [142.5760040283203, 81.42400360107422, 154.2239990234375, 104.49600219726562], [215.15200805664062, 194.99200439453125, 223.66400146484375, 223.66400146484375], [169.0080108642578, 126.89600372314453, 180.656005859375, 137.64801025390625]], 'labels': ['woman', 'human face', 'human face', 'human face', 'human face', 'human face', 'human face']}}"
0271,"{'<DENSE_REGION_CAPTION>': {'bboxes': [[36.400001525878906, 54.544002532958984, 108.75200653076172, 215.15200805664062], [196.7840118408203, 117.93600463867188, 220.3040008544922, 158.03199768066406], [79.63200378417969, 65.52000427246094, 97.3280029296875, 112.78400421142578], [211.56800842285156, 191.8560028076172, 223.66400146484375, 223.66400146484375], [141.2320098876953, 82.09600067138672, 152.8800048828125, 104.94400024414062]], 'labels': ['woman', 'human face', 'human face', 'human face', 'human face']}}"
0272,"{'<DENSE_REGION_CAPTION>': {'bboxes': [[0.1120000034570694, 131.60000610351562, 199.2480010986328, 223.66400146484375], [197.2320098876953, 119.5040054321289, 221.42401123046875, 160.72000122070312], [68.43199920654297, 49.61600112915039, 87.92000579833984, 94.63999938964844], [141.6800079345703, 80.97600555419922, 153.552001953125, 104.72000122070312]], 'labels': ['desk', 'human face', 'human face', 'human face']}}"
0273,"{'<DENSE_REGION_CAPTION>': {'bboxes': [[0.1120000034570694, 129.58399963378906, 201.48800659179688, 223.66400146484375], [37.96800231933594, 59.47200012207031, 105.39200592041016, 213.58399963378906], [158.03199768066406, 95.31200408935547, 199.2480010986328, 176.40000915527344], [128.24000549316406, 67.31200408935547, 161.8400115966797, 159.82400512695312], [191.1840057373047, 96.656005859375, 223.66400146484375, 183.34400939941406], [87.69599914550781, 74.2560043334961, 104.94400024414062, 121.29600524902344], [191.4080047607422, 115.02400207519531, 207.760009765625, 156.24000549316406], [146.16000366210938, 79.40800476074219, 158.03199768066406, 104.72000122070312]], 'labels': ['desk', 'girl', 'girl', 'girl', 'girl', 'human face', 'human face', 'human face']}}"
0274,"{'<DENSE_REGION_CAPTION>': {'bboxes': [[35.50400161743164, 59.69600296020508, 106.51200103759766, 215.15200805664062], [85.90399932861328, 79.18400573730469, 103.60000610351562, 124.656005859375], [145.71200561523438, 78.28800201416016, 158.03199768066406, 103.3759994506836]], 'labels': ['woman', 'human face', 'human face']}}"
0275,"{'<DENSE_REGION_CAPTION>': {'bboxes': [[36.847999572753906, 57.45600128173828, 103.1520004272461, 216.94400024414062], [81.42400360107422, 75.3759994506836, 98.67200469970703, 122.19200134277344], [141.0080108642578, 82.54400634765625, 152.656005859375, 105.84000396728516]], 'labels': ['woman', 'human face', 'human face']}}"
0276,"{'<DENSE_REGION_CAPTION>': {'bboxes': [[37.52000045776367, 66.41600036621094, 110.09600067138672, 214.48001098632812], [191.6320037841797, 91.7280044555664, 223.66400146484375, 223.66400146484375], [159.15200805664062, 96.20800018310547, 200.14401245117188, 176.84800720214844], [132.04800415039062, 67.98400115966797, 162.9600067138672, 154.0], [90.16000366210938, 88.36800384521484, 107.40800476074219, 132.27200317382812], [196.33599853515625, 127.56800079345703, 214.25601196289062, 156.91200256347656], [141.9040069580078, 80.97600555419922, 153.552001953125, 106.06400299072266]], 'labels': ['girl', 'girl', 'girl', 'girl', 'human face', 'human face', 'human face']}}"
0277,"{'<DENSE_REGION_CAPTION>': {'bboxes': [[37.52000045776367, 66.63999938964844, 112.11200714111328, 215.15200805664062], [191.4080047607422, 92.6240005493164, 223.66400146484375, 223.66400146484375], [123.76000213623047, 66.41600036621094, 164.0800018310547, 154.89601135253906], [160.49600219726562, 92.4000015258789, 200.81600952148438, 176.84800720214844], [87.24800109863281, 87.47200012207031, 104.94400024414062, 133.16799926757812], [194.54400634765625, 126.89600372314453, 212.46400451660156, 158.48001098632812], [141.0080108642578, 79.63200378417969, 152.8800048828125, 104.72000122070312]], 'labels': ['woman', 'woman', 'woman', 'woman', 'human face', 'human face', 'human face']}}"
0278,"{'<DENSE_REGION_CAPTION>': {'bboxes': [[0.1120000034570694, 129.58399963378906, 205.52000427246094, 223.66400146484375], [87.02400207519531, 85.45600128173828, 104.49600219726562, 132.27200317382812], [192.97601318359375, 128.46400451660156, 211.12001037597656, 157.58399963378906], [141.2320098876953, 81.20000457763672, 152.4320068359375, 104.72000122070312]], 'labels': ['desk', 'human face', 'human face', 'human face']}}"
0279,"{'<DENSE_REGION_CAPTION>': {'bboxes': [[0.1120000034570694, 130.03199768066406, 204.84800720214844, 223.66400146484375], [84.11199951171875, 83.44000244140625, 103.60000610351562, 131.15200805664062], [187.82400512695312, 133.16799926757812, 210.0, 166.76800537109375], [141.2320098876953, 81.87200164794922, 153.10400390625, 105.39200592041016]], 'labels': ['desk', 'human face', 'human face', 'human face']}}"
0280,"{'<DENSE_REGION_CAPTION>': {'bboxes': [[0.1120000034570694, 130.03199768066406, 223.66400146484375, 223.66400146484375], [84.11199951171875, 80.97600555419922, 104.04800415039062, 128.91200256347656], [189.8400115966797, 133.16799926757812, 210.44801330566406, 164.0800018310547], [140.55999755859375, 82.99200439453125, 152.2080078125, 106.28800201416016]], 'labels': ['desk', 'human face', 'human face', 'human face']}}"
0281,"{'<DENSE_REGION_CAPTION>': {'bboxes': [[0.1120000034570694, 129.13600158691406, 203.05599975585938, 223.66400146484375], [84.11199951171875, 80.97600555419922, 103.3759994506836, 128.24000549316406], [190.5120086669922, 128.68800354003906, 211.12001037597656, 164.5279998779297], [140.55999755859375, 83.44000244140625, 151.9840087890625, 106.73600006103516]], 'labels': ['desk', 'human face', 'human face', 'human face']}}"
0282,"{'<DENSE_REGION_CAPTION>': {'bboxes': [[0.1120000034570694, 129.36000061035156, 223.66400146484375, 223.66400146484375], [84.11199951171875, 81.20000457763672, 103.82400512695312, 128.91200256347656], [190.2880096435547, 132.27200317382812, 210.0, 159.82400512695312], [140.55999755859375, 82.99200439453125, 151.9840087890625, 106.06400299072266]], 'labels': ['desk', 'human face', 'human face', 'human face']}}"
0283,"{'<DENSE_REGION_CAPTION>': {'bboxes': [[0.1120000034570694, 129.36000061035156, 223.66400146484375, 223.66400146484375], [83.66400146484375, 81.20000457763672, 103.60000610351562, 128.91200256347656], [140.55999755859375, 83.66400146484375, 151.9840087890625, 106.06400299072266]], 'labels': ['desk', 'human face', 'human face']}}"
0284,"{'<DENSE_REGION_CAPTION>': {'bboxes': [[0.1120000034570694, 129.36000061035156, 223.66400146484375, 223.66400146484375], [165.42401123046875, 83.21600341796875, 209.552001953125, 170.8000030517578], [82.09600067138672, 76.72000122070312, 101.8080062866211, 125.552001953125], [140.33599853515625, 82.76800537109375, 151.9840087890625, 106.06400299072266], [191.4080047607422, 113.23200225830078, 203.95201110839844, 129.36000061035156]], 'labels': ['desk', 'girl', 'human face', 'human face', 'human face']}}"
0285,"{'<DENSE_REGION_CAPTION>': {'bboxes': [[36.847999572753906, 59.69600296020508, 105.39200592041016, 213.58399963378906], [80.08000183105469, 75.82400512695312, 100.01600646972656, 124.656005859375], [139.66400146484375, 83.66400146484375, 151.31201171875, 106.73600006103516]], 'labels': ['woman', 'human face', 'human face']}}"
0286,"{'<DENSE_REGION_CAPTION>': {'bboxes': [[37.52000045776367, 62.608001708984375, 104.49600219726562, 213.58399963378906], [181.3280029296875, 185.36000061035156, 223.66400146484375, 223.66400146484375], [80.08000183105469, 82.99200439453125, 100.01600646972656, 128.24000549316406], [207.31201171875, 111.88800048828125, 223.66400146484375, 155.56800842285156], [139.66400146484375, 83.66400146484375, 151.31201171875, 107.18400573730469]], 'labels': ['woman', 'human face', 'human face', 'human face', 'human face']}}"
0287,"{'<DENSE_REGION_CAPTION>': {'bboxes': [[37.52000045776367, 64.1760025024414, 104.94400024414062, 213.58399963378906], [172.14401245117188, 141.9040069580078, 223.66400146484375, 223.66400146484375], [164.7519989013672, 93.52000427246094, 217.3920135498047, 153.7760009765625], [131.15200805664062, 67.08800506591797, 163.4080047607422, 154.67201232910156], [213.36000061035156, 93.96800231933594, 223.66400146484375, 223.66400146484375], [183.12001037597656, 193.64801025390625, 223.66400146484375, 223.66400146484375], [82.76800537109375, 85.23200225830078, 103.1520004272461, 129.36000061035156], [215.37600708007812, 108.75200653076172, 223.66400146484375, 157.58399963378906], [139.66400146484375, 83.66400146484375, 151.31201171875, 107.18400573730469]], 'labels': ['person', 'person', 'person', 'person', 'person', 'human face', 'human face', 'human face', 'human face']}}"
0288,"{'<DENSE_REGION_CAPTION>': {'bboxes': [[36.847999572753906, 63.28000259399414, 105.39200592041016, 214.03201293945312], [82.09600067138672, 83.44000244140625, 102.2560043334961, 129.58399963378906], [215.15200805664062, 110.09600067138672, 223.66400146484375, 160.72000122070312], [140.55999755859375, 84.11199951171875, 152.2080078125, 107.63200378417969]], 'labels': ['woman', 'human face', 'human face', 'human face']}}"
0289,"{'<DENSE_REGION_CAPTION>': {'bboxes': [[37.52000045776367, 62.608001708984375, 103.1520004272461, 214.03201293945312], [171.6959991455078, 143.4720001220703, 223.66400146484375, 223.66400146484375], [124.4320068359375, 71.56800079345703, 163.4080047607422, 154.67201232910156], [164.7519989013672, 91.2800064086914, 210.67201232910156, 153.7760009765625], [212.24000549316406, 98.0, 223.66400146484375, 173.48800659179688], [82.09600067138672, 80.30400085449219, 102.0320053100586, 126.00000762939453], [215.15200805664062, 110.54400634765625, 223.66400146484375, 159.15200805664062], [137.42401123046875, 95.53600311279297, 148.84800720214844, 112.33600616455078]], 'labels': ['woman', 'woman', 'woman', 'woman', 'woman', 'human face', 'human face', 'human face']}}"
0290,"{'<DENSE_REGION_CAPTION>': {'bboxes': [[37.52000045776367, 63.28000259399414, 102.7040023803711, 213.58399963378906], [171.9199981689453, 189.6160125732422, 212.46400451660156, 223.66400146484375], [82.09600067138672, 82.09600067138672, 102.0320053100586, 126.00000762939453], [214.03201293945312, 110.54400634765625, 223.66400146484375, 161.6160125732422], [134.0640106201172, 95.08800506591797, 145.71200561523438, 111.44000244140625]], 'labels': ['girl', 'human face', 'human face', 'human face', 'human face']}}"
0291,"{'<DENSE_REGION_CAPTION>': {'bboxes': [[36.847999572753906, 63.28000259399414, 104.04800415039062, 214.48001098632812], [81.20000457763672, 81.64800262451172, 101.58399963378906, 126.44800567626953], [124.8800048828125, 177.29600524902344, 141.6800079345703, 218.9600067138672], [202.38400268554688, 132.27200317382812, 221.20001220703125, 162.7360076904297], [134.5120086669922, 98.67200469970703, 146.38400268554688, 114.35200500488281]], 'labels': ['woman', 'human face', 'human face', 'human face', 'human face']}}"
0292,"{'<DENSE_REGION_CAPTION>': {'bboxes': [[37.52000045776367, 62.832000732421875, 103.60000610351562, 213.58399963378906], [83.66400146484375, 84.78400421142578, 102.7040023803711, 126.44800567626953], [197.6800079345703, 122.41600036621094, 215.37600708007812, 157.36000061035156], [137.87200927734375, 97.552001953125, 148.62400817871094, 113.23200225830078]], 'labels': ['girl', 'human face', 'human face', 'human face']}}"
0293,"{'<DENSE_REGION_CAPTION>': {'bboxes': [[36.847999572753906, 63.28000259399414, 105.39200592041016, 215.15200805664062], [83.66400146484375, 84.33600616455078, 102.7040023803711, 127.34400177001953], [193.42401123046875, 120.6240005493164, 211.79200744628906, 154.447998046875], [138.99200439453125, 86.35200500488281, 150.86399841308594, 107.63200378417969]], 'labels': ['woman', 'human face', 'human face', 'human face']}}"
0294,"{'<DENSE_REGION_CAPTION>': {'bboxes': [[36.847999572753906, 62.832000732421875, 105.39200592041016, 214.48001098632812], [83.21600341796875, 83.66400146484375, 102.7040023803711, 128.24000549316406], [194.76800537109375, 123.98400115966797, 209.552001953125, 152.656005859375], [138.54400634765625, 89.48799896240234, 150.63999938964844, 107.40800476074219]], 'labels': ['woman', 'human face', 'human face', 'human face']}}"
0295,"{'<DENSE_REGION_CAPTION>': {'bboxes': [[84.56000518798828, 84.78400421142578, 103.3759994506836, 129.36000061035156], [202.38400268554688, 185.80799865722656, 223.66400146484375, 210.44801330566406], [135.8560028076172, 102.0320053100586, 148.17601013183594, 116.81600189208984]], 'labels': ['human face', 'human face', 'human face']}}"
0296,"{'<DENSE_REGION_CAPTION>': {'bboxes': [[88.36800384521484, 84.78400421142578, 105.39200592041016, 126.67200469970703], [135.8560028076172, 95.08800506591797, 147.95201110839844, 112.78400421142578]], 'labels': ['human face', 'human face']}}"
0297,"{'<DENSE_REGION_CAPTION>': {'bboxes': [[36.847999572753906, 67.31200408935547, 107.85600280761719, 214.48001098632812], [192.97601318359375, 130.25599670410156, 211.12001037597656, 162.2880096435547], [91.7280044555664, 93.74400329589844, 106.06400299072266, 131.60000610351562], [135.6320037841797, 83.66400146484375, 148.17601013183594, 106.73600006103516]], 'labels': ['woman', 'human face', 'human face', 'human face']}}"
0298,"{'<DENSE_REGION_CAPTION>': {'bboxes': [[36.847999572753906, 62.160003662109375, 109.87200164794922, 215.37600708007812], [192.5279998779297, 128.91200256347656, 212.01600646972656, 167.44000244140625], [88.59200286865234, 82.31999969482422, 104.72000122070312, 126.22400665283203], [137.42401123046875, 86.57600402832031, 149.96800231933594, 110.76800537109375]], 'labels': ['woman', 'human face', 'human face', 'human face']}}"
0299,"{'<DENSE_REGION_CAPTION>': {'bboxes': [[37.07200241088867, 59.92000198364258, 108.30400085449219, 214.92800903320312], [89.71200561523438, 82.09600067138672, 104.94400024414062, 125.3280029296875], [192.97601318359375, 128.68800354003906, 209.3280029296875, 160.27200317382812], [137.1999969482422, 92.1760025024414, 149.29600524902344, 115.24800109863281], [181.10400390625, 114.35200500488281, 193.42401123046875, 131.37600708007812]], 'labels': ['woman', 'human face', 'human face', 'human face', 'human face']}}"
0300,"{'<DENSE_REGION_CAPTION>': {'bboxes': [[37.29600143432617, 60.36800003051758, 105.84000396728516, 214.03201293945312], [87.69599914550781, 81.64800262451172, 104.72000122070312, 125.552001953125], [193.20001220703125, 128.01600646972656, 209.10400390625, 160.72000122070312], [213.13600158691406, 191.4080047607422, 223.66400146484375, 216.94400024414062], [138.09600830078125, 94.86400604248047, 149.52000427246094, 113.90400695800781], [179.760009765625, 118.83200073242188, 192.5279998779297, 134.2880096435547]], 'labels': ['woman', 'human face', 'human face', 'human face', 'human face', 'human face']}}"
0301,"{'<DENSE_REGION_CAPTION>': {'bboxes': [[78.06400299072266, 95.98400115966797, 98.67200469970703, 137.64801025390625], [208.8800048828125, 187.82400512695312, 223.66400146484375, 220.75201416015625], [140.55999755859375, 84.56000518798828, 151.760009765625, 107.63200378417969]], 'labels': ['human face', 'human face', 'human face']}}"
0302,"{'<DENSE_REGION_CAPTION>': {'bboxes': [[37.29600143432617, 67.76000213623047, 106.96000671386719, 214.03201293945312], [135.8560028076172, 143.6959991455078, 203.95201110839844, 223.66400146484375], [135.4080047607422, 66.41600036621094, 168.33599853515625, 147.95201110839844], [80.97600555419922, 94.86400604248047, 101.58399963378906, 137.1999969482422], [191.6320037841797, 131.82400512695312, 208.4320068359375, 158.92800903320312], [210.2239990234375, 189.16799926757812, 223.66400146484375, 220.5279998779297], [140.7840118408203, 84.11199951171875, 152.656005859375, 107.63200378417969]], 'labels': ['woman', 'woman', 'woman', 'human face', 'human face', 'human face', 'human face']}}"
0303,"{'<DENSE_REGION_CAPTION>': {'bboxes': [[37.52000045776367, 65.52000427246094, 106.06400299072266, 214.03201293945312], [85.68000030517578, 88.36800384521484, 105.39200592041016, 132.27200317382812], [192.0800018310547, 124.4320068359375, 208.8800048828125, 161.6160125732422], [209.7760009765625, 192.0800018310547, 223.66400146484375, 223.66400146484375], [140.55999755859375, 84.11199951171875, 152.656005859375, 108.08000183105469], [175.50399780273438, 131.82400512695312, 188.49600219726562, 145.48800659179688]], 'labels': ['girl', 'human face', 'human face', 'human face', 'human face', 'human face']}}"
0304,"{'<DENSE_REGION_CAPTION>': {'bboxes': [[85.68000030517578, 88.36800384521484, 104.94400024414062, 132.27200317382812], [207.760009765625, 182.447998046875, 223.66400146484375, 218.2880096435547], [141.0080108642578, 84.78400421142578, 152.8800048828125, 108.08000183105469]], 'labels': ['human face', 'human face', 'human face']}}"
0305,"{'<DENSE_REGION_CAPTION>': {'bboxes': [[85.68000030517578, 87.69599914550781, 104.72000122070312, 131.37600708007812], [141.9040069580078, 83.66400146484375, 153.7760009765625, 108.08000183105469]], 'labels': ['human face', 'human face']}}"
0306,"{'<DENSE_REGION_CAPTION>': {'bboxes': [[0.1120000034570694, 129.13600158691406, 209.3280029296875, 223.66400146484375], [85.00800323486328, 90.38400268554688, 104.27200317382812, 133.39199829101562], [199.4720001220703, 174.38400268554688, 220.3040008544922, 203.50401306152344], [142.1280059814453, 84.11199951171875, 154.447998046875, 107.63200378417969]], 'labels': ['desk', 'human face', 'human face', 'human face']}}"
0307,"{'<DENSE_REGION_CAPTION>': {'bboxes': [[84.11199951171875, 94.86400604248047, 103.82400512695312, 132.72000122070312], [185.13600158691406, 188.27200317382812, 204.40000915527344, 207.9840087890625], [143.4720001220703, 87.02400207519531, 156.01600646972656, 110.31999969482422]], 'labels': ['human face', 'human face', 'human face']}}"
0308,"{'<DENSE_REGION_CAPTION>': {'bboxes': [[82.76800537109375, 91.2800064086914, 102.7040023803711, 135.6320037841797], [178.19200134277344, 188.72000122070312, 198.1280059814453, 209.552001953125], [144.59201049804688, 86.12800598144531, 157.13600158691406, 109.87200164794922]], 'labels': ['human face', 'human face', 'human face']}}"
0309,"{'<DENSE_REGION_CAPTION>': {'bboxes': [[85.23200225830078, 89.26399993896484, 104.72000122070312, 134.2880096435547], [178.41600036621094, 193.64801025390625, 198.1280059814453, 214.48001098632812], [147.72801208496094, 84.11199951171875, 160.04800415039062, 108.30400085449219]], 'labels': ['human face', 'human face', 'human face']}}"
0310,"{'<DENSE_REGION_CAPTION>': {'bboxes': [[85.90399932861328, 89.04000091552734, 104.94400024414062, 134.0640106201172], [176.84800720214844, 197.2320098876953, 196.5600128173828, 217.6160125732422], [144.1439971923828, 86.35200500488281, 156.46400451660156, 110.31999969482422]], 'labels': ['human face', 'human face', 'human face']}}"
0311,"{'<DENSE_REGION_CAPTION>': {'bboxes': [[37.29600143432617, 65.52000427246094, 104.49600219726562, 213.58399963378906], [85.00800323486328, 88.36800384521484, 104.27200317382812, 130.25599670410156], [192.7519989013672, 130.92800903320312, 211.12001037597656, 162.2880096435547], [142.5760040283203, 88.81600189208984, 154.447998046875, 108.52799987792969], [181.552001953125, 199.0240020751953, 194.09600830078125, 216.72000122070312]], 'labels': ['girl', 'human face', 'human face', 'human face', 'human face']}}"
0312,"{'<DENSE_REGION_CAPTION>': {'bboxes': [[36.624000549316406, 65.0719985961914, 105.39200592041016, 214.03201293945312], [85.68000030517578, 87.92000579833984, 104.04800415039062, 129.36000061035156], [192.0800018310547, 133.39199829101562, 210.44801330566406, 166.76800537109375], [173.04000854492188, 200.81600952148438, 194.09600830078125, 221.42401123046875], [142.5760040283203, 87.02400207519531, 154.447998046875, 109.87200164794922]], 'labels': ['girl', 'human face', 'human face', 'human face', 'human face']}}"
0313,"{'<DENSE_REGION_CAPTION>': {'bboxes': [[36.847999572753906, 64.8479995727539, 104.49600219726562, 213.58399963378906], [85.68000030517578, 87.92000579833984, 104.04800415039062, 129.58399963378906], [191.1840057373047, 133.39199829101562, 210.44801330566406, 166.09600830078125], [178.86399841308594, 205.52000427246094, 192.97601318359375, 222.09600830078125], [140.11199951171875, 92.8479995727539, 151.31201171875, 111.88800048828125]], 'labels': ['girl', 'human face', 'human face', 'human face', 'human face']}}"
0314,"{'<DENSE_REGION_CAPTION>': {'bboxes': [[0.1120000034570694, 128.91200256347656, 223.66400146484375, 223.66400146484375], [85.90399932861328, 85.90399932861328, 104.27200317382812, 132.49600219726562], [191.4080047607422, 135.1840057373047, 210.67201232910156, 167.44000244140625], [178.41600036621094, 205.07200622558594, 191.8560028076172, 221.87200927734375], [139.66400146484375, 94.41600036621094, 150.41600036621094, 112.33600616455078]], 'labels': ['desk', 'human face', 'human face', 'human face', 'human face']}}"
0315,"{'<DENSE_REGION_CAPTION>': {'bboxes': [[37.29600143432617, 71.56800079345703, 104.04800415039062, 214.03201293945312], [84.11199951171875, 89.93600463867188, 103.82400512695312, 135.6320037841797], [189.8400115966797, 130.25599670410156, 210.0, 162.2880096435547], [181.3280029296875, 201.48800659179688, 195.88800048828125, 218.2880096435547], [139.21600341796875, 97.7760009765625, 150.86399841308594, 114.57600402832031]], 'labels': ['girl', 'human face', 'human face', 'human face', 'human face']}}"
0316,"{'<DENSE_REGION_CAPTION>': {'bboxes': [[36.624000549316406, 71.34400177001953, 105.84000396728516, 215.15200805664062], [85.00800323486328, 90.83200073242188, 104.27200317382812, 134.9600067138672], [199.92001342773438, 126.00000762939453, 218.2880096435547, 163.4080047607422], [179.5360107421875, 204.17601013183594, 195.88800048828125, 221.87200927734375], [139.44000244140625, 80.30400085449219, 150.63999938964844, 102.7040023803711]], 'labels': ['woman', 'human face', 'human face', 'human face', 'human face']}}"
0317,"{'<DENSE_REGION_CAPTION>': {'bboxes': [[0.1120000034570694, 129.58399963378906, 197.2320098876953, 223.66400146484375], [85.23200225830078, 90.83200073242188, 104.72000122070312, 135.6320037841797], [214.03201293945312, 127.56800079345703, 223.66400146484375, 163.6320037841797], [142.8000030517578, 77.16799926757812, 155.12001037597656, 101.13600158691406], [176.17601013183594, 106.06400299072266, 184.46400451660156, 128.46400451660156]], 'labels': ['desk', 'human face', 'human face', 'human face', 'human face']}}"
0318,"{'<DENSE_REGION_CAPTION>': {'bboxes': [[0.1120000034570694, 129.58399963378906, 194.76800537109375, 223.66400146484375], [86.57600402832031, 89.93600463867188, 105.39200592041016, 132.27200317382812], [181.3280029296875, 185.58399963378906, 200.36801147460938, 208.8800048828125], [142.5760040283203, 81.42400360107422, 154.89601135253906, 105.39200592041016]], 'labels': ['desk', 'human face', 'human face', 'human face']}}"
0319,"{'<DENSE_REGION_CAPTION>': {'bboxes': [[0.1120000034570694, 131.60000610351562, 31.248001098632812, 223.66400146484375], [212.01600646972656, 128.91200256347656, 223.66400146484375, 158.70401000976562], [174.16000366210938, 198.1280059814453, 191.1840057373047, 218.2880096435547], [143.4720001220703, 82.76800537109375, 155.56800842285156, 105.84000396728516]], 'labels': ['chair', 'human face', 'human face', 'human face']}}"
0320,"{'<DENSE_REGION_CAPTION>': {'bboxes': [[169.2320098876953, 199.6959991455078, 187.60000610351562, 217.8400115966797], [142.5760040283203, 82.09600067138672, 154.67201232910156, 105.84000396728516], [214.25601196289062, 132.27200317382812, 223.66400146484375, 158.70401000976562]], 'labels': ['human face', 'human face', 'human face']}}"
0321,"{'<DENSE_REGION_CAPTION>': {'bboxes': [[34.608001708984375, 63.72800064086914, 100.24000549316406, 223.66400146484375], [149.96800231933594, 136.5279998779297, 216.94400024414062, 223.66400146484375], [0.1120000034570694, 131.60000610351562, 30.576000213623047, 223.66400146484375], [173.48800659179688, 87.02400207519531, 208.2080078125, 162.7360076904297], [132.49600219726562, 64.4000015258789, 161.39199829101562, 149.52000427246094], [199.6959991455078, 136.7519989013672, 223.66400146484375, 223.66400146484375], [210.89601135253906, 100.24000549316406, 223.66400146484375, 140.7840118408203], [141.0080108642578, 82.09600067138672, 152.8800048828125, 104.27200317382812], [181.3280029296875, 115.24800109863281, 193.42401123046875, 134.5120086669922]], 'labels': ['person', 'person', 'person', 'person', 'person', 'person', 'person', 'human face', 'human face']}}"
0322,"{'<DENSE_REGION_CAPTION>': {'bboxes': [[34.15999984741211, 63.72800064086914, 101.58399963378906, 223.66400146484375], [133.61599731445312, 139.66400146484375, 204.84800720214844, 223.66400146484375], [121.29600524902344, 64.1760025024414, 165.20001220703125, 149.29600524902344], [168.5600128173828, 91.9520034790039, 202.83200073242188, 166.32000732421875], [140.11199951171875, 83.44000244140625, 152.2080078125, 104.94400024414062]], 'labels': ['person', 'person', 'person', 'person', 'human face']}}"
0323,"{'<DENSE_REGION_CAPTION>': {'bboxes': [[79.63200378417969, 79.63200378417969, 98.0, 126.67200469970703], [84.33600616455078, 79.63200378417969, 97.7760009765625, 126.44800567626953], [139.21600341796875, 76.94400024414062, 151.31201171875, 101.13600158691406]], 'labels': ['human face', 'human face', 'human face']}}"
0324,"{'<DENSE_REGION_CAPTION>': {'bboxes': [[34.608001708984375, 60.36800003051758, 101.13600158691406, 223.66400146484375], [131.82400512695312, 142.3520050048828, 206.864013671875, 223.66400146484375], [193.42401123046875, 98.0, 223.66400146484375, 223.66400146484375], [120.84800720214844, 65.52000427246094, 163.8560028076172, 152.8800048828125], [164.3040008544922, 89.93600463867188, 198.8000030517578, 152.8800048828125], [207.760009765625, 137.42401123046875, 223.66400146484375, 223.66400146484375], [194.76800537109375, 132.49600219726562, 211.12001037597656, 162.2880096435547], [168.33599853515625, 120.4000015258789, 185.36000061035156, 141.6800079345703], [138.32000732421875, 77.16799926757812, 150.41600036621094, 103.1520004272461]], 'labels': ['person', 'person', 'person', 'person', 'person', 'person', 'human face', 'human face', 'human face']}}"
0325,"{'<DENSE_REGION_CAPTION>': {'bboxes': [[34.608001708984375, 60.36800003051758, 101.13600158691406, 223.66400146484375], [131.60000610351562, 143.9199981689453, 207.5360107421875, 223.66400146484375], [121.52000427246094, 67.76000213623047, 163.1840057373047, 153.3280029296875], [189.8400115966797, 134.2880096435547, 223.66400146484375, 223.66400146484375], [164.9759979248047, 89.71200561523438, 194.99200439453125, 153.7760009765625], [189.6160125732422, 100.46400451660156, 223.66400146484375, 145.26400756835938], [133.39199829101562, 82.76800537109375, 145.71200561523438, 107.18400573730469]], 'labels': ['person', 'person', 'person', 'person', 'person', 'person', 'human face']}}"
0326,"{'<DENSE_REGION_CAPTION>': {'bboxes': [[80.08000183105469, 81.20000457763672, 97.3280029296875, 126.67200469970703], [85.90399932861328, 80.75199890136719, 97.552001953125, 121.29600524902344], [135.8560028076172, 77.84000396728516, 147.95201110839844, 102.0320053100586]], 'labels': ['human face', 'human face', 'human face']}}"
0327,"{'<DENSE_REGION_CAPTION>': {'bboxes': [[35.055999755859375, 60.816001892089844, 101.13600158691406, 223.66400146484375], [81.64800262451172, 78.51200103759766, 98.67200469970703, 124.8800048828125], [85.45600128173828, 78.28800201416016, 98.44800567626953, 123.08800506591797], [138.09600830078125, 75.3759994506836, 150.41600036621094, 99.79199981689453]], 'labels': ['woman', 'human face', 'human face', 'human face']}}"
0328,"{'<DENSE_REGION_CAPTION>': {'bboxes': [[34.15999984741211, 59.69600296020508, 102.0320053100586, 223.66400146484375], [152.2080078125, 143.0240020751953, 203.72801208496094, 223.66400146484375], [124.4320068359375, 64.8479995727539, 162.7360076904297, 151.31201171875], [186.48001098632812, 137.64801025390625, 223.66400146484375, 223.66400146484375], [164.7519989013672, 89.26399993896484, 197.6800079345703, 149.74400329589844], [194.76800537109375, 97.10400390625, 223.66400146484375, 149.52000427246094], [87.24800109863281, 83.66400146484375, 99.79199981689453, 121.29600524902344], [141.9040069580078, 78.06400299072266, 154.0, 101.13600158691406]], 'labels': ['woman', 'woman', 'woman', 'woman', 'woman', 'woman', 'human face', 'human face']}}"
0329,"{'<DENSE_REGION_CAPTION>': {'bboxes': [[34.608001708984375, 60.36800003051758, 104.94400024414062, 217.6160125732422], [152.2080078125, 143.2480010986328, 207.0880126953125, 223.66400146484375], [182.0, 137.87200927734375, 223.66400146484375, 223.66400146484375], [127.12000274658203, 64.8479995727539, 164.9759979248047, 153.10400390625], [190.2880096435547, 97.7760009765625, 223.66400146484375, 154.0], [163.6320037841797, 90.83200073242188, 192.97601318359375, 150.19200134277344]], 'labels': ['person', 'person', 'person', 'person', 'person', 'person']}}"
0330,"{'<DENSE_REGION_CAPTION>': {'bboxes': [[34.608001708984375, 60.14400100708008, 103.1520004272461, 216.94400024414062], [147.27999877929688, 145.04000854492188, 199.4720001220703, 223.66400146484375], [179.9840087890625, 137.64801025390625, 223.66400146484375, 223.66400146484375], [128.24000549316406, 66.63999938964844, 163.1840057373047, 151.5360107421875], [191.1840057373047, 94.63999938964844, 223.66400146484375, 153.7760009765625], [165.42401123046875, 90.38400268554688, 195.66400146484375, 148.40000915527344]], 'labels': ['person', 'person', 'person', 'person', 'person', 'person']}}"
0331,"{'<DENSE_REGION_CAPTION>': {'bboxes': [[76.49600219726562, 80.52799987792969, 95.76000213623047, 131.82400512695312], [136.5279998779297, 85.45600128173828, 150.63999938964844, 106.51200103759766], [173.93600463867188, 120.84800720214844, 188.72000122070312, 136.0800018310547]], 'labels': ['human face', 'human face', 'human face']}}"
0332,"{'<DENSE_REGION_CAPTION>': {'bboxes': [[78.51200103759766, 79.63200378417969, 96.43199920654297, 128.91200256347656], [84.33600616455078, 79.63200378417969, 96.656005859375, 128.91200256347656], [141.0080108642578, 84.11199951171875, 154.89601135253906, 105.39200592041016]], 'labels': ['human face', 'human face', 'human face']}}"
0333,"{'<DENSE_REGION_CAPTION>': {'bboxes': [[34.15999984741211, 59.92000198364258, 109.87200164794922, 216.27200317382812], [138.54400634765625, 137.42401123046875, 223.66400146484375, 223.66400146484375], [127.79200744628906, 67.98400115966797, 165.64801025390625, 151.760009765625], [192.0800018310547, 97.552001953125, 223.66400146484375, 159.82400512695312], [164.7519989013672, 93.74400329589844, 194.76800537109375, 144.81600952148438]], 'labels': ['person', 'person', 'person', 'person', 'person']}}"
0334,"{'<DENSE_REGION_CAPTION>': {'bboxes': [[34.384002685546875, 59.69600296020508, 111.21600341796875, 216.94400024414062], [138.32000732421875, 139.44000244140625, 223.66400146484375, 223.66400146484375], [189.8400115966797, 97.552001953125, 223.66400146484375, 223.66400146484375], [128.24000549316406, 67.08800506591797, 165.42401123046875, 152.656005859375], [164.7519989013672, 93.96800231933594, 195.21600341796875, 145.04000854492188]], 'labels': ['person', 'person', 'person', 'person', 'person']}}"
0335,"{'<DENSE_REGION_CAPTION>': {'bboxes': [[35.055999755859375, 59.69600296020508, 107.85600280761719, 215.37600708007812], [137.42401123046875, 142.3520050048828, 187.82400512695312, 223.66400146484375], [176.62400817871094, 142.1280059814453, 223.66400146484375, 223.66400146484375], [193.87200927734375, 93.74400329589844, 223.66400146484375, 197.0080108642578], [130.03199768066406, 68.656005859375, 166.09600830078125, 152.656005859375], [166.32000732421875, 90.60800170898438, 195.88800048828125, 148.17601013183594]], 'labels': ['person', 'person', 'person', 'person', 'person', 'person']}}"
0336,"{'<DENSE_REGION_CAPTION>': {'bboxes': [[198.3520050048828, 120.6240005493164, 213.13600158691406, 156.01600646972656], [181.552001953125, 199.6959991455078, 198.8000030517578, 218.2880096435547], [136.7519989013672, 81.20000457763672, 148.17601013183594, 102.7040023803711]], 'labels': ['human face', 'human face', 'human face']}}"
0337,"{'<DENSE_REGION_CAPTION>': {'bboxes': [[34.608001708984375, 65.96800231933594, 99.56800079345703, 223.66400146484375], [136.3040008544922, 142.3520050048828, 188.94400024414062, 223.66400146484375], [176.84800720214844, 143.9199981689453, 223.66400146484375, 223.66400146484375], [117.48800659179688, 64.6240005493164, 161.39199829101562, 147.95201110839844], [195.21600341796875, 94.19200134277344, 223.66400146484375, 195.88800048828125], [157.13600158691406, 95.53600311279297, 195.44000244140625, 149.07200622558594], [195.44000244140625, 129.36000061035156, 213.36000061035156, 160.27200317382812], [138.99200439453125, 197.4560089111328, 151.31201171875, 223.66400146484375], [137.64801025390625, 82.09600067138672, 148.84800720214844, 103.60000610351562]], 'labels': ['person', 'person', 'person', 'person', 'person', 'person', 'human face', 'human face', 'human face']}}"
0338,"{'<DENSE_REGION_CAPTION>': {'bboxes': [[34.608001708984375, 66.63999938964844, 101.13600158691406, 217.8400115966797], [132.94400024414062, 143.4720001220703, 188.04800415039062, 223.66400146484375], [175.72801208496094, 143.2480010986328, 223.66400146484375, 223.66400146484375], [193.20001220703125, 92.8479995727539, 223.66400146484375, 194.09600830078125], [148.62400817871094, 96.20800018310547, 191.4080047607422, 151.760009765625], [129.58399963378906, 64.8479995727539, 157.58399963378906, 147.50399780273438], [193.87200927734375, 122.64000701904297, 211.34400939941406, 156.46400451660156], [182.447998046875, 195.44000244140625, 199.0240020751953, 214.48001098632812], [134.7360076904297, 82.99200439453125, 147.50399780273438, 102.2560043334961]], 'labels': ['person', 'person', 'person', 'person', 'person', 'person', 'human face', 'human face', 'human face']}}"
0339,"{'<DENSE_REGION_CAPTION>': {'bboxes': [[34.608001708984375, 67.53600311279297, 101.13600158691406, 223.66400146484375], [129.13600158691406, 63.952003479003906, 201.93600463867188, 182.89601135253906], [149.52000427246094, 99.12000274658203, 201.93600463867188, 182.89601135253906], [138.32000732421875, 141.6800079345703, 185.58399963378906, 223.66400146484375], [0.1120000034570694, 131.60000610351562, 30.352001190185547, 223.66400146484375], [201.48800659179688, 130.03199768066406, 223.66400146484375, 223.66400146484375], [195.21600341796875, 93.29600524902344, 223.66400146484375, 155.79200744628906], [139.66400146484375, 76.72000122070312, 151.9840087890625, 101.13600158691406]], 'labels': ['person', 'person', 'person', 'person', 'person', 'person', 'person', 'human face']}}"
0340,"{'<DENSE_REGION_CAPTION>': {'bboxes': [[34.608001708984375, 65.52000427246094, 102.0320053100586, 218.5120086669922], [138.32000732421875, 82.76800537109375, 149.96800231933594, 104.27200317382812]], 'labels': ['woman', 'human face']}}"
0341,"{'<DENSE_REGION_CAPTION>': {'bboxes': [[34.608001708984375, 65.0719985961914, 100.68800354003906, 223.66400146484375], [118.83200073242188, 67.31200408935547, 207.31201171875, 188.49600219726562], [132.49600219726562, 142.1280059814453, 189.6160125732422, 223.66400146484375], [180.8800048828125, 131.15200805664062, 223.66400146484375, 223.66400146484375], [0.1120000034570694, 131.60000610351562, 30.80000114440918, 223.66400146484375], [194.09600830078125, 92.1760025024414, 223.66400146484375, 159.60000610351562], [137.1999969482422, 88.36800384521484, 149.29600524902344, 108.75200653076172]], 'labels': ['person', 'person', 'person', 'person', 'person', 'person', 'human face']}}"
0342,"{'<DENSE_REGION_CAPTION>': {'bboxes': [[24.527999877929688, 63.28000259399414, 93.52000427246094, 223.66400146484375], [148.84800720214844, 101.8080062866211, 208.2080078125, 189.16799926757812], [197.2320098876953, 134.7360076904297, 212.24000549316406, 161.16799926757812], [215.60000610351562, 186.70401000976562, 223.66400146484375, 211.56800842285156]], 'labels': ['person', 'woman', 'human face', 'human face']}}"
0343,"{'<DENSE_REGION_CAPTION>': {'bboxes': [[135.6320037841797, 87.24800109863281, 146.83200073242188, 108.08000183105469]], 'labels': ['human face']}}"
0344,"{'<DENSE_REGION_CAPTION>': {'bboxes': [[0.1120000034570694, 44.91200256347656, 57.68000030517578, 223.66400146484375], [118.60800170898438, 68.656005859375, 197.9040069580078, 174.83200073242188], [24.079999923706055, 64.8479995727539, 40.880001068115234, 107.63200378417969], [203.05599975585938, 179.0880126953125, 223.66400146484375, 209.10400390625], [132.72000122070312, 91.2800064086914, 145.04000854492188, 111.44000244140625]], 'labels': ['woman', 'woman', 'human face', 'human face', 'human face']}}"
0345,"{'<DENSE_REGION_CAPTION>': {'bboxes': [[0.1120000034570694, 48.04800033569336, 63.952003479003906, 223.66400146484375], [24.75200080871582, 65.29600524902344, 44.2400016784668, 109.20000457763672], [192.3040008544922, 127.56800079345703, 211.12001037597656, 162.9600067138672], [179.5360107421875, 200.81600952148438, 191.8560028076172, 218.2880096435547], [126.67200469970703, 107.18400573730469, 137.87200927734375, 122.19200134277344]], 'labels': ['girl', 'human face', 'human face', 'human face', 'human face']}}"
0346,"{'<DENSE_REGION_CAPTION>': {'bboxes': [[0.1120000034570694, 43.56800079345703, 69.552001953125, 223.66400146484375], [0.1120000034570694, 43.34400177001953, 53.42399978637695, 223.66400146484375], [140.55999755859375, 145.93600463867188, 223.66400146484375, 223.66400146484375], [190.9600067138672, 91.9520034790039, 223.66400146484375, 206.864013671875], [119.9520034790039, 67.31200408935547, 156.46400451660156, 154.0], [149.07200622558594, 100.68800354003906, 194.09600830078125, 157.13600158691406], [191.8560028076172, 126.89600372314453, 209.552001953125, 163.6320037841797], [11.53600025177002, 55.88800048828125, 26.992000579833984, 97.3280029296875], [127.79200744628906, 84.78400421142578, 138.99200439453125, 108.75200653076172]], 'labels': ['woman', 'woman', 'woman', 'woman', 'woman', 'woman', 'human face', 'human face', 'human face']}}"
0347,"{'<DENSE_REGION_CAPTION>': {'bboxes': [[0.1120000034570694, 44.6879997253418, 77.39200592041016, 223.66400146484375], [115.24800109863281, 66.19200134277344, 198.1280059814453, 175.72801208496094], [24.97599983215332, 57.68000030517578, 44.0160026550293, 102.9280014038086], [191.1840057373047, 135.6320037841797, 210.67201232910156, 164.9759979248047], [31.248001098632812, 57.45600128173828, 44.0160026550293, 102.4800033569336], [131.82400512695312, 86.35200500488281, 143.2480010986328, 108.30400085449219]], 'labels': ['woman', 'woman', 'human face', 'human face', 'human face', 'human face']}}"
0348,"{'<DENSE_REGION_CAPTION>': {'bboxes': [[190.7360076904297, 125.552001953125, 210.2239990234375, 164.0800018310547], [47.82400131225586, 62.832000732421875, 57.23200225830078, 106.73600006103516], [129.80799865722656, 89.04000091552734, 141.4560089111328, 109.42400360107422]], 'labels': ['human face', 'human face', 'human face']}}"
0349,"{'<DENSE_REGION_CAPTION>': {'bboxes': [[0.1120000034570694, 46.03200149536133, 76.72000122070312, 223.66400146484375], [182.67201232910156, 95.53600311279297, 223.66400146484375, 223.66400146484375], [139.44000244140625, 143.6959991455078, 191.8560028076172, 223.66400146484375], [151.760009765625, 85.68000030517578, 193.87200927734375, 169.9040069580078], [119.5040054321289, 70.67200469970703, 156.91200256347656, 155.34400939941406], [193.87200927734375, 137.1999969482422, 212.01600646972656, 164.3040008544922], [24.527999877929688, 59.47200012207031, 35.055999755859375, 104.04800415039062], [128.68800354003906, 93.96800231933594, 139.88800048828125, 111.88800048828125]], 'labels': ['person', 'woman', 'woman', 'woman', 'woman', 'human face', 'human face', 'human face']}}"
0350,"{'<DENSE_REGION_CAPTION>': {'bboxes': [[192.7519989013672, 137.64801025390625, 212.91200256347656, 164.0800018310547], [130.25599670410156, 94.19200134277344, 140.7840118408203, 111.44000244140625]], 'labels': ['human face', 'human face']}}"
0351,"{'<DENSE_REGION_CAPTION>': {'bboxes': [[8.848000526428223, 57.23200225830078, 111.21600341796875, 223.66400146484375], [173.71200561523438, 132.94400024414062, 223.66400146484375, 223.66400146484375], [122.41600036621094, 61.71200180053711, 168.11199951171875, 153.10400390625], [171.6959991455078, 78.73600006103516, 203.95201110839844, 141.6800079345703], [208.8800048828125, 90.83200073242188, 223.66400146484375, 142.8000030517578]], 'labels': ['person', 'person', 'person', 'person', 'person']}}"
0352,"{'<DENSE_REGION_CAPTION>': {'bboxes': [[64.8479995727539, 129.58399963378906, 197.6800079345703, 223.66400146484375], [57.68000030517578, 71.79199981689453, 71.56800079345703, 116.59200286865234], [210.89601135253906, 108.75200653076172, 223.66400146484375, 145.26400756835938], [140.7840118408203, 75.1520004272461, 151.9840087890625, 98.44800567626953]], 'labels': ['desk', 'human face', 'human face', 'human face']}}"
0353,"{'<DENSE_REGION_CAPTION>': {'bboxes': [[9.744000434875488, 56.336002349853516, 111.66400146484375, 223.66400146484375], [60.592002868652344, 76.72000122070312, 74.7040023803711, 120.4000015258789], [133.8400115966797, 94.86400604248047, 145.93600463867188, 117.04000091552734], [175.27999877929688, 97.3280029296875, 185.13600158691406, 115.92000579833984]], 'labels': ['woman', 'human face', 'human face', 'human face']}}"
0354,"{'<DENSE_REGION_CAPTION>': {'bboxes': [[9.968000411987305, 57.45600128173828, 115.47200012207031, 223.66400146484375], [122.64000701904297, 120.6240005493164, 182.89601135253906, 223.66400146484375], [165.42401123046875, 76.94400024414062, 204.84800720214844, 178.63999938964844], [130.48001098632812, 76.04800415039062, 166.76800537109375, 142.1280059814453], [197.0080108642578, 119.2800064086914, 214.25601196289062, 173.04000854492188], [61.26400375366211, 75.60000610351562, 74.7040023803711, 119.7280044555664], [133.8400115966797, 94.86400604248047, 146.60800170898438, 119.2800064086914], [177.29600524902344, 102.2560043334961, 191.1840057373047, 122.64000701904297]], 'labels': ['person', 'person', 'woman', 'woman', 'human face', 'human face', 'human face', 'human face']}}"
0355,"{'<DENSE_REGION_CAPTION>': {'bboxes': [[10.86400032043457, 52.30400085449219, 99.79199981689453, 223.66400146484375], [169.9040069580078, 149.74400329589844, 192.5279998779297, 207.760009765625], [52.97600173950195, 63.50400161743164, 69.3280029296875, 109.87200164794922], [136.5279998779297, 92.1760025024414, 148.40000915527344, 115.24800109863281], [180.8800048828125, 97.10400390625, 191.6320037841797, 118.83200073242188]], 'labels': ['woman', 'human face', 'human face', 'human face', 'human face']}}"
0356,"{'<DENSE_REGION_CAPTION>': {'bboxes': [[10.86400032043457, 54.544002532958984, 116.59200286865234, 223.66400146484375], [56.336002349853516, 67.31200408935547, 71.56800079345703, 114.35200500488281], [170.5760040283203, 154.2239990234375, 183.34400939941406, 188.04800415039062], [139.21600341796875, 84.78400421142578, 150.86399841308594, 109.20000457763672], [177.96800231933594, 94.63999938964844, 189.16799926757812, 117.71200561523438]], 'labels': ['woman', 'human face', 'human face', 'human face', 'human face']}}"
0357,"{'<DENSE_REGION_CAPTION>': {'bboxes': [[6.160000324249268, 51.63199996948242, 108.75200653076172, 223.66400146484375], [46.704002380371094, 65.52000427246094, 63.05600357055664, 112.56000518798828], [176.17601013183594, 90.83200073242188, 188.49600219726562, 116.81600189208984], [132.94400024414062, 93.29600524902344, 146.60800170898438, 115.02400207519531]], 'labels': ['woman', 'human face', 'human face', 'human face']}}"
0358,"{'<DENSE_REGION_CAPTION>': {'bboxes': [[9.296000480651855, 53.87200164794922, 110.31999969482422, 223.66400146484375], [162.7360076904297, 127.34400177001953, 223.66400146484375, 223.66400146484375], [150.86399841308594, 51.18400192260742, 201.71200561523438, 142.3520050048828], [195.21600341796875, 100.46400451660156, 223.66400146484375, 223.66400146484375], [128.24000549316406, 68.20800018310547, 166.76800537109375, 151.5360107421875]], 'labels': ['person', 'person', 'person', 'person', 'person']}}"
0359,"{'<DENSE_REGION_CAPTION>': {'bboxes': [[8.848000526428223, 54.544002532958984, 108.30400085449219, 223.66400146484375], [129.13600158691406, 127.56800079345703, 201.71200561523438, 223.66400146484375], [139.88800048828125, 58.35200119018555, 205.96800231933594, 143.6959991455078], [106.06400299072266, 61.26400375366211, 156.46400451660156, 145.04000854492188], [46.704002380371094, 70.44800567626953, 64.4000015258789, 115.92000579833984], [178.86399841308594, 91.7280044555664, 192.0800018310547, 117.04000091552734], [113.00800323486328, 72.91200256347656, 126.67200469970703, 95.76000213623047]], 'labels': ['woman', 'woman', 'woman', 'woman', 'human face', 'human face', 'human face']}}"
0360,"{'<DENSE_REGION_CAPTION>': {'bboxes': [[9.296000480651855, 53.42399978637695, 109.87200164794922, 223.66400146484375], [149.52000427246094, 50.96000289916992, 206.41600036621094, 177.96800231933594], [173.93600463867188, 100.01600646972656, 223.66400146484375, 223.66400146484375], [128.24000549316406, 132.27200317382812, 174.38400268554688, 223.66400146484375], [110.31999969482422, 43.12000274658203, 149.96800231933594, 143.2480010986328], [52.75200271606445, 70.67200469970703, 65.96800231933594, 113.68000030517578], [179.9840087890625, 90.60800170898438, 193.87200927734375, 115.47200012207031], [118.16000366210938, 78.06400299072266, 132.04800415039062, 100.46400451660156]], 'labels': ['woman', 'woman', 'woman', 'woman', 'woman', 'human face', 'human face', 'human face']}}"
0361,"{'<DENSE_REGION_CAPTION>': {'bboxes': [[6.160000324249268, 53.64800262451172, 116.36800384521484, 223.66400146484375], [142.1280059814453, 45.80800247192383, 210.67201232910156, 177.74400329589844], [174.16000366210938, 91.9520034790039, 223.66400146484375, 223.66400146484375], [119.9520034790039, 131.37600708007812, 171.9199981689453, 223.66400146484375], [112.78400421142578, 61.71200180053711, 156.91200256347656, 142.1280059814453]], 'labels': ['person', 'person', 'person', 'person', 'person']}}"
0362,"{'<DENSE_REGION_CAPTION>': {'bboxes': [[149.52000427246094, 44.2400016784668, 211.12001037597656, 176.84800720214844], [200.59201049804688, 113.00800323486328, 218.7360076904297, 160.27200317382812], [52.52799987792969, 69.3280029296875, 69.7760009765625, 114.57600402832031], [181.3280029296875, 91.7280044555664, 196.5600128173828, 115.24800109863281], [126.22400665283203, 79.85600280761719, 140.11199951171875, 102.2560043334961]], 'labels': ['girl', 'human face', 'human face', 'human face', 'human face']}}"
0363,"{'<DENSE_REGION_CAPTION>': {'bboxes': [[153.7760009765625, 43.56800079345703, 208.8800048828125, 149.52000427246094], [201.04000854492188, 114.35200500488281, 218.7360076904297, 159.82400512695312], [46.25600051879883, 60.816001892089844, 62.608001708984375, 106.28800201416016], [184.24000549316406, 89.93600463867188, 198.5760040283203, 115.69600677490234], [121.96800231933594, 75.82400512695312, 134.7360076904297, 100.24000549316406]], 'labels': ['girl', 'human face', 'human face', 'human face', 'human face']}}"
0364,"{'<DENSE_REGION_CAPTION>': {'bboxes': [[11.760000228881836, 50.736000061035156, 116.59200286865234, 223.66400146484375], [46.704002380371094, 62.384002685546875, 63.952003479003906, 108.08000183105469], [184.46400451660156, 92.6240005493164, 199.0240020751953, 116.36800384521484], [124.4320068359375, 84.78400421142578, 136.9759979248047, 108.75200653076172]], 'labels': ['woman', 'human face', 'human face', 'human face']}}"
0365,"{'<DENSE_REGION_CAPTION>': {'bboxes': [[9.520000457763672, 51.40800094604492, 114.57600402832031, 223.66400146484375], [47.37600326538086, 63.50400161743164, 64.1760025024414, 108.75200653076172], [183.79200744628906, 89.71200561523438, 198.1280059814453, 116.36800384521484], [118.83200073242188, 83.44000244140625, 131.15200805664062, 107.63200378417969]], 'labels': ['woman', 'human face', 'human face', 'human face']}}"
0366,"{'<DENSE_REGION_CAPTION>': {'bboxes': [[10.86400032043457, 51.63199996948242, 112.33600616455078, 223.66400146484375], [161.39199829101562, 121.96800231933594, 219.6320037841797, 223.66400146484375], [150.41600036621094, 59.02400207519531, 208.8800048828125, 132.27200317382812], [112.78400421142578, 72.01599884033203, 154.2239990234375, 141.0080108642578], [48.272003173828125, 63.72800064086914, 64.8479995727539, 109.20000457763672], [179.5360107421875, 87.92000579833984, 193.87200927734375, 117.04000091552734], [118.83200073242188, 87.92000579833984, 131.37600708007812, 113.45600128173828]], 'labels': ['woman', 'woman', 'woman', 'woman', 'human face', 'human face', 'human face']}}"
0367,"{'<DENSE_REGION_CAPTION>': {'bboxes': [[52.97600173950195, 127.56800079345703, 173.04000854492188, 223.66400146484375], [47.37600326538086, 64.1760025024414, 64.6240005493164, 110.09600067138672], [176.40000915527344, 96.43199920654297, 192.0800018310547, 120.6240005493164], [118.38400268554688, 87.92000579833984, 130.48001098632812, 112.11200714111328]], 'labels': ['desk', 'human face', 'human face', 'human face']}}"
0368,"{'<DENSE_REGION_CAPTION>': {'bboxes': [[12.432000160217285, 51.85600280761719, 118.16000366210938, 223.66400146484375], [159.60000610351562, 123.53600311279297, 223.66400146484375, 223.66400146484375], [112.78400421142578, 65.29600524902344, 152.4320068359375, 139.44000244140625], [177.96800231933594, 74.0320053100586, 223.66400146484375, 128.24000549316406], [0.1120000034570694, 128.91200256347656, 13.776000022888184, 223.66400146484375]], 'labels': ['person', 'person', 'person', 'person', 'person']}}"
0369,"{'<DENSE_REGION_CAPTION>': {'bboxes': [[0.1120000034570694, 113.45600128173828, 223.66400146484375, 223.66400146484375], [48.720001220703125, 60.816001892089844, 65.52000427246094, 106.73600006103516], [183.34400939941406, 93.96800231933594, 197.6800079345703, 119.7280044555664], [110.76800537109375, 82.09600067138672, 122.86400604248047, 104.72000122070312]], 'labels': ['desk', 'human face', 'human face', 'human face']}}"
0370,"{'<DENSE_REGION_CAPTION>': {'bboxes': [[9.968000411987305, 52.30400085449219, 109.87200164794922, 223.66400146484375], [158.70401000976562, 124.656005859375, 223.66400146484375, 223.66400146484375], [94.86400604248047, 61.71200180053711, 139.88800048828125, 140.11199951171875], [175.05599975585938, 70.89600372314453, 223.66400146484375, 127.79200744628906], [53.42399978637695, 66.41600036621094, 68.8800048828125, 111.44000244140625], [179.31201171875, 92.6240005493164, 194.76800537109375, 122.41600036621094], [102.0320053100586, 78.06400299072266, 113.90400695800781, 101.58399963378906]], 'labels': ['woman', 'woman', 'woman', 'woman', 'human face', 'human face', 'human face']}}"
0371,"{'<DENSE_REGION_CAPTION>': {'bboxes': [[9.968000411987305, 53.64800262451172, 114.57600402832031, 223.66400146484375], [143.6959991455078, 123.08800506591797, 223.66400146484375, 223.66400146484375], [98.67200469970703, 65.29600524902344, 141.9040069580078, 136.7519989013672], [175.27999877929688, 73.80799865722656, 223.66400146484375, 129.36000061035156], [59.02400207519531, 68.43199920654297, 71.12000274658203, 107.85600280761719], [180.4320068359375, 104.94400024414062, 196.33599853515625, 124.4320068359375], [107.18400573730469, 88.14400482177734, 119.5040054321289, 106.73600006103516]], 'labels': ['person', 'person', 'person', 'person', 'human face', 'human face', 'human face']}}"
0372,"{'<DENSE_REGION_CAPTION>': {'bboxes': [[59.02400207519531, 67.98400115966797, 72.24000549316406, 107.18400573730469], [180.4320068359375, 102.4800033569336, 195.66400146484375, 122.86400604248047], [104.94400024414062, 93.52000427246094, 117.71200561523438, 111.44000244140625]], 'labels': ['human face', 'human face', 'human face']}}"
0373,"{'<DENSE_REGION_CAPTION>': {'bboxes': [[185.36000061035156, 95.53600311279297, 198.1280059814453, 119.7280044555664], [108.30400085449219, 77.84000396728516, 120.1760025024414, 99.56800079345703]], 'labels': ['human face', 'human face']}}"
0374,"{'<DENSE_REGION_CAPTION>': {'bboxes': [[9.744000434875488, 57.45600128173828, 111.21600341796875, 223.66400146484375], [124.4320068359375, 136.5279998779297, 186.70401000976562, 223.66400146484375], [111.21600341796875, 50.064002990722656, 165.42401123046875, 144.81600952148438], [182.67201232910156, 93.52000427246094, 223.66400146484375, 223.66400146484375], [168.5600128173828, 73.58399963378906, 201.93600463867188, 170.3520050048828]], 'labels': ['person', 'person', 'person', 'person', 'person']}}"
0375,"{'<DENSE_REGION_CAPTION>': {'bboxes': [[9.968000411987305, 57.45600128173828, 111.21600341796875, 223.66400146484375], [124.4320068359375, 133.61599731445312, 187.15200805664062, 223.66400146484375], [119.2800064086914, 46.03200149536133, 169.6800079345703, 141.6800079345703], [181.10400390625, 135.4080047607422, 223.66400146484375, 223.66400146484375], [164.7519989013672, 76.04800415039062, 197.6800079345703, 156.01600646972656]], 'labels': ['person', 'person', 'person', 'person', 'person']}}"
0376,"{'<DENSE_REGION_CAPTION>': {'bboxes': [[200.36801147460938, 176.62400817871094, 223.66400146484375, 214.03201293945312], [170.1280059814453, 101.58399963378906, 185.58399963378906, 118.38400268554688], [145.48800659179688, 61.71200180053711, 157.13600158691406, 83.21600341796875], [64.8479995727539, 82.76800537109375, 75.82400512695312, 105.16800689697266]], 'labels': ['human face', 'human face', 'human face', 'human face']}}"
0377,"{'<DENSE_REGION_CAPTION>': {'bboxes': [[9.968000411987305, 56.784000396728516, 112.33600616455078, 223.66400146484375], [115.69600677490234, 132.72000122070312, 176.84800720214844, 223.66400146484375], [122.86400604248047, 45.36000061035156, 174.38400268554688, 143.6959991455078], [175.50399780273438, 133.16799926757812, 223.66400146484375, 223.66400146484375], [170.1280059814453, 73.80799865722656, 199.6959991455078, 171.4720001220703], [196.33599853515625, 91.05599975585938, 223.66400146484375, 141.9040069580078], [202.83200073242188, 174.38400268554688, 223.66400146484375, 209.10400390625], [174.16000366210938, 88.81600189208984, 188.49600219726562, 116.36800384521484], [142.3520050048828, 62.384002685546875, 154.0, 84.11199951171875]], 'labels': ['person', 'person', 'person', 'person', 'person', 'person', 'human face', 'human face', 'human face']}}"
0378,"{'<DENSE_REGION_CAPTION>': {'bboxes': [[9.968000411987305, 57.45600128173828, 113.68000030517578, 223.66400146484375], [115.92000579833984, 144.36801147460938, 182.67201232910156, 223.66400146484375], [124.20800018310547, 48.720001220703125, 171.9199981689453, 144.36801147460938], [180.2080078125, 132.72000122070312, 223.66400146484375, 223.66400146484375], [164.0800018310547, 76.72000122070312, 197.9040069580078, 173.26400756835938], [0.1120000034570694, 130.92800903320312, 15.792000770568848, 223.66400146484375], [205.29600524902344, 174.83200073242188, 223.66400146484375, 208.4320068359375], [61.93600082397461, 75.3759994506836, 74.7040023803711, 106.73600006103516], [172.59201049804688, 93.07200622558594, 186.03201293945312, 119.2800064086914], [139.66400146484375, 67.08800506591797, 151.760009765625, 88.36800384521484]], 'labels': ['person', 'person', 'person', 'person', 'person', 'person', 'human face', 'human face', 'human face', 'human face']}}"
0379,"{'<DENSE_REGION_CAPTION>': {'bboxes': [[9.520000457763672, 54.992000579833984, 107.85600280761719, 223.66400146484375], [120.4000015258789, 135.6320037841797, 179.760009765625, 223.66400146484375], [111.66400146484375, 32.816001892089844, 155.34400939941406, 138.99200439453125], [176.17601013183594, 133.16799926757812, 223.66400146484375, 223.66400146484375], [167.66400146484375, 72.24000549316406, 198.5760040283203, 173.26400756835938], [194.09600830078125, 92.8479995727539, 223.66400146484375, 145.93600463867188], [0.1120000034570694, 130.92800903320312, 14.896000862121582, 223.66400146484375], [201.26400756835938, 174.83200073242188, 223.66400146484375, 208.656005859375], [59.47200012207031, 68.656005859375, 72.68800354003906, 105.61600494384766], [173.04000854492188, 92.1760025024414, 186.48001098632812, 115.02400207519531], [121.74400329589844, 50.512001037597656, 133.16799926757812, 71.34400177001953]], 'labels': ['person', 'person', 'person', 'person', 'person', 'person', 'person', 'human face', 'human face', 'human face', 'human face']}}"
0380,"{'<DENSE_REGION_CAPTION>': {'bboxes': [[57.00800323486328, 71.34400177001953, 71.79199981689453, 115.02400207519531], [173.04000854492188, 91.5040054321289, 187.82400512695312, 116.81600189208984], [121.52000427246094, 55.88800048828125, 133.16799926757812, 72.46400451660156]], 'labels': ['human face', 'human face', 'human face']}}"
0381,"{'<DENSE_REGION_CAPTION>': {'bboxes': [[56.784000396728516, 76.27200317382812, 71.56800079345703, 117.71200561523438], [205.74400329589844, 174.16000366210938, 223.66400146484375, 204.62400817871094], [174.60800170898438, 85.68000030517578, 188.94400024414062, 114.35200500488281], [127.56800079345703, 59.92000198364258, 138.76800537109375, 81.87200164794922]], 'labels': ['human face', 'human face', 'human face', 'human face']}}"
0382,"{'<DENSE_REGION_CAPTION>': {'bboxes': [[206.41600036621094, 174.38400268554688, 223.66400146484375, 205.52000427246094], [176.40000915527344, 85.90399932861328, 189.39199829101562, 112.33600616455078], [142.3520050048828, 59.47200012207031, 153.7760009765625, 81.42400360107422]], 'labels': ['human face', 'human face', 'human face']}}"
0383,"{'<DENSE_REGION_CAPTION>': {'bboxes': [[9.968000411987305, 54.768001556396484, 105.61600494384766, 223.66400146484375], [116.14400482177734, 44.91200256347656, 175.95201110839844, 143.4720001220703], [208.4320068359375, 176.17601013183594, 223.66400146484375, 203.72801208496094], [176.17601013183594, 87.92000579833984, 189.8400115966797, 114.35200500488281], [59.02400207519531, 83.88800048828125, 71.12000274658203, 110.99200439453125], [141.6800079345703, 60.14400100708008, 153.10400390625, 82.09600067138672]], 'labels': ['girl', 'girl', 'human face', 'human face', 'human face', 'human face']}}"
0384,"{'<DENSE_REGION_CAPTION>': {'bboxes': [[9.968000411987305, 55.66400146484375, 105.84000396728516, 223.66400146484375], [117.48800659179688, 45.58399963378906, 176.84800720214844, 139.88800048828125], [192.97601318359375, 133.61599731445312, 214.70401000976562, 165.20001220703125], [57.68000030517578, 73.36000061035156, 71.12000274658203, 117.71200561523438], [176.84800720214844, 93.74400329589844, 191.8560028076172, 116.36800384521484], [141.0080108642578, 59.92000198364258, 152.656005859375, 82.54400634765625]], 'labels': ['girl', 'girl', 'human face', 'human face', 'human face', 'human face']}}"
0385,"{'<DENSE_REGION_CAPTION>': {'bboxes': [[119.2800064086914, 45.58399963378906, 175.50399780273438, 143.0240020751953], [56.784000396728516, 73.80799865722656, 72.68800354003906, 117.26399993896484], [174.83200073242188, 94.19200134277344, 188.72000122070312, 114.80000305175781], [142.5760040283203, 59.92000198364258, 153.7760009765625, 82.09600067138672]], 'labels': ['girl', 'human face', 'human face', 'human face']}}"
0386,"{'<DENSE_REGION_CAPTION>': {'bboxes': [[56.112003326416016, 73.58399963378906, 73.13600158691406, 118.60800170898438], [176.84800720214844, 88.36800384521484, 190.7360076904297, 115.47200012207031], [176.40000915527344, 93.96800231933594, 191.8560028076172, 115.47200012207031], [142.5760040283203, 58.12800216674805, 154.447998046875, 81.20000457763672]], 'labels': ['human face', 'human face', 'human face', 'human face']}}"
0387,"{'<DENSE_REGION_CAPTION>': {'bboxes': [[178.86399841308594, 91.7280044555664, 223.66400146484375, 223.66400146484375], [55.66400146484375, 71.56800079345703, 72.68800354003906, 117.04000091552734], [193.87200927734375, 131.37600708007812, 214.70401000976562, 163.8560028076172], [178.41600036621094, 89.93600463867188, 191.8560028076172, 115.47200012207031], [137.64801025390625, 67.98400115966797, 149.74400329589844, 85.00800323486328]], 'labels': ['girl', 'human face', 'human face', 'human face', 'human face']}}"
0388,"{'<DENSE_REGION_CAPTION>': {'bboxes': [[13.552000045776367, 56.336002349853516, 108.30400085449219, 223.66400146484375], [179.5360107421875, 93.74400329589844, 223.66400146484375, 223.66400146484375], [160.72000122070312, 72.68800354003906, 202.60800170898438, 176.62400817871094], [125.3280029296875, 45.80800247192383, 164.5279998779297, 142.3520050048828], [132.94400024414062, 142.8000030517578, 180.2080078125, 223.66400146484375], [0.1120000034570694, 130.48001098632812, 26.992000579833984, 223.66400146484375], [68.8800048828125, 21.168001174926758, 104.27200317382812, 73.80799865722656], [104.27200317382812, 22.064001083374023, 125.552001953125, 51.85600280761719], [53.64800262451172, 72.46400451660156, 70.2239990234375, 117.04000091552734], [201.71200561523438, 127.56800079345703, 218.2880096435547, 157.36000061035156], [178.86399841308594, 88.36800384521484, 191.6320037841797, 114.57600402832031], [141.0080108642578, 67.98400115966797, 153.10400390625, 85.45600128173828]], 'labels': ['person', 'person', 'person', 'person', 'person', 'person', 'poster', 'poster', 'human face', 'human face', 'human face', 'human face']}}"
0389,"{'<DENSE_REGION_CAPTION>': {'bboxes': [[160.72000122070312, 72.68800354003906, 205.29600524902344, 176.62400817871094], [202.83200073242188, 116.36800384521484, 223.66400146484375, 157.13600158691406], [45.58399963378906, 95.08800506591797, 61.93600082397461, 131.15200805664062], [180.8800048828125, 87.69599914550781, 194.54400634765625, 114.57600402832031], [139.88800048828125, 64.4000015258789, 151.31201171875, 85.90399932861328]], 'labels': ['girl', 'human face', 'human face', 'human face', 'human face']}}"
0390,"{'<DENSE_REGION_CAPTION>': {'bboxes': [[0.1120000034570694, 60.36800003051758, 112.11200714111328, 223.66400146484375], [176.84800720214844, 93.29600524902344, 223.66400146484375, 223.66400146484375], [102.7040023803711, 149.74400329589844, 175.05599975585938, 223.66400146484375], [150.86399841308594, 72.91200256347656, 203.50401306152344, 176.84800720214844], [123.76000213623047, 48.272003173828125, 163.6320037841797, 144.1439971923828]], 'labels': ['person', 'woman', 'woman', 'person', 'person']}}"
0391,"{'<DENSE_REGION_CAPTION>': {'bboxes': [[0.1120000034570694, 54.768001556396484, 109.87200164794922, 223.66400146484375], [176.84800720214844, 93.29600524902344, 223.66400146484375, 223.66400146484375], [157.58399963378906, 73.58399963378906, 203.50401306152344, 178.19200134277344], [100.24000549316406, 155.56800842285156, 170.8000030517578, 223.66400146484375], [122.86400604248047, 48.272003173828125, 163.8560028076172, 143.6959991455078], [44.0160026550293, 74.7040023803711, 62.832000732421875, 119.2800064086914], [199.4720001220703, 124.4320068359375, 215.15200805664062, 160.04800415039062], [180.4320068359375, 87.02400207519531, 193.42401123046875, 114.35200500488281], [140.7840118408203, 62.384002685546875, 152.2080078125, 84.56000518798828]], 'labels': ['person', 'person', 'person', 'person', 'person', 'human face', 'human face', 'human face', 'human face']}}"
0392,"{'<DENSE_REGION_CAPTION>': {'bboxes': [[10.86400032043457, 52.52799987792969, 109.42400360107422, 223.66400146484375], [46.704002380371094, 69.3280029296875, 64.1760025024414, 113.45600128173828], [201.93600463867188, 122.41600036621094, 214.48001098632812, 156.01600646972656], [179.9840087890625, 93.07200622558594, 193.64801025390625, 117.04000091552734], [139.66400146484375, 61.26400375366211, 151.31201171875, 84.11199951171875]], 'labels': ['girl', 'human face', 'human face', 'human face', 'human face']}}"
0393,"{'<DENSE_REGION_CAPTION>': {'bboxes': [[11.760000228881836, 55.44000244140625, 100.91200256347656, 223.66400146484375], [177.52000427246094, 92.1760025024414, 223.66400146484375, 223.66400146484375], [153.7760009765625, 75.3759994506836, 202.38400268554688, 176.40000915527344], [119.5040054321289, 47.152000427246094, 162.7360076904297, 144.1439971923828], [52.97600173950195, 67.31200408935547, 71.12000274658203, 113.68000030517578], [201.93600463867188, 124.4320068359375, 217.8400115966797, 158.03199768066406], [176.17601013183594, 96.20800018310547, 189.6160125732422, 117.26399993896484], [138.32000732421875, 64.1760025024414, 150.19200134277344, 83.88800048828125]], 'labels': ['woman', 'woman', 'woman', 'woman', 'human face', 'human face', 'human face', 'human face']}}"
0394,"{'<DENSE_REGION_CAPTION>': {'bboxes': [[10.86400032043457, 51.18400192260742, 78.51200103759766, 223.66400146484375], [176.40000915527344, 92.8479995727539, 223.66400146484375, 223.66400146484375], [163.6320037841797, 74.4800033569336, 207.760009765625, 180.656005859375], [120.1760025024414, 47.152000427246094, 162.5120086669922, 144.1439971923828], [42.224002838134766, 58.35200119018555, 61.93600082397461, 104.72000122070312], [200.14401245117188, 120.84800720214844, 216.04800415039062, 159.37600708007812], [179.31201171875, 95.53600311279297, 194.54400634765625, 118.16000366210938], [137.87200927734375, 61.26400375366211, 149.52000427246094, 84.11199951171875]], 'labels': ['woman', 'woman', 'woman', 'woman', 'human face', 'human face', 'human face', 'human face']}}"
0395,"{'<DENSE_REGION_CAPTION>': {'bboxes': [[44.4640007019043, 63.952003479003906, 63.952003479003906, 110.09600067138672], [198.1280059814453, 124.4320068359375, 215.60000610351562, 160.72000122070312], [209.3280029296875, 171.2480010986328, 223.66400146484375, 205.29600524902344], [179.9840087890625, 92.8479995727539, 195.21600341796875, 116.81600189208984], [138.09600830078125, 61.26400375366211, 149.52000427246094, 83.66400146484375]], 'labels': ['human face', 'human face', 'human face', 'human face', 'human face']}}"
0396,"{'<DENSE_REGION_CAPTION>': {'bboxes': [[42.895999908447266, 64.6240005493164, 62.608001708984375, 110.76800537109375], [196.7840118408203, 123.31200408935547, 215.15200805664062, 161.16799926757812], [182.67201232910156, 87.47200012207031, 196.11199951171875, 115.92000579833984], [138.32000732421875, 61.040000915527344, 149.74400329589844, 83.88800048828125]], 'labels': ['human face', 'human face', 'human face', 'human face']}}"
0397,"{'<DENSE_REGION_CAPTION>': {'bboxes': [[9.968000411987305, 54.320003509521484, 78.95999908447266, 223.66400146484375], [178.19200134277344, 89.71200561523438, 223.66400146484375, 223.66400146484375], [156.01600646972656, 76.72000122070312, 204.84800720214844, 177.29600524902344], [119.7280044555664, 43.56800079345703, 163.6320037841797, 146.38400268554688], [44.0160026550293, 65.29600524902344, 63.28000259399414, 111.21600341796875], [196.5600128173828, 127.12000274658203, 215.15200805664062, 162.2880096435547], [180.656005859375, 94.19200134277344, 195.66400146484375, 118.16000366210938], [134.5120086669922, 59.92000198364258, 145.71200561523438, 82.54400634765625]], 'labels': ['woman', 'woman', 'woman', 'woman', 'human face', 'human face', 'human face', 'human face']}}"
0398,"{'<DENSE_REGION_CAPTION>': {'bboxes': [[9.968000411987305, 55.21600341796875, 82.76800537109375, 223.66400146484375], [177.96800231933594, 88.81600189208984, 223.66400146484375, 223.66400146484375], [165.87200927734375, 76.27200317382812, 208.656005859375, 181.552001953125], [128.46400451660156, 49.84000015258789, 168.5600128173828, 146.60800170898438], [48.944000244140625, 66.19200134277344, 66.86399841308594, 109.87200164794922], [196.5600128173828, 127.12000274658203, 215.15200805664062, 161.39199829101562], [178.86399841308594, 92.1760025024414, 193.42401123046875, 117.93600463867188], [144.59201049804688, 67.76000213623047, 155.34400939941406, 88.36800384521484]], 'labels': ['woman', 'woman', 'woman', 'woman', 'human face', 'human face', 'human face', 'human face']}}"
0399,"{'<DENSE_REGION_CAPTION>': {'bboxes': [[9.520000457763672, 52.97600173950195, 81.42400360107422, 223.66400146484375], [194.76800537109375, 128.46400451660156, 214.92800903320312, 163.4080047607422], [53.64800262451172, 70.0, 67.98400115966797, 99.34400177001953], [178.41600036621094, 93.74400329589844, 190.9600067138672, 115.92000579833984], [143.2480010986328, 67.53600311279297, 154.0, 88.81600189208984]], 'labels': ['woman', 'human face', 'human face', 'human face', 'human face']}}"
0400,"{'<DENSE_REGION_CAPTION>': {'bboxes': [[40.432003021240234, 63.28000259399414, 56.560001373291016, 106.96000671386719], [198.3520050048828, 126.00000762939453, 213.13600158691406, 157.13600158691406], [215.37600708007812, 170.8000030517578, 223.66400146484375, 204.40000915527344], [176.17601013183594, 94.19200134277344, 187.37600708007812, 115.24800109863281], [143.6959991455078, 69.10400390625, 155.12001037597656, 89.48799896240234]], 'labels': ['human face', 'human face', 'human face', 'human face', 'human face']}}"
0401,"{'<DENSE_REGION_CAPTION>': {'bboxes': [[0.1120000034570694, 48.720001220703125, 111.21600341796875, 223.66400146484375], [167.66400146484375, 73.13600158691406, 210.2239990234375, 175.50399780273438], [124.4320068359375, 49.16800308227539, 166.32000732421875, 145.71200561523438], [33.71200180053711, 62.832000732421875, 48.944000244140625, 108.52799987792969], [206.41600036621094, 117.71200561523438, 218.5120086669922, 154.2239990234375], [181.10400390625, 97.7760009765625, 196.33599853515625, 118.38400268554688], [138.76800537109375, 69.552001953125, 150.86399841308594, 89.48799896240234]], 'labels': ['person', 'woman', 'woman', 'human face', 'human face', 'human face', 'human face']}}"
0402,"{'<DENSE_REGION_CAPTION>': {'bboxes': [[37.96800231933594, 64.1760025024414, 51.85600280761719, 108.52799987792969], [196.7840118408203, 116.36800384521484, 207.9840087890625, 155.34400939941406], [177.74400329589844, 96.43199920654297, 192.97601318359375, 116.59200286865234], [137.64801025390625, 61.71200180053711, 149.74400329589844, 85.90399932861328]], 'labels': ['human face', 'human face', 'human face', 'human face']}}"
0403,"{'<DENSE_REGION_CAPTION>': {'bboxes': [[4.5920000076293945, 50.736000061035156, 101.13600158691406, 223.66400146484375], [177.96800231933594, 98.0, 223.66400146484375, 223.66400146484375], [38.63999938964844, 68.8800048828125, 53.64800262451172, 112.33600616455078], [196.7840118408203, 126.00000762939453, 209.552001953125, 160.94400024414062], [143.2480010986328, 60.36800003051758, 155.79200744628906, 85.00800323486328], [181.552001953125, 100.24000549316406, 196.5600128173828, 118.38400268554688]], 'labels': ['girl', 'girl', 'human face', 'human face', 'human face', 'human face']}}"
0404,"{'<DENSE_REGION_CAPTION>': {'bboxes': [[4.5920000076293945, 51.18400192260742, 103.60000610351562, 223.66400146484375], [178.19200134277344, 98.67200469970703, 223.66400146484375, 223.66400146484375], [40.20800018310547, 70.44800567626953, 55.21600341796875, 113.45600128173828], [195.44000244140625, 128.68800354003906, 208.656005859375, 160.94400024414062], [180.2080078125, 100.01600646972656, 195.88800048828125, 118.38400268554688], [141.6800079345703, 60.14400100708008, 153.7760009765625, 84.11199951171875]], 'labels': ['girl', 'girl', 'human face', 'human face', 'human face', 'human face']}}"
0405,"{'<DENSE_REGION_CAPTION>': {'bboxes': [[4.5920000076293945, 51.63199996948242, 105.84000396728516, 223.66400146484375], [179.0880126953125, 99.12000274658203, 223.66400146484375, 223.66400146484375], [40.656002044677734, 69.7760009765625, 55.21600341796875, 113.23200225830078], [195.44000244140625, 124.656005859375, 207.760009765625, 160.94400024414062], [150.86399841308594, 63.05600357055664, 163.4080047607422, 86.57600402832031], [181.552001953125, 100.01600646972656, 196.5600128173828, 116.81600189208984]], 'labels': ['girl', 'girl', 'human face', 'human face', 'human face', 'human face']}}"
0406,"{'<DENSE_REGION_CAPTION>': {'bboxes': [[177.96800231933594, 98.0, 223.66400146484375, 223.66400146484375], [40.20800018310547, 70.0, 55.21600341796875, 113.23200225830078], [197.2320098876953, 123.76000213623047, 208.8800048828125, 159.15200805664062], [151.5360107421875, 62.608001708984375, 164.3040008544922, 86.57600402832031], [181.10400390625, 101.36000061035156, 195.88800048828125, 116.81600189208984]], 'labels': ['girl', 'human face', 'human face', 'human face', 'human face']}}"
0407,"{'<DENSE_REGION_CAPTION>': {'bboxes': [[4.144000053405762, 51.85600280761719, 104.27200317382812, 223.66400146484375], [178.41600036621094, 98.44800567626953, 223.66400146484375, 223.66400146484375], [132.04800415039062, 47.82400131225586, 168.33599853515625, 151.9840087890625], [39.3120002746582, 69.552001953125, 54.320003509521484, 113.00800323486328], [195.21600341796875, 127.56800079345703, 209.3280029296875, 160.27200317382812], [143.2480010986328, 59.69600296020508, 156.46400451660156, 85.45600128173828], [182.67201232910156, 100.46400451660156, 197.6800079345703, 118.16000366210938]], 'labels': ['girl', 'girl', 'girl', 'human face', 'human face', 'human face', 'human face']}}"
0408,"{'<DENSE_REGION_CAPTION>': {'bboxes': [[4.5920000076293945, 51.63199996948242, 128.01600646972656, 223.66400146484375], [178.19200134277344, 99.34400177001953, 223.66400146484375, 223.66400146484375], [162.9600067138672, 73.58399963378906, 205.29600524902344, 173.71200561523438], [132.04800415039062, 48.496002197265625, 166.76800537109375, 151.9840087890625], [37.29600143432617, 63.72800064086914, 55.21600341796875, 111.88800048828125], [194.76800537109375, 131.37600708007812, 208.8800048828125, 160.94400024414062], [182.0, 99.79199981689453, 196.33599853515625, 117.93600463867188], [139.88800048828125, 71.12000274658203, 152.4320068359375, 91.7280044555664]], 'labels': ['girl', 'girl', 'girl', 'girl', 'human face', 'human face', 'human face', 'human face']}}"
0409,"{'<DENSE_REGION_CAPTION>': {'bboxes': [[10.416000366210938, 55.44000244140625, 143.2480010986328, 223.66400146484375], [47.37600326538086, 68.43199920654297, 65.52000427246094, 115.47200012207031], [197.4560089111328, 126.00000762939453, 210.0, 160.27200317382812], [136.9759979248047, 75.3759994506836, 149.74400329589844, 95.08800506591797], [177.52000427246094, 97.10400390625, 190.7360076904297, 115.92000579833984]], 'labels': ['woman', 'human face', 'human face', 'human face', 'human face']}}"
0410,"{'<DENSE_REGION_CAPTION>': {'bboxes': [[10.86400032043457, 56.560001373291016, 143.6959991455078, 223.66400146484375], [48.944000244140625, 72.46400451660156, 67.31200408935547, 120.1760025024414], [203.72801208496094, 117.26399993896484, 214.92800903320312, 155.34400939941406], [179.9840087890625, 91.7280044555664, 192.97601318359375, 116.81600189208984], [138.76800537109375, 72.01599884033203, 151.760009765625, 94.86400604248047]], 'labels': ['woman', 'human face', 'human face', 'human face', 'human face']}}"
0411,"{'<DENSE_REGION_CAPTION>': {'bboxes': [[50.96000289916992, 67.98400115966797, 67.98400115966797, 114.80000305175781], [197.2320098876953, 167.66400146484375, 210.44801330566406, 195.88800048828125], [170.1280059814453, 105.61600494384766, 185.58399963378906, 125.10400390625], [140.33599853515625, 67.08800506591797, 153.10400390625, 88.81600189208984]], 'labels': ['human face', 'human face', 'human face', 'human face']}}"
0412,"{'<DENSE_REGION_CAPTION>': {'bboxes': [[9.968000411987305, 56.112003326416016, 132.72000122070312, 223.66400146484375], [63.50400161743164, 68.43199920654297, 77.84000396728516, 111.88800048828125], [197.2320098876953, 167.88800048828125, 208.656005859375, 197.0080108642578], [139.66400146484375, 63.28000259399414, 152.8800048828125, 87.92000579833984], [171.9199981689453, 99.34400177001953, 186.48001098632812, 120.6240005493164]], 'labels': ['girl', 'human face', 'human face', 'human face', 'human face']}}"
0413,"{'<DENSE_REGION_CAPTION>': {'bboxes': [[10.86400032043457, 52.30400085449219, 106.96000671386719, 223.66400146484375], [143.6959991455078, 104.72000122070312, 219.1840057373047, 223.66400146484375], [55.66400146484375, 76.27200317382812, 69.7760009765625, 113.00800323486328], [140.33599853515625, 62.832000732421875, 153.552001953125, 87.24800109863281]], 'labels': ['woman', 'woman', 'human face', 'human face']}}"
0414,"{'<DENSE_REGION_CAPTION>': {'bboxes': [[11.984000205993652, 52.52799987792969, 110.31999969482422, 223.66400146484375], [159.82400512695312, 75.3759994506836, 201.71200561523438, 176.84800720214844], [130.70401000976562, 44.4640007019043, 166.76800537109375, 151.31201171875], [202.16000366210938, 123.08800506591797, 223.66400146484375, 223.66400146484375], [203.50401306152344, 160.94400024414062, 217.3920135498047, 194.99200439453125], [56.112003326416016, 76.49600219726562, 69.7760009765625, 110.09600067138672], [142.3520050048828, 65.29600524902344, 155.12001037597656, 88.36800384521484], [176.62400817871094, 104.94400024414062, 191.8560028076172, 121.07200622558594]], 'labels': ['person', 'woman', 'woman', 'woman', 'human face', 'human face', 'human face', 'human face']}}"
0415,"{'<DENSE_REGION_CAPTION>': {'bboxes': [[9.968000411987305, 52.52799987792969, 111.66400146484375, 223.66400146484375], [172.59201049804688, 122.64000701904297, 223.66400146484375, 223.66400146484375], [129.58399963378906, 44.0160026550293, 166.09600830078125, 145.71200561523438], [52.52799987792969, 67.76000213623047, 67.76000213623047, 111.66400146484375], [203.50401306152344, 160.94400024414062, 215.15200805664062, 195.21600341796875], [140.11199951171875, 67.53600311279297, 153.3280029296875, 88.59200286865234]], 'labels': ['woman', 'woman', 'woman', 'human face', 'human face', 'human face']}}"
0416,"{'<DENSE_REGION_CAPTION>': {'bboxes': [[52.97600173950195, 67.08800506591797, 68.43199920654297, 112.78400421142578], [204.17601013183594, 159.82400512695312, 216.04800415039062, 195.66400146484375], [135.6320037841797, 61.26400375366211, 149.29600524902344, 82.99200439453125], [11.760000228881836, 53.42399978637695, 106.96000671386719, 223.66400146484375], [173.93600463867188, 93.07200622558594, 223.66400146484375, 223.66400146484375], [128.24000549316406, 40.656002044677734, 165.42401123046875, 151.760009765625], [159.15200805664062, 96.8800048828125, 199.0240020751953, 174.16000366210938]], 'labels': ['human face', 'human face', 'human face', 'woman', 'woman', 'woman', 'woman']}}"
0417,"{'<DENSE_REGION_CAPTION>': {'bboxes': [[52.30400085449219, 66.41600036621094, 67.76000213623047, 112.56000518798828], [204.84800720214844, 160.27200317382812, 217.3920135498047, 197.4560089111328], [133.39199829101562, 72.01599884033203, 146.38400268554688, 89.71200561523438]], 'labels': ['human face', 'human face', 'human face']}}"
0418,"{'<DENSE_REGION_CAPTION>': {'bboxes': [[178.41600036621094, 126.44800567626953, 223.66400146484375, 223.66400146484375], [53.42399978637695, 68.8800048828125, 68.43199920654297, 113.90400695800781], [204.84800720214844, 170.5760040283203, 219.1840057373047, 201.71200561523438], [168.11199951171875, 103.60000610351562, 182.67201232910156, 127.56800079345703], [136.0800018310547, 75.82400512695312, 148.40000915527344, 91.2800064086914]], 'labels': ['girl', 'human face', 'human face', 'human face', 'human face']}}"
0419,"{'<DENSE_REGION_CAPTION>': {'bboxes': [[9.968000411987305, 54.544002532958984, 104.04800415039062, 223.66400146484375], [52.08000183105469, 70.44800567626953, 68.43199920654297, 115.92000579833984], [136.0800018310547, 65.96800231933594, 148.17601013183594, 83.44000244140625]], 'labels': ['girl', 'human face', 'human face']}}"
0420,"{'<DENSE_REGION_CAPTION>': {'bboxes': [[0.1120000034570694, 111.66400146484375, 205.52000427246094, 223.66400146484375], [52.97600173950195, 67.76000213623047, 69.3280029296875, 113.45600128173828], [194.99200439453125, 127.56800079345703, 210.67201232910156, 158.03199768066406], [134.2880096435547, 54.09600067138672, 146.83200073242188, 79.40800476074219]], 'labels': ['desk', 'human face', 'human face', 'human face']}}"
0421,"{'<DENSE_REGION_CAPTION>': {'bboxes': [[55.21600341796875, 70.44800567626953, 71.34400177001953, 114.35200500488281], [194.09600830078125, 121.29600524902344, 210.2239990234375, 159.82400512695312], [129.13600158691406, 63.50400161743164, 141.6800079345703, 87.92000579833984]], 'labels': ['human face', 'human face', 'human face']}}"
0422,"{'<DENSE_REGION_CAPTION>': {'bboxes': [[58.57600021362305, 129.13600158691406, 205.29600524902344, 223.66400146484375], [194.99200439453125, 117.71200561523438, 212.46400451660156, 159.15200805664062], [54.992000579833984, 72.91200256347656, 70.2239990234375, 117.93600463867188], [128.01600646972656, 68.43199920654297, 140.33599853515625, 89.26399993896484], [168.5600128173828, 120.6240005493164, 182.0, 138.54400634765625]], 'labels': ['desk', 'human face', 'human face', 'human face', 'human face']}}"
0423,"{'<DENSE_REGION_CAPTION>': {'bboxes': [[9.968000411987305, 56.560001373291016, 100.91200256347656, 223.66400146484375], [172.59201049804688, 91.7280044555664, 223.66400146484375, 223.66400146484375], [54.09600067138672, 75.3759994506836, 70.67200469970703, 119.2800064086914], [195.44000244140625, 123.98400115966797, 212.68800354003906, 160.94400024414062], [134.9600067138672, 62.832000732421875, 147.27999877929688, 83.44000244140625], [171.0240020751953, 121.07200622558594, 183.34400939941406, 138.54400634765625]], 'labels': ['girl', 'girl', 'human face', 'human face', 'human face', 'human face']}}"
0424,"{'<DENSE_REGION_CAPTION>': {'bboxes': [[9.968000411987305, 56.784000396728516, 101.13600158691406, 223.66400146484375], [174.16000366210938, 91.9520034790039, 223.66400146484375, 223.66400146484375], [53.64800262451172, 75.60000610351562, 70.89600372314453, 119.7280044555664], [196.11199951171875, 123.98400115966797, 214.03201293945312, 162.2880096435547], [135.6320037841797, 65.52000427246094, 148.17601013183594, 84.78400421142578], [170.5760040283203, 120.1760025024414, 183.12001037597656, 138.76800537109375]], 'labels': ['girl', 'girl', 'human face', 'human face', 'human face', 'human face']}}"
0425,"{'<DENSE_REGION_CAPTION>': {'bboxes': [[58.57600021362305, 129.13600158691406, 206.41600036621094, 223.66400146484375], [52.97600173950195, 74.7040023803711, 70.0, 119.7280044555664], [195.88800048828125, 123.98400115966797, 213.58399963378906, 162.7360076904297], [136.3040008544922, 55.21600341796875, 149.07200622558594, 80.52799987792969]], 'labels': ['desk', 'human face', 'human face', 'human face']}}"
0426,"{'<DENSE_REGION_CAPTION>': {'bboxes': [[7.952000141143799, 53.64800262451172, 110.76800537109375, 223.66400146484375], [196.7840118408203, 117.71200561523438, 212.91200256347656, 159.60000610351562], [54.992000579833984, 67.98400115966797, 68.656005859375, 113.23200225830078], [211.79200744628906, 180.8800048828125, 223.66400146484375, 223.66400146484375], [163.6320037841797, 120.4000015258789, 183.12001037597656, 141.0080108642578], [142.1280059814453, 52.52799987792969, 154.67201232910156, 76.04800415039062]], 'labels': ['girl', 'human face', 'human face', 'human face', 'human face', 'human face']}}"
0427,"{'<DENSE_REGION_CAPTION>': {'bboxes': [[5.488000392913818, 55.44000244140625, 102.7040023803711, 223.66400146484375], [166.09600830078125, 93.07200622558594, 223.66400146484375, 223.66400146484375], [126.22400665283203, 40.432003021240234, 171.4720001220703, 146.38400268554688], [195.44000244140625, 110.31999969482422, 209.10400390625, 151.9840087890625], [54.544002532958984, 73.36000061035156, 67.08800506591797, 114.80000305175781], [149.52000427246094, 58.35200119018555, 161.6160125732422, 79.85600280761719]], 'labels': ['person', 'person', 'woman', 'human face', 'human face', 'human face']}}"
0428,"{'<DENSE_REGION_CAPTION>': {'bboxes': [[123.76000213623047, 39.3120002746582, 169.6800079345703, 152.4320068359375], [196.11199951171875, 110.99200439453125, 209.552001953125, 152.656005859375], [155.12001037597656, 179.760009765625, 165.42401123046875, 216.27200317382812], [146.83200073242188, 58.35200119018555, 158.48001098632812, 79.63200378417969]], 'labels': ['girl', 'human face', 'human face', 'human face']}}"
0429,"{'<DENSE_REGION_CAPTION>': {'bboxes': [[5.488000392913818, 61.26400375366211, 100.91200256347656, 223.66400146484375], [176.62400817871094, 93.07200622558594, 223.66400146484375, 223.66400146484375], [125.3280029296875, 142.8000030517578, 183.56800842285156, 223.66400146484375], [126.44800567626953, 40.656002044677734, 169.0080108642578, 142.1280059814453], [149.96800231933594, 92.8479995727539, 198.5760040283203, 173.93600463867188], [199.6959991455078, 119.5040054321289, 212.46400451660156, 157.36000061035156], [142.3520050048828, 57.23200225830078, 153.552001953125, 79.63200378417969]], 'labels': ['person', 'person', 'person', 'person', 'person', 'human face', 'human face']}}"
0430,"{'<DENSE_REGION_CAPTION>': {'bboxes': [[199.2480010986328, 119.5040054321289, 212.68800354003906, 158.03199768066406], [146.60800170898438, 60.14400100708008, 160.49600219726562, 83.21600341796875]], 'labels': ['human face', 'human face']}}"
0431,"{'<DENSE_REGION_CAPTION>': {'bboxes': [[4.5920000076293945, 61.26400375366211, 96.656005859375, 223.66400146484375], [114.12800598144531, 141.2320098876953, 196.5600128173828, 223.66400146484375], [123.08800506591797, 30.352001190185547, 169.2320098876953, 143.4720001220703], [188.04800415039062, 93.07200622558594, 223.66400146484375, 223.66400146484375], [154.67201232910156, 83.88800048828125, 198.8000030517578, 172.81600952148438], [198.5760040283203, 118.38400268554688, 212.68800354003906, 158.03199768066406]], 'labels': ['person', 'person', 'person', 'person', 'person', 'human face']}}"
0432,"{'<DENSE_REGION_CAPTION>': {'bboxes': [[8.848000526428223, 53.64800262451172, 81.42400360107422, 223.66400146484375], [148.84800720214844, 135.6320037841797, 201.48800659179688, 223.66400146484375], [130.92800903320312, 51.40800094604492, 169.9040069580078, 144.1439971923828], [200.59201049804688, 117.26399993896484, 213.58399963378906, 156.91200256347656], [51.85600280761719, 65.74400329589844, 63.952003479003906, 108.75200653076172], [146.38400268554688, 65.0719985961914, 158.25601196289062, 88.59200286865234]], 'labels': ['woman', 'woman', 'woman', 'human face', 'human face', 'human face']}}"
0433,"{'<DENSE_REGION_CAPTION>': {'bboxes': [[108.97600555419922, 5.263999938964844, 223.66400146484375, 223.66400146484375], [7.728000164031982, 54.768001556396484, 122.19200134277344, 223.66400146484375], [48.272003173828125, 66.19200134277344, 63.28000259399414, 110.54400634765625]], 'labels': ['person', 'person', 'human face']}}"
0434,"{'<DENSE_REGION_CAPTION>': {'bboxes': [[6.160000324249268, 60.36800003051758, 147.50399780273438, 223.66400146484375], [65.0719985961914, 72.91200256347656, 80.75199890136719, 116.36800384521484], [124.8800048828125, 92.1760025024414, 138.32000732421875, 112.56000518798828]], 'labels': ['woman', 'human face', 'human face']}}"
0435,"{'<DENSE_REGION_CAPTION>': {'bboxes': [[5.488000392913818, 64.6240005493164, 154.2239990234375, 223.66400146484375], [71.56800079345703, 79.63200378417969, 86.35200500488281, 121.07200622558594], [125.3280029296875, 89.93600463867188, 138.32000732421875, 110.54400634765625], [173.93600463867188, 98.44800567626953, 186.48001098632812, 119.0560073852539]], 'labels': ['woman', 'human face', 'human face', 'human face']}}"
0436,"{'<DENSE_REGION_CAPTION>': {'bboxes': [[5.488000392913818, 63.05600357055664, 149.96800231933594, 223.66400146484375], [70.44800567626953, 76.49600219726562, 86.35200500488281, 120.84800720214844], [180.2080078125, 95.53600311279297, 197.2320098876953, 119.5040054321289], [127.12000274658203, 87.47200012207031, 139.88800048828125, 108.75200653076172]], 'labels': ['woman', 'human face', 'human face', 'human face']}}"
0437,"{'<DENSE_REGION_CAPTION>': {'bboxes': [[9.296000480651855, 51.18400192260742, 104.04800415039062, 223.66400146484375], [119.5040054321289, 63.72800064086914, 161.39199829101562, 153.552001953125], [163.8560028076172, 75.82400512695312, 203.27999877929688, 132.72000122070312], [47.37600326538086, 61.93600082397461, 61.93600082397461, 108.97600555419922], [128.01600646972656, 79.63200378417969, 140.7840118408203, 105.16800689697266], [182.447998046875, 99.12000274658203, 196.5600128173828, 119.7280044555664]], 'labels': ['woman', 'woman', 'woman', 'human face', 'human face', 'human face']}}"
0438,"{'<DENSE_REGION_CAPTION>': {'bboxes': [[0.1120000034570694, 116.36800384521484, 171.6959991455078, 223.66400146484375], [51.63199996948242, 67.76000213623047, 66.86399841308594, 113.90400695800781], [136.0800018310547, 68.8800048828125, 148.40000915527344, 92.6240005493164]], 'labels': ['desk', 'human face', 'human face']}}"
0439,"{'<DENSE_REGION_CAPTION>': {'bboxes': [[8.848000526428223, 57.45600128173828, 101.13600158691406, 223.66400146484375], [169.6800079345703, 17.808000564575195, 223.66400146484375, 223.66400146484375], [121.96800231933594, 63.72800064086914, 165.64801025390625, 143.6959991455078], [54.09600067138672, 72.01599884033203, 69.7760009765625, 116.36800384521484], [139.66400146484375, 80.08000183105469, 150.63999938964844, 100.46400451660156]], 'labels': ['woman', 'woman', 'woman', 'human face', 'human face']}}"
0440,"{'<DENSE_REGION_CAPTION>': {'bboxes': [[9.296000480651855, 55.66400146484375, 111.21600341796875, 223.66400146484375], [179.31201171875, 35.50400161743164, 223.66400146484375, 223.66400146484375], [111.66400146484375, 64.4000015258789, 167.21600341796875, 144.1439971923828], [154.2239990234375, 71.34400177001953, 192.3040008544922, 159.15200805664062]], 'labels': ['person', 'woman', 'woman', 'woman']}}"
0441,"{'<DENSE_REGION_CAPTION>': {'bboxes': [[8.848000526428223, 55.44000244140625, 105.61600494384766, 223.66400146484375], [162.9600067138672, 82.54400634765625, 177.07200622558594, 106.28800201416016], [59.02400207519531, 83.21600341796875, 70.44800567626953, 113.23200225830078], [135.8560028076172, 76.27200317382812, 148.17601013183594, 100.46400451660156]], 'labels': ['woman', 'human face', 'human face', 'human face']}}"
0442,"{'<DENSE_REGION_CAPTION>': {'bboxes': [[8.848000526428223, 54.992000579833984, 106.96000671386719, 223.66400146484375], [129.13600158691406, 117.71200561523438, 212.46400451660156, 223.66400146484375], [114.12800598144531, 66.41600036621094, 161.16799926757812, 145.26400756835938], [155.79200744628906, 76.72000122070312, 190.5120086669922, 154.0], [199.0240020751953, 105.16800689697266, 212.01600646972656, 132.94400024414062], [60.36800003051758, 84.33600616455078, 71.56800079345703, 113.00800323486328], [135.8560028076172, 80.08000183105469, 148.17601013183594, 102.2560043334961], [161.16799926757812, 82.76800537109375, 177.96800231933594, 96.43199920654297]], 'labels': ['woman', 'woman', 'woman', 'woman', 'human face', 'human face', 'human face', 'human face']}}"
0443,"{'<DENSE_REGION_CAPTION>': {'bboxes': [[9.296000480651855, 54.544002532958984, 106.51200103759766, 223.66400146484375], [168.33599853515625, 92.1760025024414, 223.66400146484375, 223.66400146484375], [120.4000015258789, 125.3280029296875, 177.74400329589844, 223.66400146484375], [168.33599853515625, 151.9840087890625, 223.66400146484375, 223.66400146484375], [159.60000610351562, 76.72000122070312, 198.8000030517578, 173.93600463867188], [122.86400604248047, 65.74400329589844, 161.16799926757812, 139.88800048828125]], 'labels': ['person', 'person', 'person', 'person', 'person', 'person']}}"
0444,"{'<DENSE_REGION_CAPTION>': {'bboxes': [[8.848000526428223, 54.544002532958984, 106.51200103759766, 223.66400146484375], [115.24800109863281, 129.80799865722656, 181.552001953125, 223.66400146484375], [168.11199951171875, 145.93600463867188, 223.66400146484375, 223.66400146484375], [205.07200622558594, 111.66400146484375, 223.66400146484375, 153.552001953125], [211.12001037597656, 189.8400115966797, 223.66400146484375, 223.66400146484375], [185.13600158691406, 92.6240005493164, 200.36801147460938, 117.26399993896484], [137.64801025390625, 78.51200103759766, 150.19200134277344, 102.0320053100586]], 'labels': ['person', 'person', 'person', 'human face', 'human face', 'human face', 'human face']}}"
0445,"{'<DENSE_REGION_CAPTION>': {'bboxes': [[8.848000526428223, 54.544002532958984, 106.06400299072266, 223.66400146484375], [168.33599853515625, 91.9520034790039, 223.66400146484375, 223.66400146484375], [122.41600036621094, 125.3280029296875, 179.9840087890625, 223.66400146484375], [160.49600219726562, 74.2560043334961, 204.84800720214844, 176.84800720214844], [168.33599853515625, 143.6959991455078, 223.66400146484375, 223.66400146484375], [125.10400390625, 64.6240005493164, 161.16799926757812, 136.7519989013672], [208.2080078125, 109.64800262451172, 223.66400146484375, 153.7760009765625], [181.7760009765625, 89.93600463867188, 197.6800079345703, 115.92000579833984], [58.12800216674805, 85.00800323486328, 69.10400390625, 113.68000030517578], [138.76800537109375, 78.06400299072266, 150.41600036621094, 101.13600158691406]], 'labels': ['woman', 'woman', 'woman', 'woman', 'woman', 'woman', 'human face', 'human face', 'human face', 'human face']}}"
0446,"{'<DENSE_REGION_CAPTION>': {'bboxes': [[9.296000480651855, 54.768001556396484, 106.73600006103516, 223.66400146484375], [168.33599853515625, 92.1760025024414, 223.66400146484375, 223.66400146484375], [124.4320068359375, 125.10400390625, 178.86399841308594, 223.66400146484375], [162.0640106201172, 74.2560043334961, 205.52000427246094, 177.52000427246094], [124.8800048828125, 65.0719985961914, 159.60000610351562, 136.9759979248047], [208.2080078125, 114.80000305175781, 223.66400146484375, 155.56800842285156], [181.7760009765625, 88.36800384521484, 196.5600128173828, 115.02400207519531], [58.35200119018555, 85.45600128173828, 69.552001953125, 113.90400695800781], [137.64801025390625, 78.06400299072266, 149.07200622558594, 101.13600158691406]], 'labels': ['person', 'person', 'person', 'person', 'person', 'human face', 'human face', 'human face', 'human face']}}"
0447,"{'<DENSE_REGION_CAPTION>': {'bboxes': [[8.848000526428223, 54.544002532958984, 106.96000671386719, 223.66400146484375], [169.6800079345703, 92.1760025024414, 223.66400146484375, 223.66400146484375], [122.64000701904297, 124.20800018310547, 179.760009765625, 223.66400146484375], [162.7360076904297, 74.0320053100586, 206.19200134277344, 177.29600524902344], [124.20800018310547, 65.74400329589844, 159.37600708007812, 137.42401123046875], [205.52000427246094, 124.20800018310547, 223.66400146484375, 154.89601135253906], [181.3280029296875, 88.36800384521484, 196.11199951171875, 114.57600402832031], [135.6320037841797, 76.94400024414062, 147.50399780273438, 99.79199981689453]], 'labels': ['person', 'person', 'person', 'person', 'person', 'human face', 'human face', 'human face']}}"
0448,"{'<DENSE_REGION_CAPTION>': {'bboxes': [[9.296000480651855, 54.544002532958984, 106.06400299072266, 223.66400146484375], [200.59201049804688, 124.20800018310547, 217.3920135498047, 155.56800842285156], [57.90400314331055, 83.88800048828125, 69.7760009765625, 112.11200714111328], [173.04000854492188, 94.19200134277344, 186.92800903320312, 115.47200012207031], [134.0640106201172, 80.75199890136719, 145.71200561523438, 102.2560043334961]], 'labels': ['woman', 'human face', 'human face', 'human face', 'human face']}}"
0449,"{'<DENSE_REGION_CAPTION>': {'bboxes': [[8.848000526428223, 52.52799987792969, 104.04800415039062, 223.66400146484375], [200.14401245117188, 121.74400329589844, 217.6160125732422, 155.56800842285156], [52.52799987792969, 64.8479995727539, 64.4000015258789, 110.31999969482422], [211.34400939941406, 168.5600128173828, 223.66400146484375, 199.92001342773438], [137.87200927734375, 80.08000183105469, 149.74400329589844, 103.1520004272461]], 'labels': ['woman', 'human face', 'human face', 'human face', 'human face']}}"
0450,"{'<DENSE_REGION_CAPTION>': {'bboxes': [[199.0240020751953, 117.26399993896484, 217.3920135498047, 158.25601196289062], [48.04800033569336, 69.3280029296875, 62.160003662109375, 114.35200500488281], [210.44801330566406, 169.4560089111328, 223.66400146484375, 206.41600036621094], [137.42401123046875, 75.3759994506836, 154.0, 105.84000396728516], [174.83200073242188, 99.34400177001953, 190.0640106201172, 124.656005859375]], 'labels': ['human face', 'human face', 'human face', 'human face', 'human face']}}"
0451,"{'<DENSE_REGION_CAPTION>': {'bboxes': [[9.968000411987305, 54.544002532958984, 104.94400024414062, 223.66400146484375], [44.91200256347656, 70.89600372314453, 64.6240005493164, 117.04000091552734], [211.12001037597656, 107.63200378417969, 223.66400146484375, 149.52000427246094], [52.30400085449219, 71.34400177001953, 64.6240005493164, 117.04000091552734], [172.59201049804688, 99.79199981689453, 188.94400024414062, 123.98400115966797], [137.42401123046875, 78.73600006103516, 148.84800720214844, 102.0320053100586]], 'labels': ['girl', 'human face', 'human face', 'human face', 'human face', 'human face']}}"
0452,"{'<DENSE_REGION_CAPTION>': {'bboxes': [[9.296000480651855, 54.768001556396484, 108.97600555419922, 223.66400146484375], [119.5040054321289, 121.07200622558594, 189.6160125732422, 223.66400146484375], [180.4320068359375, 88.81600189208984, 223.66400146484375, 223.66400146484375], [163.8560028076172, 80.08000183105469, 197.2320098876953, 176.62400817871094], [123.76000213623047, 64.8479995727539, 159.60000610351562, 133.16799926757812], [190.5120086669922, 121.74400329589844, 207.9840087890625, 156.01600646972656], [51.63199996948242, 72.24000549316406, 64.1760025024414, 118.38400268554688], [171.6959991455078, 104.49600219726562, 187.60000610351562, 126.22400665283203], [136.3040008544922, 78.51200103759766, 148.17601013183594, 102.0320053100586]], 'labels': ['woman', 'woman', 'woman', 'woman', 'woman', 'human face', 'human face', 'human face', 'human face']}}"
0453,"{'<DENSE_REGION_CAPTION>': {'bboxes': [[9.296000480651855, 54.768001556396484, 108.97600555419922, 223.66400146484375], [190.5120086669922, 121.74400329589844, 207.760009765625, 158.25601196289062], [51.18400192260742, 71.79199981689453, 63.50400161743164, 117.71200561523438], [170.3520050048828, 102.4800033569336, 186.48001098632812, 124.656005859375], [136.0800018310547, 78.51200103759766, 147.50399780273438, 101.58399963378906]], 'labels': ['girl', 'human face', 'human face', 'human face', 'human face']}}"
0454,"{'<DENSE_REGION_CAPTION>': {'bboxes': [[9.296000480651855, 54.992000579833984, 106.06400299072266, 223.66400146484375], [44.4640007019043, 71.79199981689453, 64.1760025024414, 117.93600463867188], [196.7840118408203, 114.80000305175781, 212.24000549316406, 151.760009765625], [51.85600280761719, 72.01599884033203, 63.952003479003906, 117.48800659179688], [165.42401123046875, 97.7760009765625, 180.4320068359375, 123.53600311279297], [135.4080047607422, 79.85600280761719, 146.60800170898438, 102.0320053100586]], 'labels': ['girl', 'human face', 'human face', 'human face', 'human face', 'human face']}}"
0455,"{'<DENSE_REGION_CAPTION>': {'bboxes': [[9.520000457763672, 54.544002532958984, 108.97600555419922, 223.66400146484375], [129.80799865722656, 130.25599670410156, 191.4080047607422, 223.66400146484375], [163.1840057373047, 77.39200592041016, 210.2239990234375, 177.96800231933594], [188.49600219726562, 91.7280044555664, 223.66400146484375, 212.01600646972656], [122.41600036621094, 65.74400329589844, 158.25601196289062, 140.11199951171875], [206.63999938964844, 104.27200317382812, 223.66400146484375, 147.95201110839844], [56.784000396728516, 76.72000122070312, 68.656005859375, 116.59200286865234], [168.33599853515625, 94.19200134277344, 184.01600646972656, 118.38400268554688], [135.4080047607422, 81.64800262451172, 146.83200073242188, 102.9280014038086]], 'labels': ['person', 'person', 'person', 'person', 'person', 'human face', 'human face', 'human face', 'human face']}}"
0456,"{'<DENSE_REGION_CAPTION>': {'bboxes': [[8.848000526428223, 54.544002532958984, 99.12000274658203, 223.66400146484375], [207.31201171875, 119.2800064086914, 223.66400146484375, 152.8800048828125], [55.21600341796875, 71.34400177001953, 67.53600311279297, 116.14400482177734], [165.42401123046875, 95.08800506591797, 181.552001953125, 119.9520034790039], [134.9600067138672, 81.87200164794922, 146.38400268554688, 103.82400512695312]], 'labels': ['woman', 'human face', 'human face', 'human face', 'human face']}}"
0457,"{'<DENSE_REGION_CAPTION>': {'bboxes': [[202.16000366210938, 119.2800064086914, 223.66400146484375, 154.67201232910156], [52.97600173950195, 70.67200469970703, 64.8479995727539, 118.16000366210938], [164.3040008544922, 94.63999938964844, 182.2239990234375, 119.2800064086914], [132.94400024414062, 83.21600341796875, 144.59201049804688, 105.16800689697266]], 'labels': ['human face', 'human face', 'human face', 'human face']}}"
0458,"{'<DENSE_REGION_CAPTION>': {'bboxes': [[9.296000480651855, 54.768001556396484, 110.31999969482422, 223.66400146484375], [123.76000213623047, 125.7760009765625, 191.6320037841797, 223.66400146484375], [176.40000915527344, 95.98400115966797, 223.66400146484375, 223.66400146484375], [169.0080108642578, 79.85600280761719, 204.40000915527344, 178.63999938964844], [119.7280044555664, 68.20800018310547, 157.58399963378906, 140.7840118408203], [201.04000854492188, 117.71200561523438, 218.2880096435547, 158.48001098632812], [178.41600036621094, 92.8479995727539, 195.88800048828125, 119.0560073852539], [56.784000396728516, 75.1520004272461, 67.31200408935547, 116.14400482177734], [132.27200317382812, 85.23200225830078, 143.4720001220703, 106.73600006103516]], 'labels': ['person', 'person', 'person', 'person', 'person', 'human face', 'human face', 'human face', 'human face']}}"
0459,"{'<DENSE_REGION_CAPTION>': {'bboxes': [[7.952000141143799, 55.21600341796875, 110.54400634765625, 223.66400146484375], [124.8800048828125, 129.36000061035156, 190.7360076904297, 223.66400146484375], [181.3280029296875, 85.45600128173828, 223.66400146484375, 223.66400146484375], [162.7360076904297, 77.39200592041016, 206.63999938964844, 178.19200134277344], [123.08800506591797, 65.96800231933594, 159.37600708007812, 137.64801025390625], [199.92001342773438, 119.9520034790039, 215.37600708007812, 154.447998046875], [187.60000610351562, 94.19200134277344, 203.27999877929688, 119.9520034790039], [59.02400207519531, 86.12800598144531, 70.0, 112.78400421142578], [136.3040008544922, 82.99200439453125, 147.95201110839844, 103.82400512695312]], 'labels': ['person', 'person', 'person', 'person', 'person', 'human face', 'human face', 'human face', 'human face']}}"
0460,"{'<DENSE_REGION_CAPTION>': {'bboxes': [[7.056000232696533, 55.44000244140625, 110.76800537109375, 223.66400146484375], [202.16000366210938, 117.71200561523438, 220.0800018310547, 155.56800842285156], [187.15200805664062, 93.29600524902344, 202.83200073242188, 119.0560073852539], [59.02400207519531, 84.33600616455078, 70.2239990234375, 113.68000030517578], [136.3040008544922, 82.31999969482422, 147.05599975585938, 102.2560043334961]], 'labels': ['woman', 'human face', 'human face', 'human face', 'human face']}}"
0461,"{'<DENSE_REGION_CAPTION>': {'bboxes': [[164.9759979248047, 75.82400512695312, 209.10400390625, 149.07200622558594], [52.52799987792969, 64.4000015258789, 63.28000259399414, 109.64800262451172], [189.39199829101562, 91.7280044555664, 204.62400817871094, 119.5040054321289], [138.76800537109375, 80.08000183105469, 150.41600036621094, 101.8080062866211]], 'labels': ['girl', 'human face', 'human face', 'human face']}}"
0462,"{'<DENSE_REGION_CAPTION>': {'bboxes': [[8.848000526428223, 53.20000076293945, 100.46400451660156, 223.66400146484375], [44.91200256347656, 65.29600524902344, 62.608001708984375, 113.45600128173828], [51.63199996948242, 65.96800231933594, 63.05600357055664, 113.90400695800781], [185.58399963378906, 96.43199920654297, 200.59201049804688, 119.0560073852539], [138.76800537109375, 78.73600006103516, 150.41600036621094, 102.0320053100586]], 'labels': ['woman', 'human face', 'human face', 'human face', 'human face']}}"
0463,"{'<DENSE_REGION_CAPTION>': {'bboxes': [[64.8479995727539, 127.56800079345703, 203.05599975585938, 223.66400146484375], [48.272003173828125, 72.01599884033203, 63.28000259399414, 119.2800064086914], [206.63999938964844, 106.28800201416016, 218.9600067138672, 147.72801208496094], [185.80799865722656, 96.656005859375, 202.16000366210938, 120.1760025024414], [136.5279998779297, 80.52799987792969, 147.50399780273438, 103.1520004272461]], 'labels': ['desk', 'human face', 'human face', 'human face', 'human face']}}"
0464,"{'<DENSE_REGION_CAPTION>': {'bboxes': [[9.968000411987305, 55.66400146484375, 103.60000610351562, 223.66400146484375], [164.3040008544922, 75.82400512695312, 206.41600036621094, 172.81600952148438], [192.7519989013672, 90.83200073242188, 223.66400146484375, 223.66400146484375], [117.71200561523438, 65.96800231933594, 158.92800903320312, 153.10400390625], [43.79199981689453, 72.01599884033203, 63.28000259399414, 120.1760025024414], [203.95201110839844, 110.09600067138672, 217.8400115966797, 149.96800231933594], [51.40800094604492, 72.91200256347656, 63.28000259399414, 119.9520034790039], [184.46400451660156, 96.20800018310547, 201.26400756835938, 120.1760025024414], [138.32000732421875, 82.54400634765625, 149.52000427246094, 105.16800689697266]], 'labels': ['person', 'person', 'person', 'person', 'human face', 'human face', 'human face', 'human face', 'human face']}}"
0465,"{'<DENSE_REGION_CAPTION>': {'bboxes': [[58.12800216674805, 127.56800079345703, 178.86399841308594, 223.66400146484375], [42.672000885009766, 72.01599884033203, 62.608001708984375, 119.7280044555664], [51.18400192260742, 72.46400451660156, 62.832000732421875, 119.5040054321289], [184.01600646972656, 95.08800506591797, 201.04000854492188, 119.2800064086914], [205.96800231933594, 127.56800079345703, 220.75201416015625, 153.10400390625], [139.21600341796875, 78.28800201416016, 151.31201171875, 103.60000610351562]], 'labels': ['desk', 'human face', 'human face', 'human face', 'human face', 'human face']}}"
0466,"{'<DENSE_REGION_CAPTION>': {'bboxes': [[9.296000480651855, 54.544002532958984, 105.16800689697266, 223.66400146484375], [171.6959991455078, 45.80800247192383, 204.40000915527344, 162.5120086669922], [119.5040054321289, 65.96800231933594, 161.16799926757812, 149.07200622558594], [48.272003173828125, 69.7760009765625, 63.72800064086914, 116.36800384521484], [203.05599975585938, 126.89600372314453, 221.20001220703125, 154.0], [181.10400390625, 84.11199951171875, 196.11199951171875, 113.00800323486328], [140.55999755859375, 77.61600494384766, 152.8800048828125, 102.7040023803711]], 'labels': ['woman', 'woman', 'woman', 'human face', 'human face', 'human face', 'human face']}}"
0467,"{'<DENSE_REGION_CAPTION>': {'bboxes': [[9.520000457763672, 54.544002532958984, 110.76800537109375, 223.66400146484375], [168.33599853515625, 53.64800262451172, 210.89601135253906, 173.04000854492188], [120.1760025024414, 71.79199981689453, 161.39199829101562, 151.08799743652344], [201.04000854492188, 121.07200622558594, 220.0800018310547, 155.12001037597656], [51.40800094604492, 69.7760009765625, 64.1760025024414, 115.69600677490234], [182.2239990234375, 86.80000305175781, 197.2320098876953, 115.02400207519531], [139.66400146484375, 91.05599975585938, 151.31201171875, 109.42400360107422]], 'labels': ['person', 'woman', 'woman', 'human face', 'human face', 'human face', 'human face']}}"
0468,"{'<DENSE_REGION_CAPTION>': {'bboxes': [[9.968000411987305, 53.64800262451172, 109.42400360107422, 223.66400146484375], [42.448001861572266, 68.43199920654297, 61.26400375366211, 115.69600677490234], [202.16000366210938, 118.83200073242188, 220.0800018310547, 155.12001037597656], [48.944000244140625, 68.43199920654297, 61.26400375366211, 115.47200012207031], [182.0, 87.47200012207031, 196.7840118408203, 116.36800384521484], [140.33599853515625, 92.6240005493164, 152.2080078125, 109.64800262451172]], 'labels': ['girl', 'human face', 'human face', 'human face', 'human face', 'human face']}}"
0469,"{'<DENSE_REGION_CAPTION>': {'bboxes': [[9.520000457763672, 54.544002532958984, 103.82400512695312, 223.66400146484375], [170.5760040283203, 58.12800216674805, 211.12001037597656, 168.33599853515625], [165.42401123046875, 164.0800018310547, 223.66400146484375, 223.66400146484375], [128.01600646972656, 63.28000259399414, 160.04800415039062, 143.6959991455078], [203.27999877929688, 87.47200012207031, 223.66400146484375, 153.7760009765625], [203.72801208496094, 117.71200561523438, 219.6320037841797, 152.8800048828125], [185.58399963378906, 85.68000030517578, 201.04000854492188, 115.69600677490234], [54.544002532958984, 74.9280014038086, 65.0719985961914, 115.24800109863281], [138.99200439453125, 73.80799865722656, 150.63999938964844, 97.3280029296875]], 'labels': ['person', 'person', 'person', 'person', 'person', 'human face', 'human face', 'human face', 'human face']}}"
0470,"{'<DENSE_REGION_CAPTION>': {'bboxes': [[9.296000480651855, 54.544002532958984, 103.1520004272461, 223.66400146484375], [113.68000030517578, 63.72800064086914, 159.37600708007812, 146.83200073242188], [169.6800079345703, 75.60000610351562, 205.29600524902344, 170.3520050048828], [162.5120086669922, 167.21600341796875, 222.32000732421875, 223.66400146484375], [201.48800659179688, 85.90399932861328, 223.66400146484375, 223.66400146484375], [202.60800170898438, 124.4320068359375, 219.6320037841797, 155.34400939941406], [183.56800842285156, 87.92000579833984, 198.3520050048828, 115.02400207519531], [136.7519989013672, 81.42400360107422, 147.95201110839844, 102.4800033569336]], 'labels': ['person', 'person', 'person', 'person', 'person', 'human face', 'human face', 'human face']}}"
0471,"{'<DENSE_REGION_CAPTION>': {'bboxes': [[9.520000457763672, 54.544002532958984, 105.16800689697266, 223.66400146484375], [157.13600158691406, 168.11199951171875, 222.76800537109375, 223.66400146484375], [168.33599853515625, 72.01599884033203, 199.92001342773438, 173.26400756835938], [124.8800048828125, 64.8479995727539, 160.49600219726562, 148.62400817871094], [204.40000915527344, 89.48799896240234, 223.66400146484375, 223.66400146484375], [204.84800720214844, 115.92000579833984, 220.75201416015625, 154.447998046875], [56.784000396728516, 70.89600372314453, 67.31200408935547, 112.11200714111328], [174.16000366210938, 92.1760025024414, 190.2880096435547, 115.92000579833984], [137.87200927734375, 82.99200439453125, 149.52000427246094, 104.27200317382812]], 'labels': ['person', 'person', 'person', 'person', 'person', 'human face', 'human face', 'human face', 'human face']}}"
0472,"{'<DENSE_REGION_CAPTION>': {'bboxes': [[9.520000457763672, 54.768001556396484, 104.04800415039062, 223.66400146484375], [168.5600128173828, 166.09600830078125, 223.66400146484375, 223.66400146484375], [122.41600036621094, 63.50400161743164, 160.49600219726562, 149.52000427246094], [172.59201049804688, 75.1520004272461, 205.52000427246094, 168.33599853515625], [206.63999938964844, 91.9520034790039, 223.66400146484375, 187.60000610351562], [206.864013671875, 114.57600402832031, 221.42401123046875, 154.0], [181.3280029296875, 86.80000305175781, 196.7840118408203, 115.92000579833984], [55.66400146484375, 70.0, 65.96800231933594, 113.23200225830078], [137.87200927734375, 77.16799926757812, 149.29600524902344, 99.56800079345703]], 'labels': ['person', 'person', 'person', 'person', 'person', 'human face', 'human face', 'human face', 'human face']}}"
0473,"{'<DENSE_REGION_CAPTION>': {'bboxes': [[9.296000480651855, 54.544002532958984, 105.84000396728516, 223.66400146484375], [134.9600067138672, 138.09600830078125, 189.16799926757812, 223.66400146484375], [163.8560028076172, 74.4800033569336, 204.84800720214844, 175.72801208496094], [128.01600646972656, 63.05600357055664, 160.94400024414062, 141.6800079345703], [203.27999877929688, 122.64000701904297, 219.6320037841797, 156.01600646972656], [182.2239990234375, 86.57600402832031, 197.2320098876953, 115.02400207519531], [56.112003326416016, 70.0, 66.41600036621094, 112.78400421142578], [139.44000244140625, 76.94400024414062, 150.86399841308594, 99.12000274658203]], 'labels': ['person', 'person', 'person', 'person', 'human face', 'human face', 'human face', 'human face']}}"
0474,"{'<DENSE_REGION_CAPTION>': {'bboxes': [[9.296000480651855, 55.21600341796875, 106.51200103759766, 223.66400146484375], [178.86399841308594, 87.24800109863281, 223.66400146484375, 223.66400146484375], [113.68000030517578, 137.1999969482422, 167.88800048828125, 223.66400146484375], [162.5120086669922, 79.85600280761719, 201.04000854492188, 176.84800720214844], [121.52000427246094, 64.1760025024414, 161.16799926757812, 145.93600463867188], [202.38400268554688, 126.89600372314453, 219.6320037841797, 156.46400451660156], [55.44000244140625, 71.79199981689453, 66.41600036621094, 113.68000030517578], [172.14401245117188, 90.38400268554688, 188.27200317382812, 115.92000579833984], [139.21600341796875, 78.51200103759766, 150.86399841308594, 100.91200256347656]], 'labels': ['person', 'person', 'person', 'person', 'person', 'human face', 'human face', 'human face', 'human face']}}"
0475,"{'<DENSE_REGION_CAPTION>': {'bboxes': [[9.296000480651855, 55.66400146484375, 103.1520004272461, 223.66400146484375], [177.52000427246094, 90.38400268554688, 223.66400146484375, 223.66400146484375], [114.12800598144531, 136.7519989013672, 167.44000244140625, 223.66400146484375], [165.20001220703125, 87.47200012207031, 204.84800720214844, 179.760009765625], [121.74400329589844, 64.6240005493164, 160.72000122070312, 145.26400756835938], [204.84800720214844, 117.71200561523438, 219.6320037841797, 154.2239990234375], [54.992000579833984, 70.44800567626953, 66.19200134277344, 114.80000305175781], [171.0240020751953, 100.24000549316406, 186.92800903320312, 124.20800018310547], [139.44000244140625, 79.40800476074219, 150.86399841308594, 101.58399963378906]], 'labels': ['person', 'person', 'person', 'person', 'person', 'human face', 'human face', 'human face', 'human face']}}"
0476,"{'<DENSE_REGION_CAPTION>': {'bboxes': [[9.296000480651855, 55.88800048828125, 102.7040023803711, 223.66400146484375], [179.760009765625, 90.16000366210938, 223.66400146484375, 223.66400146484375], [111.66400146484375, 138.09600830078125, 168.11199951171875, 223.66400146484375], [161.8400115966797, 90.16000366210938, 205.96800231933594, 181.10400390625], [179.760009765625, 137.42401123046875, 223.66400146484375, 223.66400146484375], [119.9520034790039, 64.8479995727539, 161.16799926757812, 146.38400268554688], [206.41600036621094, 122.64000701904297, 223.66400146484375, 156.91200256347656], [55.21600341796875, 70.89600372314453, 66.41600036621094, 114.80000305175781], [171.6959991455078, 98.0, 188.94400024414062, 123.31200408935547], [140.11199951171875, 79.40800476074219, 151.760009765625, 101.8080062866211]], 'labels': ['person', 'person', 'person', 'person', 'person', 'person', 'human face', 'human face', 'human face', 'human face']}}"
0477,"{'<DENSE_REGION_CAPTION>': {'bboxes': [[205.52000427246094, 122.64000701904297, 223.66400146484375, 158.03199768066406], [55.44000244140625, 71.12000274658203, 67.08800506591797, 115.24800109863281], [171.0240020751953, 98.22400665283203, 189.16799926757812, 123.76000213623047], [139.44000244140625, 82.54400634765625, 150.86399841308594, 103.60000610351562]], 'labels': ['human face', 'human face', 'human face', 'human face']}}"
0478,"{'<DENSE_REGION_CAPTION>': {'bboxes': [[9.296000480651855, 55.44000244140625, 103.1520004272461, 223.66400146484375], [187.37600708007812, 90.38400268554688, 223.66400146484375, 223.66400146484375], [108.97600555419922, 65.0719985961914, 161.6160125732422, 146.83200073242188], [113.23200225830078, 142.3520050048828, 164.7519989013672, 223.66400146484375], [160.49600219726562, 92.6240005493164, 204.40000915527344, 180.656005859375], [204.40000915527344, 122.64000701904297, 219.4080047607422, 156.01600646972656], [55.21600341796875, 70.2239990234375, 66.63999938964844, 114.80000305175781], [168.33599853515625, 101.36000061035156, 185.80799865722656, 126.44800567626953], [214.70401000976562, 168.5600128173828, 223.66400146484375, 205.29600524902344], [139.44000244140625, 79.85600280761719, 151.31201171875, 103.3759994506836]], 'labels': ['person', 'person', 'person', 'person', 'person', 'human face', 'human face', 'human face', 'human face', 'human face']}}"
0479,"{'<DENSE_REGION_CAPTION>': {'bboxes': [[9.296000480651855, 55.44000244140625, 103.1520004272461, 223.66400146484375], [179.31201171875, 89.26399993896484, 223.66400146484375, 223.66400146484375], [105.84000396728516, 64.8479995727539, 163.6320037841797, 146.38400268554688], [118.60800170898438, 141.9040069580078, 169.2320098876953, 223.66400146484375], [162.0640106201172, 89.26399993896484, 203.27999877929688, 179.31201171875], [169.2320098876953, 97.552001953125, 185.80799865722656, 123.08800506591797], [212.46400451660156, 173.93600463867188, 223.66400146484375, 208.656005859375], [205.29600524902344, 121.52000427246094, 216.72000122070312, 149.96800231933594], [58.12800216674805, 83.88800048828125, 67.98400115966797, 115.47200012207031], [139.21600341796875, 85.23200225830078, 149.07200622558594, 103.60000610351562]], 'labels': ['person', 'person', 'person', 'person', 'person', 'human face', 'human face', 'human face', 'human face', 'human face']}}"
0480,"{'<DENSE_REGION_CAPTION>': {'bboxes': [[9.296000480651855, 54.992000579833984, 104.72000122070312, 223.66400146484375], [181.3280029296875, 91.2800064086914, 223.66400146484375, 223.66400146484375], [115.24800109863281, 63.72800064086914, 164.5279998779297, 147.27999877929688], [120.4000015258789, 143.6959991455078, 170.8000030517578, 223.66400146484375], [163.6320037841797, 91.05599975585938, 203.72801208496094, 180.8800048828125], [56.336002349853516, 70.89600372314453, 67.53600311279297, 114.80000305175781], [168.5600128173828, 99.79199981689453, 185.80799865722656, 125.3280029296875], [211.56800842285156, 175.27999877929688, 223.66400146484375, 209.3280029296875], [205.74400329589844, 125.552001953125, 223.66400146484375, 145.04000854492188], [141.0080108642578, 82.76800537109375, 151.9840087890625, 102.0320053100586]], 'labels': ['person', 'person', 'person', 'person', 'person', 'human face', 'human face', 'human face', 'human face', 'human face']}}"
0481,"{'<DENSE_REGION_CAPTION>': {'bboxes': [[49.39200210571289, 69.3280029296875, 65.29600524902344, 115.02400207519531], [168.33599853515625, 103.60000610351562, 184.91200256347656, 130.25599670410156], [54.544002532958984, 69.10400390625, 65.29600524902344, 115.02400207519531], [204.40000915527344, 126.00000762939453, 218.5120086669922, 153.7760009765625], [214.48001098632812, 173.26400756835938, 223.66400146484375, 209.552001953125], [140.7840118408203, 80.08000183105469, 151.760009765625, 101.13600158691406]], 'labels': ['human face', 'human face', 'human face', 'human face', 'human face', 'human face']}}"
0482,"{'<DENSE_REGION_CAPTION>': {'bboxes': [[203.95201110839844, 124.20800018310547, 220.97601318359375, 155.12001037597656], [170.1280059814453, 104.94400024414062, 187.15200805664062, 130.48001098632812], [57.90400314331055, 70.89600372314453, 68.656005859375, 114.57600402832031], [138.99200439453125, 80.97600555419922, 150.63999938964844, 103.1520004272461]], 'labels': ['human face', 'human face', 'human face', 'human face']}}"
0483,"{'<DENSE_REGION_CAPTION>': {'bboxes': [[8.848000526428223, 52.52799987792969, 104.94400024414062, 223.66400146484375], [179.31201171875, 90.83200073242188, 223.66400146484375, 223.66400146484375], [125.3280029296875, 139.88800048828125, 179.31201171875, 223.66400146484375], [162.5120086669922, 93.07200622558594, 204.17601013183594, 179.9840087890625], [128.01600646972656, 64.8479995727539, 163.6320037841797, 144.81600952148438], [204.84800720214844, 117.26399993896484, 223.66400146484375, 153.552001953125], [212.24000549316406, 174.38400268554688, 223.66400146484375, 210.44801330566406], [171.6959991455078, 107.85600280761719, 188.04800415039062, 132.72000122070312], [55.66400146484375, 69.7760009765625, 65.29600524902344, 109.20000457763672], [140.33599853515625, 80.52799987792969, 152.2080078125, 102.9280014038086]], 'labels': ['person', 'woman', 'woman', 'woman', 'woman', 'human face', 'human face', 'human face', 'human face', 'human face']}}"
0484,"{'<DENSE_REGION_CAPTION>': {'bboxes': [[0.1120000034570694, 55.21600341796875, 100.68800354003906, 223.66400146484375], [124.4320068359375, 140.33599853515625, 176.17601013183594, 223.66400146484375], [162.5120086669922, 92.8479995727539, 203.95201110839844, 179.9840087890625], [181.10400390625, 142.1280059814453, 223.66400146484375, 223.66400146484375], [127.12000274658203, 65.74400329589844, 161.39199829101562, 144.81600952148438], [204.62400817871094, 117.71200561523438, 223.66400146484375, 149.29600524902344], [210.0, 177.74400329589844, 223.66400146484375, 211.79200744628906], [171.4720001220703, 108.08000183105469, 187.37600708007812, 132.49600219726562], [138.99200439453125, 82.09600067138672, 150.41600036621094, 103.60000610351562]], 'labels': ['person', 'person', 'person', 'person', 'person', 'human face', 'human face', 'human face', 'human face']}}"
0485,"{'<DENSE_REGION_CAPTION>': {'bboxes': [[0.1120000034570694, 43.56800079345703, 101.36000061035156, 223.66400146484375], [160.94400024414062, 92.4000015258789, 204.40000915527344, 179.760009765625], [207.5360107421875, 113.68000030517578, 223.66400146484375, 149.74400329589844], [211.12001037597656, 179.0880126953125, 223.66400146484375, 212.24000549316406], [170.1280059814453, 108.08000183105469, 186.92800903320312, 132.72000122070312], [140.33599853515625, 80.30400085449219, 151.31201171875, 102.4800033569336]], 'labels': ['person', 'woman', 'human face', 'human face', 'human face', 'human face']}}"
0486,"{'<DENSE_REGION_CAPTION>': {'bboxes': [[0.1120000034570694, 49.61600112915039, 100.24000549316406, 223.66400146484375], [121.52000427246094, 136.3040008544922, 170.5760040283203, 223.66400146484375], [189.39199829101562, 92.1760025024414, 223.66400146484375, 223.66400146484375], [161.8400115966797, 90.83200073242188, 203.95201110839844, 179.5360107421875], [126.44800567626953, 66.41600036621094, 163.4080047607422, 147.27999877929688], [206.41600036621094, 112.78400421142578, 223.66400146484375, 153.3280029296875], [170.1280059814453, 105.16800689697266, 186.92800903320312, 129.80799865722656], [139.66400146484375, 81.20000457763672, 150.19200134277344, 102.9280014038086]], 'labels': ['person', 'person', 'person', 'person', 'person', 'human face', 'human face', 'human face']}}"
0487,"{'<DENSE_REGION_CAPTION>': {'bboxes': [[0.1120000034570694, 51.40800094604492, 94.86400604248047, 223.66400146484375], [207.31201171875, 111.88800048828125, 223.66400146484375, 148.17601013183594], [29.904001235961914, 65.52000427246094, 40.432003021240234, 111.88800048828125], [212.24000549316406, 180.8800048828125, 223.66400146484375, 215.60000610351562], [171.6959991455078, 110.76800537109375, 189.8400115966797, 133.61599731445312], [136.9759979248047, 76.04800415039062, 145.93600463867188, 98.22400665283203]], 'labels': ['woman', 'human face', 'human face', 'human face', 'human face', 'human face']}}"
0488,"{'<DENSE_REGION_CAPTION>': {'bboxes': [[0.1120000034570694, 53.20000076293945, 99.12000274658203, 223.66400146484375], [207.9840087890625, 108.75200653076172, 223.66400146484375, 148.62400817871094], [41.7760009765625, 67.98400115966797, 52.30400085449219, 116.36800384521484], [176.84800720214844, 108.08000183105469, 194.99200439453125, 132.72000122070312], [213.36000061035156, 182.67201232910156, 223.66400146484375, 216.27200317382812], [136.7519989013672, 77.39200592041016, 144.81600952148438, 98.89600372314453]], 'labels': ['woman', 'human face', 'human face', 'human face', 'human face', 'human face']}}"
0489,"{'<DENSE_REGION_CAPTION>': {'bboxes': [[0.1120000034570694, 44.0160026550293, 106.96000671386719, 223.66400146484375], [207.9840087890625, 108.52799987792969, 223.66400146484375, 153.10400390625], [179.9840087890625, 104.27200317382812, 198.5760040283203, 130.25599670410156], [136.0800018310547, 76.94400024414062, 144.81600952148438, 98.89600372314453]], 'labels': ['woman', 'human face', 'human face', 'human face']}}"
0490,"{'<DENSE_REGION_CAPTION>': {'bboxes': [[0.1120000034570694, 54.768001556396484, 106.51200103759766, 223.66400146484375], [144.1439971923828, 141.2320098876953, 197.9040069580078, 223.66400146484375], [166.09600830078125, 83.88800048828125, 207.760009765625, 180.656005859375], [194.32000732421875, 90.83200073242188, 223.66400146484375, 223.66400146484375], [126.22400665283203, 65.74400329589844, 158.70401000976562, 144.1439971923828], [44.91200256347656, 70.44800567626953, 63.28000259399414, 117.26399993896484], [208.2080078125, 108.52799987792969, 223.66400146484375, 151.9840087890625], [184.91200256347656, 106.96000671386719, 200.81600952148438, 129.13600158691406], [135.6320037841797, 78.95999908447266, 144.36801147460938, 100.24000549316406]], 'labels': ['person', 'person', 'person', 'person', 'person', 'human face', 'human face', 'human face', 'human face']}}"
0491,"{'<DENSE_REGION_CAPTION>': {'bboxes': [[164.9759979248047, 82.76800537109375, 206.864013671875, 157.58399963378906], [209.3280029296875, 109.20000457763672, 223.66400146484375, 152.4320068359375], [77.39200592041016, 90.38400268554688, 92.6240005493164, 130.92800903320312], [181.7760009765625, 105.39200592041016, 197.6800079345703, 128.91200256347656], [137.87200927734375, 78.28800201416016, 149.52000427246094, 101.36000061035156]], 'labels': ['girl', 'human face', 'human face', 'human face', 'human face']}}"
0492,"{'<DENSE_REGION_CAPTION>': {'bboxes': [[9.520000457763672, 63.952003479003906, 132.72000122070312, 223.66400146484375], [63.05600357055664, 78.73600006103516, 83.21600341796875, 125.552001953125], [207.760009765625, 109.20000457763672, 223.66400146484375, 152.656005859375], [182.2239990234375, 102.9280014038086, 198.1280059814453, 128.01600646972656], [139.21600341796875, 79.40800476074219, 150.86399841308594, 102.2560043334961]], 'labels': ['woman', 'human face', 'human face', 'human face', 'human face']}}"
0493,"{'<DENSE_REGION_CAPTION>': {'bboxes': [[10.86400032043457, 64.1760025024414, 97.7760009765625, 223.66400146484375], [68.656005859375, 78.73600006103516, 84.78400421142578, 124.656005859375], [208.2080078125, 109.64800262451172, 223.66400146484375, 153.3280029296875], [184.46400451660156, 102.9280014038086, 200.14401245117188, 127.12000274658203], [139.44000244140625, 86.80000305175781, 151.5360107421875, 105.84000396728516]], 'labels': ['woman', 'human face', 'human face', 'human face', 'human face']}}"
0494,"{'<DENSE_REGION_CAPTION>': {'bboxes': [[69.10400390625, 21.168001174926758, 104.49600219726562, 73.80799865722656], [66.86399841308594, 70.67200469970703, 83.66400146484375, 115.92000579833984], [208.2080078125, 108.75200653076172, 223.66400146484375, 147.50399780273438], [179.9840087890625, 110.54400634765625, 195.44000244140625, 130.03199768066406], [138.76800537109375, 86.12800598144531, 150.63999938964844, 104.72000122070312]], 'labels': ['poster', 'human face', 'human face', 'human face', 'human face']}}"
0495,"{'<DENSE_REGION_CAPTION>': {'bboxes': [[9.296000480651855, 46.25600051879883, 104.94400024414062, 223.66400146484375], [37.29600143432617, 52.30400085449219, 56.784000396728516, 97.10400390625], [132.04800415039062, 166.99200439453125, 145.04000854492188, 218.9600067138672], [208.4320068359375, 111.88800048828125, 220.5279998779297, 149.07200622558594], [180.8800048828125, 107.18400573730469, 196.11199951171875, 128.68800354003906], [138.54400634765625, 85.23200225830078, 149.74400329589844, 105.39200592041016]], 'labels': ['woman', 'human face', 'human face', 'human face', 'human face', 'human face']}}"
0496,"{'<DENSE_REGION_CAPTION>': {'bboxes': [[9.296000480651855, 51.18400192260742, 108.30400085449219, 223.66400146484375], [179.760009765625, 93.07200622558594, 223.66400146484375, 223.66400146484375], [165.42401123046875, 83.88800048828125, 205.29600524902344, 180.2080078125], [112.78400421142578, 144.1439971923828, 160.94400024414062, 223.66400146484375], [123.31200408935547, 67.98400115966797, 156.68800354003906, 143.4720001220703], [0.1120000034570694, 139.44000244140625, 10.416000366210938, 223.66400146484375]], 'labels': ['person', 'person', 'person', 'person', 'person', 'person']}}"
0497,"{'<DENSE_REGION_CAPTION>': {'bboxes': [[8.40000057220459, 50.736000061035156, 113.68000030517578, 223.66400146484375], [179.760009765625, 95.31200408935547, 223.66400146484375, 223.66400146484375], [126.44800567626953, 143.0240020751953, 177.74400329589844, 223.66400146484375], [165.87200927734375, 83.88800048828125, 205.52000427246094, 180.4320068359375], [123.53600311279297, 67.76000213623047, 157.58399963378906, 143.4720001220703]], 'labels': ['person', 'person', 'person', 'person', 'person']}}"
0498,"{'<DENSE_REGION_CAPTION>': {'bboxes': [[8.848000526428223, 52.52799987792969, 112.11200714111328, 223.66400146484375], [45.58399963378906, 62.832000732421875, 62.608001708984375, 109.64800262451172], [211.79200744628906, 107.63200378417969, 223.66400146484375, 156.91200256347656], [182.67201232910156, 97.3280029296875, 197.2320098876953, 127.12000274658203], [143.2480010986328, 78.51200103759766, 154.2239990234375, 100.91200256347656]], 'labels': ['woman', 'human face', 'human face', 'human face', 'human face']}}"
0499,"{'<DENSE_REGION_CAPTION>': {'bboxes': [[9.296000480651855, 53.87200164794922, 106.06400299072266, 223.66400146484375], [181.10400390625, 95.08800506591797, 223.66400146484375, 223.66400146484375], [114.57600402832031, 139.21600341796875, 165.42401123046875, 223.66400146484375], [166.99200439453125, 82.54400634765625, 207.31201171875, 179.0880126953125], [127.56800079345703, 66.41600036621094, 158.48001098632812, 143.9199981689453], [47.37600326538086, 67.53600311279297, 64.1760025024414, 113.90400695800781], [210.44801330566406, 111.88800048828125, 223.66400146484375, 154.0], [191.4080047607422, 99.34400177001953, 204.62400817871094, 123.98400115966797], [145.48800659179688, 80.30400085449219, 157.36000061035156, 100.01600646972656]], 'labels': ['person', 'person', 'person', 'person', 'person', 'human face', 'human face', 'human face', 'human face']}}"
0500,"{'<DENSE_REGION_CAPTION>': {'bboxes': [[9.296000480651855, 53.87200164794922, 103.1520004272461, 223.66400146484375], [181.10400390625, 92.1760025024414, 223.66400146484375, 223.66400146484375], [108.30400085449219, 143.0240020751953, 160.94400024414062, 223.66400146484375], [167.44000244140625, 82.76800537109375, 207.760009765625, 178.86399841308594], [181.10400390625, 145.48800659179688, 223.66400146484375, 223.66400146484375], [127.56800079345703, 66.63999938964844, 157.36000061035156, 143.6959991455078], [69.10400390625, 21.392000198364258, 104.27200317382812, 74.0320053100586], [104.49600219726562, 22.512001037597656, 125.7760009765625, 52.30400085449219], [104.04800415039062, 0.1120000034570694, 118.38400268554688, 22.064001083374023], [94.86400604248047, 0.1120000034570694, 104.04800415039062, 20.720001220703125]], 'labels': ['person', 'person', 'person', 'person', 'person', 'person', 'poster', 'poster', 'poster', 'poster']}}"
0501,"{'<DENSE_REGION_CAPTION>': {'bboxes': [[9.968000411987305, 54.09600067138672, 104.94400024414062, 223.66400146484375], [179.31201171875, 90.83200073242188, 223.66400146484375, 223.66400146484375], [168.33599853515625, 80.30400085449219, 209.3280029296875, 178.41600036621094], [98.22400665283203, 148.40000915527344, 144.1439971923828, 223.66400146484375], [179.5360107421875, 149.07200622558594, 223.66400146484375, 223.66400146484375], [127.56800079345703, 66.86399841308594, 156.68800354003906, 143.4720001220703], [0.1120000034570694, 139.44000244140625, 11.760000228881836, 215.82400512695312], [48.944000244140625, 66.19200134277344, 65.96800231933594, 112.78400421142578], [205.29600524902344, 108.75200653076172, 217.3920135498047, 149.29600524902344], [196.7840118408203, 104.72000122070312, 206.864013671875, 121.74400329589844]], 'labels': ['person', 'person', 'person', 'person', 'person', 'person', 'person', 'human face', 'human face', 'human face']}}"
0502,"{'<DENSE_REGION_CAPTION>': {'bboxes': [[9.968000411987305, 54.768001556396484, 92.4000015258789, 223.66400146484375], [97.3280029296875, 138.99200439453125, 165.20001220703125, 223.66400146484375], [163.6320037841797, 81.64800262451172, 210.2239990234375, 177.74400329589844], [179.31201171875, 150.41600036621094, 223.66400146484375, 223.66400146484375], [127.56800079345703, 66.41600036621094, 158.03199768066406, 143.6959991455078], [50.064002990722656, 67.53600311279297, 66.86399841308594, 113.45600128173828]], 'labels': ['person', 'person', 'person', 'person', 'person', 'human face']}}"
0503,"{'<DENSE_REGION_CAPTION>': {'bboxes': [[8.848000526428223, 54.768001556396484, 106.51200103759766, 223.66400146484375], [109.87200164794922, 131.37600708007812, 171.6959991455078, 223.66400146484375], [180.2080078125, 92.6240005493164, 223.66400146484375, 223.66400146484375], [162.7360076904297, 80.08000183105469, 210.44801330566406, 177.74400329589844], [127.79200744628906, 67.31200408935547, 158.25601196289062, 137.1999969482422], [49.39200210571289, 67.31200408935547, 66.41600036621094, 112.78400421142578], [195.66400146484375, 103.82400512695312, 206.864013671875, 123.08800506591797], [142.1280059814453, 87.69599914550781, 153.10400390625, 100.91200256347656]], 'labels': ['person', 'person', 'person', 'person', 'person', 'human face', 'human face', 'human face']}}"
0504,"{'<DENSE_REGION_CAPTION>': {'bboxes': [[9.296000480651855, 54.768001556396484, 106.06400299072266, 223.66400146484375], [109.42400360107422, 131.15200805664062, 170.3520050048828, 223.66400146484375], [158.25601196289062, 78.73600006103516, 205.29600524902344, 174.83200073242188], [126.89600372314453, 68.656005859375, 159.37600708007812, 143.9199981689453], [50.064002990722656, 69.552001953125, 66.86399841308594, 114.35200500488281], [189.39199829101562, 99.34400177001953, 202.83200073242188, 121.52000427246094]], 'labels': ['person', 'person', 'person', 'person', 'human face', 'human face']}}"
0505,"{'<DENSE_REGION_CAPTION>': {'bboxes': [[9.296000480651855, 54.544002532958984, 105.84000396728516, 223.66400146484375], [108.97600555419922, 131.60000610351562, 171.4720001220703, 223.66400146484375], [158.03199768066406, 79.40800476074219, 205.74400329589844, 176.40000915527344], [179.0880126953125, 148.17601013183594, 223.66400146484375, 223.66400146484375], [127.12000274658203, 68.656005859375, 161.16799926757812, 143.4720001220703], [207.760009765625, 93.07200622558594, 223.66400146484375, 149.07200622558594]], 'labels': ['person', 'person', 'person', 'person', 'person', 'person']}}"
0506,"{'<DENSE_REGION_CAPTION>': {'bboxes': [[50.512001037597656, 67.08800506591797, 67.31200408935547, 112.56000518798828], [148.84800720214844, 178.63999938964844, 164.5279998779297, 223.66400146484375], [185.13600158691406, 93.52000427246094, 199.6959991455078, 121.29600524902344]], 'labels': ['human face', 'human face', 'human face']}}"
0507,"{'<DENSE_REGION_CAPTION>': {'bboxes': [[120.84800720214844, 129.13600158691406, 192.3040008544922, 223.66400146484375], [156.91200256347656, 163.1840057373047, 182.0, 223.66400146484375], [50.736000061035156, 67.76000213623047, 67.76000213623047, 112.56000518798828], [205.52000427246094, 108.52799987792969, 219.8560028076172, 147.50399780273438], [184.24000549316406, 91.7280044555664, 199.0240020751953, 119.2800064086914]], 'labels': ['boy', 'human face', 'human face', 'human face', 'human face']}}"
0508,"{'<DENSE_REGION_CAPTION>': {'bboxes': [[9.968000411987305, 53.87200164794922, 104.49600219726562, 223.66400146484375], [110.76800537109375, 136.9759979248047, 170.5760040283203, 223.66400146484375], [180.8800048828125, 93.96800231933594, 223.66400146484375, 223.66400146484375], [167.66400146484375, 77.39200592041016, 203.27999877929688, 178.41600036621094], [181.10400390625, 149.07200622558594, 223.66400146484375, 223.66400146484375], [127.79200744628906, 68.8800048828125, 158.70401000976562, 143.6959991455078], [0.1120000034570694, 139.44000244140625, 10.86400032043457, 223.66400146484375], [136.7519989013672, 177.96800231933594, 166.76800537109375, 223.66400146484375], [205.07200622558594, 109.64800262451172, 223.66400146484375, 152.4320068359375], [51.63199996948242, 65.29600524902344, 67.76000213623047, 110.76800537109375], [178.86399841308594, 98.0, 194.54400634765625, 121.29600524902344]], 'labels': ['person', 'person', 'person', 'person', 'person', 'person', 'person', 'human face', 'human face', 'human face', 'human face']}}"
0509,"{'<DENSE_REGION_CAPTION>': {'bboxes': [[50.96000289916992, 65.74400329589844, 67.76000213623047, 111.88800048828125], [179.760009765625, 93.52000427246094, 193.87200927734375, 119.9520034790039], [130.48001098632812, 91.9520034790039, 142.5760040283203, 109.42400360107422]], 'labels': ['human face', 'human face', 'human face']}}"
0510,"{'<DENSE_REGION_CAPTION>': {'bboxes': [[50.96000289916992, 67.76000213623047, 67.76000213623047, 112.33600616455078], [202.83200073242188, 117.26399993896484, 218.9600067138672, 155.56800842285156], [179.31201171875, 97.3280029296875, 195.88800048828125, 121.52000427246094], [141.6800079345703, 74.4800033569336, 153.7760009765625, 97.3280029296875]], 'labels': ['human face', 'human face', 'human face', 'human face']}}"
0511,"{'<DENSE_REGION_CAPTION>': {'bboxes': [[9.296000480651855, 54.320003509521484, 104.49600219726562, 223.66400146484375], [50.96000289916992, 67.76000213623047, 67.76000213623047, 112.33600616455078], [202.60800170898438, 117.71200561523438, 218.7360076904297, 156.91200256347656], [181.10400390625, 97.552001953125, 194.99200439453125, 122.41600036621094], [141.6800079345703, 76.72000122070312, 153.3280029296875, 99.12000274658203]], 'labels': ['woman', 'human face', 'human face', 'human face', 'human face']}}"
0512,"{'<DENSE_REGION_CAPTION>': {'bboxes': [[165.42401123046875, 79.40800476074219, 205.07200622558594, 167.44000244140625], [51.40800094604492, 67.98400115966797, 67.98400115966797, 112.56000518798828], [200.59201049804688, 121.52000427246094, 218.7360076904297, 154.0], [186.70401000976562, 93.74400329589844, 198.8000030517578, 119.2800064086914], [145.04000854492188, 76.27200317382812, 156.68800354003906, 99.34400177001953]], 'labels': ['girl', 'human face', 'human face', 'human face', 'human face']}}"
0513,"{'<DENSE_REGION_CAPTION>': {'bboxes': [[9.296000480651855, 54.544002532958984, 105.39200592041016, 223.66400146484375], [161.16799926757812, 162.7360076904297, 223.66400146484375, 223.66400146484375], [166.09600830078125, 80.75199890136719, 208.8800048828125, 166.99200439453125], [120.84800720214844, 62.832000732421875, 160.49600219726562, 147.50399780273438], [205.29600524902344, 90.83200073242188, 223.66400146484375, 181.7760009765625], [51.63199996948242, 68.656005859375, 67.98400115966797, 113.00800323486328], [191.1840057373047, 101.36000061035156, 203.27999877929688, 121.74400329589844], [144.36801147460938, 75.82400512695312, 155.79200744628906, 97.7760009765625]], 'labels': ['woman', 'person', 'person', 'person', 'person', 'human face', 'human face', 'human face']}}"
0514,"{'<DENSE_REGION_CAPTION>': {'bboxes': [[9.968000411987305, 54.544002532958984, 104.94400024414062, 223.66400146484375], [51.40800094604492, 67.98400115966797, 67.76000213623047, 112.78400421142578], [175.27999877929688, 103.3759994506836, 189.8400115966797, 127.79200744628906], [145.93600463867188, 74.0320053100586, 157.80799865722656, 98.44800567626953]], 'labels': ['woman', 'human face', 'human face', 'human face']}}"
0515,"{'<DENSE_REGION_CAPTION>': {'bboxes': [[9.968000411987305, 54.544002532958984, 104.94400024414062, 223.66400146484375], [51.40800094604492, 68.43199920654297, 67.76000213623047, 112.78400421142578], [182.2239990234375, 106.28800201416016, 196.7840118408203, 129.36000061035156], [148.40000915527344, 75.82400512695312, 160.04800415039062, 99.56800079345703]], 'labels': ['girl', 'human face', 'human face', 'human face']}}"
0516,"{'<DENSE_REGION_CAPTION>': {'bboxes': [[9.744000434875488, 52.52799987792969, 106.06400299072266, 223.66400146484375], [161.16799926757812, 152.656005859375, 223.66400146484375, 223.66400146484375], [126.00000762939453, 62.608001708984375, 161.6160125732422, 145.93600463867188], [165.87200927734375, 89.71200561523438, 203.27999877929688, 163.1840057373047], [208.4320068359375, 90.60800170898438, 223.66400146484375, 223.66400146484375], [50.288002014160156, 62.384002685546875, 68.20800018310547, 107.18400573730469], [149.96800231933594, 76.94400024414062, 158.48001098632812, 96.8800048828125]], 'labels': ['person', 'person', 'person', 'person', 'person', 'human face', 'human face']}}"
0517,"{'<DENSE_REGION_CAPTION>': {'bboxes': [[9.744000434875488, 53.20000076293945, 105.61600494384766, 223.66400146484375], [161.8400115966797, 152.8800048828125, 223.66400146484375, 223.66400146484375], [164.9759979248047, 83.44000244140625, 200.36801147460938, 162.7360076904297], [126.44800567626953, 62.608001708984375, 160.49600219726562, 145.93600463867188], [207.760009765625, 88.36800384521484, 223.66400146484375, 187.60000610351562], [48.272003173828125, 61.93600082397461, 66.19200134277344, 109.20000457763672], [147.95201110839844, 77.61600494384766, 156.91200256347656, 97.3280029296875]], 'labels': ['person', 'person', 'person', 'person', 'person', 'human face', 'human face']}}"
0518,"{'<DENSE_REGION_CAPTION>': {'bboxes': [[9.968000411987305, 54.320003509521484, 104.49600219726562, 223.66400146484375], [52.30400085449219, 64.6240005493164, 68.43199920654297, 109.64800262451172], [177.96800231933594, 103.3759994506836, 192.7519989013672, 127.34400177001953], [147.50399780273438, 77.16799926757812, 158.03199768066406, 98.0]], 'labels': ['woman', 'human face', 'human face', 'human face']}}"
0519,"{'<DENSE_REGION_CAPTION>': {'bboxes': [[9.968000411987305, 53.87200164794922, 104.94400024414062, 223.66400146484375], [52.75200271606445, 64.1760025024414, 68.8800048828125, 109.64800262451172], [174.16000366210938, 104.04800415039062, 189.8400115966797, 127.12000274658203], [139.88800048828125, 74.7040023803711, 151.5360107421875, 97.10400390625]], 'labels': ['woman', 'human face', 'human face', 'human face']}}"
0520,"{'<DENSE_REGION_CAPTION>': {'bboxes': [[9.968000411987305, 53.42399978637695, 104.94400024414062, 223.66400146484375], [136.3040008544922, 140.33599853515625, 207.760009765625, 223.66400146484375], [160.49600219726562, 84.11199951171875, 199.2480010986328, 166.09600830078125], [126.44800567626953, 63.952003479003906, 163.1840057373047, 142.5760040283203], [52.52799987792969, 66.19200134277344, 68.8800048828125, 111.44000244140625], [144.36801147460938, 76.72000122070312, 155.79200744628906, 99.12000274658203]], 'labels': ['woman', 'woman', 'woman', 'woman', 'human face', 'human face']}}"
0521,"{'<DENSE_REGION_CAPTION>': {'bboxes': [[9.968000411987305, 54.320003509521484, 106.51200103759766, 223.66400146484375], [52.52799987792969, 67.08800506591797, 68.8800048828125, 111.44000244140625], [143.6959991455078, 77.84000396728516, 155.12001037597656, 99.56800079345703]], 'labels': ['woman', 'human face', 'human face']}}"
0522,"{'<DENSE_REGION_CAPTION>': {'bboxes': [[9.968000411987305, 54.544002532958984, 104.94400024414062, 223.66400146484375], [52.52799987792969, 67.31200408935547, 68.43199920654297, 111.88800048828125], [143.6959991455078, 79.18400573730469, 155.34400939941406, 101.58399963378906]], 'labels': ['woman', 'human face', 'human face']}}"
0523,"{'<DENSE_REGION_CAPTION>': {'bboxes': [[9.968000411987305, 53.87200164794922, 109.87200164794922, 223.66400146484375], [111.21600341796875, 131.82400512695312, 160.27200317382812, 223.66400146484375], [160.94400024414062, 162.0640106201172, 223.66400146484375, 223.66400146484375], [179.31201171875, 70.44800567626953, 213.80801391601562, 171.2480010986328], [126.22400665283203, 63.28000259399414, 161.6160125732422, 145.26400756835938], [203.05599975585938, 91.5040054321289, 223.66400146484375, 207.0880126953125], [0.1120000034570694, 139.44000244140625, 12.656000137329102, 215.82400512695312], [50.512001037597656, 70.0, 66.41600036621094, 113.68000030517578], [143.2480010986328, 79.40800476074219, 154.67201232910156, 100.91200256347656]], 'labels': ['person', 'person', 'person', 'person', 'person', 'person', 'person', 'human face', 'human face']}}"
0524,"{'<DENSE_REGION_CAPTION>': {'bboxes': [[8.848000526428223, 54.992000579833984, 108.08000183105469, 223.66400146484375], [47.82400131225586, 69.3280029296875, 65.52000427246094, 117.04000091552734], [143.2480010986328, 80.30400085449219, 154.67201232910156, 101.58399963378906]], 'labels': ['woman', 'human face', 'human face']}}"
0525,"{'<DENSE_REGION_CAPTION>': {'bboxes': [[9.296000480651855, 57.45600128173828, 106.28800201416016, 223.66400146484375], [108.30400085449219, 136.3040008544922, 160.27200317382812, 223.66400146484375], [126.00000762939453, 62.608001708984375, 167.66400146484375, 147.72801208496094], [177.96800231933594, 70.67200469970703, 212.01600646972656, 171.9199981689453], [165.87200927734375, 167.44000244140625, 218.0640106201172, 223.66400146484375], [204.17601013183594, 91.7280044555664, 223.66400146484375, 223.66400146484375]], 'labels': ['person', 'person', 'person', 'person', 'person', 'person']}}"
0526,"{'<DENSE_REGION_CAPTION>': {'bboxes': [[9.968000411987305, 55.44000244140625, 105.84000396728516, 223.66400146484375], [54.768001556396484, 74.7040023803711, 68.8800048828125, 116.81600189208984], [151.31201171875, 77.39200592041016, 158.25601196289062, 97.7760009765625]], 'labels': ['girl', 'human face', 'human face']}}"
0527,"{'<DENSE_REGION_CAPTION>': {'bboxes': [[9.520000457763672, 54.544002532958984, 101.13600158691406, 223.66400146484375], [52.52799987792969, 70.44800567626953, 67.76000213623047, 113.00800323486328], [142.3520050048828, 74.7040023803711, 154.0, 97.7760009765625]], 'labels': ['woman', 'human face', 'human face']}}"
0528,"{'<DENSE_REGION_CAPTION>': {'bboxes': [[9.296000480651855, 52.30400085449219, 97.7760009765625, 223.66400146484375], [48.272003173828125, 62.832000732421875, 65.52000427246094, 108.30400085449219], [211.12001037597656, 164.0800018310547, 223.66400146484375, 204.17601013183594], [181.3280029296875, 85.90399932861328, 194.99200439453125, 111.44000244140625], [144.1439971923828, 76.04800415039062, 155.56800842285156, 98.44800567626953]], 'labels': ['woman', 'human face', 'human face', 'human face', 'human face']}}"
0529,"{'<DENSE_REGION_CAPTION>': {'bboxes': [[9.296000480651855, 52.30400085449219, 77.39200592041016, 223.66400146484375], [50.064002990722656, 61.71200180053711, 66.41600036621094, 101.58399963378906], [203.95201110839844, 171.4720001220703, 218.9600067138672, 203.50401306152344], [182.89601135253906, 89.71200561523438, 197.4560089111328, 110.99200439453125], [142.1280059814453, 75.1520004272461, 153.7760009765625, 97.3280029296875]], 'labels': ['girl', 'human face', 'human face', 'human face', 'human face']}}"
0530,"{'<DENSE_REGION_CAPTION>': {'bboxes': [[8.848000526428223, 52.97600173950195, 78.95999908447266, 223.66400146484375], [49.61600112915039, 64.8479995727539, 65.74400329589844, 104.72000122070312], [202.16000366210938, 170.8000030517578, 215.82400512695312, 203.27999877929688], [183.12001037597656, 87.47200012207031, 197.6800079345703, 113.90400695800781], [146.60800170898438, 76.49600219726562, 157.13600158691406, 97.10400390625]], 'labels': ['woman', 'human face', 'human face', 'human face', 'human face']}}"
0531,"{'<DENSE_REGION_CAPTION>': {'bboxes': [[8.848000526428223, 52.52799987792969, 81.87200164794922, 223.66400146484375], [48.272003173828125, 65.52000427246094, 64.8479995727539, 111.21600341796875], [201.26400756835938, 172.14401245117188, 217.3920135498047, 203.27999877929688], [184.68800354003906, 88.36800384521484, 198.8000030517578, 109.64800262451172], [141.2320098876953, 77.16799926757812, 151.08799743652344, 98.0]], 'labels': ['woman', 'human face', 'human face', 'human face', 'human face']}}"
0532,"{'<DENSE_REGION_CAPTION>': {'bboxes': [[9.296000480651855, 57.00800323486328, 108.52799987792969, 223.66400146484375], [52.75200271606445, 73.80799865722656, 67.98400115966797, 118.16000366210938], [200.59201049804688, 171.2480010986328, 216.27200317382812, 202.16000366210938], [165.42401123046875, 192.97601318359375, 179.9840087890625, 223.66400146484375], [206.19200134277344, 103.82400512695312, 219.1840057373047, 133.61599731445312], [187.15200805664062, 90.60800170898438, 199.2480010986328, 112.56000518798828], [141.6800079345703, 77.61600494384766, 153.10400390625, 99.34400177001953]], 'labels': ['girl', 'human face', 'human face', 'human face', 'human face', 'human face', 'human face']}}"
0533,"{'<DENSE_REGION_CAPTION>': {'bboxes': [[49.84000015258789, 74.0320053100586, 67.76000213623047, 120.6240005493164], [203.05599975585938, 166.99200439453125, 215.15200805664062, 200.59201049804688], [177.96800231933594, 86.57600402832031, 191.8560028076172, 111.88800048828125], [141.6800079345703, 75.60000610351562, 153.3280029296875, 99.12000274658203]], 'labels': ['human face', 'human face', 'human face', 'human face']}}"
0534,"{'<DENSE_REGION_CAPTION>': {'bboxes': [[9.296000480651855, 57.00800323486328, 101.58399963378906, 223.66400146484375], [49.39200210571289, 73.58399963378906, 67.31200408935547, 119.7280044555664], [196.7840118408203, 167.88800048828125, 208.4320068359375, 200.59201049804688], [165.20001220703125, 100.46400451660156, 178.19200134277344, 123.31200408935547], [141.6800079345703, 79.85600280761719, 153.10400390625, 101.13600158691406]], 'labels': ['woman', 'human face', 'human face', 'human face', 'human face']}}"
0535,"{'<DENSE_REGION_CAPTION>': {'bboxes': [[53.42399978637695, 74.7040023803711, 67.98400115966797, 117.04000091552734], [196.11199951171875, 169.9040069580078, 207.9840087890625, 201.71200561523438], [140.11199951171875, 77.84000396728516, 151.760009765625, 101.58399963378906], [160.94400024414062, 105.39200592041016, 172.36801147460938, 123.08800506591797]], 'labels': ['human face', 'human face', 'human face', 'human face']}}"
0536,"{'<DENSE_REGION_CAPTION>': {'bboxes': [[9.296000480651855, 55.66400146484375, 100.24000549316406, 223.66400146484375], [162.7360076904297, 128.24000549316406, 223.66400146484375, 223.66400146484375], [52.97600173950195, 74.9280014038086, 68.43199920654297, 117.04000091552734], [195.21600341796875, 172.14401245117188, 208.2080078125, 202.83200073242188], [138.99200439453125, 74.2560043334961, 149.74400329589844, 96.8800048828125], [164.0800018310547, 102.9280014038086, 174.83200073242188, 124.20800018310547]], 'labels': ['person', 'person', 'human face', 'human face', 'human face', 'human face']}}"
0537,"{'<DENSE_REGION_CAPTION>': {'bboxes': [[56.112003326416016, 128.68800354003906, 212.24000549316406, 223.66400146484375], [53.42399978637695, 76.27200317382812, 68.20800018310547, 117.48800659179688], [203.27999877929688, 165.87200927734375, 214.25601196289062, 203.27999877929688], [136.0800018310547, 70.89600372314453, 145.93600463867188, 92.6240005493164]], 'labels': ['desk', 'human face', 'human face', 'human face']}}"
0538,"{'<DENSE_REGION_CAPTION>': {'bboxes': [[55.21600341796875, 128.68800354003906, 223.66400146484375, 223.66400146484375], [46.47999954223633, 66.19200134277344, 63.05600357055664, 113.45600128173828], [211.12001037597656, 166.32000732421875, 223.66400146484375, 202.16000366210938], [168.7840118408203, 100.91200256347656, 182.89601135253906, 123.31200408935547], [131.82400512695312, 72.91200256347656, 142.8000030517578, 95.08800506591797]], 'labels': ['desk', 'human face', 'human face', 'human face', 'human face']}}"
0539,"{'<DENSE_REGION_CAPTION>': {'bboxes': [[160.04800415039062, 79.63200378417969, 202.16000366210938, 180.4320068359375], [46.03200149536133, 73.13600158691406, 63.05600357055664, 119.2800064086914], [200.14401245117188, 168.11199951171875, 214.70401000976562, 196.7840118408203], [170.8000030517578, 93.07200622558594, 182.0, 117.93600463867188], [124.656005859375, 99.34400177001953, 134.9600067138672, 119.0560073852539]], 'labels': ['girl', 'human face', 'human face', 'human face', 'human face']}}"
0540,"{'<DENSE_REGION_CAPTION>': {'bboxes': [[7.728000164031982, 56.336002349853516, 99.56800079345703, 223.66400146484375], [167.66400146484375, 37.29600143432617, 223.66400146484375, 158.70401000976562], [171.0240020751953, 149.07200622558594, 223.66400146484375, 223.66400146484375], [117.04000091552734, 67.31200408935547, 156.46400451660156, 144.1439971923828], [190.5120086669922, 115.24800109863281, 208.656005859375, 154.67201232910156], [46.928001403808594, 72.01599884033203, 63.05600357055664, 116.36800384521484], [119.5040054321289, 87.02400207519531, 127.34400177001953, 106.51200103759766]], 'labels': ['woman', 'woman', 'woman', 'woman', 'human face', 'human face', 'human face']}}"
0541,"{'<DENSE_REGION_CAPTION>': {'bboxes': [[7.728000164031982, 57.68000030517578, 99.12000274658203, 223.66400146484375], [47.82400131225586, 73.58399963378906, 63.952003479003906, 118.16000366210938], [200.59201049804688, 160.72000122070312, 215.37600708007812, 195.88800048828125], [128.91200256347656, 63.952003479003906, 139.44000244140625, 85.45600128173828]], 'labels': ['girl', 'human face', 'human face', 'human face']}}"
0542,"{'<DENSE_REGION_CAPTION>': {'bboxes': [[7.728000164031982, 56.336002349853516, 102.0320053100586, 223.66400146484375], [169.2320098876953, 93.52000427246094, 223.66400146484375, 223.66400146484375], [117.93600463867188, 56.560001373291016, 159.60000610351562, 146.38400268554688], [48.720001220703125, 71.79199981689453, 64.6240005493164, 115.69600677490234], [134.5120086669922, 68.43199920654297, 143.6959991455078, 90.83200073242188]], 'labels': ['woman', 'woman', 'woman', 'human face', 'human face']}}"
0543,"{'<DENSE_REGION_CAPTION>': {'bboxes': [[9.296000480651855, 54.768001556396484, 103.1520004272461, 223.66400146484375], [131.37600708007812, 134.9600067138672, 208.4320068359375, 223.66400146484375], [125.552001953125, 65.29600524902344, 167.44000244140625, 152.2080078125], [49.61600112915039, 68.43199920654297, 65.29600524902344, 113.45600128173828], [169.2320098876953, 179.31201171875, 188.94400024414062, 205.29600524902344], [141.6800079345703, 87.02400207519531, 153.10400390625, 105.84000396728516]], 'labels': ['girl', 'girl', 'girl', 'human face', 'human face', 'human face']}}"
0544,"{'<DENSE_REGION_CAPTION>': {'bboxes': [[9.296000480651855, 54.544002532958984, 105.84000396728516, 223.66400146484375], [136.3040008544922, 148.17601013183594, 206.41600036621094, 223.66400146484375], [180.4320068359375, 139.44000244140625, 223.66400146484375, 223.66400146484375], [124.8800048828125, 70.44800567626953, 167.44000244140625, 152.656005859375], [166.09600830078125, 74.0320053100586, 208.4320068359375, 148.62400817871094], [197.0080108642578, 93.52000427246094, 223.66400146484375, 188.72000122070312], [50.064002990722656, 69.3280029296875, 65.96800231933594, 115.02400207519531], [140.7840118408203, 88.14400482177734, 150.41600036621094, 108.52799987792969]], 'labels': ['woman', 'woman', 'woman', 'woman', 'woman', 'woman', 'human face', 'human face']}}"
0545,"{'<DENSE_REGION_CAPTION>': {'bboxes': [[8.848000526428223, 53.64800262451172, 103.1520004272461, 223.66400146484375], [122.41600036621094, 127.12000274658203, 223.66400146484375, 223.66400146484375], [122.64000701904297, 127.12000274658203, 190.5120086669922, 223.66400146484375], [163.4080047607422, 71.56800079345703, 205.29600524902344, 176.40000915527344], [196.33599853515625, 93.74400329589844, 223.66400146484375, 223.66400146484375], [125.7760009765625, 72.91200256347656, 166.76800537109375, 147.05599975585938], [50.064002990722656, 67.08800506591797, 65.96800231933594, 112.78400421142578], [196.7840118408203, 116.59200286865234, 206.41600036621094, 149.74400329589844], [136.7519989013672, 92.1760025024414, 145.93600463867188, 112.11200714111328], [177.74400329589844, 83.21600341796875, 186.92800903320312, 100.46400451660156]], 'labels': ['woman', 'woman', 'woman', 'woman', 'woman', 'woman', 'human face', 'human face', 'human face', 'human face']}}"
0546,"{'<DENSE_REGION_CAPTION>': {'bboxes': [[8.848000526428223, 54.09600067138672, 100.91200256347656, 223.66400146484375], [121.96800231933594, 126.00000762939453, 189.16799926757812, 223.66400146484375], [171.9199981689453, 92.8479995727539, 223.66400146484375, 223.66400146484375], [167.21600341796875, 73.36000061035156, 207.5360107421875, 179.31201171875], [127.56800079345703, 71.56800079345703, 166.54400634765625, 139.88800048828125], [49.84000015258789, 67.08800506591797, 65.29600524902344, 113.45600128173828], [138.09600830078125, 89.48799896240234, 147.72801208496094, 110.31999969482422]], 'labels': ['woman', 'person', 'woman', 'woman', 'woman', 'human face', 'human face']}}"
0547,"{'<DENSE_REGION_CAPTION>': {'bboxes': [[9.968000411987305, 54.544002532958984, 98.67200469970703, 223.66400146484375], [116.81600189208984, 123.53600311279297, 183.34400939941406, 223.66400146484375], [169.0080108642578, 155.56800842285156, 223.66400146484375, 223.66400146484375], [168.11199951171875, 73.80799865722656, 210.44801330566406, 160.27200317382812], [199.4720001220703, 91.9520034790039, 223.66400146484375, 223.66400146484375], [131.15200805664062, 75.1520004272461, 162.2880096435547, 135.4080047607422], [50.96000289916992, 66.19200134277344, 65.96800231933594, 110.76800537109375], [199.4720001220703, 113.00800323486328, 208.4320068359375, 146.83200073242188], [138.09600830078125, 96.43199920654297, 150.41600036621094, 117.26399993896484]], 'labels': ['person', 'person', 'person', 'person', 'person', 'person', 'human face', 'human face', 'human face']}}"
0548,"{'<DENSE_REGION_CAPTION>': {'bboxes': [[109.42400360107422, 126.44800567626953, 173.93600463867188, 223.66400146484375], [168.5600128173828, 150.19200134277344, 223.66400146484375, 223.66400146484375], [171.6959991455078, 74.4800033569336, 210.89601135253906, 155.12001037597656], [199.0240020751953, 92.8479995727539, 223.66400146484375, 216.04800415039062], [128.24000549316406, 76.94400024414062, 163.1840057373047, 146.83200073242188], [45.58399963378906, 61.93600082397461, 62.832000732421875, 106.28800201416016], [173.93600463867188, 187.37600708007812, 195.44000244140625, 223.66400146484375], [134.9600067138672, 102.0320053100586, 147.72801208496094, 119.2800064086914]], 'labels': ['man', 'person', 'woman', 'woman', 'woman', 'human face', 'human face', 'human face']}}"
0549,"{'<DENSE_REGION_CAPTION>': {'bboxes': [[46.47999954223633, 64.6240005493164, 63.28000259399414, 110.54400634765625], [174.60800170898438, 186.92800903320312, 193.20001220703125, 221.64801025390625], [138.09600830078125, 96.20800018310547, 151.08799743652344, 114.12800598144531], [8.848000526428223, 53.42399978637695, 102.7040023803711, 223.66400146484375], [115.24800109863281, 127.34400177001953, 178.19200134277344, 223.66400146484375], [168.7840118408203, 149.29600524902344, 223.66400146484375, 223.66400146484375], [197.6800079345703, 92.8479995727539, 223.66400146484375, 223.66400146484375], [168.5600128173828, 73.80799865722656, 205.74400329589844, 156.24000549316406], [132.04800415039062, 72.24000549316406, 164.0800018310547, 143.4720001220703]], 'labels': ['human face', 'human face', 'human face', 'woman', 'woman', 'woman', 'woman', 'woman', 'woman']}}"
0550,"{'<DENSE_REGION_CAPTION>': {'bboxes': [[7.728000164031982, 54.992000579833984, 101.13600158691406, 223.66400146484375], [111.21600341796875, 128.24000549316406, 175.72801208496094, 223.66400146484375], [172.59201049804688, 147.27999877929688, 223.66400146484375, 223.66400146484375], [165.64801025390625, 74.4800033569336, 207.31201171875, 153.3280029296875], [196.7840118408203, 92.6240005493164, 223.66400146484375, 215.82400512695312], [133.39199829101562, 72.68800354003906, 165.42401123046875, 148.17601013183594], [47.37600326538086, 68.43199920654297, 64.1760025024414, 115.02400207519531], [175.95201110839844, 185.36000061035156, 193.20001220703125, 218.5120086669922], [197.6800079345703, 118.38400268554688, 207.0880126953125, 151.760009765625], [141.9040069580078, 98.0, 154.447998046875, 115.69600677490234]], 'labels': ['woman', 'woman', 'woman', 'woman', 'woman', 'woman', 'human face', 'human face', 'human face', 'human face']}}"
0551,"{'<DENSE_REGION_CAPTION>': {'bboxes': [[9.296000480651855, 54.544002532958984, 112.33600616455078, 223.66400146484375], [50.96000289916992, 67.98400115966797, 67.76000213623047, 114.35200500488281], [200.14401245117188, 184.01600646972656, 216.94400024414062, 221.64801025390625], [195.44000244140625, 122.64000701904297, 211.34400939941406, 155.56800842285156], [132.49600219726562, 102.2560043334961, 144.81600952148438, 119.2800064086914]], 'labels': ['woman', 'human face', 'human face', 'human face', 'human face']}}"
0552,"{'<DENSE_REGION_CAPTION>': {'bboxes': [[9.296000480651855, 56.112003326416016, 105.84000396728516, 223.66400146484375], [121.29600524902344, 134.2880096435547, 179.760009765625, 223.66400146484375], [169.6800079345703, 148.17601013183594, 223.66400146484375, 223.66400146484375], [171.0240020751953, 74.9280014038086, 208.656005859375, 165.42401123046875], [124.8800048828125, 94.41600036621094, 164.7519989013672, 149.07200622558594], [194.09600830078125, 112.33600616455078, 214.92800903320312, 151.760009765625], [52.30400085449219, 73.13600158691406, 67.98400115966797, 117.04000091552734], [187.15200805664062, 188.04800415039062, 203.50401306152344, 216.04800415039062], [182.67201232910156, 89.26399993896484, 195.88800048828125, 110.76800537109375], [129.58399963378906, 122.19200134277344, 142.1280059814453, 136.5279998779297]], 'labels': ['person', 'person', 'person', 'person', 'person', 'human face', 'human face', 'human face', 'human face', 'human face']}}"
0553,"{'<DENSE_REGION_CAPTION>': {'bboxes': [[9.744000434875488, 55.44000244140625, 110.76800537109375, 223.66400146484375], [118.38400268554688, 131.15200805664062, 179.9840087890625, 223.66400146484375], [167.44000244140625, 158.48001098632812, 223.66400146484375, 223.66400146484375], [169.2320098876953, 74.7040023803711, 207.31201171875, 169.9040069580078], [195.66400146484375, 93.74400329589844, 223.66400146484375, 205.74400329589844], [130.48001098632812, 69.552001953125, 166.76800537109375, 148.84800720214844], [0.1120000034570694, 141.0080108642578, 11.760000228881836, 215.37600708007812]], 'labels': ['person', 'person', 'person', 'person', 'person', 'person', 'person']}}"
0554,"{'<DENSE_REGION_CAPTION>': {'bboxes': [[9.968000411987305, 55.88800048828125, 106.96000671386719, 223.66400146484375], [201.93600463867188, 107.63200378417969, 219.4080047607422, 153.7760009765625], [53.64800262451172, 75.3759994506836, 69.10400390625, 117.26399993896484], [142.1280059814453, 85.00800323486328, 154.0, 104.27200317382812]], 'labels': ['girl', 'human face', 'human face', 'human face']}}"
0555,"{'<DENSE_REGION_CAPTION>': {'bboxes': [[127.12000274658203, 67.08800506591797, 168.33599853515625, 145.71200561523438], [183.79200744628906, 189.16799926757812, 211.34400939941406, 223.66400146484375], [55.21600341796875, 79.63200378417969, 70.67200469970703, 118.83200073242188], [189.39199829101562, 130.25599670410156, 204.40000915527344, 157.80799865722656], [147.72801208496094, 84.11199951171875, 159.82400512695312, 105.84000396728516]], 'labels': ['girl', 'human face', 'human face', 'human face', 'human face']}}"
0556,"{'<DENSE_REGION_CAPTION>': {'bboxes': [[9.296000480651855, 57.00800323486328, 112.78400421142578, 223.66400146484375], [183.79200744628906, 195.66400146484375, 206.19200134277344, 223.66400146484375], [55.44000244140625, 78.28800201416016, 70.2239990234375, 118.60800170898438], [189.39199829101562, 128.91200256347656, 202.83200073242188, 157.36000061035156], [128.46400451660156, 108.08000183105469, 138.76800537109375, 124.8800048828125]], 'labels': ['girl', 'human face', 'human face', 'human face', 'human face']}}"
0557,"{'<DENSE_REGION_CAPTION>': {'bboxes': [[9.296000480651855, 55.66400146484375, 107.40800476074219, 223.66400146484375], [51.63199996948242, 72.91200256347656, 68.43199920654297, 117.04000091552734], [202.60800170898438, 158.03199768066406, 218.5120086669922, 200.14401245117188], [133.61599731445312, 75.1520004272461, 147.05599975585938, 98.0]], 'labels': ['woman', 'human face', 'human face', 'human face']}}"
0558,"{'<DENSE_REGION_CAPTION>': {'bboxes': [[9.296000480651855, 56.336002349853516, 108.97600555419922, 223.66400146484375], [118.60800170898438, 128.01600646972656, 177.52000427246094, 223.66400146484375], [127.12000274658203, 47.152000427246094, 171.6959991455078, 146.60800170898438], [169.0080108642578, 74.4800033569336, 204.84800720214844, 171.9199981689453], [50.96000289916992, 74.4800033569336, 68.43199920654297, 118.60800170898438], [190.5120086669922, 169.9040069580078, 207.5360107421875, 204.84800720214844], [132.04800415039062, 78.51200103759766, 145.71200561523438, 99.34400177001953]], 'labels': ['girl', 'girl', 'girl', 'girl', 'human face', 'human face', 'human face']}}"
0559,"{'<DENSE_REGION_CAPTION>': {'bboxes': [[9.520000457763672, 56.112003326416016, 107.63200378417969, 223.66400146484375], [51.40800094604492, 74.7040023803711, 68.43199920654297, 117.26399993896484], [186.03201293945312, 173.04000854492188, 200.36801147460938, 211.79200744628906], [129.13600158691406, 79.40800476074219, 141.0080108642578, 99.12000274658203]], 'labels': ['girl', 'human face', 'human face', 'human face']}}"
0560,"{'<DENSE_REGION_CAPTION>': {'bboxes': [[185.36000061035156, 172.81600952148438, 208.8800048828125, 211.79200744628906], [52.30400085449219, 76.27200317382812, 68.43199920654297, 117.71200561523438], [130.70401000976562, 80.75199890136719, 143.0240020751953, 100.46400451660156]], 'labels': ['human face', 'human face', 'human face']}}"
0561,"{'<DENSE_REGION_CAPTION>': {'bboxes': [[7.728000164031982, 55.66400146484375, 108.75200653076172, 223.66400146484375], [53.42399978637695, 74.0320053100586, 68.8800048828125, 116.81600189208984], [184.68800354003906, 188.27200317382812, 207.5360107421875, 215.37600708007812], [131.15200805664062, 81.20000457763672, 143.4720001220703, 100.91200256347656]], 'labels': ['woman', 'human face', 'human face', 'human face']}}"
0562,"{'<DENSE_REGION_CAPTION>': {'bboxes': [[9.296000480651855, 56.112003326416016, 108.30400085449219, 223.66400146484375], [115.92000579833984, 130.03199768066406, 179.5360107421875, 223.66400146484375], [125.7760009765625, 51.63199996948242, 175.95201110839844, 146.60800170898438], [54.09600067138672, 76.27200317382812, 69.10400390625, 116.59200286865234], [185.58399963378906, 183.34400939941406, 203.27999877929688, 211.56800842285156], [130.03199768066406, 80.52799987792969, 142.5760040283203, 101.13600158691406]], 'labels': ['woman', 'woman', 'woman', 'human face', 'human face', 'human face']}}"
0563,"{'<DENSE_REGION_CAPTION>': {'bboxes': [[9.296000480651855, 55.88800048828125, 106.06400299072266, 223.66400146484375], [118.60800170898438, 131.60000610351562, 179.760009765625, 223.66400146484375], [187.82400512695312, 95.08800506591797, 223.66400146484375, 223.66400146484375], [127.56800079345703, 50.288002014160156, 175.05599975585938, 140.11199951171875], [164.9759979248047, 74.2560043334961, 209.552001953125, 175.95201110839844], [188.49600219726562, 117.71200561523438, 204.84800720214844, 159.37600708007812], [54.09600067138672, 75.82400512695312, 69.3280029296875, 117.26399993896484], [174.16000366210938, 93.07200622558594, 187.60000610351562, 116.81600189208984], [130.48001098632812, 80.97600555419922, 142.8000030517578, 100.91200256347656]], 'labels': ['girl', 'girl', 'girl', 'girl', 'girl', 'human face', 'human face', 'human face', 'human face']}}"
0564,"{'<DENSE_REGION_CAPTION>': {'bboxes': [[8.848000526428223, 55.66400146484375, 104.04800415039062, 223.66400146484375], [115.47200012207031, 129.36000061035156, 177.74400329589844, 223.66400146484375], [164.9759979248047, 69.552001953125, 211.12001037597656, 165.87200927734375], [126.89600372314453, 58.80000305175781, 173.26400756835938, 138.76800537109375], [187.60000610351562, 145.71200561523438, 223.66400146484375, 223.66400146484375], [187.15200805664062, 101.58399963378906, 223.66400146484375, 157.36000061035156], [53.87200164794922, 74.0320053100586, 69.3280029296875, 115.69600677490234], [174.16000366210938, 90.83200073242188, 188.27200317382812, 110.99200439453125], [137.42401123046875, 74.9280014038086, 149.52000427246094, 97.7760009765625]], 'labels': ['woman', 'person', 'person', 'person', 'person', 'person', 'human face', 'human face', 'human face']}}"
0565,"{'<DENSE_REGION_CAPTION>': {'bboxes': [[7.728000164031982, 55.66400146484375, 104.04800415039062, 223.66400146484375], [188.94400024414062, 187.82400512695312, 211.34400939941406, 223.66400146484375], [188.72000122070312, 119.7280044555664, 204.17601013183594, 159.60000610351562], [54.09600067138672, 74.7040023803711, 69.3280029296875, 115.02400207519531], [186.25601196289062, 90.60800170898438, 202.60800170898438, 115.47200012207031], [143.0240020751953, 79.18400573730469, 156.46400451660156, 100.01600646972656]], 'labels': ['woman', 'human face', 'human face', 'human face', 'human face', 'human face']}}"
0566,"{'<DENSE_REGION_CAPTION>': {'bboxes': [[8.848000526428223, 56.112003326416016, 106.06400299072266, 223.66400146484375], [53.87200164794922, 74.7040023803711, 69.3280029296875, 115.69600677490234], [184.01600646972656, 83.21600341796875, 198.3520050048828, 108.75200653076172], [141.2320098876953, 77.16799926757812, 153.10400390625, 98.67200469970703]], 'labels': ['woman', 'human face', 'human face', 'human face']}}"
0567,"{'<DENSE_REGION_CAPTION>': {'bboxes': [[7.056000232696533, 56.336002349853516, 105.84000396728516, 223.66400146484375], [118.16000366210938, 130.92800903320312, 177.74400329589844, 223.66400146484375], [166.76800537109375, 73.80799865722656, 209.552001953125, 170.8000030517578], [127.12000274658203, 59.47200012207031, 168.11199951171875, 148.84800720214844], [188.72000122070312, 119.2800064086914, 205.74400329589844, 160.27200317382812], [53.64800262451172, 75.82400512695312, 69.552001953125, 116.36800384521484], [183.12001037597656, 81.42400360107422, 196.7840118408203, 107.63200378417969], [143.6959991455078, 79.85600280761719, 155.34400939941406, 99.56800079345703]], 'labels': ['woman', 'woman', 'woman', 'woman', 'human face', 'human face', 'human face', 'human face']}}"
0568,"{'<DENSE_REGION_CAPTION>': {'bboxes': [[188.94400024414062, 115.92000579833984, 206.19200134277344, 160.27200317382812], [53.64800262451172, 75.82400512695312, 69.3280029296875, 116.36800384521484], [181.552001953125, 84.78400421142578, 194.76800537109375, 112.56000518798828], [143.4720001220703, 80.97600555419922, 154.67201232910156, 99.34400177001953]], 'labels': ['human face', 'human face', 'human face', 'human face']}}"
0569,"{'<DENSE_REGION_CAPTION>': {'bboxes': [[7.728000164031982, 52.52799987792969, 106.96000671386719, 223.66400146484375], [48.944000244140625, 67.31200408935547, 65.29600524902344, 112.56000518798828], [188.94400024414062, 117.71200561523438, 203.72801208496094, 161.8400115966797], [181.7760009765625, 84.78400421142578, 194.76800537109375, 115.02400207519531], [141.6800079345703, 77.84000396728516, 153.10400390625, 98.22400665283203]], 'labels': ['woman', 'human face', 'human face', 'human face', 'human face']}}"
0570,"{'<DENSE_REGION_CAPTION>': {'bboxes': [[7.728000164031982, 54.992000579833984, 106.96000671386719, 223.66400146484375], [48.04800033569336, 69.3280029296875, 63.952003479003906, 114.80000305175781], [187.15200805664062, 122.19200134277344, 200.14401245117188, 162.9600067138672], [182.447998046875, 91.05599975585938, 195.88800048828125, 117.26399993896484], [141.9040069580078, 79.63200378417969, 153.552001953125, 99.56800079345703]], 'labels': ['woman', 'human face', 'human face', 'human face', 'human face']}}"
0571,"{'<DENSE_REGION_CAPTION>': {'bboxes': [[8.848000526428223, 54.544002532958984, 108.30400085449219, 223.66400146484375], [47.82400131225586, 67.76000213623047, 63.952003479003906, 113.00800323486328], [186.70401000976562, 121.96800231933594, 200.36801147460938, 161.6160125732422], [176.84800720214844, 95.53600311279297, 190.0640106201172, 116.59200286865234], [138.54400634765625, 73.80799865722656, 149.74400329589844, 95.76000213623047]], 'labels': ['woman', 'human face', 'human face', 'human face', 'human face']}}"
0572,"{'<DENSE_REGION_CAPTION>': {'bboxes': [[7.728000164031982, 54.544002532958984, 107.85600280761719, 223.66400146484375], [46.704002380371094, 67.08800506591797, 63.50400161743164, 114.57600402832031], [185.58399963378906, 121.74400329589844, 201.04000854492188, 164.5279998779297], [177.29600524902344, 84.33600616455078, 191.1840057373047, 113.45600128173828], [140.11199951171875, 73.80799865722656, 151.760009765625, 95.76000213623047]], 'labels': ['woman', 'human face', 'human face', 'human face', 'human face']}}"
0573,"{'<DENSE_REGION_CAPTION>': {'bboxes': [[7.728000164031982, 55.44000244140625, 108.30400085449219, 223.66400146484375], [46.03200149536133, 67.98400115966797, 63.05600357055664, 113.90400695800781], [186.48001098632812, 120.6240005493164, 199.6959991455078, 156.01600646972656], [181.7760009765625, 84.33600616455078, 193.64801025390625, 108.52799987792969], [140.7840118408203, 76.72000122070312, 152.4320068359375, 99.12000274658203]], 'labels': ['woman', 'human face', 'human face', 'human face', 'human face']}}"
0574,"{'<DENSE_REGION_CAPTION>': {'bboxes': [[8.848000526428223, 55.66400146484375, 108.75200653076172, 223.66400146484375], [45.58399963378906, 68.8800048828125, 63.05600357055664, 115.02400207519531], [181.7760009765625, 167.66400146484375, 198.3520050048828, 194.54400634765625], [181.10400390625, 84.11199951171875, 194.76800537109375, 110.99200439453125], [139.44000244140625, 73.58399963378906, 150.86399841308594, 95.08800506591797]], 'labels': ['girl', 'human face', 'human face', 'human face', 'human face']}}"
0575,"{'<DENSE_REGION_CAPTION>': {'bboxes': [[7.728000164031982, 53.20000076293945, 107.85600280761719, 223.66400146484375], [46.928001403808594, 66.19200134277344, 63.28000259399414, 112.11200714111328], [186.70401000976562, 158.03199768066406, 203.05599975585938, 193.87200927734375], [182.2239990234375, 84.33600616455078, 195.88800048828125, 111.88800048828125], [135.4080047607422, 76.27200317382812, 148.62400817871094, 99.79199981689453]], 'labels': ['woman', 'human face', 'human face', 'human face', 'human face']}}"
0576,"{'<DENSE_REGION_CAPTION>': {'bboxes': [[46.928001403808594, 66.63999938964844, 63.05600357055664, 112.33600616455078], [190.5120086669922, 159.60000610351562, 205.07200622558594, 195.21600341796875], [133.39199829101562, 78.28800201416016, 146.60800170898438, 101.13600158691406]], 'labels': ['human face', 'human face', 'human face']}}"
0577,"{'<DENSE_REGION_CAPTION>': {'bboxes': [[9.072000503540039, 53.87200164794922, 109.42400360107422, 223.66400146484375], [47.37600326538086, 70.0, 63.952003479003906, 115.92000579833984], [191.8560028076172, 160.04800415039062, 204.84800720214844, 196.5600128173828], [179.0880126953125, 84.56000518798828, 191.8560028076172, 110.99200439453125], [134.5120086669922, 78.28800201416016, 146.60800170898438, 101.13600158691406]], 'labels': ['girl', 'human face', 'human face', 'human face', 'human face']}}"
0578,"{'<DENSE_REGION_CAPTION>': {'bboxes': [[9.296000480651855, 59.69600296020508, 105.84000396728516, 223.66400146484375], [53.42399978637695, 74.7040023803711, 70.2239990234375, 121.74400329589844], [188.72000122070312, 161.8400115966797, 201.71200561523438, 196.7840118408203], [132.72000122070312, 78.06400299072266, 144.81600952148438, 101.58399963378906]], 'labels': ['woman', 'human face', 'human face', 'human face']}}"
0579,"{'<DENSE_REGION_CAPTION>': {'bboxes': [[47.37600326538086, 70.44800567626953, 64.1760025024414, 116.36800384521484], [192.3040008544922, 150.19200134277344, 203.05599975585938, 188.49600219726562], [131.82400512695312, 79.40800476074219, 143.9199981689453, 102.2560043334961]], 'labels': ['human face', 'human face', 'human face']}}"
0580,"{'<DENSE_REGION_CAPTION>': {'bboxes': [[9.296000480651855, 54.544002532958984, 109.87200164794922, 223.66400146484375], [50.064002990722656, 70.67200469970703, 65.0719985961914, 113.68000030517578], [184.46400451660156, 164.5279998779297, 196.5600128173828, 198.1280059814453], [131.15200805664062, 78.95999908447266, 143.6959991455078, 102.7040023803711], [184.68800354003906, 85.68000030517578, 199.92001342773438, 104.04800415039062]], 'labels': ['girl', 'human face', 'human face', 'human face', 'human face']}}"
0581,"{'<DENSE_REGION_CAPTION>': {'bboxes': [[193.87200927734375, 161.39199829101562, 214.03201293945312, 198.3520050048828], [50.96000289916992, 71.56800079345703, 65.29600524902344, 115.02400207519531], [180.4320068359375, 85.00800323486328, 193.87200927734375, 111.44000244140625], [127.79200744628906, 86.35200500488281, 141.0080108642578, 106.28800201416016]], 'labels': ['human face', 'human face', 'human face', 'human face']}}"
0582,"{'<DENSE_REGION_CAPTION>': {'bboxes': [[9.968000411987305, 55.66400146484375, 111.66400146484375, 223.66400146484375], [125.3280029296875, 151.760009765625, 188.72000122070312, 223.66400146484375], [188.94400024414062, 124.20800018310547, 223.66400146484375, 223.66400146484375], [123.76000213623047, 65.96800231933594, 157.36000061035156, 152.2080078125], [191.6320037841797, 164.7519989013672, 209.3280029296875, 199.92001342773438], [54.992000579833984, 74.9280014038086, 69.10400390625, 114.57600402832031], [177.96800231933594, 87.02400207519531, 190.9600067138672, 112.56000518798828], [135.1840057373047, 76.49600219726562, 147.05599975585938, 98.44800567626953]], 'labels': ['person', 'person', 'person', 'person', 'human face', 'human face', 'human face', 'human face']}}"
0583,"{'<DENSE_REGION_CAPTION>': {'bboxes': [[7.728000164031982, 60.816001892089844, 111.21600341796875, 223.66400146484375], [124.8800048828125, 146.16000366210938, 184.91200256347656, 223.66400146484375], [190.5120086669922, 124.8800048828125, 223.66400146484375, 223.66400146484375], [168.33599853515625, 77.61600494384766, 204.40000915527344, 171.9199981689453], [121.52000427246094, 65.0719985961914, 158.70401000976562, 151.31201171875]], 'labels': ['person', 'person', 'person', 'woman', 'woman']}}"
0584,"{'<DENSE_REGION_CAPTION>': {'bboxes': [[9.520000457763672, 60.816001892089844, 110.76800537109375, 223.66400146484375], [192.0800018310547, 161.8400115966797, 207.760009765625, 199.0240020751953], [166.76800537109375, 94.19200134277344, 179.9840087890625, 119.9520034790039], [64.8479995727539, 94.41600036621094, 76.94400024414062, 119.5040054321289], [134.7360076904297, 79.85600280761719, 146.83200073242188, 102.7040023803711]], 'labels': ['girl', 'human face', 'human face', 'human face', 'human face']}}"
0585,"{'<DENSE_REGION_CAPTION>': {'bboxes': [[47.37600326538086, 65.0719985961914, 63.952003479003906, 110.76800537109375], [192.0800018310547, 162.5120086669922, 206.19200134277344, 199.4720001220703], [134.9600067138672, 78.95999908447266, 147.27999877929688, 102.9280014038086]], 'labels': ['human face', 'human face', 'human face']}}"
0586,"{'<DENSE_REGION_CAPTION>': {'bboxes': [[47.82400131225586, 71.56800079345703, 65.29600524902344, 117.71200561523438], [191.1840057373047, 162.7360076904297, 205.07200622558594, 199.6959991455078], [135.4080047607422, 83.21600341796875, 147.27999877929688, 104.94400024414062], [160.94400024414062, 106.28800201416016, 171.4720001220703, 125.7760009765625]], 'labels': ['human face', 'human face', 'human face', 'human face']}}"
0587,"{'<DENSE_REGION_CAPTION>': {'bboxes': [[51.40800094604492, 71.12000274658203, 68.656005859375, 116.36800384521484], [133.61599731445312, 186.03201293945312, 148.84800720214844, 223.66400146484375], [190.5120086669922, 162.7360076904297, 204.40000915527344, 199.92001342773438], [158.03199768066406, 98.22400665283203, 170.5760040283203, 125.552001953125], [136.5279998779297, 78.51200103759766, 148.62400817871094, 102.2560043334961], [9.520000457763672, 58.12800216674805, 105.84000396728516, 223.66400146484375], [155.12001037597656, 53.42399978637695, 212.68800354003906, 169.4560089111328]], 'labels': ['human face', 'human face', 'human face', 'human face', 'human face', 'woman', 'woman']}}"
0588,"{'<DENSE_REGION_CAPTION>': {'bboxes': [[132.49600219726562, 172.81600952148438, 150.41600036621094, 223.66400146484375], [49.16800308227539, 74.4800033569336, 66.41600036621094, 121.29600524902344], [190.5120086669922, 162.2880096435547, 203.72801208496094, 198.8000030517578], [166.99200439453125, 101.13600158691406, 181.3280029296875, 127.12000274658203], [135.6320037841797, 76.94400024414062, 147.50399780273438, 100.68800354003906]], 'labels': ['human face', 'human face', 'human face', 'human face', 'human face']}}"
0589,"{'<DENSE_REGION_CAPTION>': {'bboxes': [[9.296000480651855, 59.02400207519531, 99.12000274658203, 223.66400146484375], [131.37600708007812, 158.48001098632812, 190.7360076904297, 223.66400146484375], [188.49600219726562, 125.3280029296875, 223.66400146484375, 223.66400146484375], [124.20800018310547, 63.952003479003906, 158.03199768066406, 149.52000427246094], [161.39199829101562, 87.24800109863281, 193.20001220703125, 169.4560089111328], [187.60000610351562, 98.67200469970703, 223.66400146484375, 155.34400939941406], [50.512001037597656, 77.39200592041016, 67.31200408935547, 121.29600524902344], [190.7360076904297, 159.60000610351562, 205.07200622558594, 197.9040069580078], [136.9759979248047, 78.06400299072266, 149.07200622558594, 101.58399963378906], [163.8560028076172, 103.60000610351562, 173.48800659179688, 128.91200256347656]], 'labels': ['girl', 'girl', 'girl', 'girl', 'girl', 'girl', 'human face', 'human face', 'human face', 'human face']}}"
0590,"{'<DENSE_REGION_CAPTION>': {'bboxes': [[188.04800415039062, 126.00000762939453, 223.66400146484375, 223.66400146484375], [50.512001037597656, 72.46400451660156, 67.31200408935547, 118.60800170898438], [190.0640106201172, 162.0640106201172, 204.17601013183594, 200.14401245117188], [136.9759979248047, 78.28800201416016, 149.29600524902344, 102.0320053100586], [166.32000732421875, 106.28800201416016, 176.17601013183594, 130.03199768066406]], 'labels': ['girl', 'human face', 'human face', 'human face', 'human face']}}"
0591,"{'<DENSE_REGION_CAPTION>': {'bboxes': [[56.784000396728516, 127.56800079345703, 199.2480010986328, 223.66400146484375], [50.064002990722656, 73.13600158691406, 65.96800231933594, 118.83200073242188], [188.72000122070312, 164.3040008544922, 202.16000366210938, 203.27999877929688], [136.9759979248047, 78.95999908447266, 149.29600524902344, 102.2560043334961], [166.99200439453125, 105.39200592041016, 176.84800720214844, 129.36000061035156]], 'labels': ['desk', 'human face', 'human face', 'human face', 'human face']}}"
0592,"{'<DENSE_REGION_CAPTION>': {'bboxes': [[49.84000015258789, 74.4800033569336, 65.52000427246094, 121.52000427246094], [170.3520050048828, 105.39200592041016, 184.46400451660156, 130.48001098632812], [136.7519989013672, 79.40800476074219, 148.62400817871094, 102.4800033569336], [8.40000057220459, 58.12800216674805, 99.12000274658203, 223.66400146484375], [188.04800415039062, 99.12000274658203, 223.66400146484375, 223.66400146484375], [162.9600067138672, 155.12001037597656, 223.66400146484375, 223.66400146484375], [123.08800506591797, 64.6240005493164, 157.80799865722656, 153.10400390625], [163.4080047607422, 86.35200500488281, 192.5279998779297, 164.0800018310547]], 'labels': ['human face', 'human face', 'human face', 'woman', 'woman', 'woman', 'woman', 'woman']}}"
0593,"{'<DENSE_REGION_CAPTION>': {'bboxes': [[49.84000015258789, 78.06400299072266, 65.96800231933594, 123.08800506591797], [189.39199829101562, 117.71200561523438, 205.07200622558594, 146.83200073242188], [170.1280059814453, 102.4800033569336, 182.67201232910156, 127.56800079345703], [136.5279998779297, 79.63200378417969, 148.62400817871094, 102.2560043334961], [8.848000526428223, 59.02400207519531, 99.12000274658203, 223.66400146484375], [187.15200805664062, 97.7760009765625, 223.66400146484375, 223.66400146484375], [127.56800079345703, 176.84800720214844, 220.5279998779297, 223.66400146484375], [123.08800506591797, 64.6240005493164, 157.80799865722656, 153.10400390625], [163.4080047607422, 86.12800598144531, 194.32000732421875, 171.4720001220703]], 'labels': ['human face', 'human face', 'human face', 'human face', 'woman', 'woman', 'woman', 'woman', 'woman']}}"
0594,"{'<DENSE_REGION_CAPTION>': {'bboxes': [[191.1840057373047, 107.18400573730469, 214.03201293945312, 167.88800048828125], [49.84000015258789, 78.51200103759766, 65.96800231933594, 123.31200408935547], [136.9759979248047, 79.18400573730469, 149.07200622558594, 102.2560043334961]], 'labels': ['human face', 'human face', 'human face']}}"
0595,"{'<DENSE_REGION_CAPTION>': {'bboxes': [[56.112003326416016, 127.79200744628906, 198.1280059814453, 223.66400146484375], [188.49600219726562, 91.2800064086914, 223.66400146484375, 223.66400146484375], [50.736000061035156, 78.51200103759766, 66.41600036621094, 122.19200134277344], [193.64801025390625, 121.52000427246094, 207.760009765625, 150.19200134277344], [135.6320037841797, 78.95999908447266, 147.95201110839844, 102.2560043334961], [171.2480010986328, 87.69599914550781, 179.5360107421875, 108.52799987792969]], 'labels': ['desk', 'girl', 'human face', 'human face', 'human face', 'human face']}}"
0596,"{'<DENSE_REGION_CAPTION>': {'bboxes': [[56.560001373291016, 128.68800354003906, 188.94400024414062, 223.66400146484375], [9.520000457763672, 59.02400207519531, 98.22400665283203, 223.66400146484375], [50.96000289916992, 75.82400512695312, 66.41600036621094, 121.07200622558594], [184.24000549316406, 89.48799896240234, 197.2320098876953, 114.12800598144531], [135.6320037841797, 77.39200592041016, 147.95201110839844, 100.91200256347656]], 'labels': ['desk', 'girl', 'human face', 'human face', 'human face']}}"
0597,"{'<DENSE_REGION_CAPTION>': {'bboxes': [[56.784000396728516, 128.01600646972656, 223.66400146484375, 223.66400146484375], [55.21600341796875, 76.94400024414062, 68.43199920654297, 115.92000579833984], [189.8400115966797, 171.9199981689453, 203.05599975585938, 204.84800720214844], [181.10400390625, 85.45600128173828, 194.54400634765625, 113.90400695800781], [136.3040008544922, 78.28800201416016, 148.40000915527344, 102.0320053100586]], 'labels': ['desk', 'human face', 'human face', 'human face', 'human face']}}"
0598,"{'<DENSE_REGION_CAPTION>': {'bboxes': [[52.52799987792969, 72.68800354003906, 68.43199920654297, 116.81600189208984], [186.03201293945312, 177.96800231933594, 203.27999877929688, 203.95201110839844], [136.0800018310547, 78.06400299072266, 148.62400817871094, 102.2560043334961]], 'labels': ['human face', 'human face', 'human face']}}"
0599,"{'<DENSE_REGION_CAPTION>': {'bboxes': [[56.784000396728516, 127.56800079345703, 189.39199829101562, 223.66400146484375], [168.7840118408203, 144.36801147460938, 223.66400146484375, 223.66400146484375], [192.0800018310547, 94.41600036621094, 223.66400146484375, 206.63999938964844], [123.31200408935547, 65.74400329589844, 158.25601196289062, 157.80799865722656], [178.86399841308594, 42.895999908447266, 208.2080078125, 147.72801208496094], [51.40800094604492, 73.58399963378906, 67.76000213623047, 118.60800170898438], [192.3040008544922, 112.11200714111328, 208.8800048828125, 151.9840087890625], [178.19200134277344, 196.11199951171875, 195.88800048828125, 214.25601196289062], [136.0800018310547, 78.28800201416016, 148.62400817871094, 102.0320053100586], [179.9840087890625, 84.78400421142578, 189.8400115966797, 111.21600341796875]], 'labels': ['desk', 'girl', 'girl', 'girl', 'girl', 'human face', 'human face', 'human face', 'human face', 'human face']}}"
0600,"{'<DENSE_REGION_CAPTION>': {'bboxes': [[56.784000396728516, 128.01600646972656, 223.66400146484375, 223.66400146484375], [50.736000061035156, 73.80799865722656, 66.86399841308594, 119.2800064086914], [136.5279998779297, 78.06400299072266, 148.62400817871094, 101.58399963378906]], 'labels': ['desk', 'human face', 'human face']}}"
0601,"{'<DENSE_REGION_CAPTION>': {'bboxes': [[9.296000480651855, 57.68000030517578, 98.22400665283203, 223.66400146484375], [50.96000289916992, 72.46400451660156, 65.96800231933594, 116.81600189208984], [134.7360076904297, 78.28800201416016, 147.05599975585938, 101.58399963378906]], 'labels': ['girl', 'human face', 'human face']}}"
0602,"{'<DENSE_REGION_CAPTION>': {'bboxes': [[56.112003326416016, 128.01600646972656, 201.48800659179688, 223.66400146484375], [50.064002990722656, 74.9280014038086, 65.52000427246094, 120.84800720214844], [135.6320037841797, 80.52799987792969, 147.72801208496094, 103.3759994506836]], 'labels': ['desk', 'human face', 'human face']}}"
0603,"{'<DENSE_REGION_CAPTION>': {'bboxes': [[56.336002349853516, 127.56800079345703, 203.50401306152344, 223.66400146484375], [122.64000701904297, 66.19200134277344, 170.5760040283203, 149.96800231933594], [50.064002990722656, 76.72000122070312, 66.86399841308594, 122.86400604248047], [196.33599853515625, 162.2880096435547, 212.68800354003906, 199.92001342773438], [136.3040008544922, 81.20000457763672, 148.62400817871094, 104.27200317382812], [177.52000427246094, 83.66400146484375, 187.37600708007812, 109.20000457763672]], 'labels': ['desk', 'girl', 'human face', 'human face', 'human face', 'human face']}}"
0604,"{'<DENSE_REGION_CAPTION>': {'bboxes': [[56.112003326416016, 127.56800079345703, 201.93600463867188, 223.66400146484375], [50.064002990722656, 76.27200317382812, 66.63999938964844, 121.74400329589844], [190.7360076904297, 163.1840057373047, 205.52000427246094, 199.0240020751953], [134.5120086669922, 80.52799987792969, 146.83200073242188, 103.82400512695312], [177.96800231933594, 84.78400421142578, 187.82400512695312, 108.52799987792969]], 'labels': ['desk', 'human face', 'human face', 'human face', 'human face']}}"
0605,"{'<DENSE_REGION_CAPTION>': {'bboxes': [[50.736000061035156, 76.94400024414062, 66.19200134277344, 122.19200134277344], [133.8400115966797, 80.97600555419922, 146.38400268554688, 104.49600219726562], [175.95201110839844, 84.11199951171875, 185.80799865722656, 109.42400360107422]], 'labels': ['human face', 'human face', 'human face']}}"
0606,"{'<DENSE_REGION_CAPTION>': {'bboxes': [[49.39200210571289, 75.60000610351562, 66.63999938964844, 121.74400329589844], [132.72000122070312, 82.09600067138672, 145.04000854492188, 105.16800689697266], [176.62400817871094, 85.00800323486328, 186.25601196289062, 109.64800262451172]], 'labels': ['human face', 'human face', 'human face']}}"
0607,"{'<DENSE_REGION_CAPTION>': {'bboxes': [[50.064002990722656, 76.72000122070312, 66.41600036621094, 121.74400329589844], [131.82400512695312, 82.09600067138672, 144.36801147460938, 105.16800689697266], [176.40000915527344, 84.33600616455078, 186.03201293945312, 109.87200164794922]], 'labels': ['human face', 'human face', 'human face']}}"
0608,"{'<DENSE_REGION_CAPTION>': {'bboxes': [[8.848000526428223, 56.112003326416016, 98.67200469970703, 223.66400146484375], [50.736000061035156, 71.12000274658203, 66.63999938964844, 118.38400268554688], [196.11199951171875, 173.93600463867188, 209.552001953125, 210.0], [131.37600708007812, 82.09600067138672, 143.6959991455078, 105.16800689697266], [177.74400329589844, 83.88800048828125, 187.82400512695312, 108.97600555419922]], 'labels': ['woman', 'human face', 'human face', 'human face', 'human face']}}"
0609,"{'<DENSE_REGION_CAPTION>': {'bboxes': [[51.40800094604492, 71.56800079345703, 67.31200408935547, 116.36800384521484], [199.0240020751953, 168.33599853515625, 212.91200256347656, 204.40000915527344], [196.33599853515625, 104.72000122070312, 208.4320068359375, 140.55999755859375], [132.04800415039062, 82.09600067138672, 144.59201049804688, 105.84000396728516], [180.656005859375, 86.80000305175781, 191.6320037841797, 112.56000518798828]], 'labels': ['human face', 'human face', 'human face', 'human face', 'human face']}}"
0610,"{'<DENSE_REGION_CAPTION>': {'bboxes': [[8.848000526428223, 57.45600128173828, 96.20800018310547, 223.66400146484375], [117.93600463867188, 141.0080108642578, 188.04800415039062, 223.66400146484375], [121.07200622558594, 66.19200134277344, 169.2320098876953, 150.41600036621094], [165.42401123046875, 71.12000274658203, 199.4720001220703, 168.7840118408203], [50.736000061035156, 75.3759994506836, 65.96800231933594, 120.84800720214844], [195.21600341796875, 169.0080108642578, 209.552001953125, 207.0880126953125], [194.76800537109375, 109.20000457763672, 207.0880126953125, 140.7840118408203], [131.82400512695312, 82.54400634765625, 144.1439971923828, 105.84000396728516], [172.81600952148438, 84.56000518798828, 183.34400939941406, 108.75200653076172]], 'labels': ['woman', 'man', 'woman', 'woman', 'human face', 'human face', 'human face', 'human face', 'human face']}}"
0611,"{'<DENSE_REGION_CAPTION>': {'bboxes': [[12.208000183105469, 55.21600341796875, 129.13600158691406, 223.66400146484375], [123.76000213623047, 153.10400390625, 190.2880096435547, 223.66400146484375], [121.52000427246094, 66.63999938964844, 169.2320098876953, 152.656005859375], [172.14401245117188, 96.20800018310547, 223.66400146484375, 170.3520050048828], [172.14401245117188, 80.75199890136719, 206.63999938964844, 151.760009765625], [50.064002990722656, 71.34400177001953, 65.52000427246094, 118.60800170898438], [194.32000732421875, 168.7840118408203, 207.9840087890625, 206.864013671875], [194.54400634765625, 104.49600219726562, 207.760009765625, 142.3520050048828], [132.04800415039062, 83.66400146484375, 143.9199981689453, 105.84000396728516], [182.447998046875, 100.91200256347656, 193.42401123046875, 121.96800231933594]], 'labels': ['person', 'person', 'person', 'person', 'person', 'human face', 'human face', 'human face', 'human face', 'human face']}}"
0612,"{'<DENSE_REGION_CAPTION>': {'bboxes': [[7.728000164031982, 61.71200180053711, 118.16000366210938, 223.66400146484375], [49.39200210571289, 80.08000183105469, 64.4000015258789, 126.44800567626953], [185.13600158691406, 97.10400390625, 197.2320098876953, 122.64000701904297], [131.60000610351562, 85.00800323486328, 144.36801147460938, 102.2560043334961]], 'labels': ['woman', 'human face', 'human face', 'human face']}}"
0613,"{'<DENSE_REGION_CAPTION>': {'bboxes': [[195.66400146484375, 104.72000122070312, 209.552001953125, 135.4080047607422], [41.552001953125, 57.00800323486328, 51.40800094604492, 99.34400177001953], [184.01600646972656, 95.98400115966797, 194.09600830078125, 122.41600036621094], [132.72000122070312, 82.76800537109375, 144.59201049804688, 104.49600219726562]], 'labels': ['human face', 'human face', 'human face', 'human face']}}"
0614,"{'<DENSE_REGION_CAPTION>': {'bboxes': [[24.079999923706055, 61.71200180053711, 44.4640007019043, 109.87200164794922], [196.33599853515625, 110.54400634765625, 209.3280029296875, 144.81600952148438], [186.03201293945312, 191.6320037841797, 203.72801208496094, 214.25601196289062], [132.04800415039062, 78.51200103759766, 144.59201049804688, 103.3759994506836], [183.56800842285156, 89.93600463867188, 194.09600830078125, 116.81600189208984]], 'labels': ['human face', 'human face', 'human face', 'human face', 'human face']}}"
0615,"{'<DENSE_REGION_CAPTION>': {'bboxes': [[35.28000259399414, 55.21600341796875, 52.97600173950195, 102.2560043334961], [195.66400146484375, 108.75200653076172, 210.0, 148.62400817871094], [182.2239990234375, 92.1760025024414, 193.87200927734375, 121.74400329589844], [143.0240020751953, 82.54400634765625, 154.67201232910156, 104.94400024414062]], 'labels': ['human face', 'human face', 'human face', 'human face']}}"
0616,"{'<DENSE_REGION_CAPTION>': {'bboxes': [[49.39200210571289, 67.31200408935547, 65.29600524902344, 111.88800048828125], [195.44000244140625, 109.20000457763672, 210.0, 148.17601013183594], [181.10400390625, 92.8479995727539, 192.3040008544922, 120.4000015258789], [136.9759979248047, 82.99200439453125, 149.29600524902344, 105.39200592041016]], 'labels': ['human face', 'human face', 'human face', 'human face']}}"
0617,"{'<DENSE_REGION_CAPTION>': {'bboxes': [[48.272003173828125, 68.43199920654297, 64.8479995727539, 114.12800598144531], [196.33599853515625, 114.57600402832031, 209.552001953125, 149.74400329589844], [137.64801025390625, 81.20000457763672, 150.41600036621094, 104.27200317382812]], 'labels': ['human face', 'human face', 'human face']}}"
0618,"{'<DENSE_REGION_CAPTION>': {'bboxes': [[8.848000526428223, 53.42399978637695, 102.4800033569336, 223.66400146484375], [46.704002380371094, 65.74400329589844, 64.6240005493164, 112.33600616455078], [193.87200927734375, 117.71200561523438, 208.4320068359375, 153.552001953125], [138.76800537109375, 86.80000305175781, 152.2080078125, 108.08000183105469], [168.33599853515625, 105.16800689697266, 179.0880126953125, 122.41600036621094]], 'labels': ['woman', 'human face', 'human face', 'human face', 'human face']}}"
0619,"{'<DENSE_REGION_CAPTION>': {'bboxes': [[9.968000411987305, 54.544002532958984, 103.1520004272461, 223.66400146484375], [116.14400482177734, 145.93600463867188, 176.62400817871094, 223.66400146484375], [124.4320068359375, 67.53600311279297, 162.5120086669922, 151.31201171875], [166.32000732421875, 85.00800323486328, 197.6800079345703, 172.59201049804688], [50.288002014160156, 67.98400115966797, 65.96800231933594, 113.68000030517578], [193.87200927734375, 112.33600616455078, 207.9840087890625, 149.07200622558594], [138.32000732421875, 85.23200225830078, 151.5360107421875, 107.18400573730469], [171.4720001220703, 107.63200378417969, 184.01600646972656, 127.34400177001953]], 'labels': ['person', 'person', 'woman', 'woman', 'human face', 'human face', 'human face', 'human face']}}"
0620,"{'<DENSE_REGION_CAPTION>': {'bboxes': [[9.968000411987305, 51.40800094604492, 100.91200256347656, 223.66400146484375], [108.97600555419922, 145.48800659179688, 186.25601196289062, 223.66400146484375], [124.20800018310547, 67.08800506591797, 163.6320037841797, 156.01600646972656], [165.42401123046875, 86.12800598144531, 202.16000366210938, 166.32000732421875], [193.42401123046875, 92.6240005493164, 223.66400146484375, 166.99200439453125], [46.928001403808594, 61.71200180053711, 63.952003479003906, 106.96000671386719], [194.54400634765625, 117.04000091552734, 209.552001953125, 152.8800048828125], [136.3040008544922, 80.52799987792969, 148.84800720214844, 104.04800415039062], [170.3520050048828, 110.99200439453125, 183.12001037597656, 128.46400451660156]], 'labels': ['woman', 'woman', 'woman', 'woman', 'woman', 'human face', 'human face', 'human face', 'human face']}}"
0621,"{'<DENSE_REGION_CAPTION>': {'bboxes': [[9.296000480651855, 54.544002532958984, 100.24000549316406, 223.66400146484375], [45.58399963378906, 71.12000274658203, 63.05600357055664, 116.81600189208984], [194.54400634765625, 110.54400634765625, 210.0, 151.760009765625], [136.3040008544922, 79.63200378417969, 148.62400817871094, 102.9280014038086], [171.0240020751953, 111.66400146484375, 183.12001037597656, 129.13600158691406]], 'labels': ['woman', 'human face', 'human face', 'human face', 'human face']}}"
0622,"{'<DENSE_REGION_CAPTION>': {'bboxes': [[8.848000526428223, 53.42399978637695, 85.68000030517578, 223.66400146484375], [47.37600326538086, 66.19200134277344, 64.1760025024414, 112.33600616455078], [194.32000732421875, 111.21600341796875, 209.3280029296875, 153.10400390625], [135.8560028076172, 80.52799987792969, 148.17601013183594, 104.04800415039062], [170.5760040283203, 113.45600128173828, 182.67201232910156, 127.56800079345703]], 'labels': ['woman', 'human face', 'human face', 'human face', 'human face']}}"
0623,"{'<DENSE_REGION_CAPTION>': {'bboxes': [[9.968000411987305, 53.87200164794922, 99.12000274658203, 223.66400146484375], [47.37600326538086, 66.63999938964844, 65.96800231933594, 113.90400695800781], [194.32000732421875, 117.26399993896484, 210.0, 151.9840087890625], [135.8560028076172, 79.85600280761719, 148.40000915527344, 103.82400512695312], [170.5760040283203, 108.75200653076172, 182.447998046875, 126.67200469970703]], 'labels': ['woman', 'human face', 'human face', 'human face', 'human face']}}"
0624,"{'<DENSE_REGION_CAPTION>': {'bboxes': [[8.848000526428223, 55.44000244140625, 104.04800415039062, 223.66400146484375], [44.2400016784668, 71.56800079345703, 63.72800064086914, 118.60800170898438], [194.76800537109375, 110.99200439453125, 211.12001037597656, 152.2080078125], [135.8560028076172, 87.92000579833984, 148.17601013183594, 106.73600006103516]], 'labels': ['woman', 'human face', 'human face', 'human face']}}"
0625,"{'<DENSE_REGION_CAPTION>': {'bboxes': [[8.848000526428223, 54.544002532958984, 105.84000396728516, 223.66400146484375], [44.4640007019043, 70.44800567626953, 63.72800064086914, 117.26399993896484], [129.36000061035156, 167.88800048828125, 142.5760040283203, 223.66400146484375], [194.54400634765625, 117.71200561523438, 211.12001037597656, 153.10400390625], [134.9600067138672, 79.40800476074219, 147.27999877929688, 103.82400512695312], [170.1280059814453, 109.20000457763672, 181.3280029296875, 126.22400665283203]], 'labels': ['woman', 'human face', 'human face', 'human face', 'human face', 'human face']}}"
0626,"{'<DENSE_REGION_CAPTION>': {'bboxes': [[9.296000480651855, 54.768001556396484, 106.96000671386719, 223.66400146484375], [179.31201171875, 94.19200134277344, 223.66400146484375, 202.16000366210938], [132.04800415039062, 152.656005859375, 182.447998046875, 223.66400146484375], [123.76000213623047, 67.31200408935547, 161.8400115966797, 156.01600646972656], [164.7519989013672, 85.45600128173828, 201.93600463867188, 172.36801147460938], [49.16800308227539, 70.44800567626953, 65.29600524902344, 113.90400695800781], [196.33599853515625, 122.41600036621094, 211.12001037597656, 154.0], [128.68800354003906, 78.95999908447266, 142.1280059814453, 101.58399963378906], [169.2320098876953, 109.20000457763672, 181.3280029296875, 125.10400390625]], 'labels': ['woman', 'woman', 'woman', 'woman', 'woman', 'human face', 'human face', 'human face', 'human face']}}"
0627,"{'<DENSE_REGION_CAPTION>': {'bboxes': [[9.968000411987305, 54.320003509521484, 104.49600219726562, 223.66400146484375], [110.76800537109375, 137.64801025390625, 176.40000915527344, 223.66400146484375], [183.79200744628906, 93.74400329589844, 223.66400146484375, 202.83200073242188], [165.42401123046875, 86.12800598144531, 202.16000366210938, 172.14401245117188], [182.2239990234375, 136.5279998779297, 223.66400146484375, 223.66400146484375], [123.76000213623047, 70.2239990234375, 160.49600219726562, 148.84800720214844], [115.69600677490234, 181.10400390625, 133.8400115966797, 223.66400146484375], [49.84000015258789, 68.8800048828125, 66.41600036621094, 113.90400695800781], [196.7840118408203, 112.33600616455078, 212.91200256347656, 152.2080078125], [128.46400451660156, 86.80000305175781, 142.8000030517578, 106.51200103759766], [169.2320098876953, 105.39200592041016, 179.760009765625, 124.20800018310547]], 'labels': ['person', 'person', 'person', 'person', 'person', 'person', 'human face', 'human face', 'human face', 'human face', 'human face']}}"
0628,"{'<DENSE_REGION_CAPTION>': {'bboxes': [[9.968000411987305, 53.87200164794922, 107.40800476074219, 223.66400146484375], [175.95201110839844, 93.07200622558594, 223.66400146484375, 223.66400146484375], [126.22400665283203, 143.6959991455078, 180.8800048828125, 223.66400146484375], [165.20001220703125, 85.90399932861328, 202.16000366210938, 177.74400329589844], [122.86400604248047, 70.2239990234375, 160.94400024414062, 149.96800231933594], [49.84000015258789, 68.43199920654297, 65.52000427246094, 113.45600128173828], [196.7840118408203, 109.20000457763672, 212.24000549316406, 151.31201171875], [128.68800354003906, 89.26399993896484, 142.8000030517578, 108.75200653076172], [168.5600128173828, 107.40800476074219, 179.0880126953125, 123.53600311279297]], 'labels': ['person', 'person', 'person', 'person', 'person', 'human face', 'human face', 'human face', 'human face']}}"
0629,"{'<DENSE_REGION_CAPTION>': {'bboxes': [[198.3520050048828, 105.61600494384766, 214.25601196289062, 148.40000915527344], [50.736000061035156, 70.44800567626953, 66.41600036621094, 111.88800048828125], [128.68800354003906, 82.09600067138672, 141.2320098876953, 104.27200317382812], [168.5600128173828, 105.16800689697266, 178.86399841308594, 124.20800018310547]], 'labels': ['human face', 'human face', 'human face', 'human face']}}"
0630,"{'<DENSE_REGION_CAPTION>': {'bboxes': [[9.968000411987305, 52.52799987792969, 108.08000183105469, 223.66400146484375], [198.3520050048828, 104.72000122070312, 215.15200805664062, 148.17601013183594], [50.736000061035156, 68.656005859375, 65.96800231933594, 112.33600616455078], [128.91200256347656, 80.30400085449219, 141.4560089111328, 104.27200317382812], [169.0080108642578, 109.20000457763672, 180.2080078125, 126.00000762939453]], 'labels': ['girl', 'human face', 'human face', 'human face', 'human face']}}"
0631,"{'<DENSE_REGION_CAPTION>': {'bboxes': [[49.84000015258789, 69.3280029296875, 65.96800231933594, 112.78400421142578], [199.0240020751953, 108.75200653076172, 214.03201293945312, 149.07200622558594], [128.68800354003906, 83.21600341796875, 142.3520050048828, 105.16800689697266], [169.9040069580078, 109.20000457763672, 181.7760009765625, 127.12000274658203]], 'labels': ['human face', 'human face', 'human face', 'human face']}}"
0632,"{'<DENSE_REGION_CAPTION>': {'bboxes': [[198.3520050048828, 104.72000122070312, 215.15200805664062, 148.84800720214844], [49.84000015258789, 67.76000213623047, 65.74400329589844, 112.33600616455078], [130.25599670410156, 82.54400634765625, 143.2480010986328, 105.16800689697266], [169.6800079345703, 110.99200439453125, 181.7760009765625, 126.89600372314453]], 'labels': ['human face', 'human face', 'human face', 'human face']}}"
0633,"{'<DENSE_REGION_CAPTION>': {'bboxes': [[9.296000480651855, 52.52799987792969, 105.61600494384766, 223.66400146484375], [170.8000030517578, 90.60800170898438, 223.66400146484375, 223.66400146484375], [130.92800903320312, 141.0080108642578, 182.2239990234375, 223.66400146484375], [164.5279998779297, 86.12800598144531, 202.38400268554688, 179.9840087890625], [122.86400604248047, 67.31200408935547, 161.8400115966797, 148.62400817871094], [47.37600326538086, 66.19200134277344, 64.6240005493164, 112.56000518798828], [199.4720001220703, 106.96000671386719, 215.60000610351562, 149.96800231933594], [131.15200805664062, 84.11199951171875, 143.9199981689453, 106.28800201416016], [171.0240020751953, 107.40800476074219, 181.3280029296875, 126.22400665283203]], 'labels': ['woman', 'woman', 'woman', 'woman', 'woman', 'human face', 'human face', 'human face', 'human face']}}"
0634,"{'<DENSE_REGION_CAPTION>': {'bboxes': [[9.296000480651855, 53.20000076293945, 104.94400024414062, 223.66400146484375], [43.56800079345703, 68.8800048828125, 62.608001708984375, 115.69600677490234], [200.59201049804688, 165.64801025390625, 214.25601196289062, 197.4560089111328], [198.3520050048828, 110.99200439453125, 211.12001037597656, 143.0240020751953], [129.80799865722656, 77.39200592041016, 140.7840118408203, 100.91200256347656], [170.8000030517578, 107.40800476074219, 181.7760009765625, 126.22400665283203]], 'labels': ['woman', 'human face', 'human face', 'human face', 'human face', 'human face']}}"
0635,"{'<DENSE_REGION_CAPTION>': {'bboxes': [[44.0160026550293, 69.7760009765625, 63.28000259399414, 115.92000579833984], [199.2480010986328, 161.16799926757812, 212.24000549316406, 194.32000732421875], [132.72000122070312, 82.99200439453125, 145.04000854492188, 104.27200317382812], [170.3520050048828, 107.63200378417969, 181.3280029296875, 125.3280029296875]], 'labels': ['human face', 'human face', 'human face', 'human face']}}"
0636,"{'<DENSE_REGION_CAPTION>': {'bboxes': [[9.968000411987305, 53.64800262451172, 104.94400024414062, 223.66400146484375], [44.0160026550293, 70.44800567626953, 63.05600357055664, 115.69600677490234], [198.5760040283203, 170.1280059814453, 217.3920135498047, 197.9040069580078], [131.37600708007812, 82.76800537109375, 143.0240020751953, 102.9280014038086]], 'labels': ['woman', 'human face', 'human face', 'human face']}}"
0637,"{'<DENSE_REGION_CAPTION>': {'bboxes': [[9.968000411987305, 53.42399978637695, 105.61600494384766, 223.66400146484375], [43.79199981689453, 69.3280029296875, 63.05600357055664, 116.36800384521484], [198.1280059814453, 168.33599853515625, 214.03201293945312, 197.6800079345703], [130.03199768066406, 82.76800537109375, 141.6800079345703, 104.72000122070312]], 'labels': ['woman', 'human face', 'human face', 'human face']}}"
0638,"{'<DENSE_REGION_CAPTION>': {'bboxes': [[9.968000411987305, 53.64800262451172, 105.39200592041016, 223.66400146484375], [44.4640007019043, 70.44800567626953, 63.28000259399414, 115.47200012207031], [196.5600128173828, 167.66400146484375, 211.12001037597656, 198.1280059814453], [124.8800048828125, 83.21600341796875, 136.3040008544922, 105.16800689697266]], 'labels': ['woman', 'human face', 'human face', 'human face']}}"
0639,"{'<DENSE_REGION_CAPTION>': {'bboxes': [[9.296000480651855, 53.64800262451172, 104.49600219726562, 223.66400146484375], [44.0160026550293, 70.0, 63.05600357055664, 115.24800109863281], [197.2320098876953, 166.76800537109375, 211.12001037597656, 197.4560089111328], [184.24000549316406, 108.30400085449219, 195.88800048828125, 133.39199829101562], [108.75200653076172, 89.04000091552734, 120.6240005493164, 109.87200164794922]], 'labels': ['girl', 'human face', 'human face', 'human face', 'human face']}}"
0640,"{'<DENSE_REGION_CAPTION>': {'bboxes': [[9.968000411987305, 52.52799987792969, 104.94400024414062, 223.66400146484375], [44.0160026550293, 67.98400115966797, 63.05600357055664, 114.12800598144531], [189.39199829101562, 178.19200134277344, 205.96800231933594, 203.05599975585938], [184.91200256347656, 106.96000671386719, 197.0080108642578, 133.16799926757812], [111.21600341796875, 84.78400421142578, 123.76000213623047, 107.63200378417969]], 'labels': ['woman', 'human face', 'human face', 'human face', 'human face']}}"
0641,"{'<DENSE_REGION_CAPTION>': {'bboxes': [[10.416000366210938, 52.97600173950195, 104.49600219726562, 223.66400146484375], [171.2480010986328, 75.3759994506836, 223.66400146484375, 162.2880096435547], [171.2480010986328, 154.89601135253906, 223.66400146484375, 223.66400146484375], [130.92800903320312, 144.81600952148438, 176.40000915527344, 223.66400146484375], [111.66400146484375, 69.3280029296875, 154.447998046875, 153.10400390625], [196.33599853515625, 91.05599975585938, 223.66400146484375, 190.7360076904297], [0.1120000034570694, 136.9759979248047, 11.53600025177002, 214.70401000976562]], 'labels': ['person', 'person', 'person', 'person', 'person', 'person', 'person']}}"
0642,"{'<DENSE_REGION_CAPTION>': {'bboxes': [[55.21600341796875, 127.56800079345703, 201.93600463867188, 223.66400146484375], [44.4640007019043, 69.3280029296875, 63.28000259399414, 115.02400207519531], [195.66400146484375, 110.99200439453125, 211.12001037597656, 152.8800048828125], [186.70401000976562, 92.6240005493164, 199.2480010986328, 120.4000015258789], [115.02400207519531, 95.76000213623047, 126.00000762939453, 116.36800384521484]], 'labels': ['desk', 'human face', 'human face', 'human face', 'human face']}}"
0643,"{'<DENSE_REGION_CAPTION>': {'bboxes': [[9.968000411987305, 53.20000076293945, 104.04800415039062, 223.66400146484375], [171.6959991455078, 90.83200073242188, 223.66400146484375, 223.66400146484375], [180.2080078125, 66.41600036621094, 223.66400146484375, 169.9040069580078], [47.37600326538086, 69.10400390625, 65.29600524902344, 114.57600402832031], [196.7840118408203, 113.00800323486328, 211.34400939941406, 152.656005859375], [184.24000549316406, 93.52000427246094, 199.2480010986328, 117.26399993896484], [115.69600677490234, 88.36800384521484, 127.56800079345703, 113.00800323486328]], 'labels': ['girl', 'girl', 'girl', 'human face', 'human face', 'human face', 'human face']}}"
0644,"{'<DENSE_REGION_CAPTION>': {'bboxes': [[9.520000457763672, 53.64800262451172, 103.60000610351562, 223.66400146484375], [175.27999877929688, 92.8479995727539, 223.66400146484375, 223.66400146484375], [175.05599975585938, 56.560001373291016, 223.66400146484375, 169.0080108642578], [93.52000427246094, 67.76000213623047, 154.0, 146.16000366210938], [132.49600219726562, 153.7760009765625, 194.09600830078125, 223.66400146484375], [197.2320098876953, 106.28800201416016, 213.80801391601562, 149.96800231933594], [51.18400192260742, 71.34400177001953, 65.29600524902344, 112.33600616455078], [178.86399841308594, 92.8479995727539, 193.64801025390625, 114.57600402832031], [111.21600341796875, 85.90399932861328, 121.96800231933594, 101.58399963378906]], 'labels': ['woman', 'woman', 'woman', 'woman', 'woman', 'human face', 'human face', 'human face', 'human face']}}"
0645,"{'<DENSE_REGION_CAPTION>': {'bboxes': [[7.056000232696533, 50.512001037597656, 105.16800689697266, 223.66400146484375], [175.50399780273438, 54.992000579833984, 223.66400146484375, 170.8000030517578], [91.5040054321289, 67.53600311279297, 153.7760009765625, 146.60800170898438], [121.07200622558594, 153.7760009765625, 170.3520050048828, 223.66400146484375], [196.7840118408203, 92.8479995727539, 223.66400146484375, 205.74400329589844], [197.2320098876953, 106.28800201416016, 212.68800354003906, 148.84800720214844], [48.720001220703125, 74.4800033569336, 59.69600296020508, 108.52799987792969], [179.31201171875, 93.74400329589844, 194.09600830078125, 116.81600189208984], [112.11200714111328, 82.09600067138672, 122.86400604248047, 99.56800079345703]], 'labels': ['woman', 'woman', 'woman', 'woman', 'woman', 'human face', 'human face', 'human face', 'human face']}}"
0646,"{'<DENSE_REGION_CAPTION>': {'bboxes': [[5.488000392913818, 49.39200210571289, 113.00800323486328, 223.66400146484375], [175.27999877929688, 50.288002014160156, 223.66400146484375, 178.19200134277344], [177.96800231933594, 93.52000427246094, 223.66400146484375, 223.66400146484375], [113.23200225830078, 152.2080078125, 171.0240020751953, 223.66400146484375], [113.68000030517578, 62.384002685546875, 155.12001037597656, 147.27999877929688], [196.11199951171875, 108.52799987792969, 210.89601135253906, 150.86399841308594], [42.448001861572266, 67.08800506591797, 57.68000030517578, 109.20000457763672], [118.60800170898438, 78.28800201416016, 129.58399963378906, 100.46400451660156], [178.86399841308594, 94.63999938964844, 191.6320037841797, 112.78400421142578]], 'labels': ['woman', 'woman', 'woman', 'woman', 'woman', 'human face', 'human face', 'human face', 'human face']}}"
0647,"{'<DENSE_REGION_CAPTION>': {'bboxes': [[9.968000411987305, 53.42399978637695, 102.9280014038086, 223.66400146484375], [169.6800079345703, 48.720001220703125, 218.7360076904297, 175.72801208496094], [182.89601135253906, 93.07200622558594, 223.66400146484375, 223.66400146484375], [118.83200073242188, 62.832000732421875, 157.36000061035156, 150.41600036621094], [124.20800018310547, 157.36000061035156, 172.36801147460938, 223.66400146484375], [51.40800094604492, 67.31200408935547, 67.98400115966797, 111.44000244140625], [197.6800079345703, 108.75200653076172, 212.46400451660156, 149.74400329589844], [136.5279998779297, 76.72000122070312, 149.74400329589844, 98.67200469970703], [173.26400756835938, 93.07200622558594, 186.70401000976562, 113.00800323486328]], 'labels': ['woman', 'woman', 'woman', 'woman', 'woman', 'human face', 'human face', 'human face', 'human face']}}"
0648,"{'<DENSE_REGION_CAPTION>': {'bboxes': [[9.968000411987305, 52.52799987792969, 103.1520004272461, 223.66400146484375], [167.44000244140625, 61.26400375366211, 218.5120086669922, 162.9600067138672], [117.71200561523438, 131.82400512695312, 174.83200073242188, 223.66400146484375], [184.46400451660156, 92.6240005493164, 223.66400146484375, 210.44801330566406], [115.24800109863281, 67.31200408935547, 155.12001037597656, 147.27999877929688], [50.288002014160156, 65.52000427246094, 67.76000213623047, 110.09600067138672], [197.6800079345703, 108.08000183105469, 212.46400451660156, 149.74400329589844], [171.6959991455078, 86.35200500488281, 185.80799865722656, 108.08000183105469], [128.01600646972656, 92.6240005493164, 140.55999755859375, 109.42400360107422]], 'labels': ['woman', 'woman', 'woman', 'woman', 'woman', 'human face', 'human face', 'human face', 'human face']}}"
0649,"{'<DENSE_REGION_CAPTION>': {'bboxes': [[10.416000366210938, 54.320003509521484, 98.67200469970703, 223.66400146484375], [168.7840118408203, 65.52000427246094, 219.4080047607422, 164.9759979248047], [118.16000366210938, 133.16799926757812, 176.17601013183594, 223.66400146484375], [197.6800079345703, 93.74400329589844, 223.66400146484375, 214.70401000976562], [117.48800659179688, 70.2239990234375, 155.56800842285156, 148.17601013183594], [169.6800079345703, 178.63999938964844, 223.66400146484375, 223.66400146484375], [50.96000289916992, 67.98400115966797, 67.98400115966797, 111.88800048828125], [198.5760040283203, 106.73600006103516, 213.58399963378906, 149.29600524902344], [173.93600463867188, 89.04000091552734, 187.82400512695312, 114.80000305175781], [129.58399963378906, 98.0, 140.7840118408203, 111.88800048828125]], 'labels': ['woman', 'woman', 'woman', 'woman', 'woman', 'woman', 'human face', 'human face', 'human face', 'human face']}}"
0650,"{'<DENSE_REGION_CAPTION>': {'bboxes': [[9.520000457763672, 54.544002532958984, 102.0320053100586, 223.66400146484375], [171.0240020751953, 61.040000915527344, 219.8560028076172, 166.32000732421875], [52.97600173950195, 68.8800048828125, 68.8800048828125, 111.88800048828125], [198.3520050048828, 109.20000457763672, 211.56800842285156, 148.62400817871094], [175.72801208496094, 90.60800170898438, 188.94400024414062, 115.02400207519531], [136.5279998779297, 84.33600616455078, 147.72801208496094, 104.27200317382812]], 'labels': ['woman', 'woman', 'human face', 'human face', 'human face', 'human face']}}"
0651,"{'<DENSE_REGION_CAPTION>': {'bboxes': [[9.968000411987305, 55.44000244140625, 104.49600219726562, 223.66400146484375], [54.992000579833984, 72.01599884033203, 70.2239990234375, 113.00800323486328], [198.5760040283203, 107.63200378417969, 211.12001037597656, 148.62400817871094], [179.9840087890625, 86.57600402832031, 192.5279998779297, 113.23200225830078], [136.7519989013672, 78.51200103759766, 148.17601013183594, 100.01600646972656]], 'labels': ['woman', 'human face', 'human face', 'human face', 'human face']}}"
0652,"{'<DENSE_REGION_CAPTION>': {'bboxes': [[55.66400146484375, 72.46400451660156, 70.67200469970703, 112.56000518798828], [197.2320098876953, 110.99200439453125, 210.67201232910156, 150.41600036621094], [173.04000854492188, 88.14400482177734, 184.01600646972656, 115.02400207519531], [136.5279998779297, 76.04800415039062, 148.40000915527344, 98.22400665283203], [9.968000411987305, 56.112003326416016, 105.39200592041016, 223.66400146484375], [186.03201293945312, 92.6240005493164, 223.66400146484375, 223.66400146484375], [159.15200805664062, 76.94400024414062, 200.36801147460938, 169.4560089111328], [126.22400665283203, 63.952003479003906, 164.7519989013672, 147.27999877929688]], 'labels': ['human face', 'human face', 'human face', 'human face', 'woman', 'woman', 'woman', 'woman']}}"
0653,"{'<DENSE_REGION_CAPTION>': {'bboxes': [[9.968000411987305, 56.336002349853516, 102.4800033569336, 223.66400146484375], [199.0240020751953, 108.52799987792969, 213.58399963378906, 151.31201171875], [56.112003326416016, 73.13600158691406, 70.67200469970703, 112.78400421142578], [176.40000915527344, 93.29600524902344, 187.82400512695312, 118.38400268554688], [140.7840118408203, 77.84000396728516, 152.656005859375, 100.24000549316406]], 'labels': ['woman', 'human face', 'human face', 'human face', 'human face']}}"
0654,"{'<DENSE_REGION_CAPTION>': {'bboxes': [[198.1280059814453, 108.08000183105469, 212.91200256347656, 151.760009765625], [56.112003326416016, 73.58399963378906, 70.67200469970703, 112.78400421142578], [177.29600524902344, 92.6240005493164, 188.27200317382812, 118.60800170898438], [138.76800537109375, 70.2239990234375, 150.63999938964844, 93.96800231933594]], 'labels': ['human face', 'human face', 'human face', 'human face']}}"
0655,"{'<DENSE_REGION_CAPTION>': {'bboxes': [[197.9040069580078, 108.52799987792969, 213.58399963378906, 152.656005859375], [56.112003326416016, 72.91200256347656, 70.67200469970703, 112.56000518798828], [138.54400634765625, 70.44800567626953, 151.08799743652344, 94.41600036621094], [177.52000427246094, 93.96800231933594, 187.82400512695312, 119.9520034790039]], 'labels': ['human face', 'human face', 'human face', 'human face']}}"
0656,"{'<DENSE_REGION_CAPTION>': {'bboxes': [[198.5760040283203, 111.21600341796875, 214.70401000976562, 152.656005859375], [56.112003326416016, 74.2560043334961, 70.67200469970703, 113.45600128173828], [139.66400146484375, 72.46400451660156, 151.9840087890625, 96.43199920654297], [177.74400329589844, 101.58399963378906, 186.92800903320312, 123.98400115966797]], 'labels': ['human face', 'human face', 'human face', 'human face']}}"
0657,"{'<DENSE_REGION_CAPTION>': {'bboxes': [[9.296000480651855, 56.560001373291016, 97.7760009765625, 223.66400146484375], [118.83200073242188, 134.0640106201172, 176.62400817871094, 223.66400146484375], [185.58399963378906, 90.16000366210938, 223.66400146484375, 212.01600646972656], [121.96800231933594, 63.50400161743164, 164.9759979248047, 147.05599975585938], [166.32000732421875, 83.44000244140625, 205.96800231933594, 172.36801147460938], [55.21600341796875, 71.79199981689453, 70.67200469970703, 112.78400421142578], [196.7840118408203, 112.78400421142578, 210.2239990234375, 151.760009765625], [136.7519989013672, 76.27200317382812, 148.62400817871094, 99.79199981689453], [179.0880126953125, 97.10400390625, 188.72000122070312, 123.08800506591797]], 'labels': ['woman', 'woman', 'woman', 'woman', 'woman', 'human face', 'human face', 'human face', 'human face']}}"
0658,"{'<DENSE_REGION_CAPTION>': {'bboxes': [[9.968000411987305, 52.08000183105469, 96.8800048828125, 223.66400146484375], [169.0080108642578, 88.36800384521484, 223.66400146484375, 223.66400146484375], [119.2800064086914, 135.1840057373047, 176.84800720214844, 223.66400146484375], [161.39199829101562, 83.66400146484375, 204.62400817871094, 181.552001953125], [122.86400604248047, 60.14400100708008, 163.6320037841797, 146.38400268554688], [45.58399963378906, 63.28000259399414, 62.832000732421875, 109.64800262451172], [193.20001220703125, 113.68000030517578, 207.9840087890625, 154.2239990234375], [138.54400634765625, 75.1520004272461, 150.41600036621094, 98.89600372314453], [178.86399841308594, 97.7760009765625, 188.27200317382812, 123.31200408935547]], 'labels': ['person', 'person', 'person', 'person', 'person', 'human face', 'human face', 'human face', 'human face']}}"
0659,"{'<DENSE_REGION_CAPTION>': {'bboxes': [[7.728000164031982, 51.63199996948242, 107.85600280761719, 223.66400146484375], [42.448001861572266, 63.05600357055664, 59.02400207519531, 110.09600067138672], [189.6160125732422, 117.26399993896484, 205.07200622558594, 156.91200256347656], [174.60800170898438, 97.552001953125, 186.03201293945312, 121.52000427246094], [140.55999755859375, 71.79199981689453, 152.2080078125, 93.52000427246094]], 'labels': ['woman', 'human face', 'human face', 'human face', 'human face']}}"
0660,"{'<DENSE_REGION_CAPTION>': {'bboxes': [[7.056000232696533, 53.20000076293945, 114.12800598144531, 223.66400146484375], [176.40000915527344, 91.9520034790039, 223.66400146484375, 223.66400146484375], [123.76000213623047, 141.0080108642578, 183.34400939941406, 223.66400146484375], [120.6240005493164, 55.88800048828125, 167.21600341796875, 147.27999877929688], [166.76800537109375, 84.33600616455078, 205.74400329589844, 181.10400390625], [194.76800537109375, 104.27200317382812, 209.7760009765625, 149.07200622558594], [48.272003173828125, 70.0, 62.608001708984375, 113.68000030517578], [132.27200317382812, 174.16000366210938, 144.1439971923828, 219.1840057373047], [177.96800231933594, 101.58399963378906, 190.0640106201172, 125.552001953125], [139.66400146484375, 73.58399963378906, 151.31201171875, 95.31200408935547]], 'labels': ['woman', 'woman', 'woman', 'woman', 'woman', 'human face', 'human face', 'human face', 'human face', 'human face']}}"
0661,"{'<DENSE_REGION_CAPTION>': {'bboxes': [[8.848000526428223, 53.87200164794922, 105.39200592041016, 223.66400146484375], [48.272003173828125, 71.12000274658203, 63.72800064086914, 114.57600402832031], [193.87200927734375, 105.61600494384766, 207.760009765625, 147.95201110839844], [177.52000427246094, 103.60000610351562, 188.72000122070312, 126.67200469970703], [136.3040008544922, 72.68800354003906, 147.05599975585938, 94.19200134277344]], 'labels': ['girl', 'human face', 'human face', 'human face', 'human face']}}"
0662,"{'<DENSE_REGION_CAPTION>': {'bboxes': [[166.32000732421875, 91.2800064086914, 223.66400146484375, 223.66400146484375], [49.39200210571289, 69.3280029296875, 64.1760025024414, 113.90400695800781], [194.99200439453125, 108.75200653076172, 207.31201171875, 147.72801208496094], [137.64801025390625, 68.43199920654297, 149.74400329589844, 92.4000015258789], [176.40000915527344, 103.82400512695312, 186.70401000976562, 125.3280029296875]], 'labels': ['girl', 'human face', 'human face', 'human face', 'human face']}}"
0663,"{'<DENSE_REGION_CAPTION>': {'bboxes': [[9.296000480651855, 53.64800262451172, 111.66400146484375, 223.66400146484375], [164.9759979248047, 91.2800064086914, 223.66400146484375, 223.66400146484375], [48.496002197265625, 69.3280029296875, 63.28000259399414, 113.23200225830078], [193.64801025390625, 109.20000457763672, 204.17601013183594, 147.95201110839844], [137.42401123046875, 67.08800506591797, 149.07200622558594, 91.2800064086914], [177.52000427246094, 103.82400512695312, 186.25601196289062, 123.98400115966797]], 'labels': ['girl', 'girl', 'human face', 'human face', 'human face', 'human face']}}"
0664,"{'<DENSE_REGION_CAPTION>': {'bboxes': [[9.296000480651855, 53.87200164794922, 106.51200103759766, 223.66400146484375], [165.87200927734375, 93.96800231933594, 223.66400146484375, 223.66400146484375], [196.5600128173828, 104.72000122070312, 212.24000549316406, 147.05599975585938], [48.272003173828125, 69.10400390625, 63.05600357055664, 112.11200714111328], [135.4080047607422, 69.3280029296875, 147.05599975585938, 91.2800064086914], [178.41600036621094, 98.0, 188.49600219726562, 122.41600036621094]], 'labels': ['girl', 'girl', 'human face', 'human face', 'human face', 'human face']}}"
0665,"{'<DENSE_REGION_CAPTION>': {'bboxes': [[9.296000480651855, 53.87200164794922, 106.06400299072266, 223.66400146484375], [47.82400131225586, 68.8800048828125, 63.05600357055664, 111.88800048828125], [193.42401123046875, 109.20000457763672, 206.864013671875, 148.84800720214844], [134.7360076904297, 69.3280029296875, 146.60800170898438, 92.1760025024414], [177.96800231933594, 103.82400512695312, 187.82400512695312, 125.3280029296875]], 'labels': ['girl', 'human face', 'human face', 'human face', 'human face']}}"
0666,"{'<DENSE_REGION_CAPTION>': {'bboxes': [[8.848000526428223, 52.52799987792969, 106.51200103759766, 223.66400146484375], [169.2320098876953, 93.07200622558594, 223.66400146484375, 223.66400146484375], [126.44800567626953, 137.64801025390625, 189.6160125732422, 223.66400146484375], [164.9759979248047, 85.45600128173828, 205.29600524902344, 181.10400390625], [123.31200408935547, 53.64800262451172, 157.58399963378906, 145.93600463867188], [194.54400634765625, 105.16800689697266, 208.4320068359375, 147.27999877929688], [49.39200210571289, 69.7760009765625, 63.05600357055664, 110.99200439453125], [135.4080047607422, 70.2239990234375, 146.83200073242188, 91.9520034790039], [177.52000427246094, 104.72000122070312, 187.15200805664062, 126.00000762939453]], 'labels': ['woman', 'woman', 'woman', 'woman', 'woman', 'human face', 'human face', 'human face', 'human face']}}"
0667,"{'<DENSE_REGION_CAPTION>': {'bboxes': [[8.848000526428223, 52.52799987792969, 106.51200103759766, 223.66400146484375], [170.1280059814453, 92.8479995727539, 223.66400146484375, 223.66400146484375], [127.56800079345703, 138.99200439453125, 188.27200317382812, 223.66400146484375], [165.42401123046875, 85.23200225830078, 205.29600524902344, 181.10400390625], [123.76000213623047, 54.09600067138672, 156.24000549316406, 142.8000030517578], [47.37600326538086, 67.53600311279297, 62.608001708984375, 111.44000244140625], [194.32000732421875, 109.87200164794922, 207.5360107421875, 147.27999877929688], [133.16799926757812, 64.1760025024414, 145.04000854492188, 88.81600189208984], [177.96800231933594, 104.49600219726562, 186.92800903320312, 126.22400665283203]], 'labels': ['woman', 'woman', 'woman', 'woman', 'woman', 'human face', 'human face', 'human face', 'human face']}}"
0668,"{'<DENSE_REGION_CAPTION>': {'bboxes': [[166.99200439453125, 92.6240005493164, 223.66400146484375, 223.66400146484375], [46.704002380371094, 66.41600036621094, 62.384002685546875, 111.88800048828125], [194.54400634765625, 103.60000610351562, 207.9840087890625, 146.83200073242188], [134.0640106201172, 64.8479995727539, 146.38400268554688, 88.81600189208984], [177.52000427246094, 104.49600219726562, 186.25601196289062, 125.10400390625]], 'labels': ['girl', 'human face', 'human face', 'human face', 'human face']}}"
0669,"{'<DENSE_REGION_CAPTION>': {'bboxes': [[8.848000526428223, 52.97600173950195, 105.84000396728516, 223.66400146484375], [48.272003173828125, 70.0, 63.05600357055664, 112.78400421142578], [194.54400634765625, 108.75200653076172, 207.9840087890625, 147.72801208496094], [134.7360076904297, 75.3759994506836, 146.16000366210938, 96.20800018310547], [175.27999877929688, 98.22400665283203, 184.68800354003906, 122.41600036621094]], 'labels': ['girl', 'human face', 'human face', 'human face', 'human face']}}"
0670,"{'<DENSE_REGION_CAPTION>': {'bboxes': [[9.296000480651855, 53.87200164794922, 106.06400299072266, 223.66400146484375], [50.064002990722656, 71.56800079345703, 63.952003479003906, 113.23200225830078], [195.21600341796875, 109.64800262451172, 208.8800048828125, 147.72801208496094], [138.09600830078125, 71.79199981689453, 149.29600524902344, 93.52000427246094], [178.19200134277344, 103.60000610351562, 186.92800903320312, 124.656005859375]], 'labels': ['girl', 'human face', 'human face', 'human face', 'human face']}}"
0671,"{'<DENSE_REGION_CAPTION>': {'bboxes': [[9.296000480651855, 53.87200164794922, 107.85600280761719, 223.66400146484375], [168.5600128173828, 92.8479995727539, 223.66400146484375, 223.66400146484375], [124.8800048828125, 140.33599853515625, 189.39199829101562, 223.66400146484375], [115.92000579833984, 55.66400146484375, 160.94400024414062, 144.81600952148438], [165.20001220703125, 85.68000030517578, 205.29600524902344, 181.552001953125]], 'labels': ['person', 'person', 'person', 'person', 'person']}}"
0672,"{'<DENSE_REGION_CAPTION>': {'bboxes': [[8.848000526428223, 53.64800262451172, 107.63200378417969, 223.66400146484375], [167.44000244140625, 91.2800064086914, 223.66400146484375, 223.66400146484375], [124.8800048828125, 139.44000244140625, 195.66400146484375, 223.66400146484375], [121.52000427246094, 58.12800216674805, 165.87200927734375, 145.48800659179688], [165.87200927734375, 84.78400421142578, 203.50401306152344, 183.12001037597656]], 'labels': ['person', 'person', 'person', 'person', 'person']}}"
0673,"{'<DENSE_REGION_CAPTION>': {'bboxes': [[9.296000480651855, 52.08000183105469, 105.39200592041016, 223.66400146484375], [166.32000732421875, 90.38400268554688, 223.66400146484375, 223.66400146484375], [46.47999954223633, 64.4000015258789, 61.48800277709961, 108.08000183105469], [190.5120086669922, 116.36800384521484, 205.07200622558594, 154.89601135253906], [136.5279998779297, 70.44800567626953, 147.95201110839844, 93.07200622558594], [176.17601013183594, 100.46400451660156, 184.91200256347656, 123.98400115966797]], 'labels': ['girl', 'girl', 'human face', 'human face', 'human face', 'human face']}}"
0674,"{'<DENSE_REGION_CAPTION>': {'bboxes': [[7.728000164031982, 50.512001037597656, 105.84000396728516, 223.66400146484375], [166.32000732421875, 89.71200561523438, 223.66400146484375, 223.66400146484375], [117.48800659179688, 137.1999969482422, 173.93600463867188, 223.66400146484375], [162.5120086669922, 83.44000244140625, 203.27999877929688, 181.552001953125], [124.8800048828125, 55.88800048828125, 161.39199829101562, 145.04000854492188], [46.47999954223633, 62.384002685546875, 61.93600082397461, 104.94400024414062], [189.8400115966797, 117.26399993896484, 204.62400817871094, 154.89601135253906], [136.0800018310547, 70.0, 147.27999877929688, 91.7280044555664], [176.40000915527344, 100.46400451660156, 185.80799865722656, 123.76000213623047]], 'labels': ['woman', 'woman', 'woman', 'woman', 'woman', 'human face', 'human face', 'human face', 'human face']}}"
0675,"{'<DENSE_REGION_CAPTION>': {'bboxes': [[7.728000164031982, 53.42399978637695, 105.84000396728516, 223.66400146484375], [166.32000732421875, 89.26399993896484, 223.66400146484375, 223.66400146484375], [117.48800659179688, 136.9759979248047, 174.16000366210938, 223.66400146484375], [162.5120086669922, 84.56000518798828, 203.05599975585938, 181.7760009765625], [128.24000549316406, 53.87200164794922, 161.6160125732422, 144.81600952148438], [44.4640007019043, 65.52000427246094, 60.14400100708008, 109.20000457763672], [190.2880096435547, 116.36800384521484, 205.07200622558594, 155.56800842285156], [136.9759979248047, 67.98400115966797, 147.95201110839844, 89.48799896240234]], 'labels': ['woman', 'woman', 'woman', 'woman', 'woman', 'human face', 'human face', 'human face']}}"
0676,"{'<DENSE_REGION_CAPTION>': {'bboxes': [[8.848000526428223, 52.52799987792969, 106.73600006103516, 223.66400146484375], [166.99200439453125, 89.04000091552734, 223.66400146484375, 223.66400146484375], [119.0560073852539, 137.87200927734375, 175.27999877929688, 223.66400146484375], [163.6320037841797, 84.56000518798828, 203.27999877929688, 182.0], [123.31200408935547, 54.09600067138672, 163.4080047607422, 144.36801147460938], [46.928001403808594, 65.52000427246094, 62.608001708984375, 108.97600555419922], [190.9600067138672, 116.81600189208984, 206.19200134277344, 155.12001037597656], [138.76800537109375, 66.41600036621094, 148.84800720214844, 87.92000579833984]], 'labels': ['woman', 'woman', 'woman', 'woman', 'woman', 'human face', 'human face', 'human face']}}"
0677,"{'<DENSE_REGION_CAPTION>': {'bboxes': [[9.520000457763672, 52.75200271606445, 106.28800201416016, 223.66400146484375], [171.6959991455078, 89.04000091552734, 223.66400146484375, 223.66400146484375], [119.2800064086914, 137.64801025390625, 174.83200073242188, 223.66400146484375], [163.8560028076172, 84.78400421142578, 202.60800170898438, 182.2239990234375], [132.94400024414062, 55.44000244140625, 165.87200927734375, 148.17601013183594]], 'labels': ['person', 'person', 'person', 'person', 'person']}}"
0678,"{'<DENSE_REGION_CAPTION>': {'bboxes': [[7.728000164031982, 50.064002990722656, 106.06400299072266, 223.66400146484375], [170.1280059814453, 90.83200073242188, 223.66400146484375, 223.66400146484375], [122.64000701904297, 138.09600830078125, 175.27999877929688, 223.66400146484375], [164.7519989013672, 84.56000518798828, 203.27999877929688, 180.4320068359375], [129.58399963378906, 54.992000579833984, 164.7519989013672, 145.48800659179688], [46.47999954223633, 62.384002685546875, 61.26400375366211, 104.94400024414062], [192.97601318359375, 115.92000579833984, 207.5360107421875, 151.9840087890625], [137.64801025390625, 72.91200256347656, 149.07200622558594, 92.8479995727539]], 'labels': ['woman', 'woman', 'woman', 'woman', 'woman', 'human face', 'human face', 'human face']}}"
0679,"{'<DENSE_REGION_CAPTION>': {'bboxes': [[7.056000232696533, 54.320003509521484, 105.61600494384766, 223.66400146484375], [41.552001953125, 70.44800567626953, 59.92000198364258, 117.26399993896484], [192.97601318359375, 111.21600341796875, 208.4320068359375, 151.5360107421875], [134.5120086669922, 71.56800079345703, 146.16000366210938, 94.19200134277344]], 'labels': ['woman', 'human face', 'human face', 'human face']}}"
0680,"{'<DENSE_REGION_CAPTION>': {'bboxes': [[168.5600128173828, 95.76000213623047, 223.66400146484375, 223.66400146484375], [194.32000732421875, 108.75200653076172, 211.12001037597656, 151.9840087890625], [52.30400085449219, 73.13600158691406, 67.98400115966797, 118.16000366210938], [137.87200927734375, 66.19200134277344, 148.84800720214844, 90.16000366210938], [177.96800231933594, 110.54400634765625, 188.27200317382812, 129.58399963378906]], 'labels': ['girl', 'human face', 'human face', 'human face', 'human face']}}"
0681,"{'<DENSE_REGION_CAPTION>': {'bboxes': [[6.160000324249268, 54.544002532958984, 106.96000671386719, 223.66400146484375], [115.69600677490234, 129.13600158691406, 173.71200561523438, 223.66400146484375], [162.0640106201172, 83.88800048828125, 202.83200073242188, 181.552001953125], [194.76800537109375, 94.41600036621094, 223.66400146484375, 223.66400146484375], [123.53600311279297, 58.80000305175781, 162.0640106201172, 144.81600952148438], [195.66400146484375, 113.00800323486328, 214.70401000976562, 156.46400451660156], [46.47999954223633, 72.46400451660156, 62.832000732421875, 115.92000579833984], [142.3520050048828, 67.76000213623047, 156.24000549316406, 91.7280044555664], [175.05599975585938, 110.54400634765625, 185.80799865722656, 129.58399963378906]], 'labels': ['woman', 'woman', 'woman', 'woman', 'woman', 'human face', 'human face', 'human face', 'human face']}}"
0682,"{'<DENSE_REGION_CAPTION>': {'bboxes': [[195.66400146484375, 105.61600494384766, 212.46400451660156, 152.2080078125], [205.74400329589844, 160.94400024414062, 223.66400146484375, 200.59201049804688], [46.704002380371094, 71.12000274658203, 62.608001708984375, 117.93600463867188], [143.4720001220703, 67.31200408935547, 155.56800842285156, 91.2800064086914], [170.5760040283203, 110.99200439453125, 181.552001953125, 126.67200469970703]], 'labels': ['human face', 'human face', 'human face', 'human face', 'human face']}}"
0683,"{'<DENSE_REGION_CAPTION>': {'bboxes': [[7.056000232696533, 55.44000244140625, 107.40800476074219, 223.66400146484375], [204.62400817871094, 154.89601135253906, 223.66400146484375, 202.60800170898438], [46.47999954223633, 72.01599884033203, 63.05600357055664, 117.26399993896484], [194.76800537109375, 107.40800476074219, 209.7760009765625, 149.96800231933594], [142.3520050048828, 66.86399841308594, 154.447998046875, 90.60800170898438], [170.1280059814453, 111.88800048828125, 179.9840087890625, 128.01600646972656]], 'labels': ['woman', 'human face', 'human face', 'human face', 'human face', 'human face']}}"
0684,"{'<DENSE_REGION_CAPTION>': {'bboxes': [[7.728000164031982, 53.42399978637695, 112.11200714111328, 223.66400146484375], [169.2320098876953, 94.19200134277344, 223.66400146484375, 223.66400146484375], [118.38400268554688, 133.61599731445312, 174.38400268554688, 223.66400146484375], [157.13600158691406, 74.4800033569336, 205.96800231933594, 172.36801147460938], [124.4320068359375, 55.44000244140625, 164.5279998779297, 141.0080108642578], [203.95201110839844, 166.99200439453125, 223.66400146484375, 204.84800720214844], [193.64801025390625, 104.72000122070312, 209.10400390625, 150.63999938964844], [46.704002380371094, 68.8800048828125, 62.384002685546875, 114.35200500488281], [137.87200927734375, 69.10400390625, 149.29600524902344, 90.83200073242188], [178.41600036621094, 108.97600555419922, 189.8400115966797, 125.7760009765625]], 'labels': ['woman', 'woman', 'woman', 'woman', 'woman', 'human face', 'human face', 'human face', 'human face', 'human face']}}"
0685,"{'<DENSE_REGION_CAPTION>': {'bboxes': [[7.056000232696533, 52.52799987792969, 108.75200653076172, 223.66400146484375], [202.16000366210938, 158.92800903320312, 223.66400146484375, 196.11199951171875], [43.79199981689453, 65.74400329589844, 60.592002868652344, 112.33600616455078], [193.42401123046875, 105.16800689697266, 207.9840087890625, 150.63999938964844], [138.32000732421875, 66.41600036621094, 150.63999938964844, 90.83200073242188]], 'labels': ['woman', 'human face', 'human face', 'human face', 'human face']}}"
0686,"{'<DENSE_REGION_CAPTION>': {'bboxes': [[7.056000232696533, 53.42399978637695, 111.66400146484375, 223.66400146484375], [43.56800079345703, 67.53600311279297, 60.816001892089844, 113.45600128173828], [193.87200927734375, 108.75200653076172, 210.0, 150.63999938964844], [145.48800659179688, 64.6240005493164, 157.58399963378906, 88.36800384521484]], 'labels': ['girl', 'human face', 'human face', 'human face']}}"
0687,"{'<DENSE_REGION_CAPTION>': {'bboxes': [[7.056000232696533, 53.64800262451172, 108.30400085449219, 223.66400146484375], [42.448001861572266, 69.3280029296875, 59.92000198364258, 114.57600402832031], [193.87200927734375, 108.75200653076172, 208.8800048828125, 151.08799743652344], [212.68800354003906, 183.12001037597656, 223.66400146484375, 220.3040008544922], [145.93600463867188, 64.4000015258789, 158.25601196289062, 87.47200012207031]], 'labels': ['woman', 'human face', 'human face', 'human face', 'human face']}}"
0688,"{'<DENSE_REGION_CAPTION>': {'bboxes': [[7.056000232696533, 53.64800262451172, 109.42400360107422, 223.66400146484375], [145.26400756835938, 45.58399963378906, 210.2239990234375, 177.74400329589844], [169.6800079345703, 92.1760025024414, 223.66400146484375, 223.66400146484375], [116.81600189208984, 134.7360076904297, 167.44000244140625, 223.66400146484375], [119.0560073852539, 58.35200119018555, 163.6320037841797, 143.9199981689453], [42.672000885009766, 68.8800048828125, 60.36800003051758, 115.02400207519531], [193.64801025390625, 107.40800476074219, 208.8800048828125, 151.9840087890625], [183.34400939941406, 72.91200256347656, 195.21600341796875, 102.2560043334961], [143.0240020751953, 68.43199920654297, 155.34400939941406, 91.5040054321289]], 'labels': ['woman', 'woman', 'woman', 'woman', 'woman', 'human face', 'human face', 'human face', 'human face']}}"
0689,"{'<DENSE_REGION_CAPTION>': {'bboxes': [[7.056000232696533, 53.64800262451172, 108.30400085449219, 223.66400146484375], [161.39199829101562, 26.54400062561035, 210.2239990234375, 177.29600524902344], [169.2320098876953, 91.7280044555664, 223.66400146484375, 223.66400146484375], [113.23200225830078, 133.8400115966797, 168.11199951171875, 223.66400146484375], [121.07200622558594, 56.560001373291016, 164.5279998779297, 144.36801147460938], [47.37600326538086, 70.44800567626953, 62.160003662109375, 113.45600128173828], [195.21600341796875, 109.20000457763672, 207.5360107421875, 149.29600524902344], [140.7840118408203, 67.98400115966797, 152.656005859375, 91.2800064086914], [183.79200744628906, 82.54400634765625, 193.42401123046875, 107.63200378417969]], 'labels': ['woman', 'woman', 'woman', 'woman', 'woman', 'human face', 'human face', 'human face', 'human face']}}"
0690,"{'<DENSE_REGION_CAPTION>': {'bboxes': [[7.728000164031982, 53.42399978637695, 107.40800476074219, 223.66400146484375], [47.37600326538086, 69.3280029296875, 62.608001708984375, 113.45600128173828], [194.32000732421875, 113.90400695800781, 204.62400817871094, 154.2239990234375], [138.32000732421875, 65.0719985961914, 149.74400329589844, 89.04000091552734]], 'labels': ['woman', 'human face', 'human face', 'human face']}}"
0691,"{'<DENSE_REGION_CAPTION>': {'bboxes': [[7.728000164031982, 53.42399978637695, 107.40800476074219, 223.66400146484375], [168.11199951171875, 94.63999938964844, 223.66400146484375, 223.66400146484375], [114.57600402832031, 135.6320037841797, 169.4560089111328, 223.66400146484375], [177.52000427246094, 63.28000259399414, 210.0, 173.26400756835938], [123.76000213623047, 62.832000732421875, 156.01600646972656, 143.2480010986328], [48.272003173828125, 70.0, 62.832000732421875, 113.68000030517578], [197.4560089111328, 108.30400085449219, 208.4320068359375, 151.31201171875], [131.37600708007812, 74.2560043334961, 144.59201049804688, 100.01600646972656]], 'labels': ['woman', 'woman', 'woman', 'woman', 'woman', 'human face', 'human face', 'human face']}}"
0692,"{'<DENSE_REGION_CAPTION>': {'bboxes': [[7.728000164031982, 53.42399978637695, 109.42400360107422, 223.66400146484375], [199.4720001220703, 102.7040023803711, 214.03201293945312, 143.2480010986328], [49.39200210571289, 71.12000274658203, 63.05600357055664, 113.00800323486328], [138.54400634765625, 71.12000274658203, 150.63999938964844, 95.31200408935547]], 'labels': ['woman', 'human face', 'human face', 'human face']}}"
0693,"{'<DENSE_REGION_CAPTION>': {'bboxes': [[8.848000526428223, 53.87200164794922, 108.75200653076172, 223.66400146484375], [168.7840118408203, 91.2800064086914, 223.66400146484375, 223.66400146484375], [174.60800170898438, 61.26400375366211, 223.66400146484375, 173.26400756835938], [115.24800109863281, 136.3040008544922, 168.33599853515625, 223.66400146484375], [128.24000549316406, 61.26400375366211, 159.15200805664062, 147.95201110839844], [197.6800079345703, 141.2320098876953, 223.66400146484375, 223.66400146484375], [0.1120000034570694, 139.44000244140625, 9.520000457763672, 223.66400146484375]], 'labels': ['person', 'person', 'person', 'person', 'person', 'person', 'person']}}"
0694,"{'<DENSE_REGION_CAPTION>': {'bboxes': [[7.728000164031982, 51.40800094604492, 108.97600555419922, 223.66400146484375], [193.87200927734375, 108.30400085449219, 209.3280029296875, 149.29600524902344], [48.272003173828125, 67.08800506591797, 62.384002685546875, 108.75200653076172], [199.2480010986328, 168.5600128173828, 212.01600646972656, 202.38400268554688], [135.4080047607422, 74.0320053100586, 147.72801208496094, 97.3280029296875]], 'labels': ['woman', 'human face', 'human face', 'human face', 'human face']}}"
0695,"{'<DENSE_REGION_CAPTION>': {'bboxes': [[7.056000232696533, 51.63199996948242, 106.96000671386719, 223.66400146484375], [193.87200927734375, 106.73600006103516, 210.2239990234375, 149.07200622558594], [49.39200210571289, 68.43199920654297, 62.608001708984375, 109.64800262451172], [133.39199829101562, 74.7040023803711, 145.26400756835938, 98.0]], 'labels': ['woman', 'human face', 'human face', 'human face']}}"
0696,"{'<DENSE_REGION_CAPTION>': {'bboxes': [[7.728000164031982, 52.30400085449219, 106.06400299072266, 223.66400146484375], [194.99200439453125, 106.28800201416016, 209.3280029296875, 148.62400817871094], [49.84000015258789, 69.3280029296875, 62.832000732421875, 109.87200164794922], [133.39199829101562, 73.36000061035156, 145.26400756835938, 95.76000213623047]], 'labels': ['woman', 'human face', 'human face', 'human face']}}"
0697,"{'<DENSE_REGION_CAPTION>': {'bboxes': [[7.728000164031982, 52.08000183105469, 112.78400421142578, 223.66400146484375], [194.99200439453125, 108.08000183105469, 209.7760009765625, 149.07200622558594], [50.064002990722656, 69.7760009765625, 63.50400161743164, 109.64800262451172], [200.59201049804688, 169.4560089111328, 214.25601196289062, 204.17601013183594], [136.3040008544922, 74.7040023803711, 148.62400817871094, 97.7760009765625]], 'labels': ['woman', 'human face', 'human face', 'human face', 'human face']}}"
0698,"{'<DENSE_REGION_CAPTION>': {'bboxes': [[7.728000164031982, 52.30400085449219, 110.09600067138672, 223.66400146484375], [194.54400634765625, 107.63200378417969, 209.10400390625, 149.07200622558594], [200.36801147460938, 170.8000030517578, 214.70401000976562, 204.84800720214844], [50.064002990722656, 70.0, 63.05600357055664, 109.87200164794922], [135.1840057373047, 74.7040023803711, 147.50399780273438, 99.34400177001953]], 'labels': ['woman', 'human face', 'human face', 'human face', 'human face']}}"
0699,"{'<DENSE_REGION_CAPTION>': {'bboxes': [[7.728000164031982, 52.30400085449219, 107.40800476074219, 223.66400146484375], [171.6959991455078, 90.16000366210938, 223.66400146484375, 223.66400146484375], [112.78400421142578, 136.5279998779297, 169.4560089111328, 223.66400146484375], [173.48800659179688, 61.48800277709961, 205.74400329589844, 173.93600463867188], [126.22400665283203, 62.384002685546875, 158.92800903320312, 146.60800170898438], [194.54400634765625, 108.52799987792969, 210.2239990234375, 149.29600524902344], [50.064002990722656, 70.0, 63.28000259399414, 110.09600067138672], [133.39199829101562, 74.7040023803711, 145.71200561523438, 99.12000274658203]], 'labels': ['woman', 'woman', 'woman', 'woman', 'woman', 'human face', 'human face', 'human face']}}"
0700,"{'<DENSE_REGION_CAPTION>': {'bboxes': [[7.056000232696533, 52.30400085449219, 110.76800537109375, 223.66400146484375], [194.99200439453125, 109.64800262451172, 209.7760009765625, 149.07200622558594], [49.84000015258789, 70.0, 63.28000259399414, 110.76800537109375], [201.93600463867188, 168.7840118408203, 216.04800415039062, 204.40000915527344], [135.6320037841797, 74.9280014038086, 146.60800170898438, 96.8800048828125]], 'labels': ['woman', 'human face', 'human face', 'human face', 'human face']}}"
0701,"{'<DENSE_REGION_CAPTION>': {'bboxes': [[7.28000020980835, 52.30400085449219, 106.96000671386719, 223.66400146484375], [194.76800537109375, 109.20000457763672, 209.3280029296875, 149.74400329589844], [50.064002990722656, 70.89600372314453, 63.28000259399414, 110.54400634765625], [136.7519989013672, 73.80799865722656, 147.72801208496094, 96.43199920654297]], 'labels': ['woman', 'human face', 'human face', 'human face']}}"
0702,"{'<DENSE_REGION_CAPTION>': {'bboxes': [[7.728000164031982, 52.30400085449219, 108.08000183105469, 223.66400146484375], [194.76800537109375, 109.20000457763672, 209.3280029296875, 149.29600524902344], [50.064002990722656, 68.656005859375, 63.50400161743164, 110.09600067138672], [141.6800079345703, 72.68800354003906, 153.10400390625, 95.98400115966797]], 'labels': ['woman', 'human face', 'human face', 'human face']}}"
0703,"{'<DENSE_REGION_CAPTION>': {'bboxes': [[7.728000164031982, 52.30400085449219, 108.52799987792969, 223.66400146484375], [171.6959991455078, 90.38400268554688, 223.66400146484375, 223.66400146484375], [107.63200378417969, 134.0640106201172, 166.54400634765625, 223.66400146484375], [169.0080108642578, 66.41600036621094, 203.05599975585938, 175.50399780273438], [126.22400665283203, 61.71200180053711, 163.8560028076172, 145.93600463867188], [199.0240020751953, 173.26400756835938, 220.0800018310547, 205.74400329589844], [194.99200439453125, 107.63200378417969, 209.7760009765625, 148.84800720214844], [49.61600112915039, 70.0, 62.832000732421875, 110.76800537109375], [142.5760040283203, 72.68800354003906, 154.447998046875, 96.656005859375]], 'labels': ['woman', 'woman', 'woman', 'woman', 'woman', 'human face', 'human face', 'human face', 'human face']}}"
0704,"{'<DENSE_REGION_CAPTION>': {'bboxes': [[7.728000164031982, 52.52799987792969, 107.85600280761719, 223.66400146484375], [203.05599975585938, 172.59201049804688, 223.66400146484375, 207.31201171875], [49.39200210571289, 71.12000274658203, 62.832000732421875, 111.21600341796875], [196.33599853515625, 115.02400207519531, 208.8800048828125, 148.17601013183594], [137.42401123046875, 72.24000549316406, 149.96800231933594, 96.8800048828125]], 'labels': ['woman', 'human face', 'human face', 'human face', 'human face']}}"
0705,"{'<DENSE_REGION_CAPTION>': {'bboxes': [[9.296000480651855, 52.97600173950195, 107.85600280761719, 223.66400146484375], [48.272003173828125, 70.0, 62.608001708984375, 111.44000244140625], [196.11199951171875, 114.57600402832031, 210.0, 147.95201110839844], [203.50401306152344, 179.0880126953125, 218.5120086669922, 205.52000427246094], [135.1840057373047, 76.72000122070312, 148.17601013183594, 100.91200256347656]], 'labels': ['girl', 'human face', 'human face', 'human face', 'human face']}}"
0706,"{'<DENSE_REGION_CAPTION>': {'bboxes': [[9.296000480651855, 52.97600173950195, 111.21600341796875, 223.66400146484375], [171.0240020751953, 91.2800064086914, 223.66400146484375, 223.66400146484375], [114.35200500488281, 137.42401123046875, 168.33599853515625, 223.66400146484375], [163.8560028076172, 77.61600494384766, 201.71200561523438, 172.36801147460938], [119.7280044555664, 64.6240005493164, 159.37600708007812, 149.74400329589844]], 'labels': ['person', 'person', 'person', 'person', 'person']}}"
0707,"{'<DENSE_REGION_CAPTION>': {'bboxes': [[9.296000480651855, 52.75200271606445, 107.85600280761719, 223.66400146484375], [169.0080108642578, 91.2800064086914, 223.66400146484375, 223.66400146484375], [111.21600341796875, 136.9759979248047, 167.66400146484375, 223.66400146484375], [165.64801025390625, 81.87200164794922, 200.59201049804688, 177.52000427246094], [119.2800064086914, 64.4000015258789, 158.48001098632812, 150.86399841308594], [196.11199951171875, 91.2800064086914, 223.66400146484375, 182.67201232910156], [202.60800170898438, 140.55999755859375, 223.66400146484375, 223.66400146484375], [195.66400146484375, 108.52799987792969, 210.44801330566406, 148.84800720214844], [203.05599975585938, 172.81600952148438, 218.0640106201172, 209.10400390625], [50.064002990722656, 71.56800079345703, 63.05600357055664, 111.21600341796875], [133.8400115966797, 76.49600219726562, 145.71200561523438, 100.68800354003906], [180.8800048828125, 110.76800537109375, 192.97601318359375, 128.01600646972656]], 'labels': ['person', 'person', 'person', 'person', 'person', 'person', 'person', 'human face', 'human face', 'human face', 'human face', 'human face']}}"
0708,"{'<DENSE_REGION_CAPTION>': {'bboxes': [[7.728000164031982, 52.52799987792969, 108.30400085449219, 223.66400146484375], [168.5600128173828, 92.1760025024414, 223.66400146484375, 223.66400146484375], [110.99200439453125, 137.42401123046875, 168.33599853515625, 223.66400146484375], [154.67201232910156, 94.86400604248047, 197.0080108642578, 175.05599975585938], [126.67200469970703, 65.96800231933594, 159.37600708007812, 151.08799743652344], [202.38400268554688, 171.4720001220703, 219.1840057373047, 208.2080078125], [196.7840118408203, 108.30400085449219, 210.67201232910156, 148.84800720214844], [49.84000015258789, 71.12000274658203, 62.832000732421875, 111.44000244140625], [133.39199829101562, 84.56000518798828, 143.0240020751953, 103.1520004272461]], 'labels': ['woman', 'woman', 'woman', 'woman', 'woman', 'human face', 'human face', 'human face', 'human face']}}"
0709,"{'<DENSE_REGION_CAPTION>': {'bboxes': [[62.160003662109375, 128.01600646972656, 203.95201110839844, 223.66400146484375], [203.72801208496094, 170.8000030517578, 220.0800018310547, 207.9840087890625], [49.39200210571289, 70.0, 62.608001708984375, 111.21600341796875], [198.3520050048828, 109.87200164794922, 212.01600646972656, 147.95201110839844], [135.8560028076172, 74.2560043334961, 147.72801208496094, 98.0]], 'labels': ['desk', 'human face', 'human face', 'human face', 'human face']}}"
0710,"{'<DENSE_REGION_CAPTION>': {'bboxes': [[7.728000164031982, 51.85600280761719, 108.97600555419922, 223.66400146484375], [46.704002380371094, 67.31200408935547, 62.608001708984375, 111.88800048828125], [203.72801208496094, 172.81600952148438, 219.8560028076172, 208.656005859375], [197.9040069580078, 107.63200378417969, 211.12001037597656, 147.72801208496094], [136.0800018310547, 75.3759994506836, 148.17601013183594, 100.24000549316406]], 'labels': ['woman', 'human face', 'human face', 'human face', 'human face']}}"
0711,"{'<DENSE_REGION_CAPTION>': {'bboxes': [[6.160000324249268, 52.30400085449219, 108.75200653076172, 223.66400146484375], [203.05599975585938, 174.16000366210938, 220.3040008544922, 209.552001953125], [197.4560089111328, 108.30400085449219, 211.12001037597656, 148.84800720214844], [50.064002990722656, 71.12000274658203, 63.50400161743164, 111.88800048828125], [134.9600067138672, 74.7040023803711, 147.27999877929688, 100.24000549316406]], 'labels': ['woman', 'human face', 'human face', 'human face', 'human face']}}"
0712,"{'<DENSE_REGION_CAPTION>': {'bboxes': [[6.160000324249268, 52.30400085449219, 108.52799987792969, 223.66400146484375], [203.05599975585938, 174.16000366210938, 218.9600067138672, 209.552001953125], [50.96000289916992, 72.01599884033203, 64.1760025024414, 111.21600341796875], [136.0800018310547, 74.2560043334961, 148.40000915527344, 99.12000274658203]], 'labels': ['woman', 'human face', 'human face', 'human face']}}"
0713,"{'<DENSE_REGION_CAPTION>': {'bboxes': [[6.160000324249268, 51.85600280761719, 109.42400360107422, 223.66400146484375], [202.83200073242188, 173.93600463867188, 218.7360076904297, 209.3280029296875], [50.512001037597656, 71.34400177001953, 63.952003479003906, 111.88800048828125], [198.3520050048828, 111.88800048828125, 212.68800354003906, 144.59201049804688], [135.4080047607422, 74.2560043334961, 147.50399780273438, 99.56800079345703]], 'labels': ['woman', 'human face', 'human face', 'human face', 'human face']}}"
0714,"{'<DENSE_REGION_CAPTION>': {'bboxes': [[6.160000324249268, 51.18400192260742, 108.52799987792969, 223.66400146484375], [200.36801147460938, 98.0, 216.27200317382812, 140.55999755859375], [203.27999877929688, 174.16000366210938, 218.7360076904297, 209.552001953125], [50.288002014160156, 70.0, 63.72800064086914, 110.31999969482422], [135.8560028076172, 71.79199981689453, 147.50399780273438, 95.76000213623047]], 'labels': ['woman', 'human face', 'human face', 'human face', 'human face']}}"
0715,"{'<DENSE_REGION_CAPTION>': {'bboxes': [[203.05599975585938, 174.83200073242188, 218.9600067138672, 209.7760009765625], [49.39200210571289, 70.44800567626953, 62.832000732421875, 111.88800048828125], [188.72000122070312, 131.82400512695312, 202.83200073242188, 157.36000061035156], [135.4080047607422, 73.58399963378906, 146.83200073242188, 96.8800048828125]], 'labels': ['human face', 'human face', 'human face', 'human face']}}"
0716,"{'<DENSE_REGION_CAPTION>': {'bboxes': [[7.056000232696533, 52.30400085449219, 107.85600280761719, 223.66400146484375], [170.1280059814453, 95.98400115966797, 223.66400146484375, 223.66400146484375], [119.5040054321289, 136.9759979248047, 169.2320098876953, 223.66400146484375], [119.5040054321289, 62.608001708984375, 159.15200805664062, 145.04000854492188], [162.9600067138672, 70.2239990234375, 193.64801025390625, 167.88800048828125], [46.704002380371094, 68.43199920654297, 62.160003662109375, 111.88800048828125], [202.38400268554688, 174.38400268554688, 218.2880096435547, 209.3280029296875], [135.4080047607422, 73.36000061035156, 148.17601013183594, 98.0], [187.15200805664062, 126.00000762939453, 197.0080108642578, 151.31201171875], [169.6800079345703, 89.48799896240234, 177.74400329589844, 106.73600006103516]], 'labels': ['woman', 'woman', 'woman', 'woman', 'woman', 'human face', 'human face', 'human face', 'human face', 'human face']}}"
0717,"{'<DENSE_REGION_CAPTION>': {'bboxes': [[7.728000164031982, 52.30400085449219, 108.30400085449219, 223.66400146484375], [166.99200439453125, 91.05599975585938, 223.66400146484375, 223.66400146484375], [112.11200714111328, 134.9600067138672, 168.5600128173828, 223.66400146484375], [163.8560028076172, 70.89600372314453, 196.11199951171875, 167.44000244140625], [124.8800048828125, 62.160003662109375, 159.82400512695312, 146.83200073242188], [203.05599975585938, 175.27999877929688, 219.6320037841797, 210.44801330566406], [48.944000244140625, 67.08800506591797, 61.26400375366211, 108.30400085449219], [187.82400512695312, 126.89600372314453, 202.60800170898438, 154.447998046875], [132.49600219726562, 73.58399963378906, 144.81600952148438, 97.7760009765625]], 'labels': ['woman', 'woman', 'woman', 'woman', 'woman', 'human face', 'human face', 'human face', 'human face']}}"
0718,"{'<DENSE_REGION_CAPTION>': {'bboxes': [[7.056000232696533, 50.736000061035156, 106.96000671386719, 223.66400146484375], [203.72801208496094, 173.71200561523438, 221.20001220703125, 209.552001953125], [48.272003173828125, 62.832000732421875, 61.26400375366211, 104.94400024414062], [190.5120086669922, 118.38400268554688, 200.14401245117188, 151.08799743652344], [132.72000122070312, 76.27200317382812, 144.59201049804688, 99.79199981689453], [171.6959991455078, 91.5040054321289, 181.10400390625, 113.45600128173828]], 'labels': ['girl', 'human face', 'human face', 'human face', 'human face', 'human face']}}"
0719,"{'<DENSE_REGION_CAPTION>': {'bboxes': [[169.0080108642578, 94.41600036621094, 223.66400146484375, 223.66400146484375], [202.60800170898438, 173.71200561523438, 217.8400115966797, 209.7760009765625], [48.720001220703125, 64.1760025024414, 61.040000915527344, 105.16800689697266], [191.6320037841797, 116.59200286865234, 203.50401306152344, 149.74400329589844], [168.5600128173828, 84.78400421142578, 180.8800048828125, 111.44000244140625], [136.3040008544922, 76.27200317382812, 147.72801208496094, 100.46400451660156]], 'labels': ['girl', 'human face', 'human face', 'human face', 'human face', 'human face']}}"
0720,"{'<DENSE_REGION_CAPTION>': {'bboxes': [[169.2320098876953, 93.96800231933594, 223.66400146484375, 223.66400146484375], [202.83200073242188, 174.38400268554688, 217.6160125732422, 210.2239990234375], [48.720001220703125, 66.63999938964844, 60.816001892089844, 106.96000671386719], [192.0800018310547, 116.59200286865234, 203.27999877929688, 149.52000427246094], [138.09600830078125, 80.08000183105469, 149.74400329589844, 102.0320053100586], [167.44000244140625, 89.26399993896484, 177.74400329589844, 109.20000457763672]], 'labels': ['girl', 'human face', 'human face', 'human face', 'human face', 'human face']}}"
0721,"{'<DENSE_REGION_CAPTION>': {'bboxes': [[7.056000232696533, 51.63199996948242, 106.06400299072266, 223.66400146484375], [171.0240020751953, 94.41600036621094, 223.66400146484375, 223.66400146484375], [108.08000183105469, 62.384002685546875, 160.27200317382812, 154.447998046875], [202.38400268554688, 175.27999877929688, 216.04800415039062, 210.44801330566406], [48.944000244140625, 69.7760009765625, 61.26400375366211, 108.08000183105469], [190.5120086669922, 116.36800384521484, 202.16000366210938, 149.29600524902344], [160.72000122070312, 89.48799896240234, 173.71200561523438, 115.24800109863281], [137.64801025390625, 77.61600494384766, 149.52000427246094, 101.58399963378906]], 'labels': ['girl', 'girl', 'girl', 'human face', 'human face', 'human face', 'human face', 'human face']}}"
0722,"{'<DENSE_REGION_CAPTION>': {'bboxes': [[7.056000232696533, 51.63199996948242, 104.94400024414062, 223.66400146484375], [168.33599853515625, 94.86400604248047, 223.66400146484375, 223.66400146484375], [115.02400207519531, 62.832000732421875, 161.6160125732422, 154.67201232910156], [88.59200286865234, 151.5360107421875, 147.72801208496094, 223.66400146484375], [155.79200744628906, 74.9280014038086, 190.9600067138672, 169.2320098876953], [201.48800659179688, 180.656005859375, 216.27200317382812, 213.58399963378906], [49.39200210571289, 69.3280029296875, 61.93600082397461, 108.97600555419922], [190.9600067138672, 119.2800064086914, 202.83200073242188, 151.5360107421875], [158.48001098632812, 90.38400268554688, 171.4720001220703, 117.04000091552734], [138.09600830078125, 75.3759994506836, 149.74400329589844, 100.46400451660156]], 'labels': ['girl', 'girl', 'girl', 'girl', 'girl', 'human face', 'human face', 'human face', 'human face', 'human face']}}"
0723,"{'<DENSE_REGION_CAPTION>': {'bboxes': [[6.160000324249268, 51.18400192260742, 106.96000671386719, 223.66400146484375], [48.944000244140625, 66.41600036621094, 62.608001708984375, 108.08000183105469], [190.5120086669922, 119.2800064086914, 202.83200073242188, 152.2080078125], [159.15200805664062, 93.74400329589844, 173.48800659179688, 118.38400268554688], [135.8560028076172, 74.2560043334961, 147.50399780273438, 97.552001953125]], 'labels': ['woman', 'human face', 'human face', 'human face', 'human face']}}"
0724,"{'<DENSE_REGION_CAPTION>': {'bboxes': [[6.160000324249268, 51.18400192260742, 106.73600006103516, 223.66400146484375], [184.46400451660156, 94.63999938964844, 223.66400146484375, 223.66400146484375], [95.76000213623047, 149.74400329589844, 148.17601013183594, 223.66400146484375], [155.12001037597656, 75.3759994506836, 191.8560028076172, 168.7840118408203], [122.64000701904297, 61.71200180053711, 158.70401000976562, 147.95201110839844], [48.272003173828125, 67.08800506591797, 61.48800277709961, 108.08000183105469], [190.5120086669922, 119.2800064086914, 202.38400268554688, 151.5360107421875], [162.0640106201172, 95.31200408935547, 175.95201110839844, 116.81600189208984], [133.39199829101562, 76.04800415039062, 146.16000366210938, 98.89600372314453]], 'labels': ['woman', 'woman', 'woman', 'woman', 'woman', 'human face', 'human face', 'human face', 'human face']}}"
0725,"{'<DENSE_REGION_CAPTION>': {'bboxes': [[5.936000347137451, 51.18400192260742, 106.96000671386719, 223.66400146484375], [48.272003173828125, 66.86399841308594, 62.608001708984375, 108.75200653076172], [190.9600067138672, 117.26399993896484, 202.38400268554688, 152.656005859375], [135.8560028076172, 74.4800033569336, 148.62400817871094, 99.79199981689453], [164.0800018310547, 95.98400115966797, 177.74400329589844, 116.36800384521484]], 'labels': ['woman', 'human face', 'human face', 'human face', 'human face']}}"
0726,"{'<DENSE_REGION_CAPTION>': {'bboxes': [[172.59201049804688, 95.53600311279297, 223.66400146484375, 223.66400146484375], [47.37600326538086, 63.72800064086914, 61.93600082397461, 108.75200653076172], [191.1840057373047, 120.4000015258789, 203.05599975585938, 149.29600524902344], [163.1840057373047, 95.76000213623047, 177.29600524902344, 118.38400268554688], [138.09600830078125, 73.36000061035156, 149.74400329589844, 97.10400390625]], 'labels': ['girl', 'human face', 'human face', 'human face', 'human face']}}"
0727,"{'<DENSE_REGION_CAPTION>': {'bboxes': [[8.40000057220459, 51.85600280761719, 111.66400146484375, 223.66400146484375], [172.59201049804688, 95.98400115966797, 223.66400146484375, 223.66400146484375], [119.0560073852539, 60.36800003051758, 158.48001098632812, 143.6959991455078], [99.79199981689453, 150.86399841308594, 143.2480010986328, 223.66400146484375], [160.49600219726562, 75.82400512695312, 191.8560028076172, 169.4560089111328], [190.9600067138672, 95.98400115966797, 223.66400146484375, 176.40000915527344], [197.0080108642578, 143.9199981689453, 223.66400146484375, 223.66400146484375], [0.1120000034570694, 143.6959991455078, 8.848000526428223, 223.66400146484375], [70.0, 110.54400634765625, 81.64800262451172, 142.1280059814453], [46.704002380371094, 62.832000732421875, 59.92000198364258, 104.49600219726562], [191.6320037841797, 121.29600524902344, 202.83200073242188, 150.19200134277344], [162.5120086669922, 95.53600311279297, 176.40000915527344, 117.48800659179688], [138.76800537109375, 74.7040023803711, 150.41600036621094, 97.10400390625]], 'labels': ['person', 'person', 'person', 'person', 'person', 'person', 'person', 'person', 'coffee cup', 'human face', 'human face', 'human face', 'human face']}}"
0728,"{'<DENSE_REGION_CAPTION>': {'bboxes': [[7.056000232696533, 51.63199996948242, 106.96000671386719, 223.66400146484375], [171.6959991455078, 95.98400115966797, 223.66400146484375, 223.66400146484375], [117.04000091552734, 60.36800003051758, 157.58399963378906, 147.95201110839844], [156.46400451660156, 76.72000122070312, 192.7519989013672, 169.2320098876953], [47.37600326538086, 65.0719985961914, 61.48800277709961, 109.20000457763672], [191.1840057373047, 119.5040054321289, 202.60800170898438, 150.19200134277344], [159.15200805664062, 94.41600036621094, 172.59201049804688, 118.60800170898438], [136.9759979248047, 74.4800033569336, 148.62400817871094, 97.3280029296875]], 'labels': ['girl', 'girl', 'girl', 'girl', 'human face', 'human face', 'human face', 'human face']}}"
0729,"{'<DENSE_REGION_CAPTION>': {'bboxes': [[62.160003662109375, 129.13600158691406, 192.7519989013672, 223.66400146484375], [171.6959991455078, 95.98400115966797, 223.66400146484375, 223.66400146484375], [114.35200500488281, 62.608001708984375, 158.48001098632812, 147.95201110839844], [156.24000549316406, 76.72000122070312, 193.87200927734375, 169.2320098876953], [48.944000244140625, 70.44800567626953, 63.50400161743164, 113.00800323486328], [191.4080047607422, 119.7280044555664, 203.50401306152344, 150.63999938964844], [158.48001098632812, 95.08800506591797, 172.81600952148438, 118.83200073242188], [136.3040008544922, 78.51200103759766, 148.40000915527344, 101.36000061035156]], 'labels': ['desk', 'girl', 'girl', 'girl', 'human face', 'human face', 'human face', 'human face']}}"
0730,"{'<DENSE_REGION_CAPTION>': {'bboxes': [[9.296000480651855, 54.320003509521484, 106.96000671386719, 223.66400146484375], [171.6959991455078, 98.0, 223.66400146484375, 223.66400146484375], [156.46400451660156, 76.72000122070312, 192.97601318359375, 169.4560089111328], [98.67200469970703, 151.08799743652344, 143.6959991455078, 223.66400146484375], [126.22400665283203, 63.50400161743164, 157.80799865722656, 148.62400817871094], [192.97601318359375, 143.9199981689453, 223.66400146484375, 223.66400146484375], [192.97601318359375, 123.08800506591797, 205.07200622558594, 153.7760009765625], [159.60000610351562, 95.08800506591797, 173.26400756835938, 118.83200073242188], [135.8560028076172, 80.08000183105469, 147.72801208496094, 102.2560043334961]], 'labels': ['person', 'person', 'person', 'person', 'person', 'person', 'human face', 'human face', 'human face']}}"
0731,"{'<DENSE_REGION_CAPTION>': {'bboxes': [[9.296000480651855, 53.64800262451172, 104.04800415039062, 223.66400146484375], [52.52799987792969, 67.08800506591797, 66.86399841308594, 108.97600555419922], [200.14401245117188, 115.69600677490234, 214.25601196289062, 143.0240020751953], [160.04800415039062, 93.07200622558594, 173.04000854492188, 119.7280044555664], [136.5279998779297, 79.63200378417969, 148.62400817871094, 102.0320053100586]], 'labels': ['girl', 'human face', 'human face', 'human face', 'human face']}}"
0732,"{'<DENSE_REGION_CAPTION>': {'bboxes': [[8.40000057220459, 56.112003326416016, 106.96000671386719, 223.66400146484375], [155.12001037597656, 77.84000396728516, 198.5760040283203, 177.29600524902344], [120.6240005493164, 63.72800064086914, 158.70401000976562, 149.07200622558594], [126.67200469970703, 154.0, 172.59201049804688, 223.66400146484375], [198.1280059814453, 137.64801025390625, 223.66400146484375, 223.66400146484375], [191.8560028076172, 95.98400115966797, 223.66400146484375, 151.760009765625], [53.87200164794922, 68.8800048828125, 67.76000213623047, 109.87200164794922], [158.03199768066406, 94.41600036621094, 171.0240020751953, 119.7280044555664], [136.7519989013672, 80.30400085449219, 148.62400817871094, 102.0320053100586]], 'labels': ['person', 'person', 'person', 'person', 'person', 'person', 'human face', 'human face', 'human face']}}"
0733,"{'<DENSE_REGION_CAPTION>': {'bboxes': [[8.848000526428223, 54.992000579833984, 106.51200103759766, 223.66400146484375], [112.78400421142578, 138.99200439453125, 164.9759979248047, 223.66400146484375], [155.56800842285156, 81.64800262451172, 195.88800048828125, 172.36801147460938], [125.3280029296875, 64.1760025024414, 158.03199768066406, 145.93600463867188], [195.66400146484375, 139.21600341796875, 223.66400146484375, 223.66400146484375], [52.52799987792969, 68.20800018310547, 67.31200408935547, 112.33600616455078], [157.80799865722656, 96.656005859375, 172.36801147460938, 122.41600036621094], [136.5279998779297, 81.20000457763672, 148.62400817871094, 103.1520004272461]], 'labels': ['person', 'person', 'person', 'person', 'person', 'human face', 'human face', 'human face']}}"
0734,"{'<DENSE_REGION_CAPTION>': {'bboxes': [[8.848000526428223, 54.544002532958984, 106.51200103759766, 223.66400146484375], [51.63199996948242, 67.98400115966797, 66.19200134277344, 112.33600616455078], [189.8400115966797, 118.83200073242188, 204.84800720214844, 155.79200744628906], [156.46400451660156, 98.67200469970703, 169.9040069580078, 125.552001953125], [136.0800018310547, 80.97600555419922, 148.40000915527344, 103.3759994506836]], 'labels': ['woman', 'human face', 'human face', 'human face', 'human face']}}"
0735,"{'<DENSE_REGION_CAPTION>': {'bboxes': [[8.848000526428223, 55.44000244140625, 102.4800033569336, 223.66400146484375], [52.97600173950195, 68.8800048828125, 68.43199920654297, 112.78400421142578], [187.82400512695312, 132.72000122070312, 201.26400756835938, 161.6160125732422], [157.13600158691406, 103.1520004272461, 170.8000030517578, 125.3280029296875], [135.8560028076172, 80.52799987792969, 148.17601013183594, 103.3759994506836]], 'labels': ['woman', 'human face', 'human face', 'human face', 'human face']}}"
0736,"{'<DENSE_REGION_CAPTION>': {'bboxes': [[7.056000232696533, 52.08000183105469, 103.1520004272461, 223.66400146484375], [49.39200210571289, 68.43199920654297, 63.72800064086914, 111.21600341796875], [186.92800903320312, 124.656005859375, 200.36801147460938, 163.1840057373047], [135.8560028076172, 79.85600280761719, 148.40000915527344, 103.3759994506836], [158.70401000976562, 105.16800689697266, 172.14401245117188, 124.4320068359375]], 'labels': ['woman', 'human face', 'human face', 'human face', 'human face']}}"
0737,"{'<DENSE_REGION_CAPTION>': {'bboxes': [[47.37600326538086, 67.53600311279297, 61.71200180053711, 112.11200714111328], [158.70401000976562, 105.16800689697266, 171.4720001220703, 125.10400390625], [136.0800018310547, 82.09600067138672, 148.17601013183594, 102.7040023803711], [7.056000232696533, 53.20000076293945, 108.52799987792969, 223.66400146484375], [172.14401245117188, 101.8080062866211, 223.66400146484375, 223.66400146484375], [102.0320053100586, 134.9600067138672, 163.4080047607422, 223.66400146484375], [153.7760009765625, 83.88800048828125, 190.9600067138672, 167.88800048828125], [124.20800018310547, 63.72800064086914, 159.37600708007812, 145.93600463867188]], 'labels': ['human face', 'human face', 'human face', 'woman', 'woman', 'woman', 'woman', 'woman']}}"
0738,"{'<DENSE_REGION_CAPTION>': {'bboxes': [[7.056000232696533, 53.64800262451172, 108.30400085449219, 223.66400146484375], [46.47999954223633, 67.98400115966797, 61.93600082397461, 113.45600128173828], [159.60000610351562, 104.27200317382812, 172.81600952148438, 124.8800048828125], [135.8560028076172, 80.08000183105469, 147.72801208496094, 102.7040023803711]], 'labels': ['woman', 'human face', 'human face', 'human face']}}"
0739,"{'<DENSE_REGION_CAPTION>': {'bboxes': [[7.056000232696533, 52.30400085449219, 108.08000183105469, 223.66400146484375], [46.03200149536133, 63.28000259399414, 61.040000915527344, 110.09600067138672], [163.8560028076172, 102.2560043334961, 177.52000427246094, 122.41600036621094], [135.8560028076172, 79.63200378417969, 147.72801208496094, 102.2560043334961]], 'labels': ['woman', 'human face', 'human face', 'human face']}}"
0740,"{'<DENSE_REGION_CAPTION>': {'bboxes': [[7.504000186920166, 52.30400085449219, 110.31999969482422, 223.66400146484375], [45.58399963378906, 65.74400329589844, 61.93600082397461, 110.99200439453125], [195.88800048828125, 174.16000366210938, 210.0, 208.8800048828125], [164.7519989013672, 99.56800079345703, 178.86399841308594, 121.29600524902344], [136.7519989013672, 79.40800476074219, 148.84800720214844, 102.2560043334961]], 'labels': ['woman', 'human face', 'human face', 'human face', 'human face']}}"
0741,"{'<DENSE_REGION_CAPTION>': {'bboxes': [[7.056000232696533, 51.40800094604492, 107.85600280761719, 223.66400146484375], [45.58399963378906, 65.0719985961914, 59.92000198364258, 108.97600555419922], [167.44000244140625, 95.53600311279297, 181.7760009765625, 117.04000091552734], [136.7519989013672, 78.73600006103516, 148.84800720214844, 102.2560043334961]], 'labels': ['woman', 'human face', 'human face', 'human face']}}"
0742,"{'<DENSE_REGION_CAPTION>': {'bboxes': [[159.15200805664062, 77.84000396728516, 191.8560028076172, 168.33599853515625], [44.91200256347656, 63.28000259399414, 60.14400100708008, 108.75200653076172], [197.9040069580078, 181.552001953125, 213.58399963378906, 211.79200744628906], [168.11199951171875, 93.07200622558594, 181.7760009765625, 117.71200561523438], [136.5279998779297, 79.40800476074219, 148.62400817871094, 102.7040023803711]], 'labels': ['girl', 'human face', 'human face', 'human face', 'human face']}}"
0743,"{'<DENSE_REGION_CAPTION>': {'bboxes': [[7.056000232696533, 51.63199996948242, 107.63200378417969, 223.66400146484375], [44.2400016784668, 63.28000259399414, 60.36800003051758, 110.54400634765625], [194.99200439453125, 175.72801208496094, 211.34400939941406, 211.56800842285156], [188.49600219726562, 127.12000274658203, 202.16000366210938, 154.2239990234375], [168.33599853515625, 93.07200622558594, 181.7760009765625, 118.38400268554688], [136.5279998779297, 78.73600006103516, 148.62400817871094, 102.4800033569336]], 'labels': ['girl', 'human face', 'human face', 'human face', 'human face', 'human face']}}"
0744,"{'<DENSE_REGION_CAPTION>': {'bboxes': [[6.6080002784729, 50.288002014160156, 108.52799987792969, 223.66400146484375], [43.56800079345703, 61.71200180053711, 60.14400100708008, 108.30400085449219], [201.26400756835938, 103.82400512695312, 218.7360076904297, 138.99200439453125], [194.76800537109375, 179.760009765625, 207.9840087890625, 211.56800842285156], [167.44000244140625, 93.52000427246094, 181.3280029296875, 118.60800170898438], [136.3040008544922, 79.40800476074219, 148.17601013183594, 103.1520004272461]], 'labels': ['woman', 'human face', 'human face', 'human face', 'human face', 'human face']}}"
0745,"{'<DENSE_REGION_CAPTION>': {'bboxes': [[7.056000232696533, 50.064002990722656, 109.87200164794922, 223.66400146484375], [44.2400016784668, 60.36800003051758, 60.592002868652344, 106.28800201416016], [201.71200561523438, 112.56000518798828, 218.2880096435547, 143.4720001220703], [160.49600219726562, 100.91200256347656, 173.93600463867188, 126.44800567626953], [136.3040008544922, 78.73600006103516, 148.17601013183594, 102.2560043334961]], 'labels': ['woman', 'human face', 'human face', 'human face', 'human face']}}"
0746,"{'<DENSE_REGION_CAPTION>': {'bboxes': [[6.160000324249268, 50.736000061035156, 108.75200653076172, 223.66400146484375], [45.58399963378906, 64.6240005493164, 60.14400100708008, 108.97600555419922], [159.15200805664062, 98.0, 172.81600952148438, 125.552001953125], [136.0800018310547, 78.06400299072266, 148.17601013183594, 101.58399963378906]], 'labels': ['woman', 'human face', 'human face', 'human face']}}"
0747,"{'<DENSE_REGION_CAPTION>': {'bboxes': [[6.160000324249268, 51.18400192260742, 109.42400360107422, 223.66400146484375], [48.272003173828125, 65.52000427246094, 61.26400375366211, 108.75200653076172], [160.72000122070312, 100.01600646972656, 174.38400268554688, 125.552001953125], [135.4080047607422, 77.16799926757812, 147.72801208496094, 101.13600158691406]], 'labels': ['woman', 'human face', 'human face', 'human face']}}"
0748,"{'<DENSE_REGION_CAPTION>': {'bboxes': [[6.160000324249268, 50.736000061035156, 108.97600555419922, 223.66400146484375], [46.704002380371094, 62.832000732421875, 61.48800277709961, 107.18400573730469], [197.9040069580078, 108.75200653076172, 211.79200744628906, 148.17601013183594], [208.4320068359375, 184.91200256347656, 223.66400146484375, 217.16799926757812], [161.6160125732422, 100.24000549316406, 175.05599975585938, 122.86400604248047], [135.6320037841797, 77.61600494384766, 147.72801208496094, 101.13600158691406]], 'labels': ['woman', 'human face', 'human face', 'human face', 'human face', 'human face']}}"
0749,"{'<DENSE_REGION_CAPTION>': {'bboxes': [[6.160000324249268, 50.512001037597656, 108.75200653076172, 223.66400146484375], [47.37600326538086, 64.6240005493164, 62.160003662109375, 108.75200653076172], [196.11199951171875, 106.28800201416016, 210.67201232910156, 147.27999877929688], [162.2880096435547, 101.13600158691406, 176.17601013183594, 123.08800506591797], [135.6320037841797, 78.28800201416016, 147.95201110839844, 101.58399963378906]], 'labels': ['woman', 'human face', 'human face', 'human face', 'human face']}}"
0750,"{'<DENSE_REGION_CAPTION>': {'bboxes': [[6.160000324249268, 51.40800094604492, 109.42400360107422, 223.66400146484375], [118.83200073242188, 136.7519989013672, 217.8400115966797, 223.66400146484375], [184.24000549316406, 93.29600524902344, 223.66400146484375, 223.66400146484375], [157.13600158691406, 80.97600555419922, 203.05599975585938, 182.0], [119.0560073852539, 136.9759979248047, 166.99200439453125, 223.66400146484375], [157.13600158691406, 174.16000366210938, 217.8400115966797, 223.66400146484375], [119.5040054321289, 64.1760025024414, 158.70401000976562, 141.6800079345703], [196.11199951171875, 105.16800689697266, 210.67201232910156, 149.74400329589844], [48.944000244140625, 66.63999938964844, 62.384002685546875, 110.76800537109375], [136.0800018310547, 78.28800201416016, 148.17601013183594, 102.0320053100586], [160.72000122070312, 103.1520004272461, 173.48800659179688, 122.86400604248047]], 'labels': ['woman', 'woman', 'woman', 'woman', 'woman', 'woman', 'woman', 'human face', 'human face', 'human face', 'human face']}}"
0751,"{'<DENSE_REGION_CAPTION>': {'bboxes': [[6.160000324249268, 51.18400192260742, 104.49600219726562, 223.66400146484375], [46.704002380371094, 63.952003479003906, 61.93600082397461, 109.20000457763672], [196.7840118408203, 105.61600494384766, 211.12001037597656, 143.0240020751953], [156.46400451660156, 103.60000610351562, 170.1280059814453, 126.00000762939453], [136.0800018310547, 78.28800201416016, 147.95201110839844, 101.58399963378906]], 'labels': ['woman', 'human face', 'human face', 'human face', 'human face']}}"
0752,"{'<DENSE_REGION_CAPTION>': {'bboxes': [[0.1120000034570694, 115.69600677490234, 206.41600036621094, 223.66400146484375], [46.928001403808594, 67.08800506591797, 62.608001708984375, 112.56000518798828], [196.5600128173828, 158.25601196289062, 209.552001953125, 193.87200927734375], [156.01600646972656, 98.44800567626953, 169.6800079345703, 123.31200408935547], [136.0800018310547, 77.16799926757812, 148.17601013183594, 101.58399963378906]], 'labels': ['desk', 'human face', 'human face', 'human face', 'human face']}}"
0753,"{'<DENSE_REGION_CAPTION>': {'bboxes': [[7.056000232696533, 52.97600173950195, 109.87200164794922, 223.66400146484375], [46.704002380371094, 66.63999938964844, 62.608001708984375, 111.88800048828125], [155.79200744628906, 98.22400665283203, 169.4560089111328, 123.31200408935547], [135.1840057373047, 76.72000122070312, 147.50399780273438, 100.91200256347656]], 'labels': ['woman', 'human face', 'human face', 'human face']}}"
0754,"{'<DENSE_REGION_CAPTION>': {'bboxes': [[7.056000232696533, 53.42399978637695, 112.11200714111328, 223.66400146484375], [47.37600326538086, 67.76000213623047, 62.608001708984375, 112.11200714111328], [159.15200805664062, 98.44800567626953, 172.59201049804688, 121.52000427246094], [136.0800018310547, 78.51200103759766, 148.17601013183594, 101.58399963378906]], 'labels': ['woman', 'human face', 'human face', 'human face']}}"
0755,"{'<DENSE_REGION_CAPTION>': {'bboxes': [[6.6080002784729, 53.42399978637695, 109.87200164794922, 223.66400146484375], [173.93600463867188, 143.6959991455078, 223.66400146484375, 223.66400146484375], [113.68000030517578, 64.8479995727539, 158.48001098632812, 145.04000854492188], [129.36000061035156, 154.0, 178.19200134277344, 223.66400146484375], [193.42401123046875, 100.24000549316406, 223.66400146484375, 206.19200134277344], [155.79200744628906, 83.44000244140625, 191.1840057373047, 165.87200927734375], [193.87200927734375, 108.75200653076172, 210.67201232910156, 151.31201171875], [47.37600326538086, 68.43199920654297, 62.608001708984375, 111.88800048828125], [160.04800415039062, 97.7760009765625, 172.59201049804688, 122.64000701904297], [135.4080047607422, 78.51200103759766, 147.72801208496094, 102.0320053100586]], 'labels': ['woman', 'woman', 'woman', 'woman', 'woman', 'woman', 'human face', 'human face', 'human face', 'human face']}}"
0756,"{'<DENSE_REGION_CAPTION>': {'bboxes': [[6.6080002784729, 54.09600067138672, 109.42400360107422, 223.66400146484375], [174.60800170898438, 143.6959991455078, 223.66400146484375, 223.66400146484375], [114.57600402832031, 64.6240005493164, 158.03199768066406, 145.04000854492188], [193.87200927734375, 101.13600158691406, 223.66400146484375, 205.96800231933594], [157.13600158691406, 84.78400421142578, 191.1840057373047, 165.64801025390625], [193.87200927734375, 109.87200164794922, 212.01600646972656, 151.31201171875], [47.37600326538086, 68.8800048828125, 63.05600357055664, 112.56000518798828], [159.15200805664062, 100.24000549316406, 173.04000854492188, 124.656005859375], [135.6320037841797, 77.84000396728516, 147.95201110839844, 101.58399963378906]], 'labels': ['woman', 'girl', 'girl', 'girl', 'girl', 'human face', 'human face', 'human face', 'human face']}}"
0757,"{'<DENSE_REGION_CAPTION>': {'bboxes': [[7.056000232696533, 52.97600173950195, 108.30400085449219, 223.66400146484375], [148.62400817871094, 101.36000061035156, 223.66400146484375, 223.66400146484375], [148.62400817871094, 143.9199981689453, 223.66400146484375, 223.66400146484375], [112.78400421142578, 63.952003479003906, 157.36000061035156, 151.760009765625], [192.97601318359375, 101.13600158691406, 223.66400146484375, 223.66400146484375], [152.4320068359375, 84.56000518798828, 191.4080047607422, 166.09600830078125], [194.09600830078125, 107.63200378417969, 212.91200256347656, 150.86399841308594], [45.80800247192383, 66.41600036621094, 61.040000915527344, 110.76800537109375], [155.79200744628906, 101.8080062866211, 168.5600128173828, 125.552001953125], [135.4080047607422, 77.84000396728516, 147.72801208496094, 101.36000061035156]], 'labels': ['woman', 'woman', 'woman', 'woman', 'woman', 'woman', 'human face', 'human face', 'human face', 'human face']}}"
0758,"{'<DENSE_REGION_CAPTION>': {'bboxes': [[149.52000427246094, 144.81600952148438, 223.66400146484375, 223.66400146484375], [193.87200927734375, 107.40800476074219, 213.58399963378906, 150.19200134277344], [44.91200256347656, 65.52000427246094, 61.040000915527344, 111.88800048828125], [136.0800018310547, 78.06400299072266, 148.17601013183594, 101.58399963378906], [152.8800048828125, 102.9280014038086, 162.2880096435547, 123.31200408935547]], 'labels': ['girl', 'human face', 'human face', 'human face', 'human face']}}"
0759,"{'<DENSE_REGION_CAPTION>': {'bboxes': [[0.1120000034570694, 116.14400482177734, 223.66400146484375, 223.66400146484375], [196.11199951171875, 107.40800476074219, 214.92800903320312, 148.17601013183594], [45.58399963378906, 66.41600036621094, 61.040000915527344, 110.76800537109375], [136.5279998779297, 77.39200592041016, 148.84800720214844, 101.58399963378906], [152.8800048828125, 103.3759994506836, 164.5279998779297, 125.10400390625]], 'labels': ['desk', 'human face', 'human face', 'human face', 'human face']}}"
0760,"{'<DENSE_REGION_CAPTION>': {'bboxes': [[7.728000164031982, 53.20000076293945, 108.75200653076172, 223.66400146484375], [194.09600830078125, 108.08000183105469, 212.91200256347656, 149.74400329589844], [47.37600326538086, 63.952003479003906, 63.28000259399414, 109.64800262451172], [136.5279998779297, 77.39200592041016, 148.62400817871094, 101.58399963378906], [152.4320068359375, 107.85600280761719, 163.8560028076172, 128.68800354003906]], 'labels': ['woman', 'human face', 'human face', 'human face', 'human face']}}"
0761,"{'<DENSE_REGION_CAPTION>': {'bboxes': [[45.58399963378906, 128.24000549316406, 223.66400146484375, 223.66400146484375], [194.32000732421875, 108.75200653076172, 212.46400451660156, 150.19200134277344], [47.37600326538086, 65.52000427246094, 62.832000732421875, 110.76800537109375], [136.5279998779297, 78.06400299072266, 149.07200622558594, 101.58399963378906], [151.9840087890625, 109.20000457763672, 165.20001220703125, 129.80799865722656]], 'labels': ['desk', 'human face', 'human face', 'human face', 'human face']}}"
0762,"{'<DENSE_REGION_CAPTION>': {'bboxes': [[6.160000324249268, 53.20000076293945, 109.87200164794922, 223.66400146484375], [146.60800170898438, 89.71200561523438, 195.66400146484375, 167.44000244140625], [193.64801025390625, 101.13600158691406, 223.66400146484375, 223.66400146484375], [119.2800064086914, 63.50400161743164, 155.12001037597656, 147.95201110839844], [194.09600830078125, 110.99200439453125, 212.24000549316406, 151.9840087890625], [46.928001403808594, 65.52000427246094, 62.608001708984375, 110.54400634765625], [136.9759979248047, 77.61600494384766, 149.29600524902344, 101.58399963378906], [150.19200134277344, 114.35200500488281, 163.1840057373047, 132.94400024414062]], 'labels': ['woman', 'girl', 'girl', 'girl', 'human face', 'human face', 'human face', 'human face']}}"
0763,"{'<DENSE_REGION_CAPTION>': {'bboxes': [[7.728000164031982, 53.64800262451172, 109.87200164794922, 223.66400146484375], [165.64801025390625, 154.0, 223.66400146484375, 223.66400146484375], [145.04000854492188, 89.71200561523438, 194.32000732421875, 165.64801025390625], [194.32000732421875, 99.34400177001953, 223.66400146484375, 213.13600158691406], [123.31200408935547, 64.1760025024414, 155.12001037597656, 147.50399780273438], [194.76800537109375, 115.47200012207031, 212.46400451660156, 155.34400939941406], [47.37600326538086, 66.41600036621094, 62.608001708984375, 110.99200439453125], [137.64801025390625, 78.51200103759766, 149.74400329589844, 102.2560043334961]], 'labels': ['girl', 'girl', 'girl', 'girl', 'girl', 'human face', 'human face', 'human face']}}"
0764,"{'<DENSE_REGION_CAPTION>': {'bboxes': [[6.160000324249268, 53.64800262451172, 109.64800262451172, 223.66400146484375], [159.60000610351562, 155.34400939941406, 223.66400146484375, 223.66400146484375], [143.2480010986328, 88.81600189208984, 193.87200927734375, 164.9759979248047], [194.76800537109375, 97.7760009765625, 223.66400146484375, 223.66400146484375], [119.0560073852539, 64.1760025024414, 156.24000549316406, 149.07200622558594], [47.37600326538086, 66.41600036621094, 63.50400161743164, 110.09600067138672], [195.21600341796875, 118.83200073242188, 211.79200744628906, 154.0], [149.29600524902344, 115.47200012207031, 163.1840057373047, 132.94400024414062], [137.42401123046875, 79.63200378417969, 148.84800720214844, 101.8080062866211]], 'labels': ['woman', 'woman', 'woman', 'woman', 'woman', 'human face', 'human face', 'human face', 'human face']}}"
0765,"{'<DENSE_REGION_CAPTION>': {'bboxes': [[6.160000324249268, 54.544002532958984, 109.42400360107422, 223.66400146484375], [195.21600341796875, 111.21600341796875, 211.79200744628906, 154.2239990234375], [48.272003173828125, 70.0, 63.05600357055664, 113.45600128173828], [136.5279998779297, 78.06400299072266, 148.84800720214844, 102.0320053100586], [152.2080078125, 115.02400207519531, 164.5279998779297, 133.39199829101562]], 'labels': ['girl', 'human face', 'human face', 'human face', 'human face']}}"
0766,"{'<DENSE_REGION_CAPTION>': {'bboxes': [[7.056000232696533, 54.320003509521484, 109.87200164794922, 223.66400146484375], [195.21600341796875, 110.54400634765625, 213.58399963378906, 154.2239990234375], [48.272003173828125, 69.3280029296875, 63.50400161743164, 113.00800323486328], [152.2080078125, 111.44000244140625, 166.54400634765625, 131.82400512695312], [136.7519989013672, 78.95999908447266, 148.62400817871094, 102.0320053100586]], 'labels': ['woman', 'human face', 'human face', 'human face', 'human face']}}"
0767,"{'<DENSE_REGION_CAPTION>': {'bboxes': [[6.160000324249268, 52.30400085449219, 109.87200164794922, 223.66400146484375], [131.37600708007812, 167.88800048828125, 223.66400146484375, 223.66400146484375], [148.62400817871094, 86.80000305175781, 192.7519989013672, 168.33599853515625], [193.42401123046875, 96.20800018310547, 223.66400146484375, 213.58399963378906], [120.4000015258789, 63.952003479003906, 156.46400451660156, 147.27999877929688], [194.32000732421875, 110.99200439453125, 211.12001037597656, 155.56800842285156], [46.928001403808594, 67.08800506591797, 61.48800277709961, 111.88800048828125], [152.4320068359375, 110.54400634765625, 166.54400634765625, 130.92800903320312], [136.5279998779297, 79.63200378417969, 148.40000915527344, 102.2560043334961]], 'labels': ['woman', 'woman', 'woman', 'woman', 'woman', 'human face', 'human face', 'human face', 'human face']}}"
0768,"{'<DENSE_REGION_CAPTION>': {'bboxes': [[6.160000324249268, 54.09600067138672, 109.42400360107422, 223.66400146484375], [46.03200149536133, 69.3280029296875, 62.608001708984375, 115.47200012207031], [184.46400451660156, 173.48800659179688, 198.8000030517578, 208.8800048828125], [156.46400451660156, 105.39200592041016, 170.8000030517578, 127.12000274658203], [136.9759979248047, 79.18400573730469, 149.29600524902344, 102.2560043334961]], 'labels': ['woman', 'human face', 'human face', 'human face', 'human face']}}"
0769,"{'<DENSE_REGION_CAPTION>': {'bboxes': [[7.056000232696533, 53.64800262451172, 109.87200164794922, 223.66400146484375], [165.87200927734375, 141.2320098876953, 223.66400146484375, 223.66400146484375], [118.16000366210938, 64.4000015258789, 157.58399963378906, 149.52000427246094], [158.92800903320312, 83.44000244140625, 191.8560028076172, 169.0080108642578], [185.36000061035156, 177.29600524902344, 203.95201110839844, 213.13600158691406], [46.704002380371094, 67.98400115966797, 61.26400375366211, 115.69600677490234], [192.0800018310547, 118.16000366210938, 210.0, 145.48800659179688], [162.7360076904297, 99.56800079345703, 176.84800720214844, 125.3280029296875], [136.5279998779297, 79.85600280761719, 148.84800720214844, 102.9280014038086]], 'labels': ['girl', 'girl', 'girl', 'girl', 'human face', 'human face', 'human face', 'human face', 'human face']}}"
0770,"{'<DENSE_REGION_CAPTION>': {'bboxes': [[45.58399963378906, 128.24000549316406, 199.6959991455078, 223.66400146484375], [7.728000164031982, 53.87200164794922, 109.42400360107422, 223.66400146484375], [191.4080047607422, 109.64800262451172, 210.0, 154.67201232910156], [43.56800079345703, 68.43199920654297, 59.69600296020508, 115.02400207519531], [197.9040069580078, 155.56800842285156, 213.36000061035156, 190.9600067138672], [163.1840057373047, 97.7760009765625, 176.40000915527344, 123.31200408935547], [136.9759979248047, 77.39200592041016, 148.84800720214844, 101.58399963378906]], 'labels': ['desk', 'girl', 'human face', 'human face', 'human face', 'human face', 'human face']}}"
0771,"{'<DENSE_REGION_CAPTION>': {'bboxes': [[62.608001708984375, 128.24000549316406, 201.48800659179688, 223.66400146484375], [119.9520034790039, 64.8479995727539, 156.68800354003906, 154.447998046875], [191.8560028076172, 130.03199768066406, 223.66400146484375, 223.66400146484375], [194.54400634765625, 103.3759994506836, 214.03201293945312, 141.6800079345703], [44.4640007019043, 68.8800048828125, 60.14400100708008, 114.12800598144531], [192.0800018310547, 162.2880096435547, 209.3280029296875, 196.5600128173828], [162.7360076904297, 99.56800079345703, 176.17601013183594, 124.656005859375], [137.64801025390625, 77.61600494384766, 149.74400329589844, 102.0320053100586]], 'labels': ['desk', 'girl', 'girl', 'human face', 'human face', 'human face', 'human face', 'human face']}}"
0772,"{'<DENSE_REGION_CAPTION>': {'bboxes': [[6.160000324249268, 54.544002532958984, 99.12000274658203, 223.66400146484375], [43.12000274658203, 69.3280029296875, 60.14400100708008, 114.57600402832031], [192.97601318359375, 166.32000732421875, 210.0, 195.21600341796875], [166.99200439453125, 103.82400512695312, 180.8800048828125, 123.98400115966797], [134.9600067138672, 82.09600067138672, 146.83200073242188, 104.94400024414062]], 'labels': ['woman', 'human face', 'human face', 'human face', 'human face']}}"
0773,"{'<DENSE_REGION_CAPTION>': {'bboxes': [[6.6080002784729, 54.544002532958984, 108.30400085449219, 223.66400146484375], [114.12800598144531, 142.3520050048828, 173.04000854492188, 223.66400146484375], [164.7519989013672, 75.60000610351562, 205.96800231933594, 168.11199951171875], [120.1760025024414, 63.72800064086914, 156.01600646972656, 145.71200561523438], [41.552001953125, 69.7760009765625, 59.24800109863281, 115.69600677490234], [195.21600341796875, 105.39200592041016, 213.58399963378906, 141.4560089111328], [190.5120086669922, 164.0800018310547, 203.72801208496094, 196.5600128173828], [185.13600158691406, 89.04000091552734, 199.0240020751953, 116.14400482177734], [132.49600219726562, 78.06400299072266, 144.81600952148438, 103.1520004272461]], 'labels': ['woman', 'woman', 'woman', 'woman', 'human face', 'human face', 'human face', 'human face', 'human face']}}"
0774,"{'<DENSE_REGION_CAPTION>': {'bboxes': [[6.160000324249268, 54.544002532958984, 109.87200164794922, 223.66400146484375], [142.5760040283203, 49.61600112915039, 202.83200073242188, 160.72000122070312], [182.67201232910156, 137.1999969482422, 223.66400146484375, 223.66400146484375], [136.5279998779297, 161.39199829101562, 191.1840057373047, 223.66400146484375], [119.0560073852539, 63.28000259399414, 156.24000549316406, 147.72801208496094], [192.97601318359375, 93.74400329589844, 223.66400146484375, 157.13600158691406], [193.64801025390625, 106.28800201416016, 213.80801391601562, 143.2480010986328], [43.79199981689453, 70.44800567626953, 59.92000198364258, 115.69600677490234], [176.40000915527344, 100.91200256347656, 191.1840057373047, 130.48001098632812], [133.16799926757812, 78.28800201416016, 145.04000854492188, 102.9280014038086]], 'labels': ['woman', 'woman', 'woman', 'woman', 'woman', 'woman', 'human face', 'human face', 'human face', 'human face']}}"
0775,"{'<DENSE_REGION_CAPTION>': {'bboxes': [[5.488000392913818, 53.64800262451172, 110.76800537109375, 223.66400146484375], [170.5760040283203, 45.13600158691406, 223.66400146484375, 168.11199951171875], [180.2080078125, 91.05599975585938, 223.66400146484375, 168.11199951171875], [188.04800415039062, 129.80799865722656, 223.66400146484375, 223.66400146484375], [137.87200927734375, 168.11199951171875, 194.32000732421875, 223.66400146484375], [118.83200073242188, 63.952003479003906, 154.89601135253906, 150.19200134277344], [42.448001861572266, 66.41600036621094, 59.02400207519531, 112.78400421142578], [192.5279998779297, 108.52799987792969, 210.0, 134.5120086669922], [132.94400024414062, 78.73600006103516, 144.81600952148438, 103.3759994506836]], 'labels': ['woman', 'woman', 'woman', 'woman', 'woman', 'woman', 'human face', 'human face', 'human face']}}"
0776,"{'<DENSE_REGION_CAPTION>': {'bboxes': [[5.488000392913818, 53.20000076293945, 111.21600341796875, 223.66400146484375], [172.59201049804688, 47.152000427246094, 222.32000732421875, 166.09600830078125], [119.0560073852539, 63.72800064086914, 155.56800842285156, 149.74400329589844], [192.0800018310547, 110.54400634765625, 212.01600646972656, 143.2480010986328], [42.895999908447266, 64.6240005493164, 57.68000030517578, 110.54400634765625], [177.29600524902344, 87.02400207519531, 192.0800018310547, 113.90400695800781], [133.39199829101562, 76.72000122070312, 145.71200561523438, 102.7040023803711]], 'labels': ['woman', 'woman', 'woman', 'human face', 'human face', 'human face', 'human face']}}"
0777,"{'<DENSE_REGION_CAPTION>': {'bboxes': [[166.54400634765625, 91.2800064086914, 223.66400146484375, 223.66400146484375], [192.5279998779297, 111.21600341796875, 212.24000549316406, 155.34400939941406], [41.3280029296875, 65.29600524902344, 57.90400314331055, 111.21600341796875], [173.04000854492188, 95.53600311279297, 188.49600219726562, 122.41600036621094], [133.39199829101562, 77.84000396728516, 145.71200561523438, 102.9280014038086]], 'labels': ['girl', 'human face', 'human face', 'human face', 'human face']}}"
0778,"{'<DENSE_REGION_CAPTION>': {'bboxes': [[6.6080002784729, 53.42399978637695, 110.09600067138672, 223.66400146484375], [165.64801025390625, 91.9520034790039, 223.66400146484375, 223.66400146484375], [166.76800537109375, 55.88800048828125, 217.3920135498047, 173.93600463867188], [109.42400360107422, 132.49600219726562, 162.9600067138672, 223.66400146484375], [184.24000549316406, 140.33599853515625, 223.66400146484375, 223.66400146484375], [118.38400268554688, 64.4000015258789, 155.34400939941406, 143.4720001220703], [191.6320037841797, 110.54400634765625, 212.01600646972656, 144.81600952148438], [42.448001861572266, 65.29600524902344, 57.90400314331055, 110.54400634765625], [171.6959991455078, 96.43199920654297, 187.82400512695312, 122.64000701904297], [133.61599731445312, 78.95999908447266, 145.93600463867188, 102.9280014038086]], 'labels': ['woman', 'woman', 'woman', 'woman', 'woman', 'woman', 'human face', 'human face', 'human face', 'human face']}}"
0779,"{'<DENSE_REGION_CAPTION>': {'bboxes': [[168.11199951171875, 56.560001373291016, 218.2880096435547, 173.93600463867188], [192.5279998779297, 114.35200500488281, 217.8400115966797, 144.81600952148438], [41.3280029296875, 63.952003479003906, 57.90400314331055, 109.64800262451172], [173.04000854492188, 97.10400390625, 188.72000122070312, 122.64000701904297], [132.94400024414062, 78.95999908447266, 145.26400756835938, 103.82400512695312]], 'labels': ['girl', 'human face', 'human face', 'human face', 'human face']}}"
0780,"{'<DENSE_REGION_CAPTION>': {'bboxes': [[168.5600128173828, 59.47200012207031, 219.8560028076172, 173.48800659179688], [192.97601318359375, 110.54400634765625, 213.13600158691406, 156.91200256347656], [40.880001068115234, 63.28000259399414, 57.68000030517578, 109.20000457763672], [192.97601318359375, 113.00800323486328, 211.12001037597656, 143.9199981689453], [173.26400756835938, 97.10400390625, 189.16799926757812, 123.98400115966797], [135.8560028076172, 78.28800201416016, 147.72801208496094, 101.36000061035156]], 'labels': ['girl', 'human face', 'human face', 'human face', 'human face', 'human face']}}"
0781,"{'<DENSE_REGION_CAPTION>': {'bboxes': [[170.1280059814453, 59.02400207519531, 223.66400146484375, 173.48800659179688], [38.8640022277832, 55.21600341796875, 56.784000396728516, 101.58399963378906], [191.4080047607422, 107.63200378417969, 209.552001953125, 145.04000854492188], [174.60800170898438, 96.43199920654297, 190.0640106201172, 123.53600311279297], [135.8560028076172, 78.95999908447266, 147.95201110839844, 102.9280014038086]], 'labels': ['girl', 'human face', 'human face', 'human face', 'human face']}}"
0782,"{'<DENSE_REGION_CAPTION>': {'bboxes': [[7.056000232696533, 53.20000076293945, 112.33600616455078, 223.66400146484375], [170.5760040283203, 91.2800064086914, 223.66400146484375, 223.66400146484375], [173.04000854492188, 55.66400146484375, 223.66400146484375, 174.60800170898438], [108.97600555419922, 136.9759979248047, 165.64801025390625, 223.66400146484375], [189.6160125732422, 124.20800018310547, 223.66400146484375, 223.66400146484375], [121.52000427246094, 66.19200134277344, 159.37600708007812, 145.71200561523438], [43.79199981689453, 67.31200408935547, 61.040000915527344, 113.45600128173828], [195.66400146484375, 159.60000610351562, 213.58399963378906, 191.1840057373047], [190.5120086669922, 111.88800048828125, 202.83200073242188, 150.19200134277344], [178.41600036621094, 99.12000274658203, 192.5279998779297, 122.19200134277344], [138.09600830078125, 80.97600555419922, 150.41600036621094, 104.72000122070312]], 'labels': ['girl', 'girl', 'girl', 'girl', 'girl', 'girl', 'human face', 'human face', 'human face', 'human face', 'human face']}}"
0783,"{'<DENSE_REGION_CAPTION>': {'bboxes': [[172.14401245117188, 55.88800048828125, 223.66400146484375, 174.38400268554688], [171.6959991455078, 127.56800079345703, 223.66400146484375, 223.66400146484375], [42.672000885009766, 65.74400329589844, 59.69600296020508, 113.90400695800781], [193.42401123046875, 166.09600830078125, 210.67201232910156, 196.5600128173828], [177.29600524902344, 97.7760009765625, 191.4080047607422, 119.9520034790039], [139.88800048828125, 84.11199951171875, 151.760009765625, 106.28800201416016]], 'labels': ['girl', 'girl', 'human face', 'human face', 'human face', 'human face']}}"
0784,"{'<DENSE_REGION_CAPTION>': {'bboxes': [[175.05599975585938, 56.784000396728516, 223.66400146484375, 173.93600463867188], [39.3120002746582, 63.72800064086914, 57.45600128173828, 110.99200439453125], [192.7519989013672, 166.76800537109375, 208.4320068359375, 197.0080108642578], [179.760009765625, 92.4000015258789, 194.99200439453125, 120.6240005493164], [198.8000030517578, 108.75200653076172, 212.01600646972656, 132.49600219726562], [132.27200317382812, 81.64800262451172, 144.1439971923828, 104.49600219726562]], 'labels': ['girl', 'human face', 'human face', 'human face', 'human face', 'human face']}}"
0785,"{'<DENSE_REGION_CAPTION>': {'bboxes': [[5.936000347137451, 51.18400192260742, 109.42400360107422, 223.66400146484375], [41.552001953125, 60.816001892089844, 58.12800216674805, 108.08000183105469], [194.99200439453125, 166.32000732421875, 210.2239990234375, 197.6800079345703], [184.46400451660156, 102.4800033569336, 197.9040069580078, 126.44800567626953], [130.70401000976562, 87.24800109863281, 144.1439971923828, 108.08000183105469]], 'labels': ['woman', 'human face', 'human face', 'human face', 'human face']}}"
0786,"{'<DENSE_REGION_CAPTION>': {'bboxes': [[7.728000164031982, 51.85600280761719, 104.94400024414062, 223.66400146484375], [99.12000274658203, 138.09600830078125, 160.49600219726562, 223.66400146484375], [189.8400115966797, 131.15200805664062, 223.66400146484375, 223.66400146484375], [125.3280029296875, 71.12000274658203, 154.67201232910156, 150.41600036621094]], 'labels': ['person', 'person', 'person', 'person']}}"
0787,"{'<DENSE_REGION_CAPTION>': {'bboxes': [[39.98400115966797, 62.832000732421875, 57.68000030517578, 109.87200164794922], [187.82400512695312, 165.20001220703125, 206.19200134277344, 200.59201049804688], [124.8800048828125, 95.76000213623047, 139.66400146484375, 112.78400421142578]], 'labels': ['human face', 'human face', 'human face']}}"
0788,"{'<DENSE_REGION_CAPTION>': {'bboxes': [[41.3280029296875, 68.8800048828125, 57.90400314331055, 113.90400695800781], [175.95201110839844, 165.20001220703125, 194.09600830078125, 199.0240020751953], [125.3280029296875, 96.656005859375, 139.66400146484375, 113.23200225830078]], 'labels': ['human face', 'human face', 'human face']}}"
0789,"{'<DENSE_REGION_CAPTION>': {'bboxes': [[44.4640007019043, 65.74400329589844, 61.48800277709961, 111.44000244140625], [189.8400115966797, 125.552001953125, 207.31201171875, 156.01600646972656], [124.8800048828125, 97.10400390625, 139.44000244140625, 113.23200225830078]], 'labels': ['human face', 'human face', 'human face']}}"
0790,"{'<DENSE_REGION_CAPTION>': {'bboxes': [[187.82400512695312, 123.31200408935547, 205.52000427246094, 156.91200256347656], [50.96000289916992, 67.31200408935547, 63.72800064086914, 109.64800262451172], [123.53600311279297, 97.3280029296875, 139.44000244140625, 114.12800598144531]], 'labels': ['human face', 'human face', 'human face']}}"
0791,"{'<DENSE_REGION_CAPTION>': {'bboxes': [[6.160000324249268, 51.85600280761719, 109.87200164794922, 223.66400146484375], [173.48800659179688, 89.04000091552734, 223.66400146484375, 222.54400634765625], [187.82400512695312, 124.4320068359375, 207.9840087890625, 158.25601196289062], [50.736000061035156, 68.20800018310547, 64.4000015258789, 110.54400634765625], [203.72801208496094, 163.1840057373047, 217.3920135498047, 200.14401245117188], [134.5120086669922, 84.78400421142578, 146.83200073242188, 107.63200378417969]], 'labels': ['woman', 'woman', 'human face', 'human face', 'human face', 'human face']}}"
0792,"{'<DENSE_REGION_CAPTION>': {'bboxes': [[7.056000232696533, 52.52799987792969, 109.87200164794922, 223.66400146484375], [197.9040069580078, 163.1840057373047, 211.79200744628906, 202.38400268554688], [50.96000289916992, 68.656005859375, 64.1760025024414, 111.88800048828125], [140.33599853515625, 92.1760025024414, 154.67201232910156, 113.45600128173828]], 'labels': ['girl', 'human face', 'human face', 'human face']}}"
0793,"{'<DENSE_REGION_CAPTION>': {'bboxes': [[6.160000324249268, 51.40800094604492, 108.30400085449219, 223.66400146484375], [167.44000244140625, 56.784000396728516, 223.66400146484375, 223.66400146484375], [139.21600341796875, 170.1280059814453, 165.64801025390625, 218.9600067138672], [139.21600341796875, 170.1280059814453, 156.01600646972656, 211.12001037597656], [49.39200210571289, 67.53600311279297, 63.952003479003906, 111.44000244140625], [187.15200805664062, 130.25599670410156, 205.07200622558594, 158.92800903320312], [139.21600341796875, 87.69599914550781, 151.760009765625, 105.39200592041016]], 'labels': ['woman', 'woman', 'human face', 'human face', 'human face', 'human face', 'human face']}}"
0794,"{'<DENSE_REGION_CAPTION>': {'bboxes': [[6.160000324249268, 51.63199996948242, 108.75200653076172, 223.66400146484375], [190.5120086669922, 110.99200439453125, 206.19200134277344, 153.10400390625], [50.064002990722656, 67.08800506591797, 63.952003479003906, 110.76800537109375], [212.24000549316406, 157.13600158691406, 223.66400146484375, 194.99200439453125], [141.0080108642578, 88.81600189208984, 155.56800842285156, 110.09600067138672]], 'labels': ['girl', 'human face', 'human face', 'human face', 'human face']}}"
0795,"{'<DENSE_REGION_CAPTION>': {'bboxes': [[197.2320098876953, 158.92800903320312, 216.94400024414062, 195.88800048828125], [50.064002990722656, 66.41600036621094, 63.72800064086914, 108.75200653076172]], 'labels': ['human face', 'human face']}}"
0796,"{'<DENSE_REGION_CAPTION>': {'bboxes': [[5.936000347137451, 51.18400192260742, 113.23200225830078, 223.66400146484375], [199.6959991455078, 153.552001953125, 223.66400146484375, 189.8400115966797], [45.58399963378906, 65.0719985961914, 61.48800277709961, 110.99200439453125]], 'labels': ['person', 'human face', 'human face']}}"
0797,"{'<DENSE_REGION_CAPTION>': {'bboxes': [[6.6080002784729, 51.63199996948242, 115.02400207519531, 223.66400146484375], [168.5600128173828, 49.84000015258789, 223.66400146484375, 223.66400146484375], [110.31999969482422, 155.12001037597656, 168.5600128173828, 223.66400146484375], [130.70401000976562, 77.39200592041016, 162.9600067138672, 147.95201110839844], [199.4720001220703, 152.4320068359375, 223.66400146484375, 192.7519989013672], [41.552001953125, 63.72800064086914, 59.47200012207031, 109.87200164794922], [192.5279998779297, 107.63200378417969, 205.96800231933594, 151.760009765625], [141.6800079345703, 96.43199920654297, 157.80799865722656, 115.47200012207031]], 'labels': ['person', 'person', 'person', 'person', 'human face', 'human face', 'human face', 'human face']}}"
0798,"{'<DENSE_REGION_CAPTION>': {'bboxes': [[5.936000347137451, 52.08000183105469, 115.69600677490234, 223.66400146484375], [169.0080108642578, 121.07200622558594, 223.66400146484375, 223.66400146484375], [104.94400024414062, 152.2080078125, 163.6320037841797, 223.66400146484375], [130.92800903320312, 77.84000396728516, 162.9600067138672, 147.72801208496094], [201.04000854492188, 153.552001953125, 223.66400146484375, 190.0640106201172], [42.448001861572266, 65.52000427246094, 59.02400207519531, 110.99200439453125], [192.3040008544922, 112.33600616455078, 205.74400329589844, 151.31201171875], [141.4560089111328, 96.20800018310547, 157.80799865722656, 121.29600524902344]], 'labels': ['person', 'person', 'person', 'person', 'human face', 'human face', 'human face', 'human face']}}"
0799,"{'<DENSE_REGION_CAPTION>': {'bboxes': [[6.160000324249268, 51.85600280761719, 110.31999969482422, 223.66400146484375], [198.1280059814453, 141.9040069580078, 218.7360076904297, 190.7360076904297], [197.9040069580078, 155.56800842285156, 220.0800018310547, 190.9600067138672], [42.448001861572266, 65.52000427246094, 59.24800109863281, 110.76800537109375], [192.0800018310547, 109.20000457763672, 205.07200622558594, 151.9840087890625], [141.0080108642578, 95.76000213623047, 157.36000061035156, 121.29600524902344]], 'labels': ['girl', 'human face', 'human face', 'human face', 'human face', 'human face']}}"
0800,"{'<DENSE_REGION_CAPTION>': {'bboxes': [[6.160000324249268, 51.85600280761719, 108.08000183105469, 223.66400146484375], [196.33599853515625, 151.9840087890625, 215.37600708007812, 187.37600708007812], [45.58399963378906, 60.14400100708008, 58.80000305175781, 98.0], [141.2320098876953, 96.8800048828125, 157.36000061035156, 120.4000015258789]], 'labels': ['girl', 'human face', 'human face', 'human face']}}"
0801,"{'<DENSE_REGION_CAPTION>': {'bboxes': [[6.832000255584717, 52.52799987792969, 108.30400085449219, 223.66400146484375], [167.21600341796875, 44.6879997253418, 223.66400146484375, 223.66400146484375], [110.31999969482422, 152.4320068359375, 181.7760009765625, 223.66400146484375], [131.60000610351562, 77.84000396728516, 162.7360076904297, 148.40000915527344], [212.46400451660156, 121.29600524902344, 223.66400146484375, 223.66400146484375]], 'labels': ['person', 'woman', 'person', 'person', 'person']}}"
0802,"{'<DENSE_REGION_CAPTION>': {'bboxes': [[6.6080002784729, 52.75200271606445, 108.75200653076172, 223.66400146484375], [168.33599853515625, 39.76000213623047, 223.66400146484375, 223.66400146484375], [111.66400146484375, 152.8800048828125, 184.24000549316406, 223.66400146484375], [129.13600158691406, 72.91200256347656, 160.04800415039062, 147.95201110839844], [208.8800048828125, 120.6240005493164, 223.66400146484375, 223.66400146484375], [190.9600067138672, 114.35200500488281, 208.2080078125, 154.2239990234375], [48.272003173828125, 68.656005859375, 63.50400161743164, 112.33600616455078], [208.8800048828125, 150.63999938964844, 223.66400146484375, 187.82400512695312], [137.42401123046875, 89.71200561523438, 150.41600036621094, 112.78400421142578]], 'labels': ['person', 'person', 'person', 'person', 'person', 'human face', 'human face', 'human face', 'human face']}}"
0803,"{'<DENSE_REGION_CAPTION>': {'bboxes': [[5.936000347137451, 51.85600280761719, 106.51200103759766, 223.66400146484375], [168.33599853515625, 88.36800384521484, 223.66400146484375, 223.66400146484375], [112.33600616455078, 153.3280029296875, 181.552001953125, 223.66400146484375], [127.12000274658203, 73.13600158691406, 158.03199768066406, 147.05599975585938], [205.29600524902344, 115.47200012207031, 223.66400146484375, 223.66400146484375], [204.40000915527344, 146.83200073242188, 223.66400146484375, 188.72000122070312], [192.7519989013672, 113.68000030517578, 209.10400390625, 154.0], [50.064002990722656, 68.43199920654297, 63.72800064086914, 112.56000518798828], [133.39199829101562, 92.4000015258789, 146.60800170898438, 113.00800323486328]], 'labels': ['person', 'person', 'person', 'person', 'person', 'human face', 'human face', 'human face', 'human face']}}"
0804,"{'<DENSE_REGION_CAPTION>': {'bboxes': [[168.5600128173828, 88.59200286865234, 223.66400146484375, 223.66400146484375], [193.64801025390625, 111.66400146484375, 209.7760009765625, 152.8800048828125], [210.44801330566406, 154.0, 223.66400146484375, 191.8560028076172], [50.736000061035156, 69.3280029296875, 64.1760025024414, 111.44000244140625], [132.94400024414062, 91.5040054321289, 146.83200073242188, 112.56000518798828], [178.41600036621094, 124.656005859375, 190.7360076904297, 143.6959991455078]], 'labels': ['girl', 'human face', 'human face', 'human face', 'human face', 'human face']}}"
0805,"{'<DENSE_REGION_CAPTION>': {'bboxes': [[5.488000392913818, 50.064002990722656, 106.73600006103516, 223.66400146484375], [45.58399963378906, 65.52000427246094, 61.26400375366211, 109.87200164794922], [191.4080047607422, 113.00800323486328, 206.41600036621094, 151.760009765625], [132.72000122070312, 93.07200622558594, 145.93600463867188, 112.11200714111328]], 'labels': ['girl', 'human face', 'human face', 'human face']}}"
0806,"{'<DENSE_REGION_CAPTION>': {'bboxes': [[0.1120000034570694, 47.37600326538086, 98.22400665283203, 223.66400146484375], [27.66400146484375, 58.57600021362305, 44.6879997253418, 106.28800201416016], [193.87200927734375, 110.54400634765625, 209.3280029296875, 150.86399841308594], [130.70401000976562, 92.1760025024414, 144.59201049804688, 114.80000305175781]], 'labels': ['woman', 'human face', 'human face', 'human face']}}"
0807,"{'<DENSE_REGION_CAPTION>': {'bboxes': [[167.88800048828125, 91.2800064086914, 223.66400146484375, 219.6320037841797], [33.71200180053711, 66.41600036621094, 50.96000289916992, 113.45600128173828], [141.6800079345703, 164.0800018310547, 156.01600646972656, 216.27200317382812], [193.64801025390625, 111.88800048828125, 209.3280029296875, 151.08799743652344], [130.70401000976562, 91.7280044555664, 143.9199981689453, 111.66400146484375]], 'labels': ['girl', 'human face', 'human face', 'human face', 'human face']}}"
0808,"{'<DENSE_REGION_CAPTION>': {'bboxes': [[0.1120000034570694, 46.704002380371094, 78.06400299072266, 223.66400146484375], [193.42401123046875, 106.28800201416016, 210.44801330566406, 149.29600524902344], [25.424001693725586, 58.57600021362305, 40.880001068115234, 104.27200317382812], [131.82400512695312, 88.36800384521484, 145.04000854492188, 113.90400695800781]], 'labels': ['girl', 'human face', 'human face', 'human face']}}"
0809,"{'<DENSE_REGION_CAPTION>': {'bboxes': [[0.1120000034570694, 47.37600326538086, 76.72000122070312, 223.66400146484375], [0.1120000034570694, 47.37600326538086, 48.720001220703125, 223.66400146484375], [5.712000370025635, 60.36800003051758, 25.200000762939453, 106.28800201416016], [194.09600830078125, 107.63200378417969, 211.12001037597656, 148.84800720214844], [152.2080078125, 182.0, 167.66400146484375, 223.66400146484375], [133.61599731445312, 87.02400207519531, 146.38400268554688, 111.44000244140625]], 'labels': ['woman', 'woman', 'human face', 'human face', 'human face', 'human face']}}"
0810,"{'<DENSE_REGION_CAPTION>': {'bboxes': [[0.1120000034570694, 47.37600326538086, 45.13600158691406, 223.66400146484375], [171.6959991455078, 90.60800170898438, 223.66400146484375, 223.66400146484375], [8.176000595092773, 59.92000198364258, 26.32000160217285, 104.27200317382812], [192.97601318359375, 108.08000183105469, 208.4320068359375, 149.96800231933594], [132.94400024414062, 89.93600463867188, 145.48800659179688, 109.64800262451172]], 'labels': ['person', 'woman', 'human face', 'human face', 'human face']}}"
0811,"{'<DENSE_REGION_CAPTION>': {'bboxes': [[0.1120000034570694, 47.82400131225586, 72.91200256347656, 223.66400146484375], [0.1120000034570694, 47.82400131225586, 44.4640007019043, 223.66400146484375], [169.0080108642578, 92.1760025024414, 223.66400146484375, 223.66400146484375], [118.60800170898438, 177.07200622558594, 179.0880126953125, 223.66400146484375], [126.89600372314453, 71.56800079345703, 158.03199768066406, 146.83200073242188], [211.79200744628906, 121.29600524902344, 223.66400146484375, 223.66400146484375], [0.1120000034570694, 58.35200119018555, 13.104000091552734, 105.61600494384766], [192.5279998779297, 112.56000518798828, 207.5360107421875, 151.08799743652344], [132.27200317382812, 92.1760025024414, 145.04000854492188, 114.12800598144531]], 'labels': ['person', 'person', 'person', 'person', 'person', 'person', 'human face', 'human face', 'human face']}}"
0812,"{'<DENSE_REGION_CAPTION>': {'bboxes': [[0.1120000034570694, 45.58399963378906, 84.33600616455078, 223.66400146484375], [167.88800048828125, 91.2800064086914, 223.66400146484375, 223.66400146484375], [103.3759994506836, 173.26400756835938, 157.80799865722656, 223.66400146484375], [126.00000762939453, 71.79199981689453, 158.48001098632812, 146.60800170898438], [167.44000244140625, 110.76800537109375, 202.83200073242188, 181.7760009765625], [192.5279998779297, 109.20000457763672, 210.2239990234375, 152.8800048828125], [7.728000164031982, 57.45600128173828, 22.288000106811523, 105.16800689697266], [169.4560089111328, 120.84800720214844, 182.89601135253906, 144.81600952148438], [132.94400024414062, 92.4000015258789, 145.48800659179688, 111.44000244140625]], 'labels': ['person', 'person', 'person', 'person', 'person', 'human face', 'human face', 'human face', 'human face']}}"
0813,"{'<DENSE_REGION_CAPTION>': {'bboxes': [[0.1120000034570694, 45.58399963378906, 98.44800567626953, 223.66400146484375], [16.464000701904297, 54.09600067138672, 36.176002502441406, 100.91200256347656], [193.87200927734375, 112.33600616455078, 209.3280029296875, 155.12001037597656], [208.2080078125, 165.20001220703125, 223.66400146484375, 194.09600830078125], [170.5760040283203, 129.13600158691406, 184.68800354003906, 154.67201232910156], [132.94400024414062, 91.5040054321289, 145.93600463867188, 110.99200439453125]], 'labels': ['woman', 'human face', 'human face', 'human face', 'human face', 'human face']}}"
0814,"{'<DENSE_REGION_CAPTION>': {'bboxes': [[0.1120000034570694, 49.84000015258789, 84.11199951171875, 223.66400146484375], [173.48800659179688, 91.9520034790039, 223.66400146484375, 223.66400146484375], [87.24800109863281, 135.6320037841797, 146.16000366210938, 223.66400146484375], [168.11199951171875, 53.64800262451172, 209.3280029296875, 179.9840087890625], [127.56800079345703, 72.01599884033203, 158.03199768066406, 146.60800170898438], [207.760009765625, 126.67200469970703, 223.66400146484375, 223.66400146484375], [194.32000732421875, 108.75200653076172, 210.67201232910156, 152.2080078125], [30.576000213623047, 61.93600082397461, 46.03200149536133, 108.08000183105469], [207.760009765625, 160.27200317382812, 223.66400146484375, 197.2320098876953], [133.39199829101562, 87.02400207519531, 146.38400268554688, 112.11200714111328]], 'labels': ['person', 'person', 'person', 'person', 'person', 'person', 'human face', 'human face', 'human face', 'human face']}}"
0815,"{'<DENSE_REGION_CAPTION>': {'bboxes': [[93.29600524902344, 0.1120000034570694, 209.3280029296875, 223.66400146484375], [0.1120000034570694, 49.39200210571289, 87.69599914550781, 223.66400146484375], [196.11199951171875, 126.67200469970703, 223.66400146484375, 223.66400146484375], [26.768001556396484, 59.92000198364258, 44.4640007019043, 106.06400299072266], [196.33599853515625, 177.29600524902344, 208.8800048828125, 197.0080108642578]], 'labels': ['person', 'person', 'person', 'human face', 'human face']}}"
0816,"{'<DENSE_REGION_CAPTION>': {'bboxes': [[89.48799896240234, 0.1120000034570694, 223.66400146484375, 223.66400146484375], [0.1120000034570694, 50.512001037597656, 105.39200592041016, 223.66400146484375], [0.1120000034570694, 45.58399963378906, 64.8479995727539, 223.66400146484375], [131.15200805664062, 71.79199981689453, 150.41600036621094, 117.04000091552734]], 'labels': ['person', 'woman', 'woman', 'woman']}}"
0817,"{'<DENSE_REGION_CAPTION>': {'bboxes': [[26.09600067138672, 75.3759994506836, 47.37600326538086, 123.08800506591797]], 'labels': ['human face']}}"
0818,"{'<DENSE_REGION_CAPTION>': {'bboxes': [[24.527999877929688, 62.832000732421875, 47.37600326538086, 109.20000457763672]], 'labels': ['human face']}}"
0819,"{'<DENSE_REGION_CAPTION>': {'bboxes': [[20.944000244140625, 62.832000732421875, 43.56800079345703, 109.64800262451172]], 'labels': ['human face']}}"
0820,"{'<DENSE_REGION_CAPTION>': {'bboxes': [[25.200000762939453, 61.71200180053711, 45.36000061035156, 109.20000457763672]], 'labels': ['human face']}}"
0821,"{'<DENSE_REGION_CAPTION>': {'bboxes': [[32.14400100708008, 61.93600082397461, 50.512001037597656, 110.54400634765625]], 'labels': ['human face']}}"
0822,"{'<DENSE_REGION_CAPTION>': {'bboxes': [[33.263999938964844, 69.3280029296875, 50.96000289916992, 115.02400207519531]], 'labels': ['human face']}}"
0823,"{'<DENSE_REGION_CAPTION>': {'bboxes': [[82.54400634765625, 0.1120000034570694, 216.94400024414062, 223.66400146484375], [0.1120000034570694, 52.97600173950195, 90.60800170898438, 223.66400146484375], [69.552001953125, 110.09600067138672, 80.75199890136719, 141.2320098876953]], 'labels': ['person', 'person', 'coffee cup']}}"
0824,"{'<DENSE_REGION_CAPTION>': {'bboxes': [[0.1120000034570694, 0.1120000034570694, 91.9520034790039, 223.66400146484375], [94.86400604248047, 63.28000259399414, 157.36000061035156, 223.66400146484375]], 'labels': ['person', 'person']}}"
0825,"{'<DENSE_REGION_CAPTION>': {'bboxes': [[0.1120000034570694, 0.1120000034570694, 223.66400146484375, 223.66400146484375], [0.1120000034570694, 74.0320053100586, 23.18400001525879, 191.1840057373047], [122.41600036621094, 93.96800231933594, 157.58399963378906, 165.20001220703125], [151.08799743652344, 113.45600128173828, 174.38400268554688, 163.8560028076172]], 'labels': ['toy', 'person', 'toy', 'toy']}}"
0826,"{'<DENSE_REGION_CAPTION>': {'bboxes': [[0.1120000034570694, 0.1120000034570694, 223.66400146484375, 223.66400146484375], [172.36801147460938, 118.83200073242188, 223.66400146484375, 218.7360076904297]], 'labels': ['cabinetry', 'chair']}}"
0827,"{'<DENSE_REGION_CAPTION>': {'bboxes': [[130.48001098632812, 102.0320053100586, 194.76800537109375, 215.82400512695312], [207.31201171875, 124.8800048828125, 223.66400146484375, 223.66400146484375], [142.8000030517578, 59.92000198364258, 165.42401123046875, 118.16000366210938], [187.15200805664062, 62.384002685546875, 201.04000854492188, 110.09600067138672]], 'labels': ['person', 'person', 'person', 'person']}}"
0828,"{'<DENSE_REGION_CAPTION>': {'bboxes': [[27.66400146484375, 0.1120000034570694, 102.4800033569336, 100.91200256347656], [162.7360076904297, 0.1120000034570694, 216.72000122070312, 100.46400451660156], [100.46400451660156, 0.1120000034570694, 161.16799926757812, 59.47200012207031], [78.95999908447266, 99.56800079345703, 138.76800537109375, 207.0880126953125], [152.2080078125, 104.72000122070312, 212.68800354003906, 209.3280029296875], [90.60800170898438, 58.35200119018555, 113.00800323486328, 114.57600402832031], [133.16799926757812, 54.768001556396484, 148.17601013183594, 102.9280014038086], [180.656005859375, 65.0719985961914, 194.32000732421875, 107.63200378417969]], 'labels': ['whiteboard', 'whiteboard', 'whiteboard', 'person', 'person', 'person', 'person', 'person']}}"
0829,"{'<DENSE_REGION_CAPTION>': {'bboxes': [[0.1120000034570694, 0.1120000034570694, 54.09600067138672, 85.00800323486328], [52.30400085449219, 0.1120000034570694, 112.78400421142578, 57.23200225830078], [115.92000579833984, 0.1120000034570694, 174.83200073242188, 51.85600280761719], [0.1120000034570694, 194.76800537109375, 192.97601318359375, 223.66400146484375], [104.94400024414062, 99.12000274658203, 162.5120086669922, 201.26400756835938], [42.672000885009766, 101.13600158691406, 87.69599914550781, 208.2080078125], [210.44801330566406, 20.04800033569336, 223.66400146484375, 94.86400604248047], [87.02400207519531, 53.20000076293945, 99.56800079345703, 101.13600158691406]], 'labels': ['whiteboard', 'whiteboard', 'whiteboard', 'desk', 'person', 'person', 'person', 'person']}}"
0830,"{'<DENSE_REGION_CAPTION>': {'bboxes': [[0.1120000034570694, 186.70401000976562, 147.50399780273438, 223.66400146484375], [61.48800277709961, 93.74400329589844, 116.14400482177734, 199.92001342773438], [0.1120000034570694, 106.73600006103516, 44.6879997253418, 220.0800018310547], [158.92800903320312, 18.70400047302246, 176.17601013183594, 85.45600128173828], [39.76000213623047, 53.20000076293945, 56.560001373291016, 102.7040023803711], [0.1120000034570694, 58.80000305175781, 15.344000816345215, 107.85600280761719]], 'labels': ['desk', 'person', 'person', 'person', 'person', 'person']}}"
0831,"{'<DENSE_REGION_CAPTION>': {'bboxes': [[0.1120000034570694, 185.58399963378906, 148.84800720214844, 223.66400146484375], [181.10400390625, 152.4320068359375, 223.66400146484375, 223.66400146484375], [42.224002838134766, 95.76000213623047, 99.34400177001953, 201.93600463867188], [0.1120000034570694, 110.76800537109375, 26.32000160217285, 223.66400146484375], [179.5360107421875, 57.00800323486328, 200.59201049804688, 145.48800659179688], [138.99200439453125, 19.376001358032227, 156.91200256347656, 87.47200012207031], [20.272001266479492, 53.87200164794922, 36.176002502441406, 104.27200317382812], [71.34400177001953, 58.12800216674805, 83.44000244140625, 99.34400177001953]], 'labels': ['desk', 'desk', 'person', 'person', 'person', 'person', 'person', 'person']}}"
0832,"{'<DENSE_REGION_CAPTION>': {'bboxes': [[105.84000396728516, 89.48799896240234, 197.6800079345703, 184.68800354003906], [0.1120000034570694, 184.91200256347656, 140.11199951171875, 223.66400146484375], [170.5760040283203, 148.62400817871094, 223.66400146484375, 223.66400146484375], [31.920000076293945, 97.3280029296875, 89.48799896240234, 203.27999877929688], [0.1120000034570694, 114.12800598144531, 11.53600025177002, 223.66400146484375], [131.15200805664062, 18.032001495361328, 148.17601013183594, 84.11199951171875], [8.848000526428223, 55.21600341796875, 24.75200080871582, 105.61600494384766], [21.84000015258789, 58.80000305175781, 38.8640022277832, 99.34400177001953], [61.040000915527344, 58.80000305175781, 73.13600158691406, 100.01600646972656]], 'labels': ['desk', 'desk', 'desk', 'person', 'person', 'person', 'person', 'person', 'person']}}"
0833,"{'<DENSE_REGION_CAPTION>': {'bboxes': [[0.1120000034570694, 95.76000213623047, 112.33600616455078, 207.5360107421875], [115.69600677490234, 90.60800170898438, 204.40000915527344, 184.91200256347656], [3.696000099182129, 186.48001098632812, 143.9199981689453, 223.66400146484375], [176.40000915527344, 150.63999938964844, 223.66400146484375, 223.66400146484375], [37.96800231933594, 97.10400390625, 96.20800018310547, 202.83200073242188], [0.1120000034570694, 114.12800598144531, 18.48000144958496, 223.66400146484375], [175.27999877929688, 57.90400314331055, 194.99200439453125, 145.04000854492188], [134.5120086669922, 19.82400131225586, 151.9840087890625, 85.45600128173828], [16.016000747680664, 56.112003326416016, 30.576000213623047, 106.28800201416016], [27.440000534057617, 59.69600296020508, 44.2400016784668, 99.34400177001953], [66.41600036621094, 59.69600296020508, 78.06400299072266, 100.68800354003906]], 'labels': ['desk', 'desk', 'desk', 'desk', 'person', 'person', 'person', 'person', 'person', 'person', 'person']}}"
0834,"{'<DENSE_REGION_CAPTION>': {'bboxes': [[198.8000030517578, 136.3040008544922, 223.66400146484375, 203.50401306152344]], 'labels': ['bicycle']}}"
0835,"{'<DENSE_REGION_CAPTION>': {'bboxes': [[0.1120000034570694, 0.1120000034570694, 223.66400146484375, 223.66400146484375]], 'labels': ['furniture']}}"
0836,"{'<DENSE_REGION_CAPTION>': {'bboxes': [[11.760000228881836, 0.1120000034570694, 122.86400604248047, 223.66400146484375]], 'labels': ['animal']}}"
0837,"{'<DENSE_REGION_CAPTION>': {'bboxes': [[112.11200714111328, 2.8000001907348633, 223.66400146484375, 223.66400146484375], [29.23200035095215, 64.6240005493164, 49.16800308227539, 111.88800048828125]], 'labels': ['person', 'human face']}}"
0838,"{'<DENSE_REGION_CAPTION>': {'bboxes': [[161.8400115966797, 3.696000099182129, 223.66400146484375, 223.66400146484375], [44.6879997253418, 51.18400192260742, 119.5040054321289, 223.66400146484375], [118.83200073242188, 23.631999969482422, 154.67201232910156, 76.94400024414062], [0.1120000034570694, 64.8479995727539, 16.239999771118164, 119.2800064086914], [0.1120000034570694, 0.1120000034570694, 18.48000144958496, 44.4640007019043], [16.464000701904297, 0.1120000034570694, 30.352001190185547, 40.20800018310547], [22.288000106811523, 80.75199890136719, 34.608001708984375, 109.87200164794922]], 'labels': ['person', 'woman', 'poster', 'poster', 'poster', 'poster', 'poster']}}"
0839,"{'<DENSE_REGION_CAPTION>': {'bboxes': [[100.46400451660156, 132.72000122070312, 174.60800170898438, 223.66400146484375], [79.63200378417969, 63.952003479003906, 98.0, 109.64800262451172], [118.83200073242188, 22.96000099182129, 154.447998046875, 75.82400512695312], [0.1120000034570694, 64.1760025024414, 15.792000770568848, 118.38400268554688], [0.1120000034570694, 0.1120000034570694, 18.032001495361328, 43.12000274658203], [154.2239990234375, 24.079999923706055, 177.07200622558594, 53.42399978637695], [16.687999725341797, 0.1120000034570694, 30.128000259399414, 39.0880012512207], [22.064001083374023, 79.85600280761719, 34.608001708984375, 109.64800262451172], [20.272001266479492, 50.96000289916992, 32.592002868652344, 79.63200378417969], [145.48800659179688, 0.1120000034570694, 155.34400939941406, 22.512001037597656]], 'labels': ['desk', 'human face', 'poster', 'poster', 'poster', 'poster', 'poster', 'poster', 'poster', 'poster']}}"
0840,"{'<DENSE_REGION_CAPTION>': {'bboxes': [[100.46400451660156, 127.34400177001953, 179.31201171875, 223.66400146484375], [79.40800476074219, 63.72800064086914, 98.0, 109.64800262451172], [118.60800170898438, 22.736000061035156, 154.447998046875, 75.60000610351562], [0.1120000034570694, 64.1760025024414, 15.568000793457031, 118.16000366210938], [0.1120000034570694, 0.1120000034570694, 18.032001495361328, 42.895999908447266], [154.2239990234375, 23.856000900268555, 177.07200622558594, 54.544002532958984], [16.464000701904297, 0.1120000034570694, 30.352001190185547, 38.8640022277832], [22.064001083374023, 79.63200378417969, 34.608001708984375, 109.20000457763672]], 'labels': ['desk', 'human face', 'poster', 'poster', 'poster', 'poster', 'poster', 'poster']}}"
0841,"{'<DENSE_REGION_CAPTION>': {'bboxes': [[90.60800170898438, 127.56800079345703, 180.2080078125, 223.66400146484375], [79.18400573730469, 64.6240005493164, 97.7760009765625, 109.87200164794922], [118.60800170898438, 22.736000061035156, 154.447998046875, 75.82400512695312], [0.1120000034570694, 63.952003479003906, 15.792000770568848, 118.16000366210938], [0.1120000034570694, 0.1120000034570694, 18.032001495361328, 42.672000885009766], [154.2239990234375, 23.856000900268555, 177.07200622558594, 54.544002532958984], [16.464000701904297, 0.1120000034570694, 30.128000259399414, 38.8640022277832], [22.064001083374023, 79.63200378417969, 34.608001708984375, 109.20000457763672]], 'labels': ['desk', 'human face', 'poster', 'poster', 'poster', 'poster', 'poster', 'poster']}}"
0842,"{'<DENSE_REGION_CAPTION>': {'bboxes': [[100.46400451660156, 132.27200317382812, 184.24000549316406, 223.66400146484375], [79.40800476074219, 64.6240005493164, 97.7760009765625, 110.76800537109375]], 'labels': ['desk', 'human face']}}"
0843,"{'<DENSE_REGION_CAPTION>': {'bboxes': [[168.7840118408203, 0.1120000034570694, 223.66400146484375, 223.66400146484375], [51.18400192260742, 51.85600280761719, 123.31200408935547, 223.66400146484375], [21.392000198364258, 124.656005859375, 78.73600006103516, 223.66400146484375]], 'labels': ['person', 'person', 'chair']}}"
0844,"{'<DENSE_REGION_CAPTION>': {'bboxes': [[168.5600128173828, 0.1120000034570694, 223.66400146484375, 223.66400146484375], [53.20000076293945, 51.85600280761719, 123.31200408935547, 223.66400146484375], [21.84000015258789, 124.656005859375, 78.28800201416016, 223.66400146484375], [0.1120000034570694, 0.1120000034570694, 18.256000518798828, 43.34400177001953], [0.1120000034570694, 64.1760025024414, 15.568000793457031, 118.16000366210938], [154.2239990234375, 24.079999923706055, 177.07200622558594, 54.544002532958984], [16.464000701904297, 0.1120000034570694, 29.904001235961914, 39.0880012512207], [22.064001083374023, 79.63200378417969, 34.608001708984375, 109.42400360107422]], 'labels': ['person', 'person', 'chair', 'poster', 'poster', 'poster', 'poster', 'poster']}}"
0845,"{'<DENSE_REGION_CAPTION>': {'bboxes': [[167.44000244140625, 0.1120000034570694, 223.66400146484375, 223.66400146484375], [82.09600067138672, 63.05600357055664, 99.12000274658203, 107.63200378417969]], 'labels': ['person', 'human face']}}"
0846,"{'<DENSE_REGION_CAPTION>': {'bboxes': [[100.68800354003906, 127.56800079345703, 181.3280029296875, 223.66400146484375], [81.42400360107422, 63.50400161743164, 98.89600372314453, 109.20000457763672]], 'labels': ['desk', 'human face']}}"
0847,"{'<DENSE_REGION_CAPTION>': {'bboxes': [[156.68800354003906, 0.1120000034570694, 223.66400146484375, 223.66400146484375], [51.18400192260742, 51.85600280761719, 123.31200408935547, 223.66400146484375], [21.61600112915039, 124.656005859375, 78.28800201416016, 223.66400146484375], [118.60800170898438, 115.47200012207031, 129.13600158691406, 141.2320098876953]], 'labels': ['person', 'person', 'chair', 'coffee cup']}}"
0848,"{'<DENSE_REGION_CAPTION>': {'bboxes': [[21.61600112915039, 124.656005859375, 78.28800201416016, 223.66400146484375], [80.08000183105469, 64.1760025024414, 98.89600372314453, 110.09600067138672]], 'labels': ['chair', 'human face']}}"
0849,"{'<DENSE_REGION_CAPTION>': {'bboxes': [[21.392000198364258, 124.656005859375, 78.73600006103516, 223.66400146484375], [80.75199890136719, 62.832000732421875, 99.12000274658203, 109.42400360107422]], 'labels': ['chair', 'human face']}}"
0850,"{'<DENSE_REGION_CAPTION>': {'bboxes': [[21.392000198364258, 124.656005859375, 78.95999908447266, 223.66400146484375], [80.75199890136719, 65.29600524902344, 98.22400665283203, 111.44000244140625]], 'labels': ['chair', 'human face']}}"
0851,"{'<DENSE_REGION_CAPTION>': {'bboxes': [[21.392000198364258, 124.656005859375, 78.28800201416016, 223.66400146484375], [83.21600341796875, 66.86399841308594, 101.58399963378906, 112.56000518798828]], 'labels': ['chair', 'human face']}}"
0852,"{'<DENSE_REGION_CAPTION>': {'bboxes': [[100.91200256347656, 127.56800079345703, 223.66400146484375, 223.66400146484375], [189.39199829101562, 79.63200378417969, 223.66400146484375, 162.7360076904297], [86.12800598144531, 66.86399841308594, 102.7040023803711, 111.44000244140625]], 'labels': ['desk', 'human face', 'human face']}}"
0853,"{'<DENSE_REGION_CAPTION>': {'bboxes': [[100.24000549316406, 127.56800079345703, 199.2480010986328, 223.66400146484375], [84.11199951171875, 63.05600357055664, 101.58399963378906, 107.63200378417969], [189.39199829101562, 90.83200073242188, 200.81600952148438, 108.75200653076172]], 'labels': ['desk', 'human face', 'human face']}}"
0854,"{'<DENSE_REGION_CAPTION>': {'bboxes': [[100.24000549316406, 132.04800415039062, 223.66400146484375, 223.66400146484375], [82.76800537109375, 62.832000732421875, 99.79199981689453, 107.63200378417969], [187.82400512695312, 82.76800537109375, 200.81600952148438, 107.40800476074219]], 'labels': ['desk', 'human face', 'human face']}}"
0855,"{'<DENSE_REGION_CAPTION>': {'bboxes': [[100.46400451660156, 132.27200317382812, 223.66400146484375, 223.66400146484375], [82.09600067138672, 63.28000259399414, 99.12000274658203, 109.20000457763672], [187.82400512695312, 83.66400146484375, 201.26400756835938, 108.75200653076172]], 'labels': ['desk', 'human face', 'human face']}}"
0856,"{'<DENSE_REGION_CAPTION>': {'bboxes': [[100.24000549316406, 132.72000122070312, 223.66400146484375, 223.66400146484375], [80.97600555419922, 61.71200180053711, 98.44800567626953, 107.18400573730469], [187.60000610351562, 84.56000518798828, 201.26400756835938, 110.09600067138672]], 'labels': ['desk', 'human face', 'human face']}}"
0857,"{'<DENSE_REGION_CAPTION>': {'bboxes': [[100.68800354003906, 132.27200317382812, 223.66400146484375, 223.66400146484375], [82.31999969482422, 61.26400375366211, 99.56800079345703, 105.84000396728516], [176.84800720214844, 96.43199920654297, 190.7360076904297, 121.52000427246094]], 'labels': ['desk', 'human face', 'human face']}}"
0858,"{'<DENSE_REGION_CAPTION>': {'bboxes': [[100.91200256347656, 132.49600219726562, 223.66400146484375, 223.66400146484375], [82.31999969482422, 63.50400161743164, 99.79199981689453, 108.75200653076172], [177.29600524902344, 92.1760025024414, 191.1840057373047, 117.93600463867188]], 'labels': ['desk', 'human face', 'human face']}}"
0859,"{'<DENSE_REGION_CAPTION>': {'bboxes': [[21.392000198364258, 124.656005859375, 78.28800201416016, 223.66400146484375], [87.69599914550781, 64.6240005493164, 102.7040023803711, 107.85600280761719], [177.52000427246094, 90.38400268554688, 189.8400115966797, 114.35200500488281]], 'labels': ['chair', 'human face', 'human face']}}"
0860,"{'<DENSE_REGION_CAPTION>': {'bboxes': [[21.392000198364258, 124.8800048828125, 78.73600006103516, 223.66400146484375], [88.36800384521484, 66.63999938964844, 103.3759994506836, 109.87200164794922], [178.86399841308594, 101.58399963378906, 191.6320037841797, 117.04000091552734]], 'labels': ['chair', 'human face', 'human face']}}"
0861,"{'<DENSE_REGION_CAPTION>': {'bboxes': [[100.24000549316406, 132.04800415039062, 223.66400146484375, 223.66400146484375], [87.24800109863281, 67.31200408935547, 102.4800033569336, 109.87200164794922], [178.19200134277344, 96.43199920654297, 191.4080047607422, 118.60800170898438], [178.19200134277344, 101.36000061035156, 191.1840057373047, 118.38400268554688]], 'labels': ['desk', 'human face', 'human face', 'human face']}}"
0862,"{'<DENSE_REGION_CAPTION>': {'bboxes': [[99.34400177001953, 132.04800415039062, 223.66400146484375, 223.66400146484375], [87.02400207519531, 70.0, 101.8080062866211, 112.78400421142578], [194.54400634765625, 78.06400299072266, 209.3280029296875, 105.84000396728516]], 'labels': ['desk', 'human face', 'human face']}}"
0863,"{'<DENSE_REGION_CAPTION>': {'bboxes': [[99.56800079345703, 132.04800415039062, 223.66400146484375, 223.66400146484375], [203.05599975585938, 105.39200592041016, 219.8560028076172, 138.09600830078125]], 'labels': ['desk', 'human face']}}"
0864,"{'<DENSE_REGION_CAPTION>': {'bboxes': [[99.56800079345703, 132.27200317382812, 223.66400146484375, 223.66400146484375], [21.61600112915039, 124.8800048828125, 78.51200103759766, 223.66400146484375], [79.63200378417969, 68.43199920654297, 97.3280029296875, 114.12800598144531]], 'labels': ['desk', 'chair', 'human face']}}"
0865,"{'<DENSE_REGION_CAPTION>': {'bboxes': [[49.39200210571289, 52.75200271606445, 122.41600036621094, 223.66400146484375], [21.84000015258789, 125.10400390625, 78.51200103759766, 223.66400146484375]], 'labels': ['person', 'chair']}}"
0866,"{'<DENSE_REGION_CAPTION>': {'bboxes': [[108.97600555419922, 127.56800079345703, 223.66400146484375, 223.66400146484375], [21.84000015258789, 125.10400390625, 78.73600006103516, 223.66400146484375], [118.60800170898438, 22.736000061035156, 154.447998046875, 76.04800415039062], [0.1120000034570694, 64.4000015258789, 16.016000747680664, 118.38400268554688], [0.1120000034570694, 0.1120000034570694, 18.70400047302246, 44.4640007019043], [154.447998046875, 24.304000854492188, 177.07200622558594, 54.09600067138672], [16.687999725341797, 0.1120000034570694, 30.128000259399414, 39.3120002746582], [22.512001037597656, 79.85600280761719, 34.832000732421875, 109.64800262451172], [145.71200561523438, 0.1120000034570694, 155.12001037597656, 22.512001037597656]], 'labels': ['desk', 'chair', 'poster', 'poster', 'poster', 'poster', 'poster', 'poster', 'poster']}}"
0867,"{'<DENSE_REGION_CAPTION>': {'bboxes': [[108.97600555419922, 132.04800415039062, 223.66400146484375, 223.66400146484375], [88.36800384521484, 68.43199920654297, 104.49600219726562, 112.11200714111328]], 'labels': ['desk', 'human face']}}"
0868,"{'<DENSE_REGION_CAPTION>': {'bboxes': [[108.97600555419922, 132.04800415039062, 223.66400146484375, 223.66400146484375], [89.71200561523438, 69.3280029296875, 104.94400024414062, 109.87200164794922]], 'labels': ['desk', 'human face']}}"
0869,"{'<DENSE_REGION_CAPTION>': {'bboxes': [[108.97600555419922, 132.04800415039062, 223.66400146484375, 223.66400146484375], [90.60800170898438, 70.89600372314453, 105.16800689697266, 109.87200164794922]], 'labels': ['desk', 'human face']}}"
0870,"{'<DENSE_REGION_CAPTION>': {'bboxes': [[108.75200653076172, 132.04800415039062, 223.66400146484375, 223.66400146484375], [89.71200561523438, 70.44800567626953, 105.39200592041016, 110.09600067138672]], 'labels': ['desk', 'human face']}}"
0871,"{'<DENSE_REGION_CAPTION>': {'bboxes': [[102.0320053100586, 132.04800415039062, 223.66400146484375, 223.66400146484375], [74.9280014038086, 64.8479995727539, 89.26399993896484, 102.7040023803711]], 'labels': ['desk', 'human face']}}"
0872,"{'<DENSE_REGION_CAPTION>': {'bboxes': [[97.3280029296875, 127.56800079345703, 223.66400146484375, 223.66400146484375], [55.66400146484375, 67.76000213623047, 74.2560043334961, 108.75200653076172]], 'labels': ['desk', 'human face']}}"
0873,"{'<DENSE_REGION_CAPTION>': {'bboxes': [[91.5040054321289, 127.56800079345703, 223.66400146484375, 223.66400146484375], [66.41600036621094, 57.90400314331055, 79.40800476074219, 100.01600646972656]], 'labels': ['desk', 'human face']}}"
0874,"{'<DENSE_REGION_CAPTION>': {'bboxes': [[91.5040054321289, 127.56800079345703, 223.66400146484375, 223.66400146484375], [68.20800018310547, 53.42399978637695, 85.45600128173828, 96.43199920654297]], 'labels': ['desk', 'human face']}}"
0875,"{'<DENSE_REGION_CAPTION>': {'bboxes': [[55.66400146484375, 49.61600112915039, 74.7040023803711, 93.52000427246094]], 'labels': ['human face']}}"
0876,"{'<DENSE_REGION_CAPTION>': {'bboxes': [[44.91200256347656, 76.27200317382812, 69.3280029296875, 123.53600311279297]], 'labels': ['human face']}}"
0877,"{'<DENSE_REGION_CAPTION>': {'bboxes': [[22.064001083374023, 0.1120000034570694, 109.87200164794922, 223.66400146484375]], 'labels': ['person']}}"
0878,"{'<DENSE_REGION_CAPTION>': {'bboxes': [[20.04800033569336, 0.1120000034570694, 117.48800659179688, 223.66400146484375], [118.83200073242188, 22.736000061035156, 154.447998046875, 75.3759994506836], [0.1120000034570694, 63.952003479003906, 15.792000770568848, 118.16000366210938], [154.2239990234375, 23.631999969482422, 176.84800720214844, 54.544002532958984]], 'labels': ['person', 'poster', 'poster', 'poster']}}"
0879,"{'<DENSE_REGION_CAPTION>': {'bboxes': [[22.064001083374023, 0.1120000034570694, 117.93600463867188, 223.66400146484375]], 'labels': ['person']}}"
0880,"{'<DENSE_REGION_CAPTION>': {'bboxes': [[9.968000411987305, 0.1120000034570694, 117.93600463867188, 223.66400146484375]], 'labels': ['person']}}"
0881,"{'<DENSE_REGION_CAPTION>': {'bboxes': [[0.1120000034570694, 0.1120000034570694, 112.33600616455078, 223.66400146484375]], 'labels': ['person']}}"
0882,"{'<DENSE_REGION_CAPTION>': {'bboxes': [[0.1120000034570694, 0.1120000034570694, 107.85600280761719, 223.66400146484375]], 'labels': ['person']}}"
0883,"{'<DENSE_REGION_CAPTION>': {'bboxes': [[0.1120000034570694, 0.1120000034570694, 90.60800170898438, 223.66400146484375]], 'labels': ['person']}}"
0884,"{'<DENSE_REGION_CAPTION>': {'bboxes': [[0.1120000034570694, 0.1120000034570694, 85.23200225830078, 223.66400146484375]], 'labels': ['person']}}"
0885,"{'<DENSE_REGION_CAPTION>': {'bboxes': [[0.1120000034570694, 0.1120000034570694, 113.23200225830078, 223.66400146484375]], 'labels': ['person']}}"
0886,"{'<DENSE_REGION_CAPTION>': {'bboxes': [[0.1120000034570694, 0.1120000034570694, 95.31200408935547, 223.66400146484375]], 'labels': ['person']}}"
0887,"{'<DENSE_REGION_CAPTION>': {'bboxes': [[0.1120000034570694, 0.1120000034570694, 119.9520034790039, 223.66400146484375]], 'labels': ['person']}}"
