image_num,bboxes,labels
0001,"{'<DENSE_REGION_CAPTION>': {'bboxes': [[0.1120000034570694, 0.1120000034570694, 96.43199920654297, 223.66400146484375], [162.5120086669922, 17.583999633789062, 223.66400146484375, 192.97601318359375], [0.1120000034570694, 0.1120000034570694, 20.272001266479492, 82.31999969482422], [194.99200439453125, 30.80000114440918, 215.82400512695312, 72.91200256347656]], 'labels': ['person', 'person', 'human face', 'human face']}}"
0002,"{'<DENSE_REGION_CAPTION>': {'bboxes': [[0.1120000034570694, 0.1120000034570694, 100.68800354003906, 223.66400146484375], [151.760009765625, 21.61600112915039, 223.66400146484375, 197.0080108642578], [93.96800231933594, 18.256000518798828, 165.42401123046875, 112.33600616455078]], 'labels': ['person', 'person', 'person']}}"
0003,"{'<DENSE_REGION_CAPTION>': {'bboxes': [[0.1120000034570694, 0.1120000034570694, 100.68800354003906, 223.66400146484375], [152.8800048828125, 32.36800003051758, 223.66400146484375, 197.6800079345703], [113.45600128173828, 4.5920000076293945, 166.99200439453125, 108.52799987792969]], 'labels': ['person', 'person', 'person']}}"
0004,"{'<DENSE_REGION_CAPTION>': {'bboxes': [[0.1120000034570694, 2.5759999752044678, 78.51200103759766, 223.66400146484375], [0.1120000034570694, 2.5759999752044678, 58.12800216674805, 223.66400146484375], [153.3280029296875, 20.04800033569336, 214.48001098632812, 159.15200805664062], [164.7519989013672, 111.88800048828125, 223.66400146484375, 223.66400146484375], [89.93600463867188, 12.880000114440918, 165.20001220703125, 115.02400207519531]], 'labels': ['person', 'person', 'person', 'person', 'person']}}"
0005,"{'<DENSE_REGION_CAPTION>': {'bboxes': [[0.1120000034570694, 0.1120000034570694, 88.59200286865234, 223.66400146484375], [151.31201171875, 65.52000427246094, 223.66400146484375, 223.66400146484375], [150.86399841308594, 18.256000518798828, 219.8560028076172, 171.0240020751953], [78.95999908447266, 23.18400001525879, 165.42401123046875, 124.8800048828125]], 'labels': ['person', 'person', 'person', 'person']}}"
0006,"{'<DENSE_REGION_CAPTION>': {'bboxes': [[0.1120000034570694, 0.1120000034570694, 80.30400085449219, 223.66400146484375], [147.50399780273438, 65.52000427246094, 223.66400146484375, 223.66400146484375]], 'labels': ['person', 'person']}}"
0007,"{'<DENSE_REGION_CAPTION>': {'bboxes': [[0.1120000034570694, 0.1120000034570694, 84.78400421142578, 223.66400146484375], [145.04000854492188, 63.952003479003906, 223.66400146484375, 223.66400146484375], [153.7760009765625, 17.808000564575195, 211.12001037597656, 160.94400024414062], [107.40800476074219, 5.712000370025635, 167.88800048828125, 117.26399993896484], [19.82400131225586, 24.527999877929688, 45.13600158691406, 91.2800064086914], [198.3520050048828, 90.38400268554688, 223.66400146484375, 152.4320068359375], [177.96800231933594, 36.176002502441406, 200.81600952148438, 81.64800262451172]], 'labels': ['person', 'person', 'person', 'person', 'human face', 'human face', 'human face']}}"
0008,"{'<DENSE_REGION_CAPTION>': {'bboxes': [[0.1120000034570694, 0.1120000034570694, 85.68000030517578, 223.66400146484375], [153.3280029296875, 19.82400131225586, 215.15200805664062, 153.552001953125], [110.76800537109375, 4.815999984741211, 167.44000244140625, 117.48800659179688], [198.3520050048828, 89.26399993896484, 223.66400146484375, 223.66400146484375]], 'labels': ['person', 'person', 'person', 'person']}}"
0009,"{'<DENSE_REGION_CAPTION>': {'bboxes': [[0.1120000034570694, 0.1120000034570694, 88.59200286865234, 223.66400146484375], [152.4320068359375, 18.256000518798828, 219.8560028076172, 168.5600128173828], [147.95201110839844, 81.87200164794922, 223.66400146484375, 223.66400146484375], [114.80000305175781, 6.832000255584717, 166.09600830078125, 117.48800659179688], [185.80799865722656, 81.87200164794922, 223.66400146484375, 223.44000244140625]], 'labels': ['person', 'person', 'person', 'person', 'person']}}"
0010,"{'<DENSE_REGION_CAPTION>': {'bboxes': [[0.1120000034570694, 0.1120000034570694, 89.93600463867188, 223.66400146484375], [143.9199981689453, 83.21600341796875, 223.66400146484375, 223.66400146484375], [151.5360107421875, 19.376001358032227, 223.66400146484375, 151.9840087890625], [100.91200256347656, 19.600000381469727, 166.09600830078125, 110.99200439453125], [187.37600708007812, 83.21600341796875, 223.66400146484375, 223.44000244140625]], 'labels': ['person', 'person', 'person', 'person', 'person']}}"
0011,"{'<DENSE_REGION_CAPTION>': {'bboxes': [[0.1120000034570694, 0.1120000034570694, 89.04000091552734, 223.66400146484375], [136.9759979248047, 85.45600128173828, 223.66400146484375, 223.66400146484375], [149.29600524902344, 22.288000106811523, 223.66400146484375, 151.760009765625], [104.72000122070312, 9.744000434875488, 165.20001220703125, 108.52799987792969], [16.91200065612793, 17.583999633789062, 44.2400016784668, 90.16000366210938], [184.46400451660156, 109.64800262451172, 210.2239990234375, 171.9199981689453], [190.0640106201172, 31.696001052856445, 216.94400024414062, 77.84000396728516]], 'labels': ['person', 'person', 'person', 'person', 'human face', 'human face', 'human face']}}"
0012,"{'<DENSE_REGION_CAPTION>': {'bboxes': [[0.1120000034570694, 0.1120000034570694, 89.93600463867188, 223.66400146484375], [131.15200805664062, 92.8479995727539, 223.66400146484375, 223.66400146484375], [15.792000770568848, 12.880000114440918, 40.880001068115234, 82.99200439453125], [173.04000854492188, 123.76000213623047, 197.4560089111328, 179.0880126953125]], 'labels': ['person', 'person', 'human face', 'human face']}}"
0013,"{'<DENSE_REGION_CAPTION>': {'bboxes': [[0.1120000034570694, 0.1120000034570694, 117.48800659179688, 223.66400146484375], [128.68800354003906, 98.44800567626953, 223.66400146484375, 223.66400146484375], [156.46400451660156, 98.67200469970703, 223.66400146484375, 223.66400146484375], [109.87200164794922, 16.239999771118164, 168.33599853515625, 111.21600341796875], [12.432000160217285, 5.039999961853027, 37.96800231933594, 78.06400299072266], [197.9040069580078, 34.384002685546875, 223.66400146484375, 83.44000244140625], [172.36801147460938, 152.8800048828125, 190.5120086669922, 187.37600708007812]], 'labels': ['person', 'person', 'person', 'person', 'human face', 'human face', 'human face']}}"
0014,"{'<DENSE_REGION_CAPTION>': {'bboxes': [[0.1120000034570694, 0.1120000034570694, 108.97600555419922, 223.66400146484375], [160.94400024414062, 88.81600189208984, 223.66400146484375, 223.66400146484375], [18.256000518798828, 9.520000457763672, 40.880001068115234, 77.61600494384766], [198.3520050048828, 28.560001373291016, 219.6320037841797, 75.60000610351562], [175.50399780273438, 144.1439971923828, 195.88800048828125, 178.63999938964844]], 'labels': ['person', 'woman', 'human face', 'human face', 'human face']}}"
0015,"{'<DENSE_REGION_CAPTION>': {'bboxes': [[0.1120000034570694, 0.1120000034570694, 123.76000213623047, 223.66400146484375], [143.2480010986328, 67.31200408935547, 223.66400146484375, 223.66400146484375], [157.36000061035156, 18.256000518798828, 223.66400146484375, 157.36000061035156], [109.87200164794922, 5.488000392913818, 168.11199951171875, 111.88800048828125], [14.44800090789795, 10.416000366210938, 39.3120002746582, 80.08000183105469], [197.0080108642578, 29.68000030517578, 220.0800018310547, 72.46400451660156], [186.70401000976562, 124.8800048828125, 209.10400390625, 162.2880096435547], [130.70401000976562, 19.82400131225586, 148.62400817871094, 52.75200271606445]], 'labels': ['person', 'person', 'person', 'person', 'human face', 'human face', 'human face', 'human face']}}"
0016,"{'<DENSE_REGION_CAPTION>': {'bboxes': [[0.1120000034570694, 0.1120000034570694, 98.22400665283203, 223.66400146484375], [170.1280059814453, 58.35200119018555, 223.66400146484375, 223.66400146484375], [101.36000061035156, 7.056000232696533, 174.38400268554688, 110.54400634765625], [175.72801208496094, 24.75200080871582, 223.66400146484375, 146.38400268554688], [11.760000228881836, 8.176000595092773, 36.847999572753906, 78.06400299072266]], 'labels': ['person', 'person', 'person', 'person', 'human face']}}"
0017,"{'<DENSE_REGION_CAPTION>': {'bboxes': [[0.1120000034570694, 0.1120000034570694, 103.60000610351562, 223.66400146484375], [171.9199981689453, 23.18400001525879, 223.66400146484375, 179.0880126953125], [182.0, 62.832000732421875, 223.66400146484375, 223.66400146484375], [102.9280014038086, 0.1120000034570694, 168.7840118408203, 110.31999969482422]], 'labels': ['person', 'person', 'person', 'person']}}"
0018,"{'<DENSE_REGION_CAPTION>': {'bboxes': [[0.1120000034570694, 0.1120000034570694, 96.43199920654297, 223.66400146484375], [0.1120000034570694, 0.1120000034570694, 73.13600158691406, 223.66400146484375], [166.76800537109375, 26.09600067138672, 223.66400146484375, 156.91200256347656], [109.64800262451172, 0.1120000034570694, 171.0240020751953, 115.47200012207031], [187.15200805664062, 54.992000579833984, 223.66400146484375, 223.66400146484375]], 'labels': ['person', 'person', 'person', 'person', 'person']}}"
0019,"{'<DENSE_REGION_CAPTION>': {'bboxes': [[0.1120000034570694, 0.1120000034570694, 103.1520004272461, 223.66400146484375], [104.72000122070312, 0.1120000034570694, 171.9199981689453, 113.45600128173828], [181.552001953125, 51.85600280761719, 223.66400146484375, 223.66400146484375]], 'labels': ['person', 'person', 'person']}}"
0020,"{'<DENSE_REGION_CAPTION>': {'bboxes': [[0.1120000034570694, 0.1120000034570694, 104.94400024414062, 223.66400146484375], [109.87200164794922, 0.1120000034570694, 172.36801147460938, 104.72000122070312]], 'labels': ['person', 'person']}}"
0021,"{'<DENSE_REGION_CAPTION>': {'bboxes': [[0.1120000034570694, 0.1120000034570694, 106.06400299072266, 223.66400146484375], [178.86399841308594, 57.23200225830078, 223.66400146484375, 223.66400146484375], [107.63200378417969, 0.1120000034570694, 168.33599853515625, 103.1520004272461]], 'labels': ['person', 'person', 'person']}}"
0022,"{'<DENSE_REGION_CAPTION>': {'bboxes': [[0.1120000034570694, 0.1120000034570694, 105.39200592041016, 223.66400146484375], [175.27999877929688, 59.02400207519531, 223.66400146484375, 223.66400146484375], [174.60800170898438, 17.583999633789062, 223.66400146484375, 159.60000610351562], [115.47200012207031, 0.1120000034570694, 171.0240020751953, 106.73600006103516], [5.488000392913818, 8.848000526428223, 30.352001190185547, 78.73600006103516]], 'labels': ['person', 'person', 'person', 'person', 'human face']}}"
0023,"{'<DENSE_REGION_CAPTION>': {'bboxes': [[0.1120000034570694, 0.1120000034570694, 106.06400299072266, 223.66400146484375], [167.44000244140625, 14.672000885009766, 223.66400146484375, 155.56800842285156], [112.78400421142578, 0.1120000034570694, 174.16000366210938, 118.60800170898438], [203.50401306152344, 60.36800003051758, 223.66400146484375, 223.66400146484375]], 'labels': ['person', 'person', 'person', 'person']}}"
0024,"{'<DENSE_REGION_CAPTION>': {'bboxes': [[0.1120000034570694, 0.1120000034570694, 106.51200103759766, 223.66400146484375], [166.76800537109375, 16.016000747680664, 223.66400146484375, 192.97601318359375], [184.24000549316406, 62.832000732421875, 223.66400146484375, 223.66400146484375], [112.56000518798828, 0.1120000034570694, 173.48800659179688, 113.23200225830078], [5.936000347137451, 9.968000411987305, 29.904001235961914, 78.28800201416016], [200.59201049804688, 29.45600128173828, 223.66400146484375, 77.39200592041016]], 'labels': ['person', 'person', 'person', 'person', 'human face', 'human face']}}"
0025,"{'<DENSE_REGION_CAPTION>': {'bboxes': [[0.1120000034570694, 0.1120000034570694, 104.49600219726562, 223.66400146484375], [168.7840118408203, 15.120000839233398, 223.66400146484375, 187.37600708007812], [178.41600036621094, 64.4000015258789, 223.66400146484375, 223.66400146484375], [111.66400146484375, 0.1120000034570694, 174.16000366210938, 106.96000671386719]], 'labels': ['person', 'person', 'person', 'person']}}"
0026,"{'<DENSE_REGION_CAPTION>': {'bboxes': [[0.1120000034570694, 0.1120000034570694, 105.39200592041016, 223.66400146484375], [106.96000671386719, 0.1120000034570694, 174.60800170898438, 117.93600463867188], [171.0240020751953, 17.808000564575195, 223.66400146484375, 155.34400939941406], [198.1280059814453, 59.47200012207031, 223.66400146484375, 223.66400146484375]], 'labels': ['person', 'person', 'person', 'person']}}"
0027,"{'<DENSE_REGION_CAPTION>': {'bboxes': [[0.1120000034570694, 2.3519999980926514, 143.2480010986328, 223.66400146484375], [0.1120000034570694, 0.1120000034570694, 107.85600280761719, 223.66400146484375], [174.16000366210938, 53.87200164794922, 223.66400146484375, 223.66400146484375], [168.7840118408203, 17.13599967956543, 223.66400146484375, 153.3280029296875], [127.56800079345703, 11.984000205993652, 173.26400756835938, 111.88800048828125], [40.880001068115234, 20.720001220703125, 66.63999938964844, 90.60800170898438], [196.11199951171875, 32.14400100708008, 217.16799926757812, 81.42400360107422]], 'labels': ['person', 'person', 'person', 'person', 'person', 'human face', 'human face']}}"
0028,"{'<DENSE_REGION_CAPTION>': {'bboxes': [[0.1120000034570694, 0.1120000034570694, 108.30400085449219, 223.66400146484375], [170.3520050048828, 17.808000564575195, 223.66400146484375, 183.34400939941406], [179.31201171875, 70.0, 223.66400146484375, 223.66400146484375], [127.12000274658203, 8.848000526428223, 171.4720001220703, 112.56000518798828], [27.216001510620117, 21.392000198364258, 47.82400131225586, 87.47200012207031], [197.4560089111328, 37.52000045776367, 218.5120086669922, 84.33600616455078]], 'labels': ['person', 'person', 'person', 'person', 'human face', 'human face']}}"
0029,"{'<DENSE_REGION_CAPTION>': {'bboxes': [[0.1120000034570694, 0.1120000034570694, 95.31200408935547, 223.66400146484375], [170.1280059814453, 16.91200065612793, 223.66400146484375, 223.66400146484375], [170.1280059814453, 19.82400131225586, 223.66400146484375, 166.32000732421875], [126.22400665283203, 10.416000366210938, 169.0080108642578, 112.11200714111328]], 'labels': ['person', 'person', 'person', 'person']}}"
0030,"{'<DENSE_REGION_CAPTION>': {'bboxes': [[0.1120000034570694, 0.1120000034570694, 101.58399963378906, 223.66400146484375], [161.16799926757812, 18.256000518798828, 223.66400146484375, 179.9840087890625], [125.3280029296875, 0.1120000034570694, 170.1280059814453, 112.56000518798828]], 'labels': ['person', 'person', 'person']}}"
0031,"{'<DENSE_REGION_CAPTION>': {'bboxes': [[0.1120000034570694, 0.1120000034570694, 102.4800033569336, 223.66400146484375], [165.87200927734375, 19.376001358032227, 223.66400146484375, 223.66400146484375], [165.87200927734375, 19.600000381469727, 223.66400146484375, 127.79200744628906], [184.46400451660156, 85.00800323486328, 223.66400146484375, 223.66400146484375], [123.53600311279297, 1.4560000896453857, 168.7840118408203, 113.45600128173828], [200.59201049804688, 44.4640007019043, 223.66400146484375, 86.35200500488281]], 'labels': ['person', 'person', 'person', 'person', 'person', 'human face']}}"
0032,"{'<DENSE_REGION_CAPTION>': {'bboxes': [[0.1120000034570694, 0.1120000034570694, 104.94400024414062, 223.66400146484375], [156.46400451660156, 101.58399963378906, 223.66400146484375, 223.66400146484375], [123.31200408935547, 2.3519999980926514, 169.9040069580078, 113.45600128173828], [0.1120000034570694, 11.984000205993652, 30.352001190185547, 83.44000244140625]], 'labels': ['person', 'person', 'person', 'human face']}}"
0033,"{'<DENSE_REGION_CAPTION>': {'bboxes': [[0.1120000034570694, 0.1120000034570694, 90.60800170898438, 223.66400146484375], [139.21600341796875, 118.60800170898438, 223.66400146484375, 223.66400146484375], [163.6320037841797, 18.48000144958496, 223.66400146484375, 163.1840057373047], [123.31200408935547, 1.9040000438690186, 169.6800079345703, 113.45600128173828], [0.1120000034570694, 14.223999977111816, 24.75200080871582, 83.44000244140625], [193.20001220703125, 37.96800231933594, 214.92800903320312, 82.99200439453125], [139.66400146484375, 13.104000091552734, 160.72000122070312, 46.928001403808594]], 'labels': ['person', 'person', 'person', 'person', 'human face', 'human face', 'human face']}}"
0034,"{'<DENSE_REGION_CAPTION>': {'bboxes': [[0.1120000034570694, 0.1120000034570694, 87.69599914550781, 223.66400146484375], [169.6800079345703, 77.61600494384766, 223.66400146484375, 223.66400146484375], [123.31200408935547, 2.3519999980926514, 169.2320098876953, 113.45600128173828], [189.39199829101562, 21.392000198364258, 223.66400146484375, 131.82400512695312], [0.1120000034570694, 12.432000160217285, 26.32000160217285, 83.66400146484375], [189.6160125732422, 33.93600082397461, 207.9840087890625, 77.39200592041016], [139.21600341796875, 14.896000862121582, 158.70401000976562, 49.16800308227539]], 'labels': ['person', 'person', 'person', 'person', 'human face', 'human face', 'human face']}}"
0035,"{'<DENSE_REGION_CAPTION>': {'bboxes': [[0.1120000034570694, 0.1120000034570694, 81.42400360107422, 223.66400146484375], [166.99200439453125, 68.656005859375, 223.66400146484375, 223.66400146484375], [123.76000213623047, 3.248000144958496, 168.7840118408203, 113.45600128173828], [193.20001220703125, 18.256000518798828, 223.66400146484375, 80.30400085449219]], 'labels': ['person', 'person', 'person', 'person']}}"
0036,"{'<DENSE_REGION_CAPTION>': {'bboxes': [[0.1120000034570694, 0.1120000034570694, 82.76800537109375, 223.66400146484375], [165.87200927734375, 22.064001083374023, 223.66400146484375, 178.63999938964844], [153.7760009765625, 90.38400268554688, 223.66400146484375, 223.66400146484375], [123.31200408935547, 1.6800000667572021, 164.5279998779297, 110.76800537109375]], 'labels': ['person', 'monkey', 'person', 'person']}}"
0037,"{'<DENSE_REGION_CAPTION>': {'bboxes': [[0.1120000034570694, 0.1120000034570694, 79.40800476074219, 223.66400146484375], [166.76800537109375, 23.631999969482422, 223.66400146484375, 177.07200622558594], [179.760009765625, 113.23200225830078, 223.66400146484375, 223.66400146484375], [122.19200134277344, 3.696000099182129, 164.3040008544922, 110.76800537109375]], 'labels': ['person', 'person', 'person', 'person']}}"
0038,"{'<DENSE_REGION_CAPTION>': {'bboxes': [[0.1120000034570694, 0.1120000034570694, 79.40800476074219, 223.66400146484375], [164.9759979248047, 22.736000061035156, 223.66400146484375, 176.62400817871094], [121.96800231933594, 3.4720001220703125, 164.3040008544922, 110.99200439453125], [7.056000232696533, 11.312000274658203, 30.128000259399414, 78.51200103759766]], 'labels': ['person', 'person', 'person', 'human face']}}"
0039,"{'<DENSE_REGION_CAPTION>': {'bboxes': [[0.1120000034570694, 0.1120000034570694, 101.13600158691406, 223.66400146484375], [168.33599853515625, 20.496000289916992, 223.66400146484375, 223.66400146484375], [122.41600036621094, 1.4560000896453857, 170.8000030517578, 112.33600616455078], [5.936000347137451, 14.672000885009766, 29.23200035095215, 84.78400421142578]], 'labels': ['person', 'person', 'person', 'human face']}}"
0040,"{'<DENSE_REGION_CAPTION>': {'bboxes': [[0.1120000034570694, 0.1120000034570694, 96.43199920654297, 223.66400146484375], [169.0080108642578, 26.32000160217285, 223.66400146484375, 174.38400268554688], [122.41600036621094, 5.263999938964844, 169.0080108642578, 110.09600067138672], [0.1120000034570694, 8.176000595092773, 26.768001556396484, 81.42400360107422], [187.37600708007812, 43.79199981689453, 211.12001037597656, 88.36800384521484], [140.55999755859375, 21.84000015258789, 159.82400512695312, 52.52799987792969]], 'labels': ['person', 'person', 'person', 'human face', 'human face', 'human face']}}"
0041,"{'<DENSE_REGION_CAPTION>': {'bboxes': [[0.1120000034570694, 0.1120000034570694, 94.86400604248047, 223.66400146484375], [0.1120000034570694, 0.1120000034570694, 78.51200103759766, 164.9759979248047], [169.2320098876953, 23.631999969482422, 223.66400146484375, 198.3520050048828], [118.60800170898438, 8.176000595092773, 169.2320098876953, 109.20000457763672], [0.1120000034570694, 11.088000297546387, 27.88800048828125, 79.40800476074219], [187.82400512695312, 40.656002044677734, 212.24000549316406, 85.90399932861328]], 'labels': ['person', 'person', 'person', 'person', 'human face', 'human face']}}"
0042,"{'<DENSE_REGION_CAPTION>': {'bboxes': [[0.1120000034570694, 0.1120000034570694, 91.5040054321289, 223.66400146484375], [169.0080108642578, 23.631999969482422, 223.66400146484375, 170.8000030517578], [0.1120000034570694, 6.160000324249268, 24.97599983215332, 81.64800262451172]], 'labels': ['person', 'person', 'human face']}}"
0043,"{'<DENSE_REGION_CAPTION>': {'bboxes': [[0.1120000034570694, 0.1120000034570694, 79.85600280761719, 223.66400146484375], [169.0080108642578, 25.200000762939453, 223.66400146484375, 183.79200744628906], [104.72000122070312, 0.1120000034570694, 171.6959991455078, 104.94400024414062]], 'labels': ['person', 'person', 'person']}}"
0044,"{'<DENSE_REGION_CAPTION>': {'bboxes': [[0.1120000034570694, 0.1120000034570694, 83.21600341796875, 223.66400146484375], [169.0080108642578, 23.856000900268555, 223.66400146484375, 173.26400756835938], [103.82400512695312, 3.0240001678466797, 171.4720001220703, 105.84000396728516]], 'labels': ['person', 'person', 'person']}}"
0045,"{'<DENSE_REGION_CAPTION>': {'bboxes': [[0.1120000034570694, 0.1120000034570694, 101.13600158691406, 223.66400146484375], [0.1120000034570694, 0.1120000034570694, 83.66400146484375, 166.54400634765625], [169.0080108642578, 21.61600112915039, 223.66400146484375, 180.656005859375], [118.60800170898438, 0.1120000034570694, 168.5600128173828, 112.78400421142578]], 'labels': ['person', 'person', 'person', 'person']}}"
0046,"{'<DENSE_REGION_CAPTION>': {'bboxes': [[0.1120000034570694, 0.1120000034570694, 72.91200256347656, 223.66400146484375], [169.9040069580078, 26.54400062561035, 223.66400146484375, 223.66400146484375], [169.9040069580078, 26.768001556396484, 223.66400146484375, 178.86399841308594], [109.64800262451172, 0.1120000034570694, 169.2320098876953, 120.1760025024414]], 'labels': ['person', 'person', 'person', 'person']}}"
0047,"{'<DENSE_REGION_CAPTION>': {'bboxes': [[0.1120000034570694, 0.1120000034570694, 77.84000396728516, 223.66400146484375], [169.0080108642578, 19.82400131225586, 223.66400146484375, 178.63999938964844], [180.656005859375, 70.67200469970703, 223.66400146484375, 223.66400146484375], [109.87200164794922, 0.1120000034570694, 168.33599853515625, 119.2800064086914]], 'labels': ['person', 'person', 'person', 'person']}}"
0048,"{'<DENSE_REGION_CAPTION>': {'bboxes': [[0.1120000034570694, 0.1120000034570694, 78.51200103759766, 223.66400146484375], [163.8560028076172, 63.05600357055664, 223.66400146484375, 223.66400146484375], [172.59201049804688, 20.944000244140625, 223.66400146484375, 156.24000549316406], [109.64800262451172, 0.1120000034570694, 172.14401245117188, 109.87200164794922]], 'labels': ['person', 'person', 'person', 'person']}}"
0049,"{'<DENSE_REGION_CAPTION>': {'bboxes': [[0.1120000034570694, 0.1120000034570694, 76.94400024414062, 223.66400146484375], [167.44000244140625, 24.527999877929688, 223.66400146484375, 167.44000244140625]], 'labels': ['person', 'person']}}"
0050,"{'<DENSE_REGION_CAPTION>': {'bboxes': [[0.1120000034570694, 0.1120000034570694, 73.58399963378906, 223.66400146484375], [160.04800415039062, 23.631999969482422, 223.66400146484375, 176.84800720214844], [129.13600158691406, 12.656000137329102, 173.71200561523438, 109.87200164794922]], 'labels': ['person', 'person', 'person']}}"
0051,"{'<DENSE_REGION_CAPTION>': {'bboxes': [[0.1120000034570694, 0.1120000034570694, 55.66400146484375, 223.66400146484375], [173.71200561523438, 21.392000198364258, 223.66400146484375, 223.66400146484375], [173.71200561523438, 21.61600112915039, 223.66400146484375, 166.76800537109375], [0.1120000034570694, 0.1120000034570694, 48.944000244140625, 179.760009765625], [0.1120000034570694, 136.3040008544922, 55.66400146484375, 223.66400146484375], [129.13600158691406, 10.640000343322754, 173.26400756835938, 109.87200164794922], [175.05599975585938, 173.04000854492188, 223.66400146484375, 223.66400146484375]], 'labels': ['person', 'person', 'person', 'person', 'person', 'person', 'person']}}"
0052,"{'<DENSE_REGION_CAPTION>': {'bboxes': [[0.1120000034570694, 0.1120000034570694, 72.24000549316406, 223.66400146484375], [171.9199981689453, 19.82400131225586, 223.66400146484375, 223.66400146484375], [0.1120000034570694, 0.1120000034570694, 28.336000442504883, 223.66400146484375], [129.58399963378906, 30.576000213623047, 172.36801147460938, 111.88800048828125]], 'labels': ['person', 'person', 'person', 'person']}}"
0053,"{'<DENSE_REGION_CAPTION>': {'bboxes': [[0.1120000034570694, 0.1120000034570694, 113.68000030517578, 223.66400146484375], [0.1120000034570694, 0.1120000034570694, 80.97600555419922, 223.66400146484375], [153.3280029296875, 80.08000183105469, 223.66400146484375, 223.66400146484375], [130.48001098632812, 7.952000141143799, 172.36801147460938, 112.56000518798828], [13.776000022888184, 14.896000862121582, 41.552001953125, 89.71200561523438]], 'labels': ['person', 'person', 'person', 'person', 'human face']}}"
0054,"{'<DENSE_REGION_CAPTION>': {'bboxes': [[0.1120000034570694, 0.1120000034570694, 105.84000396728516, 223.66400146484375], [0.1120000034570694, 0.1120000034570694, 68.8800048828125, 223.66400146484375], [150.63999938964844, 70.0, 223.66400146484375, 223.66400146484375], [127.12000274658203, 0.1120000034570694, 175.27999877929688, 113.45600128173828]], 'labels': ['person', 'person', 'person', 'person']}}"
0055,"{'<DENSE_REGION_CAPTION>': {'bboxes': [[0.1120000034570694, 0.1120000034570694, 108.30400085449219, 223.66400146484375], [0.1120000034570694, 0.1120000034570694, 71.12000274658203, 223.66400146484375], [20.272001266479492, 29.45600128173828, 50.96000289916992, 103.3759994506836]], 'labels': ['woman', 'woman', 'human face']}}"
0056,"{'<DENSE_REGION_CAPTION>': {'bboxes': [[37.52000045776367, 68.8800048828125, 209.3280029296875, 223.66400146484375], [22.288000106811523, 31.02400016784668, 52.52799987792969, 107.18400573730469]], 'labels': ['desk', 'human face']}}"
0057,"{'<DENSE_REGION_CAPTION>': {'bboxes': [[0.1120000034570694, 0.1120000034570694, 79.40800476074219, 223.66400146484375], [176.84800720214844, 23.631999969482422, 223.66400146484375, 189.8400115966797], [126.89600372314453, 0.1120000034570694, 175.50399780273438, 113.45600128173828]], 'labels': ['person', 'person', 'person']}}"
0058,"{'<DENSE_REGION_CAPTION>': {'bboxes': [[0.1120000034570694, 0.1120000034570694, 93.52000427246094, 223.66400146484375], [176.84800720214844, 24.079999923706055, 223.66400146484375, 223.66400146484375], [177.29600524902344, 24.079999923706055, 223.66400146484375, 169.9040069580078], [126.89600372314453, 0.1120000034570694, 175.27999877929688, 113.45600128173828], [27.88800048828125, 28.784000396728516, 52.08000183105469, 93.74400329589844]], 'labels': ['person', 'person', 'person', 'person', 'human face']}}"
0059,"{'<DENSE_REGION_CAPTION>': {'bboxes': [[0.1120000034570694, 0.1120000034570694, 93.96800231933594, 223.66400146484375], [177.96800231933594, 24.304000854492188, 223.66400146484375, 190.2880096435547], [127.12000274658203, 0.1120000034570694, 174.16000366210938, 113.45600128173828], [28.560001373291016, 29.904001235961914, 53.42399978637695, 94.86400604248047]], 'labels': ['person', 'person', 'person', 'human face']}}"
0060,"{'<DENSE_REGION_CAPTION>': {'bboxes': [[0.1120000034570694, 0.1120000034570694, 94.86400604248047, 223.66400146484375], [0.1120000034570694, 0.1120000034570694, 63.50400161743164, 223.66400146484375], [177.96800231933594, 24.527999877929688, 223.66400146484375, 223.66400146484375], [177.96800231933594, 24.75200080871582, 223.66400146484375, 145.26400756835938], [128.24000549316406, 3.9200000762939453, 173.04000854492188, 113.90400695800781], [29.23200035095215, 31.248001098632812, 54.320003509521484, 95.08800506591797]], 'labels': ['person', 'person', 'person', 'person', 'person', 'human face']}}"
0061,"{'<DENSE_REGION_CAPTION>': {'bboxes': [[0.1120000034570694, 0.1120000034570694, 96.8800048828125, 223.66400146484375], [177.52000427246094, 27.440000534057617, 223.66400146484375, 146.16000366210938], [191.4080047607422, 82.54400634765625, 223.66400146484375, 223.66400146484375], [129.13600158691406, 6.384000301361084, 170.5760040283203, 109.42400360107422]], 'labels': ['person', 'person', 'person', 'person']}}"
0062,"{'<DENSE_REGION_CAPTION>': {'bboxes': [[0.1120000034570694, 0.1120000034570694, 60.14400100708008, 223.66400146484375], [175.27999877929688, 30.80000114440918, 223.66400146484375, 153.552001953125], [192.97601318359375, 85.00800323486328, 223.66400146484375, 223.66400146484375]], 'labels': ['person', 'person', 'person']}}"
0063,"{'<DENSE_REGION_CAPTION>': {'bboxes': [[0.1120000034570694, 0.1120000034570694, 92.8479995727539, 223.66400146484375], [173.04000854492188, 33.71200180053711, 220.75201416015625, 161.16799926757812], [124.8800048828125, 9.968000411987305, 173.48800659179688, 110.76800537109375]], 'labels': ['person', 'person', 'person']}}"
0064,"{'<DENSE_REGION_CAPTION>': {'bboxes': [[0.1120000034570694, 0.1120000034570694, 93.29600524902344, 223.66400146484375], [177.96800231933594, 18.256000518798828, 223.66400146484375, 151.760009765625], [184.68800354003906, 85.45600128173828, 223.66400146484375, 223.66400146484375]], 'labels': ['person', 'person', 'person']}}"
0065,"{'<DENSE_REGION_CAPTION>': {'bboxes': [[0.1120000034570694, 0.1120000034570694, 91.9520034790039, 223.66400146484375], [0.1120000034570694, 0.1120000034570694, 61.48800277709961, 223.66400146484375], [176.84800720214844, 23.631999969482422, 223.66400146484375, 150.86399841308594], [184.46400451660156, 83.21600341796875, 223.66400146484375, 223.66400146484375]], 'labels': ['person', 'person', 'person', 'person']}}"
0066,"{'<DENSE_REGION_CAPTION>': {'bboxes': [[0.1120000034570694, 0.1120000034570694, 91.5040054321289, 223.66400146484375], [179.5360107421875, 20.720001220703125, 223.66400146484375, 223.66400146484375], [179.5360107421875, 20.944000244140625, 223.66400146484375, 152.656005859375], [123.31200408935547, 33.040000915527344, 174.16000366210938, 112.33600616455078]], 'labels': ['person', 'person', 'person', 'person']}}"
0067,"{'<DENSE_REGION_CAPTION>': {'bboxes': [[0.1120000034570694, 0.1120000034570694, 91.9520034790039, 223.66400146484375], [0.1120000034570694, 0.1120000034570694, 61.48800277709961, 223.66400146484375], [173.04000854492188, 20.720001220703125, 223.66400146484375, 189.39199829101562]], 'labels': ['person', 'person', 'person']}}"
0068,"{'<DENSE_REGION_CAPTION>': {'bboxes': [[0.1120000034570694, 0.1120000034570694, 91.9520034790039, 223.66400146484375], [174.83200073242188, 19.82400131225586, 223.66400146484375, 140.33599853515625], [191.1840057373047, 88.36800384521484, 223.66400146484375, 223.66400146484375], [129.13600158691406, 11.312000274658203, 169.2320098876953, 109.87200164794922]], 'labels': ['person', 'person', 'person', 'person']}}"
0069,"{'<DENSE_REGION_CAPTION>': {'bboxes': [[0.1120000034570694, 0.1120000034570694, 93.96800231933594, 223.66400146484375], [175.95201110839844, 18.70400047302246, 223.66400146484375, 149.52000427246094], [125.3280029296875, 0.1120000034570694, 181.7760009765625, 111.88800048828125], [189.8400115966797, 80.52799987792969, 223.66400146484375, 223.66400146484375], [26.09600067138672, 28.784000396728516, 51.85600280761719, 89.48799896240234]], 'labels': ['person', 'person', 'person', 'person', 'human face']}}"
0070,"{'<DENSE_REGION_CAPTION>': {'bboxes': [[0.1120000034570694, 0.1120000034570694, 94.41600036621094, 223.66400146484375], [176.62400817871094, 18.928001403808594, 223.66400146484375, 150.86399841308594], [188.27200317382812, 80.97600555419922, 223.66400146484375, 223.66400146484375]], 'labels': ['person', 'person', 'person']}}"
0071,"{'<DENSE_REGION_CAPTION>': {'bboxes': [[0.1120000034570694, 0.1120000034570694, 95.08800506591797, 223.66400146484375], [112.33600616455078, 0.1120000034570694, 176.84800720214844, 108.97600555419922], [175.95201110839844, 16.91200065612793, 223.66400146484375, 139.44000244140625], [188.72000122070312, 80.52799987792969, 223.66400146484375, 223.66400146484375]], 'labels': ['person', 'person', 'person', 'person']}}"
0072,"{'<DENSE_REGION_CAPTION>': {'bboxes': [[0.1120000034570694, 3.696000099182129, 97.10400390625, 223.66400146484375], [118.60800170898438, 0.1120000034570694, 175.27999877929688, 109.64800262451172], [184.46400451660156, 80.52799987792969, 223.66400146484375, 223.66400146484375]], 'labels': ['person', 'person', 'person']}}"
0073,"{'<DENSE_REGION_CAPTION>': {'bboxes': [[0.1120000034570694, 2.3519999980926514, 97.3280029296875, 223.66400146484375], [118.38400268554688, 0.1120000034570694, 174.16000366210938, 117.71200561523438], [188.49600219726562, 80.52799987792969, 223.66400146484375, 223.66400146484375], [178.19200134277344, 31.696001052856445, 223.66400146484375, 141.2320098876953]], 'labels': ['person', 'person', 'person', 'person']}}"
0074,"{'<DENSE_REGION_CAPTION>': {'bboxes': [[0.1120000034570694, 2.8000001907348633, 96.8800048828125, 223.66400146484375], [0.1120000034570694, 0.1120000034570694, 66.41600036621094, 223.66400146484375], [118.38400268554688, 0.1120000034570694, 171.2480010986328, 118.60800170898438], [187.37600708007812, 74.0320053100586, 223.66400146484375, 223.66400146484375]], 'labels': ['person', 'person', 'person', 'person']}}"
0075,"{'<DENSE_REGION_CAPTION>': {'bboxes': [[0.1120000034570694, 5.488000392913818, 97.7760009765625, 223.66400146484375], [114.12800598144531, 0.1120000034570694, 173.93600463867188, 111.21600341796875], [179.9840087890625, 19.376001358032227, 223.66400146484375, 143.4720001220703], [186.48001098632812, 78.06400299072266, 223.66400146484375, 223.66400146484375]], 'labels': ['person', 'person', 'person', 'person']}}"
0076,"{'<DENSE_REGION_CAPTION>': {'bboxes': [[0.1120000034570694, 0.1120000034570694, 98.22400665283203, 223.66400146484375], [0.1120000034570694, 0.1120000034570694, 61.48800277709961, 223.66400146484375], [184.68800354003906, 70.67200469970703, 223.66400146484375, 223.66400146484375], [123.76000213623047, 0.1120000034570694, 173.93600463867188, 109.87200164794922], [180.4320068359375, 19.152000427246094, 223.66400146484375, 142.5760040283203]], 'labels': ['person', 'person', 'person', 'person', 'person']}}"
0077,"{'<DENSE_REGION_CAPTION>': {'bboxes': [[0.1120000034570694, 0.1120000034570694, 98.67200469970703, 223.66400146484375], [0.1120000034570694, 0.1120000034570694, 64.8479995727539, 223.66400146484375], [179.760009765625, 0.1120000034570694, 223.66400146484375, 143.4720001220703], [193.87200927734375, 72.68800354003906, 223.66400146484375, 223.66400146484375]], 'labels': ['person', 'person', 'person', 'person']}}"
0078,"{'<DENSE_REGION_CAPTION>': {'bboxes': [[0.1120000034570694, 0.1120000034570694, 98.22400665283203, 223.66400146484375], [0.1120000034570694, 0.1120000034570694, 68.8800048828125, 223.66400146484375], [174.60800170898438, 20.720001220703125, 223.66400146484375, 154.0], [190.5120086669922, 72.24000549316406, 223.66400146484375, 223.66400146484375], [126.22400665283203, 21.392000198364258, 173.26400756835938, 119.5040054321289]], 'labels': ['person', 'person', 'person', 'person', 'person']}}"
0079,"{'<DENSE_REGION_CAPTION>': {'bboxes': [[0.1120000034570694, 0.1120000034570694, 97.7760009765625, 223.66400146484375], [175.95201110839844, 0.1120000034570694, 223.66400146484375, 223.66400146484375], [176.40000915527344, 0.1120000034570694, 223.66400146484375, 141.4560089111328], [194.09600830078125, 72.68800354003906, 223.66400146484375, 223.66400146484375], [126.22400665283203, 30.80000114440918, 175.05599975585938, 122.86400604248047]], 'labels': ['person', 'person', 'person', 'person', 'person']}}"
0080,"{'<DENSE_REGION_CAPTION>': {'bboxes': [[0.1120000034570694, 0.1120000034570694, 98.67200469970703, 223.66400146484375], [176.84800720214844, 23.631999969482422, 223.66400146484375, 141.9040069580078], [192.97601318359375, 72.24000549316406, 223.66400146484375, 223.66400146484375], [121.52000427246094, 19.152000427246094, 175.95201110839844, 104.72000122070312]], 'labels': ['person', 'person', 'person', 'person']}}"
0081,"{'<DENSE_REGION_CAPTION>': {'bboxes': [[0.1120000034570694, 0.1120000034570694, 99.12000274658203, 223.66400146484375], [0.1120000034570694, 0.1120000034570694, 66.41600036621094, 223.66400146484375], [175.50399780273438, 23.18400001525879, 223.66400146484375, 166.09600830078125], [121.07200622558594, 0.1120000034570694, 181.3280029296875, 97.7760009765625], [194.76800537109375, 74.9280014038086, 223.66400146484375, 223.66400146484375]], 'labels': ['person', 'person', 'person', 'person', 'person']}}"
0082,"{'<DENSE_REGION_CAPTION>': {'bboxes': [[0.1120000034570694, 0.1120000034570694, 97.7760009765625, 223.66400146484375], [177.29600524902344, 0.1120000034570694, 223.66400146484375, 166.54400634765625], [104.72000122070312, 15.344000816345215, 168.11199951171875, 100.46400451660156], [196.11199951171875, 78.73600006103516, 223.66400146484375, 223.66400146484375]], 'labels': ['person', 'person', 'person', 'person']}}"
0083,"{'<DENSE_REGION_CAPTION>': {'bboxes': [[0.1120000034570694, 0.1120000034570694, 98.22400665283203, 223.66400146484375], [175.95201110839844, 22.288000106811523, 223.66400146484375, 166.54400634765625], [100.68800354003906, 14.672000885009766, 168.5600128173828, 100.68800354003906], [195.44000244140625, 78.95999908447266, 223.66400146484375, 223.66400146484375]], 'labels': ['person', 'person', 'person', 'person']}}"
0084,"{'<DENSE_REGION_CAPTION>': {'bboxes': [[0.1120000034570694, 0.1120000034570694, 98.22400665283203, 223.66400146484375], [0.1120000034570694, 0.1120000034570694, 64.8479995727539, 223.66400146484375], [175.27999877929688, 24.75200080871582, 223.66400146484375, 148.17601013183594], [104.72000122070312, 17.13599967956543, 167.66400146484375, 102.9280014038086], [195.44000244140625, 75.3759994506836, 223.66400146484375, 223.66400146484375]], 'labels': ['person', 'person', 'person', 'person', 'person']}}"
0085,"{'<DENSE_REGION_CAPTION>': {'bboxes': [[0.1120000034570694, 0.1120000034570694, 89.48799896240234, 223.66400146484375], [0.1120000034570694, 0.1120000034570694, 64.8479995727539, 223.66400146484375], [174.83200073242188, 24.75200080871582, 223.66400146484375, 166.54400634765625], [108.97600555419922, 20.944000244140625, 172.14401245117188, 106.96000671386719], [192.3040008544922, 75.82400512695312, 223.66400146484375, 223.66400146484375]], 'labels': ['person', 'person', 'person', 'person', 'person']}}"
0086,"{'<DENSE_REGION_CAPTION>': {'bboxes': [[0.1120000034570694, 0.1120000034570694, 91.05599975585938, 223.66400146484375], [0.1120000034570694, 0.1120000034570694, 59.02400207519531, 223.66400146484375], [174.60800170898438, 20.720001220703125, 223.66400146484375, 150.19200134277344], [192.3040008544922, 74.7040023803711, 223.66400146484375, 223.66400146484375], [115.92000579833984, 20.720001220703125, 172.14401245117188, 104.49600219726562], [29.00800132751465, 26.54400062561035, 51.18400192260742, 92.1760025024414]], 'labels': ['person', 'person', 'person', 'person', 'person', 'human face']}}"
0087,"{'<DENSE_REGION_CAPTION>': {'bboxes': [[0.1120000034570694, 0.1120000034570694, 127.12000274658203, 223.66400146484375], [175.50399780273438, 72.91200256347656, 223.66400146484375, 223.66400146484375], [103.60000610351562, 0.1120000034570694, 179.31201171875, 102.7040023803711], [174.60800170898438, 26.32000160217285, 223.66400146484375, 144.81600952148438]], 'labels': ['person', 'person', 'person', 'person']}}"
0088,"{'<DENSE_REGION_CAPTION>': {'bboxes': [[0.1120000034570694, 0.1120000034570694, 129.13600158691406, 223.66400146484375], [0.1120000034570694, 0.1120000034570694, 92.6240005493164, 223.66400146484375], [175.95201110839844, 71.56800079345703, 223.66400146484375, 223.66400146484375], [173.93600463867188, 24.75200080871582, 223.66400146484375, 167.21600341796875], [103.60000610351562, 0.1120000034570694, 175.72801208496094, 103.1520004272461]], 'labels': ['person', 'person', 'person', 'person', 'person']}}"
0089,"{'<DENSE_REGION_CAPTION>': {'bboxes': [[0.1120000034570694, 0.1120000034570694, 130.48001098632812, 223.66400146484375], [174.83200073242188, 19.82400131225586, 223.66400146484375, 167.88800048828125], [176.17601013183594, 75.82400512695312, 223.66400146484375, 223.66400146484375], [101.13600158691406, 24.75200080871582, 168.5600128173828, 115.69600677490234]], 'labels': ['person', 'person', 'person', 'person']}}"
0090,"{'<DENSE_REGION_CAPTION>': {'bboxes': [[0.1120000034570694, 2.3519999980926514, 130.48001098632812, 223.66400146484375], [0.1120000034570694, 0.1120000034570694, 83.66400146484375, 223.66400146484375], [174.60800170898438, 21.61600112915039, 223.66400146484375, 166.99200439453125], [97.7760009765625, 37.74399948120117, 177.52000427246094, 123.98400115966797]], 'labels': ['person', 'person', 'person', 'person']}}"
0091,"{'<DENSE_REGION_CAPTION>': {'bboxes': [[0.1120000034570694, 5.263999938964844, 130.48001098632812, 223.66400146484375], [0.1120000034570694, 0.1120000034570694, 88.59200286865234, 223.66400146484375], [176.84800720214844, 80.08000183105469, 223.66400146484375, 223.66400146484375], [174.16000366210938, 24.079999923706055, 223.66400146484375, 146.38400268554688], [43.12000274658203, 39.98400115966797, 69.3280029296875, 101.58399963378906]], 'labels': ['person', 'person', 'person', 'person', 'human face']}}"
0092,"{'<DENSE_REGION_CAPTION>': {'bboxes': [[0.1120000034570694, 6.384000301361084, 130.03199768066406, 223.66400146484375], [175.27999877929688, 19.82400131225586, 223.66400146484375, 140.55999755859375], [190.9600067138672, 80.75199890136719, 223.66400146484375, 223.66400146484375], [44.2400016784668, 42.448001861572266, 70.0, 104.72000122070312]], 'labels': ['person', 'person', 'person', 'human face']}}"
0093,"{'<DENSE_REGION_CAPTION>': {'bboxes': [[0.1120000034570694, 6.6080002784729, 130.03199768066406, 223.66400146484375], [0.1120000034570694, 0.1120000034570694, 83.66400146484375, 223.66400146484375], [175.27999877929688, 24.75200080871582, 223.66400146484375, 140.7840118408203], [189.39199829101562, 76.94400024414062, 223.66400146484375, 223.66400146484375], [44.0160026550293, 41.7760009765625, 70.44800567626953, 105.61600494384766]], 'labels': ['person', 'person', 'person', 'person', 'human face']}}"
0094,"{'<DENSE_REGION_CAPTION>': {'bboxes': [[0.1120000034570694, 0.1120000034570694, 130.03199768066406, 223.66400146484375], [0.1120000034570694, 0.1120000034570694, 76.27200317382812, 223.66400146484375], [176.84800720214844, 80.08000183105469, 223.66400146484375, 223.66400146484375], [173.71200561523438, 26.992000579833984, 223.66400146484375, 145.26400756835938], [110.54400634765625, 40.20800018310547, 177.96800231933594, 125.3280029296875]], 'labels': ['person', 'person', 'person', 'person', 'person']}}"
0095,"{'<DENSE_REGION_CAPTION>': {'bboxes': [[0.1120000034570694, 10.640000343322754, 130.03199768066406, 223.66400146484375], [177.07200622558594, 80.08000183105469, 223.66400146484375, 223.66400146484375], [173.48800659179688, 28.336000442504883, 223.66400146484375, 143.2480010986328], [119.5040054321289, 41.104000091552734, 178.19200134277344, 125.552001953125]], 'labels': ['person', 'person', 'person', 'person']}}"
0096,"{'<DENSE_REGION_CAPTION>': {'bboxes': [[0.1120000034570694, 4.368000030517578, 130.03199768066406, 223.66400146484375], [0.1120000034570694, 0.1120000034570694, 78.51200103759766, 223.66400146484375], [176.62400817871094, 79.18400573730469, 223.66400146484375, 223.66400146484375], [44.6879997253418, 26.54400062561035, 66.41600036621094, 96.20800018310547]], 'labels': ['person', 'person', 'person', 'human face']}}"
0097,"{'<DENSE_REGION_CAPTION>': {'bboxes': [[0.1120000034570694, 3.696000099182129, 130.48001098632812, 223.66400146484375], [0.1120000034570694, 0.1120000034570694, 83.66400146484375, 223.66400146484375], [173.26400756835938, 17.808000564575195, 223.66400146484375, 141.9040069580078], [193.87200927734375, 80.75199890136719, 223.66400146484375, 223.66400146484375], [40.880001068115234, 27.216001510620117, 65.96800231933594, 96.8800048828125], [195.21600341796875, 28.560001373291016, 223.66400146484375, 74.4800033569336]], 'labels': ['person', 'person', 'person', 'person', 'human face', 'human face']}}"
0098,"{'<DENSE_REGION_CAPTION>': {'bboxes': [[0.1120000034570694, 5.488000392913818, 129.13600158691406, 223.66400146484375], [0.1120000034570694, 5.488000392913818, 68.20800018310547, 223.66400146484375], [174.16000366210938, 79.85600280761719, 223.66400146484375, 223.66400146484375], [177.52000427246094, 17.808000564575195, 223.66400146484375, 138.32000732421875], [116.36800384521484, 57.23200225830078, 181.7760009765625, 126.67200469970703], [191.1840057373047, 97.7760009765625, 211.79200744628906, 170.3520050048828], [45.58399963378906, 25.648000717163086, 67.53600311279297, 85.00800323486328], [191.4080047607422, 27.88800048828125, 220.0800018310547, 72.91200256347656]], 'labels': ['person', 'person', 'person', 'person', 'person', 'human face', 'human face', 'human face']}}"
0099,"{'<DENSE_REGION_CAPTION>': {'bboxes': [[0.1120000034570694, 7.728000164031982, 129.13600158691406, 223.66400146484375], [0.1120000034570694, 7.728000164031982, 68.8800048828125, 223.66400146484375], [166.76800537109375, 17.808000564575195, 223.66400146484375, 148.84800720214844], [188.72000122070312, 80.08000183105469, 223.66400146484375, 223.66400146484375], [116.59200286865234, 57.90400314331055, 179.9840087890625, 118.38400268554688], [44.2400016784668, 30.80000114440918, 69.10400390625, 104.04800415039062], [188.72000122070312, 116.59200286865234, 209.7760009765625, 170.5760040283203], [198.3520050048828, 35.28000259399414, 221.64801025390625, 78.28800201416016]], 'labels': ['person', 'person', 'person', 'person', 'person', 'human face', 'human face', 'human face']}}"
0100,"{'<DENSE_REGION_CAPTION>': {'bboxes': [[0.1120000034570694, 8.176000595092773, 127.56800079345703, 223.66400146484375], [169.0080108642578, 17.360000610351562, 223.66400146484375, 161.8400115966797], [186.03201293945312, 76.04800415039062, 223.66400146484375, 223.66400146484375], [119.7280044555664, 56.112003326416016, 173.71200561523438, 113.68000030517578]], 'labels': ['person', 'person', 'person', 'person']}}"
0101,"{'<DENSE_REGION_CAPTION>': {'bboxes': [[0.1120000034570694, 5.936000347137451, 128.68800354003906, 223.66400146484375], [168.7840118408203, 18.928001403808594, 223.66400146484375, 163.1840057373047], [197.2320098876953, 46.25600051879883, 223.66400146484375, 223.66400146484375], [118.38400268554688, 54.992000579833984, 177.07200622558594, 113.90400695800781], [47.37600326538086, 30.352001190185547, 68.656005859375, 94.19200134277344]], 'labels': ['person', 'person', 'person', 'person', 'human face']}}"
0102,"{'<DENSE_REGION_CAPTION>': {'bboxes': [[0.1120000034570694, 7.504000186920166, 133.39199829101562, 223.66400146484375], [0.1120000034570694, 7.504000186920166, 70.67200469970703, 223.66400146484375], [169.0080108642578, 17.13599967956543, 223.66400146484375, 191.1840057373047], [120.6240005493164, 56.336002349853516, 178.63999938964844, 117.04000091552734], [43.56800079345703, 29.00800132751465, 68.656005859375, 96.8800048828125], [195.66400146484375, 34.384002685546875, 223.66400146484375, 80.08000183105469]], 'labels': ['person', 'person', 'person', 'person', 'human face', 'human face']}}"
0103,"{'<DENSE_REGION_CAPTION>': {'bboxes': [[0.1120000034570694, 7.728000164031982, 120.84800720214844, 223.66400146484375], [0.1120000034570694, 7.728000164031982, 68.20800018310547, 223.66400146484375], [166.09600830078125, 18.256000518798828, 215.15200805664062, 169.9040069580078], [192.97601318359375, 18.928001403808594, 223.66400146484375, 223.66400146484375], [120.6240005493164, 58.80000305175781, 180.2080078125, 123.08800506591797]], 'labels': ['person', 'person', 'person', 'person', 'person']}}"
0104,"{'<DENSE_REGION_CAPTION>': {'bboxes': [[0.1120000034570694, 0.1120000034570694, 68.20800018310547, 223.66400146484375], [180.2080078125, 23.408000946044922, 223.66400146484375, 223.66400146484375], [120.4000015258789, 50.288002014160156, 179.31201171875, 113.00800323486328]], 'labels': ['person', 'person', 'person']}}"
0105,"{'<DENSE_REGION_CAPTION>': {'bboxes': [[0.1120000034570694, 0.1120000034570694, 63.952003479003906, 223.66400146484375], [174.16000366210938, 23.631999969482422, 223.66400146484375, 223.66400146484375], [107.18400573730469, 0.1120000034570694, 171.0240020751953, 102.4800033569336], [34.384002685546875, 17.13599967956543, 56.560001373291016, 81.87200164794922], [148.84800720214844, 20.272001266479492, 166.09600830078125, 42.448001861572266]], 'labels': ['person', 'person', 'person', 'human face', 'human face']}}"
0106,"{'<DENSE_REGION_CAPTION>': {'bboxes': [[0.1120000034570694, 0.1120000034570694, 61.93600082397461, 223.66400146484375], [165.42401123046875, 22.512001037597656, 223.66400146484375, 223.66400146484375], [106.96000671386719, 0.1120000034570694, 170.1280059814453, 102.0320053100586]], 'labels': ['person', 'person', 'person']}}"
0107,"{'<DENSE_REGION_CAPTION>': {'bboxes': [[0.1120000034570694, 0.1120000034570694, 63.05600357055664, 223.66400146484375], [158.70401000976562, 12.656000137329102, 223.66400146484375, 223.66400146484375], [100.46400451660156, 0.1120000034570694, 170.5760040283203, 101.36000061035156], [197.9040069580078, 12.656000137329102, 223.66400146484375, 223.44000244140625]], 'labels': ['person', 'person', 'person', 'person']}}"
0108,"{'<DENSE_REGION_CAPTION>': {'bboxes': [[0.1120000034570694, 0.1120000034570694, 63.05600357055664, 223.66400146484375], [160.49600219726562, 30.128000259399414, 223.66400146484375, 199.2480010986328], [99.12000274658203, 11.088000297546387, 165.42401123046875, 107.18400573730469]], 'labels': ['person', 'person', 'person']}}"
0109,"{'<DENSE_REGION_CAPTION>': {'bboxes': [[0.1120000034570694, 0.1120000034570694, 63.05600357055664, 223.66400146484375], [160.94400024414062, 22.064001083374023, 223.66400146484375, 176.62400817871094], [97.7760009765625, 0.1120000034570694, 163.4080047607422, 102.7040023803711]], 'labels': ['person', 'person', 'person']}}"
0110,"{'<DENSE_REGION_CAPTION>': {'bboxes': [[0.1120000034570694, 0.1120000034570694, 63.50400161743164, 223.66400146484375], [153.7760009765625, 72.46400451660156, 223.66400146484375, 223.66400146484375], [160.49600219726562, 19.376001358032227, 223.66400146484375, 158.92800903320312], [97.552001953125, 0.1120000034570694, 169.6800079345703, 101.58399963378906], [25.87200164794922, 17.808000564575195, 52.97600173950195, 85.00800323486328], [188.27200317382812, 29.904001235961914, 214.03201293945312, 73.80799865722656], [181.10400390625, 127.79200744628906, 201.71200561523438, 162.9600067138672]], 'labels': ['person', 'person', 'person', 'person', 'human face', 'human face', 'human face']}}"
0111,"{'<DENSE_REGION_CAPTION>': {'bboxes': [[0.1120000034570694, 0.1120000034570694, 58.12800216674805, 223.66400146484375], [159.15200805664062, 16.239999771118164, 223.66400146484375, 155.79200744628906], [99.79199981689453, 0.1120000034570694, 168.33599853515625, 101.58399963378906], [181.10400390625, 71.34400177001953, 223.66400146484375, 223.66400146484375], [29.23200035095215, 18.70400047302246, 55.44000244140625, 84.33600616455078], [188.72000122070312, 91.5040054321289, 211.12001037597656, 157.36000061035156], [184.91200256347656, 28.112001419067383, 205.52000427246094, 72.24000549316406]], 'labels': ['person', 'person', 'person', 'person', 'human face', 'human face', 'human face']}}"
0112,"{'<DENSE_REGION_CAPTION>': {'bboxes': [[0.1120000034570694, 0.1120000034570694, 63.50400161743164, 223.66400146484375], [148.62400817871094, 27.216001510620117, 223.66400146484375, 177.52000427246094], [99.79199981689453, 0.1120000034570694, 166.32000732421875, 101.36000061035156], [179.760009765625, 166.09600830078125, 223.66400146484375, 223.66400146484375]], 'labels': ['person', 'person', 'person', 'person']}}"
0113,"{'<DENSE_REGION_CAPTION>': {'bboxes': [[0.1120000034570694, 0.1120000034570694, 105.39200592041016, 223.66400146484375], [147.72801208496094, 21.168001174926758, 223.66400146484375, 177.74400329589844], [109.20000457763672, 0.1120000034570694, 166.32000732421875, 100.46400451660156], [180.656005859375, 168.5600128173828, 223.66400146484375, 223.66400146484375]], 'labels': ['person', 'person', 'person', 'person']}}"
0114,"{'<DENSE_REGION_CAPTION>': {'bboxes': [[0.1120000034570694, 0.1120000034570694, 58.57600021362305, 223.66400146484375], [140.55999755859375, 15.792000770568848, 216.04800415039062, 165.64801025390625], [171.0240020751953, 102.4800033569336, 223.66400146484375, 223.66400146484375], [92.8479995727539, 4.144000053405762, 158.25601196289062, 100.01600646972656]], 'labels': ['person', 'person', 'person', 'person']}}"
0115,"{'<DENSE_REGION_CAPTION>': {'bboxes': [[0.1120000034570694, 0.1120000034570694, 52.30400085449219, 223.66400146484375], [142.1280059814453, 13.776000022888184, 223.66400146484375, 173.26400756835938], [169.0080108642578, 90.60800170898438, 223.66400146484375, 223.66400146484375]], 'labels': ['person', 'person', 'person']}}"
0116,"{'<DENSE_REGION_CAPTION>': {'bboxes': [[0.1120000034570694, 0.1120000034570694, 61.48800277709961, 223.66400146484375], [139.88800048828125, 28.336000442504883, 207.5360107421875, 172.14401245117188], [168.33599853515625, 90.16000366210938, 223.66400146484375, 223.66400146484375], [9.296000480651855, 19.82400131225586, 37.52000045776367, 88.36800384521484]], 'labels': ['person', 'person', 'person', 'human face']}}"
0117,"{'<DENSE_REGION_CAPTION>': {'bboxes': [[0.1120000034570694, 0.1120000034570694, 56.336002349853516, 223.66400146484375], [139.88800048828125, 18.256000518798828, 209.7760009765625, 172.14401245117188], [169.0080108642578, 86.57600402832031, 223.66400146484375, 223.66400146484375], [106.73600006103516, 11.53600025177002, 154.2239990234375, 105.16800689697266]], 'labels': ['person', 'person', 'person', 'person']}}"
0118,"{'<DENSE_REGION_CAPTION>': {'bboxes': [[0.1120000034570694, 0.1120000034570694, 58.57600021362305, 223.66400146484375], [139.88800048828125, 26.54400062561035, 207.31201171875, 172.81600952148438], [153.7760009765625, 83.44000244140625, 223.66400146484375, 223.66400146484375], [109.64800262451172, 14.896000862121582, 157.58399963378906, 104.94400024414062]], 'labels': ['person', 'person', 'person', 'person']}}"
0119,"{'<DENSE_REGION_CAPTION>': {'bboxes': [[0.1120000034570694, 0.1120000034570694, 68.8800048828125, 223.66400146484375], [139.88800048828125, 24.97599983215332, 207.31201171875, 171.4720001220703], [158.48001098632812, 85.45600128173828, 223.66400146484375, 223.66400146484375], [99.56800079345703, 8.848000526428223, 156.24000549316406, 101.8080062866211]], 'labels': ['person', 'person', 'person', 'person']}}"
0120,"{'<DENSE_REGION_CAPTION>': {'bboxes': [[0.1120000034570694, 0.1120000034570694, 50.96000289916992, 223.66400146484375], [139.88800048828125, 24.75200080871582, 209.3280029296875, 172.81600952148438], [159.15200805664062, 92.1760025024414, 223.66400146484375, 223.66400146484375], [81.64800262451172, 0.1120000034570694, 152.8800048828125, 98.89600372314453]], 'labels': ['person', 'person', 'person', 'person']}}"
0121,"{'<DENSE_REGION_CAPTION>': {'bboxes': [[0.1120000034570694, 1.6800000667572021, 115.02400207519531, 223.66400146484375], [0.1120000034570694, 0.1120000034570694, 50.064002990722656, 223.66400146484375], [160.04800415039062, 92.8479995727539, 223.66400146484375, 223.66400146484375], [143.6959991455078, 25.200000762939453, 205.96800231933594, 159.60000610351562], [83.21600341796875, 0.1120000034570694, 150.86399841308594, 99.12000274658203]], 'labels': ['person', 'person', 'person', 'person', 'person']}}"
0122,"{'<DENSE_REGION_CAPTION>': {'bboxes': [[0.1120000034570694, 5.263999938964844, 153.3280029296875, 223.66400146484375], [0.1120000034570694, 0.1120000034570694, 59.02400207519531, 223.66400146484375], [158.48001098632812, 79.18400573730469, 223.66400146484375, 223.66400146484375], [143.2480010986328, 23.631999969482422, 205.52000427246094, 160.27200317382812], [103.60000610351562, 0.1120000034570694, 150.41600036621094, 98.89600372314453]], 'labels': ['person', 'person', 'person', 'person', 'person']}}"
0123,"{'<DENSE_REGION_CAPTION>': {'bboxes': [[0.1120000034570694, 8.624000549316406, 152.2080078125, 223.66400146484375], [160.94400024414062, 61.26400375366211, 223.66400146484375, 223.66400146484375], [140.33599853515625, 27.216001510620117, 205.96800231933594, 167.88800048828125], [111.21600341796875, 1.9040000438690186, 159.60000610351562, 99.34400177001953]], 'labels': ['person', 'person', 'person', 'person']}}"
0124,"{'<DENSE_REGION_CAPTION>': {'bboxes': [[0.1120000034570694, 9.296000480651855, 151.31201171875, 223.66400146484375], [0.1120000034570694, 9.296000480651855, 56.112003326416016, 223.66400146484375], [169.0080108642578, 67.31200408935547, 223.66400146484375, 223.66400146484375], [139.88800048828125, 29.68000030517578, 197.6800079345703, 155.34400939941406], [104.72000122070312, 7.056000232696533, 157.80799865722656, 101.13600158691406]], 'labels': ['person', 'person', 'person', 'person', 'person']}}"
0125,"{'<DENSE_REGION_CAPTION>': {'bboxes': [[0.1120000034570694, 8.624000549316406, 149.52000427246094, 223.66400146484375], [0.1120000034570694, 8.624000549316406, 52.97600173950195, 223.66400146484375], [168.33599853515625, 63.28000259399414, 223.66400146484375, 223.66400146484375], [140.11199951171875, 29.45600128173828, 205.07200622558594, 157.58399963378906], [121.52000427246094, 6.384000301361084, 156.68800354003906, 101.13600158691406]], 'labels': ['person', 'person', 'person', 'person', 'person']}}"
0126,"{'<DENSE_REGION_CAPTION>': {'bboxes': [[0.1120000034570694, 8.624000549316406, 150.41600036621094, 223.66400146484375], [0.1120000034570694, 8.624000549316406, 54.320003509521484, 223.66400146484375], [139.88800048828125, 32.816001892089844, 199.92001342773438, 156.46400451660156], [182.2239990234375, 65.29600524902344, 223.66400146484375, 223.66400146484375], [103.3759994506836, 3.4720001220703125, 155.56800842285156, 102.9280014038086], [22.288000106811523, 29.45600128173828, 50.064002990722656, 104.27200317382812], [159.15200805664062, 58.80000305175781, 181.552001953125, 100.01600646972656], [130.70401000976562, 25.648000717163086, 148.62400817871094, 50.288002014160156]], 'labels': ['person', 'person', 'person', 'person', 'person', 'human face', 'human face', 'human face']}}"
0127,"{'<DENSE_REGION_CAPTION>': {'bboxes': [[0.1120000034570694, 0.1120000034570694, 111.21600341796875, 223.66400146484375], [0.1120000034570694, 0.1120000034570694, 46.704002380371094, 223.66400146484375], [138.99200439453125, 24.75200080871582, 205.07200622558594, 157.36000061035156], [189.6160125732422, 72.01599884033203, 223.66400146484375, 223.66400146484375], [116.81600189208984, 3.4720001220703125, 153.552001953125, 116.36800384521484]], 'labels': ['person', 'person', 'person', 'person', 'person']}}"
0128,"{'<DENSE_REGION_CAPTION>': {'bboxes': [[0.1120000034570694, 0.1120000034570694, 54.768001556396484, 223.66400146484375], [140.33599853515625, 23.631999969482422, 210.2239990234375, 192.5279998779297], [189.8400115966797, 75.82400512695312, 223.66400146484375, 223.66400146484375], [115.24800109863281, 0.1120000034570694, 155.79200744628906, 109.64800262451172]], 'labels': ['person', 'person', 'person', 'person']}}"
0129,"{'<DENSE_REGION_CAPTION>': {'bboxes': [[0.1120000034570694, 0.1120000034570694, 58.57600021362305, 223.66400146484375], [145.93600463867188, 14.672000885009766, 215.60000610351562, 192.0800018310547], [103.3759994506836, 0.1120000034570694, 153.3280029296875, 104.72000122070312], [197.0080108642578, 102.2560043334961, 223.66400146484375, 223.66400146484375]], 'labels': ['person', 'person', 'person', 'person']}}"
0130,"{'<DENSE_REGION_CAPTION>': {'bboxes': [[0.1120000034570694, 2.3519999980926514, 58.57600021362305, 223.66400146484375], [155.12001037597656, 14.0, 216.49600219726562, 160.72000122070312], [188.04800415039062, 59.02400207519531, 223.66400146484375, 223.66400146484375], [103.1520004272461, 0.1120000034570694, 152.2080078125, 112.78400421142578]], 'labels': ['person', 'person', 'person', 'person']}}"
0131,"{'<DENSE_REGION_CAPTION>': {'bboxes': [[0.1120000034570694, 0.1120000034570694, 54.768001556396484, 223.66400146484375], [153.552001953125, 74.4800033569336, 223.66400146484375, 223.66400146484375], [152.8800048828125, 18.256000518798828, 208.4320068359375, 163.1840057373047], [91.7280044555664, 0.1120000034570694, 156.68800354003906, 111.21600341796875]], 'labels': ['person', 'person', 'person', 'person']}}"
0132,"{'<DENSE_REGION_CAPTION>': {'bboxes': [[0.1120000034570694, 0.1120000034570694, 55.66400146484375, 223.66400146484375], [141.4560089111328, 19.152000427246094, 210.2239990234375, 192.97601318359375], [94.86400604248047, 0.1120000034570694, 163.4080047607422, 108.75200653076172], [199.4720001220703, 94.41600036621094, 223.66400146484375, 223.66400146484375]], 'labels': ['person', 'person', 'person', 'person']}}"
0133,"{'<DENSE_REGION_CAPTION>': {'bboxes': [[0.1120000034570694, 2.128000020980835, 55.21600341796875, 223.66400146484375], [141.4560089111328, 19.82400131225586, 207.760009765625, 190.9600067138672], [164.3040008544922, 70.67200469970703, 223.66400146484375, 223.66400146484375], [95.31200408935547, 0.1120000034570694, 163.8560028076172, 108.75200653076172]], 'labels': ['person', 'person', 'person', 'person']}}"
0134,"{'<DENSE_REGION_CAPTION>': {'bboxes': [[0.1120000034570694, 3.4720001220703125, 111.21600341796875, 223.66400146484375], [0.1120000034570694, 0.1120000034570694, 60.592002868652344, 223.66400146484375], [140.7840118408203, 17.808000564575195, 210.0, 192.5279998779297], [160.94400024414062, 65.29600524902344, 223.66400146484375, 223.66400146484375], [94.63999938964844, 0.1120000034570694, 164.9759979248047, 108.97600555419922], [29.00800132751465, 26.09600067138672, 51.63199996948242, 91.05599975585938], [174.38400268554688, 33.48800277709961, 194.09600830078125, 75.82400512695312]], 'labels': ['person', 'person', 'person', 'person', 'person', 'human face', 'human face']}}"
0135,"{'<DENSE_REGION_CAPTION>': {'bboxes': [[0.1120000034570694, 0.1120000034570694, 98.67200469970703, 223.66400146484375], [140.55999755859375, 16.91200065612793, 210.0, 192.5279998779297], [161.8400115966797, 67.98400115966797, 223.66400146484375, 223.66400146484375], [93.74400329589844, 0.1120000034570694, 165.64801025390625, 109.20000457763672], [168.33599853515625, 38.63999938964844, 190.0640106201172, 80.08000183105469], [197.9040069580078, 133.16799926757812, 221.20001220703125, 165.20001220703125], [20.944000244140625, 44.91200256347656, 37.07200241088867, 88.14400482177734]], 'labels': ['person', 'person', 'person', 'person', 'human face', 'human face', 'human face']}}"
0136,"{'<DENSE_REGION_CAPTION>': {'bboxes': [[0.1120000034570694, 0.1120000034570694, 129.58399963378906, 223.66400146484375], [0.1120000034570694, 0.1120000034570694, 53.87200164794922, 223.66400146484375], [164.5279998779297, 56.784000396728516, 223.66400146484375, 223.66400146484375], [140.55999755859375, 36.847999572753906, 205.96800231933594, 161.6160125732422], [91.5040054321289, 0.1120000034570694, 160.94400024414062, 107.40800476074219], [14.672000885009766, 23.18400001525879, 41.104000091552734, 90.38400268554688]], 'labels': ['person', 'person', 'person', 'person', 'person', 'human face']}}"
0137,"{'<DENSE_REGION_CAPTION>': {'bboxes': [[0.1120000034570694, 0.1120000034570694, 54.320003509521484, 223.66400146484375], [141.4560089111328, 33.48800277709961, 209.3280029296875, 192.97601318359375], [166.54400634765625, 76.94400024414062, 223.66400146484375, 223.66400146484375], [93.29600524902344, 5.712000370025635, 159.60000610351562, 106.06400299072266]], 'labels': ['person', 'person', 'person', 'person']}}"
0138,"{'<DENSE_REGION_CAPTION>': {'bboxes': [[0.1120000034570694, 2.128000020980835, 48.496002197265625, 223.66400146484375], [141.9040069580078, 31.248001098632812, 202.60800170898438, 144.81600952148438], [89.93600463867188, 9.296000480651855, 159.60000610351562, 105.84000396728516], [158.92800903320312, 125.10400390625, 223.66400146484375, 223.66400146484375]], 'labels': ['person', 'person', 'person', 'person']}}"
0139,"{'<DENSE_REGION_CAPTION>': {'bboxes': [[0.1120000034570694, 0.1120000034570694, 50.064002990722656, 223.66400146484375], [141.4560089111328, 29.68000030517578, 204.84800720214844, 159.60000610351562], [89.48799896240234, 6.832000255584717, 160.04800415039062, 105.84000396728516], [192.3040008544922, 64.4000015258789, 223.66400146484375, 223.66400146484375]], 'labels': ['person', 'person', 'person', 'person']}}"
0140,"{'<DENSE_REGION_CAPTION>': {'bboxes': [[0.1120000034570694, 0.1120000034570694, 57.68000030517578, 223.66400146484375], [141.9040069580078, 36.176002502441406, 205.07200622558594, 176.62400817871094], [89.71200561523438, 7.056000232696533, 160.04800415039062, 106.51200103759766], [199.6959991455078, 49.16800308227539, 223.66400146484375, 223.66400146484375]], 'labels': ['person', 'person', 'person', 'person']}}"
0141,"{'<DENSE_REGION_CAPTION>': {'bboxes': [[0.1120000034570694, 0.1120000034570694, 80.97600555419922, 223.66400146484375], [0.1120000034570694, 0.1120000034570694, 57.23200225830078, 223.66400146484375], [142.1280059814453, 26.54400062561035, 205.96800231933594, 173.26400756835938], [100.24000549316406, 7.056000232696533, 160.49600219726562, 106.28800201416016], [201.71200561523438, 80.08000183105469, 223.66400146484375, 223.66400146484375]], 'labels': ['person', 'person', 'person', 'person', 'person']}}"
0142,"{'<DENSE_REGION_CAPTION>': {'bboxes': [[0.1120000034570694, 0.1120000034570694, 78.51200103759766, 223.66400146484375], [143.2480010986328, 24.527999877929688, 205.96800231933594, 180.8800048828125], [101.36000061035156, 5.936000347137451, 160.49600219726562, 106.51200103759766], [198.1280059814453, 50.736000061035156, 223.66400146484375, 223.66400146484375]], 'labels': ['person', 'person', 'person', 'person']}}"
0143,"{'<DENSE_REGION_CAPTION>': {'bboxes': [[0.1120000034570694, 0.1120000034570694, 78.51200103759766, 223.66400146484375], [146.60800170898438, 28.112001419067383, 209.7760009765625, 193.20001220703125], [102.0320053100586, 4.815999984741211, 159.60000610351562, 106.28800201416016], [202.38400268554688, 64.6240005493164, 223.66400146484375, 223.66400146484375]], 'labels': ['person', 'person', 'person', 'person']}}"
0144,"{'<DENSE_REGION_CAPTION>': {'bboxes': [[0.1120000034570694, 0.1120000034570694, 78.51200103759766, 223.66400146484375], [143.0240020751953, 36.847999572753906, 210.2239990234375, 193.20001220703125], [101.36000061035156, 6.384000301361084, 160.04800415039062, 106.28800201416016], [201.48800659179688, 106.28800201416016, 223.66400146484375, 223.66400146484375]], 'labels': ['person', 'person', 'person', 'person']}}"
0145,"{'<DENSE_REGION_CAPTION>': {'bboxes': [[0.1120000034570694, 0.1120000034570694, 78.51200103759766, 223.66400146484375], [142.1280059814453, 39.0880012512207, 209.3280029296875, 192.97601318359375], [102.2560043334961, 6.6080002784729, 159.82400512695312, 106.06400299072266], [200.81600952148438, 74.0320053100586, 223.66400146484375, 223.66400146484375]], 'labels': ['person', 'person', 'person', 'person']}}"
0146,"{'<DENSE_REGION_CAPTION>': {'bboxes': [[0.1120000034570694, 0.1120000034570694, 79.40800476074219, 223.66400146484375], [143.2480010986328, 36.176002502441406, 204.84800720214844, 179.9840087890625], [102.2560043334961, 7.28000020980835, 160.04800415039062, 106.06400299072266], [199.2480010986328, 47.82400131225586, 223.66400146484375, 223.66400146484375]], 'labels': ['person', 'person', 'person', 'person']}}"
0147,"{'<DENSE_REGION_CAPTION>': {'bboxes': [[0.1120000034570694, 1.9040000438690186, 83.44000244140625, 223.66400146484375], [0.1120000034570694, 0.1120000034570694, 58.12800216674805, 223.66400146484375], [143.0240020751953, 32.36800003051758, 201.93600463867188, 160.72000122070312], [102.0320053100586, 6.6080002784729, 160.49600219726562, 106.06400299072266], [198.8000030517578, 101.8080062866211, 223.66400146484375, 223.66400146484375]], 'labels': ['person', 'person', 'person', 'person', 'person']}}"
0148,"{'<DENSE_REGION_CAPTION>': {'bboxes': [[0.1120000034570694, 5.936000347137451, 82.31999969482422, 223.66400146484375], [0.1120000034570694, 0.1120000034570694, 59.69600296020508, 223.66400146484375], [142.5760040283203, 18.70400047302246, 207.31201171875, 188.04800415039062], [102.0320053100586, 6.832000255584717, 160.94400024414062, 106.28800201416016], [199.2480010986328, 45.36000061035156, 223.66400146484375, 223.66400146484375]], 'labels': ['person', 'person', 'person', 'person', 'person']}}"
0149,"{'<DENSE_REGION_CAPTION>': {'bboxes': [[0.1120000034570694, 0.1120000034570694, 87.02400207519531, 223.66400146484375], [143.0240020751953, 17.583999633789062, 220.3040008544922, 192.97601318359375], [102.2560043334961, 2.128000020980835, 161.6160125732422, 106.28800201416016], [202.16000366210938, 91.2800064086914, 223.66400146484375, 223.66400146484375]], 'labels': ['person', 'person', 'person', 'person']}}"
0150,"{'<DENSE_REGION_CAPTION>': {'bboxes': [[0.1120000034570694, 0.1120000034570694, 125.3280029296875, 223.66400146484375], [142.5760040283203, 15.568000793457031, 212.24000549316406, 188.27200317382812], [170.5760040283203, 61.26400375366211, 223.66400146484375, 223.66400146484375], [117.04000091552734, 0.1120000034570694, 162.2880096435547, 108.75200653076172]], 'labels': ['person', 'person', 'person', 'person']}}"
0151,"{'<DENSE_REGION_CAPTION>': {'bboxes': [[0.1120000034570694, 0.1120000034570694, 128.24000549316406, 223.66400146484375], [142.5760040283203, 15.568000793457031, 208.4320068359375, 162.0640106201172], [187.15200805664062, 50.288002014160156, 223.66400146484375, 223.66400146484375], [119.9520034790039, 0.1120000034570694, 162.7360076904297, 112.56000518798828]], 'labels': ['person', 'person', 'person', 'person']}}"
0152,"{'<DENSE_REGION_CAPTION>': {'bboxes': [[0.1120000034570694, 0.1120000034570694, 76.49600219726562, 223.66400146484375], [140.11199951171875, 28.560001373291016, 204.84800720214844, 170.3520050048828], [184.46400451660156, 63.72800064086914, 223.66400146484375, 223.66400146484375], [107.40800476074219, 0.1120000034570694, 161.39199829101562, 114.35200500488281]], 'labels': ['person', 'person', 'person', 'person']}}"
0153,"{'<DENSE_REGION_CAPTION>': {'bboxes': [[0.1120000034570694, 0.1120000034570694, 59.69600296020508, 223.66400146484375], [137.42401123046875, 24.079999923706055, 208.2080078125, 192.5279998779297], [104.94400024414062, 0.1120000034570694, 160.49600219726562, 116.59200286865234], [195.88800048828125, 69.552001953125, 223.66400146484375, 223.66400146484375]], 'labels': ['person', 'person', 'person', 'person']}}"
0154,"{'<DENSE_REGION_CAPTION>': {'bboxes': [[0.1120000034570694, 0.1120000034570694, 57.23200225830078, 223.66400146484375], [139.44000244140625, 24.97599983215332, 215.15200805664062, 187.37600708007812], [104.72000122070312, 0.1120000034570694, 160.04800415039062, 116.81600189208984], [197.6800079345703, 81.64800262451172, 223.66400146484375, 223.66400146484375]], 'labels': ['person', 'person', 'person', 'person']}}"
0155,"{'<DENSE_REGION_CAPTION>': {'bboxes': [[0.1120000034570694, 0.1120000034570694, 56.336002349853516, 223.66400146484375], [140.11199951171875, 22.736000061035156, 207.760009765625, 156.91200256347656], [158.25601196289062, 101.8080062866211, 223.66400146484375, 223.66400146484375], [104.94400024414062, 0.1120000034570694, 159.15200805664062, 116.36800384521484]], 'labels': ['person', 'person', 'person', 'person']}}"
0156,"{'<DENSE_REGION_CAPTION>': {'bboxes': [[0.1120000034570694, 0.1120000034570694, 56.112003326416016, 223.66400146484375], [140.11199951171875, 24.75200080871582, 207.31201171875, 158.92800903320312], [104.94400024414062, 3.4720001220703125, 160.04800415039062, 117.04000091552734], [194.09600830078125, 95.53600311279297, 223.66400146484375, 223.66400146484375]], 'labels': ['person', 'person', 'person', 'person']}}"
0157,"{'<DENSE_REGION_CAPTION>': {'bboxes': [[17.13599967956543, 70.2239990234375, 200.59201049804688, 223.66400146484375], [0.1120000034570694, 58.35200119018555, 54.768001556396484, 223.66400146484375], [140.11199951171875, 21.392000198364258, 206.41600036621094, 160.72000122070312], [104.94400024414062, 0.1120000034570694, 159.15200805664062, 116.36800384521484], [0.1120000034570694, 58.35200119018555, 54.544002532958984, 163.4080047607422], [198.1280059814453, 0.1120000034570694, 223.66400146484375, 223.66400146484375]], 'labels': ['desk', 'person', 'person', 'person', 'person', 'person']}}"
0158,"{'<DENSE_REGION_CAPTION>': {'bboxes': [[0.1120000034570694, 70.2239990234375, 200.59201049804688, 223.66400146484375], [138.32000732421875, 20.720001220703125, 205.52000427246094, 159.37600708007812], [104.72000122070312, 2.8000001907348633, 158.70401000976562, 116.81600189208984], [0.1120000034570694, 79.63200378417969, 34.608001708984375, 223.66400146484375], [199.2480010986328, 56.112003326416016, 223.66400146484375, 223.66400146484375], [0.1120000034570694, 79.63200378417969, 34.832000732421875, 160.94400024414062]], 'labels': ['desk', 'person', 'person', 'person', 'person', 'person']}}"
0159,"{'<DENSE_REGION_CAPTION>': {'bboxes': [[17.808000564575195, 70.44800567626953, 189.39199829101562, 223.66400146484375], [190.0640106201172, 68.43199920654297, 216.27200317382812, 134.9600067138672], [7.28000020980835, 0.1120000034570694, 32.14400100708008, 67.76000213623047], [160.04800415039062, 39.3120002746582, 182.67201232910156, 79.63200378417969], [126.00000762939453, 19.376001358032227, 143.9199981689453, 54.09600067138672], [143.4720001220703, 53.87200164794922, 223.66400146484375, 223.66400146484375], [0.1120000034570694, 0.1120000034570694, 50.512001037597656, 223.66400146484375], [138.76800537109375, 23.631999969482422, 198.1280059814453, 155.34400939941406], [104.04800415039062, 4.144000053405762, 156.24000549316406, 117.04000091552734]], 'labels': ['desk', 'human face', 'human face', 'human face', 'human face', 'person', 'person', 'person', 'person']}}"
0160,"{'<DENSE_REGION_CAPTION>': {'bboxes': [[0.1120000034570694, 0.1120000034570694, 134.0640106201172, 223.66400146484375], [138.54400634765625, 54.992000579833984, 223.66400146484375, 223.66400146484375], [138.99200439453125, 14.672000885009766, 197.6800079345703, 154.447998046875], [104.27200317382812, 3.9200000762939453, 158.92800903320312, 117.26399993896484], [0.1120000034570694, 0.1120000034570694, 74.2560043334961, 71.12000274658203], [194.99200439453125, 0.1120000034570694, 223.66400146484375, 66.19200134277344], [18.256000518798828, 70.44800567626953, 183.12001037597656, 223.66400146484375], [21.392000198364258, 22.736000061035156, 46.928001403808594, 95.76000213623047], [178.86399841308594, 72.01599884033203, 204.17601013183594, 137.42401123046875], [167.66400146484375, 32.592002868652344, 187.82400512695312, 70.89600372314453], [128.46400451660156, 17.808000564575195, 148.62400817871094, 50.288002014160156]], 'labels': ['person', 'person', 'person', 'person', 'cabinetry', 'cabinetry', 'desk', 'human face', 'human face', 'human face', 'human face']}}"
0161,"{'<DENSE_REGION_CAPTION>': {'bboxes': [[0.1120000034570694, 7.28000020980835, 139.44000244140625, 223.66400146484375], [0.1120000034570694, 7.28000020980835, 49.84000015258789, 223.66400146484375], [20.272001266479492, 27.66400146484375, 47.37600326538086, 103.3759994506836], [171.0240020751953, 72.01599884033203, 196.11199951171875, 137.64801025390625], [166.99200439453125, 31.920000076293945, 186.92800903320312, 72.91200256347656], [128.01600646972656, 17.808000564575195, 147.27999877929688, 51.63199996948242]], 'labels': ['woman', 'woman', 'human face', 'human face', 'human face', 'human face']}}"
0162,"{'<DENSE_REGION_CAPTION>': {'bboxes': [[0.1120000034570694, 8.624000549316406, 143.4720001220703, 223.66400146484375], [141.2320098876953, 58.57600021362305, 223.66400146484375, 223.66400146484375], [152.8800048828125, 14.672000885009766, 223.66400146484375, 153.3280029296875], [104.04800415039062, 5.712000370025635, 159.60000610351562, 117.04000091552734], [163.8560028076172, 14.672000885009766, 212.24000549316406, 122.86400604248047]], 'labels': ['person', 'person', 'person', 'person', 'person']}}"
0163,"{'<DENSE_REGION_CAPTION>': {'bboxes': [[0.1120000034570694, 9.296000480651855, 142.5760040283203, 223.66400146484375], [0.1120000034570694, 9.296000480651855, 63.05600357055664, 223.66400146484375], [174.16000366210938, 52.52799987792969, 223.66400146484375, 223.66400146484375], [154.67201232910156, 22.064001083374023, 203.50401306152344, 156.68800354003906], [109.20000457763672, 21.168001174926758, 161.6160125732422, 116.36800384521484]], 'labels': ['person', 'person', 'person', 'person', 'person']}}"
0164,"{'<DENSE_REGION_CAPTION>': {'bboxes': [[0.1120000034570694, 13.32800006866455, 160.94400024414062, 223.66400146484375], [0.1120000034570694, 13.552000045776367, 71.79199981689453, 223.66400146484375], [34.608001708984375, 35.28000259399414, 61.040000915527344, 108.08000183105469]], 'labels': ['woman', 'woman', 'human face']}}"
0165,"{'<DENSE_REGION_CAPTION>': {'bboxes': [[0.1120000034570694, 0.1120000034570694, 46.47999954223633, 223.66400146484375], [160.04800415039062, 59.92000198364258, 223.66400146484375, 223.66400146484375], [154.67201232910156, 20.944000244140625, 205.96800231933594, 157.58399963378906], [115.47200012207031, 28.112001419067383, 162.7360076904297, 116.81600189208984]], 'labels': ['person', 'person', 'person', 'person']}}"
0166,"{'<DENSE_REGION_CAPTION>': {'bboxes': [[0.1120000034570694, 25.200000762939453, 48.944000244140625, 223.66400146484375], [164.0800018310547, 60.36800003051758, 223.66400146484375, 223.66400146484375], [154.67201232910156, 21.61600112915039, 205.07200622558594, 157.80799865722656], [113.45600128173828, 35.50400161743164, 169.2320098876953, 117.48800659179688]], 'labels': ['person', 'person', 'person', 'person']}}"
0167,"{'<DENSE_REGION_CAPTION>': {'bboxes': [[0.1120000034570694, 0.1120000034570694, 47.152000427246094, 223.66400146484375], [166.99200439453125, 70.44800567626953, 223.66400146484375, 223.66400146484375], [154.67201232910156, 23.631999969482422, 203.50401306152344, 157.36000061035156], [111.21600341796875, 38.19200134277344, 160.49600219726562, 117.04000091552734]], 'labels': ['person', 'person', 'person', 'person']}}"
0168,"{'<DENSE_REGION_CAPTION>': {'bboxes': [[0.1120000034570694, 0.1120000034570694, 50.512001037597656, 223.66400146484375], [166.76800537109375, 73.58399963378906, 223.66400146484375, 223.66400146484375], [154.2239990234375, 21.61600112915039, 205.52000427246094, 158.25601196289062], [112.78400421142578, 39.76000213623047, 163.1840057373047, 117.26399993896484], [0.1120000034570694, 14.672000885009766, 32.14400100708008, 84.78400421142578]], 'labels': ['person', 'person', 'person', 'person', 'human face']}}"
0169,"{'<DENSE_REGION_CAPTION>': {'bboxes': [[0.1120000034570694, 0.1120000034570694, 48.944000244140625, 223.66400146484375], [153.7760009765625, 20.720001220703125, 205.52000427246094, 169.0080108642578], [167.44000244140625, 75.3759994506836, 223.66400146484375, 223.66400146484375], [113.68000030517578, 35.055999755859375, 160.49600219726562, 117.26399993896484], [0.1120000034570694, 9.968000411987305, 31.02400016784668, 81.20000457763672], [162.2880096435547, 40.20800018310547, 185.36000061035156, 78.95999908447266]], 'labels': ['person', 'person', 'person', 'person', 'human face', 'human face']}}"
0170,"{'<DENSE_REGION_CAPTION>': {'bboxes': [[0.1120000034570694, 0.1120000034570694, 49.84000015258789, 223.66400146484375], [158.48001098632812, 74.0320053100586, 223.66400146484375, 223.66400146484375], [154.2239990234375, 16.91200065612793, 205.29600524902344, 167.88800048828125], [114.35200500488281, 25.87200164794922, 159.60000610351562, 117.48800659179688]], 'labels': ['person', 'person', 'person', 'person']}}"
0171,"{'<DENSE_REGION_CAPTION>': {'bboxes': [[0.1120000034570694, 0.1120000034570694, 48.944000244140625, 223.66400146484375], [154.0, 75.3759994506836, 223.66400146484375, 223.66400146484375], [153.7760009765625, 20.720001220703125, 205.29600524902344, 156.01600646972656], [117.04000091552734, 3.4720001220703125, 161.16799926757812, 117.04000091552734]], 'labels': ['person', 'person', 'person', 'person']}}"
0172,"{'<DENSE_REGION_CAPTION>': {'bboxes': [[0.1120000034570694, 0.1120000034570694, 131.15200805664062, 223.66400146484375], [153.3280029296875, 15.568000793457031, 211.56800842285156, 193.20001220703125], [159.37600708007812, 75.82400512695312, 223.66400146484375, 223.66400146484375], [113.68000030517578, 0.1120000034570694, 150.86399841308594, 118.38400268554688]], 'labels': ['person', 'person', 'person', 'person']}}"
0173,"{'<DENSE_REGION_CAPTION>': {'bboxes': [[0.1120000034570694, 0.1120000034570694, 132.04800415039062, 223.66400146484375], [153.3280029296875, 76.94400024414062, 223.66400146484375, 223.66400146484375], [153.3280029296875, 18.256000518798828, 210.67201232910156, 192.97601318359375], [114.12800598144531, 5.039999961853027, 153.552001953125, 118.38400268554688]], 'labels': ['person', 'person', 'person', 'person']}}"
0174,"{'<DENSE_REGION_CAPTION>': {'bboxes': [[0.1120000034570694, 0.1120000034570694, 132.49600219726562, 223.66400146484375], [0.1120000034570694, 0.1120000034570694, 41.7760009765625, 223.66400146484375], [159.37600708007812, 76.49600219726562, 223.66400146484375, 223.66400146484375], [114.12800598144531, 4.368000030517578, 152.2080078125, 119.5040054321289], [12.880000114440918, 22.064001083374023, 39.76000213623047, 94.19200134277344], [180.8800048828125, 26.09600067138672, 202.38400268554688, 72.01599884033203], [125.7760009765625, 28.112001419067383, 143.6959991455078, 57.90400314331055]], 'labels': ['person', 'person', 'person', 'person', 'human face', 'human face', 'human face']}}"
0175,"{'<DENSE_REGION_CAPTION>': {'bboxes': [[0.1120000034570694, 0.1120000034570694, 132.49600219726562, 223.66400146484375], [0.1120000034570694, 0.1120000034570694, 43.34400177001953, 223.66400146484375], [154.447998046875, 83.44000244140625, 223.66400146484375, 223.66400146484375], [163.8560028076172, 17.808000564575195, 213.58399963378906, 114.12800598144531], [113.90400695800781, 3.0240001678466797, 149.96800231933594, 119.2800064086914]], 'labels': ['person', 'person', 'person', 'person', 'person']}}"
0176,"{'<DENSE_REGION_CAPTION>': {'bboxes': [[0.1120000034570694, 0.1120000034570694, 132.49600219726562, 223.66400146484375], [152.656005859375, 60.592002868652344, 223.66400146484375, 223.66400146484375], [161.16799926757812, 13.104000091552734, 207.5360107421875, 158.48001098632812], [113.68000030517578, 0.1120000034570694, 162.9600067138672, 104.72000122070312], [11.984000205993652, 18.70400047302246, 38.19200134277344, 89.48799896240234]], 'labels': ['person', 'person', 'person', 'person', 'human face']}}"
0177,"{'<DENSE_REGION_CAPTION>': {'bboxes': [[0.1120000034570694, 0.1120000034570694, 135.8560028076172, 223.66400146484375], [153.552001953125, 67.08800506591797, 223.66400146484375, 223.66400146484375], [161.16799926757812, 13.552000045776367, 208.656005859375, 166.54400634765625], [95.08800506591797, 0.1120000034570694, 155.12001037597656, 99.79199981689453], [13.32800006866455, 20.272001266479492, 40.656002044677734, 91.5040054321289], [175.27999877929688, 25.87200164794922, 197.0080108642578, 64.6240005493164], [99.12000274658203, 0.1120000034570694, 116.59200286865234, 26.54400062561035]], 'labels': ['person', 'person', 'person', 'person', 'human face', 'human face', 'human face']}}"
0178,"{'<DENSE_REGION_CAPTION>': {'bboxes': [[0.1120000034570694, 0.1120000034570694, 128.68800354003906, 223.66400146484375], [0.1120000034570694, 0.1120000034570694, 48.944000244140625, 223.66400146484375], [160.49600219726562, 14.896000862121582, 207.760009765625, 157.13600158691406], [185.13600158691406, 58.80000305175781, 223.66400146484375, 223.66400146484375], [95.76000213623047, 0.1120000034570694, 154.2239990234375, 99.56800079345703], [16.464000701904297, 20.04800033569336, 43.12000274658203, 89.93600463867188], [201.93600463867188, 89.93600463867188, 223.66400146484375, 149.52000427246094], [175.50399780273438, 34.384002685546875, 196.5600128173828, 74.0320053100586], [106.51200103759766, 0.1120000034570694, 121.29600524902344, 20.496000289916992]], 'labels': ['person', 'person', 'person', 'person', 'person', 'human face', 'human face', 'human face', 'human face']}}"
0179,"{'<DENSE_REGION_CAPTION>': {'bboxes': [[0.1120000034570694, 0.1120000034570694, 133.39199829101562, 223.66400146484375], [0.1120000034570694, 0.1120000034570694, 47.60000228881836, 223.66400146484375], [156.46400451660156, 15.120000839233398, 207.31201171875, 161.16799926757812], [184.68800354003906, 67.08800506591797, 223.66400146484375, 223.66400146484375], [128.46400451660156, 0.1120000034570694, 173.71200561523438, 102.9280014038086], [12.880000114440918, 19.152000427246094, 39.76000213623047, 91.7280044555664], [173.26400756835938, 33.71200180053711, 194.09600830078125, 75.82400512695312], [211.56800842285156, 91.2800064086914, 223.66400146484375, 149.74400329589844]], 'labels': ['person', 'person', 'person', 'person', 'person', 'human face', 'human face', 'human face']}}"
0180,"{'<DENSE_REGION_CAPTION>': {'bboxes': [[0.1120000034570694, 0.1120000034570694, 67.31200408935547, 223.66400146484375], [145.48800659179688, 18.256000518798828, 214.03201293945312, 151.9840087890625], [181.10400390625, 68.656005859375, 223.66400146484375, 223.66400146484375], [121.07200622558594, 0.1120000034570694, 156.91200256347656, 97.10400390625], [7.28000020980835, 14.672000885009766, 34.15999984741211, 85.00800323486328], [191.8560028076172, 102.9280014038086, 223.66400146484375, 161.6160125732422]], 'labels': ['person', 'person', 'person', 'person', 'human face', 'human face']}}"
0181,"{'<DENSE_REGION_CAPTION>': {'bboxes': [[0.1120000034570694, 0.1120000034570694, 46.03200149536133, 223.66400146484375], [181.10400390625, 68.43199920654297, 223.66400146484375, 223.66400146484375], [194.09600830078125, 93.07200622558594, 223.66400146484375, 156.91200256347656], [19.376001358032227, 20.720001220703125, 43.12000274658203, 81.20000457763672]], 'labels': ['person', 'person', 'human face', 'human face']}}"
0182,"{'<DENSE_REGION_CAPTION>': {'bboxes': [[0.1120000034570694, 0.1120000034570694, 51.40800094604492, 223.66400146484375], [138.76800537109375, 15.568000793457031, 213.58399963378906, 153.3280029296875], [181.10400390625, 66.19200134277344, 223.66400146484375, 223.66400146484375], [97.7760009765625, 37.29600143432617, 152.2080078125, 106.96000671386719]], 'labels': ['person', 'monkey', 'person', 'person']}}"
0183,"{'<DENSE_REGION_CAPTION>': {'bboxes': [[0.1120000034570694, 0.1120000034570694, 46.03200149536133, 223.66400146484375], [181.7760009765625, 65.29600524902344, 223.66400146484375, 223.66400146484375], [146.38400268554688, 31.02400016784668, 199.2480010986328, 153.552001953125], [192.5279998779297, 92.1760025024414, 212.46400451660156, 145.26400756835938], [19.152000427246094, 42.0, 33.93600082397461, 84.11199951171875]], 'labels': ['person', 'person', 'person', 'human face', 'human face']}}"
0184,"{'<DENSE_REGION_CAPTION>': {'bboxes': [[0.1120000034570694, 0.1120000034570694, 45.58399963378906, 223.66400146484375], [181.7760009765625, 64.8479995727539, 223.66400146484375, 223.66400146484375], [156.24000549316406, 27.440000534057617, 199.6959991455078, 153.552001953125], [94.86400604248047, 47.60000228881836, 150.19200134277344, 107.63200378417969]], 'labels': ['person', 'person', 'person', 'person']}}"
0185,"{'<DENSE_REGION_CAPTION>': {'bboxes': [[0.1120000034570694, 0.1120000034570694, 52.30400085449219, 223.66400146484375], [181.7760009765625, 68.43199920654297, 223.66400146484375, 223.66400146484375], [163.1840057373047, 24.079999923706055, 210.67201232910156, 152.656005859375], [98.44800567626953, 46.704002380371094, 150.41600036621094, 106.96000671386719]], 'labels': ['person', 'person', 'person', 'person']}}"
0186,"{'<DENSE_REGION_CAPTION>': {'bboxes': [[0.1120000034570694, 0.1120000034570694, 45.58399963378906, 223.66400146484375], [161.16799926757812, 24.079999923706055, 212.24000549316406, 153.552001953125], [181.552001953125, 69.552001953125, 223.66400146484375, 223.66400146484375], [100.24000549316406, 46.25600051879883, 150.41600036621094, 107.18400573730469]], 'labels': ['person', 'person', 'person', 'person']}}"
0187,"{'<DENSE_REGION_CAPTION>': {'bboxes': [[0.1120000034570694, 0.1120000034570694, 47.60000228881836, 223.66400146484375], [181.552001953125, 70.0, 223.66400146484375, 223.66400146484375], [161.6160125732422, 25.87200164794922, 213.13600158691406, 154.0], [98.67200469970703, 58.12800216674805, 149.52000427246094, 115.24800109863281]], 'labels': ['person', 'person', 'person', 'person']}}"
0188,"{'<DENSE_REGION_CAPTION>': {'bboxes': [[0.1120000034570694, 0.1120000034570694, 132.04800415039062, 223.66400146484375], [0.1120000034570694, 0.1120000034570694, 46.704002380371094, 223.66400146484375], [160.49600219726562, 23.631999969482422, 214.03201293945312, 153.552001953125], [181.10400390625, 70.44800567626953, 223.66400146484375, 223.66400146484375], [14.672000885009766, 19.82400131225586, 40.432003021240234, 90.16000366210938], [188.94400024414062, 91.2800064086914, 207.31201171875, 150.63999938964844], [174.38400268554688, 35.72800064086914, 194.09600830078125, 78.73600006103516]], 'labels': ['person', 'person', 'person', 'person', 'human face', 'human face', 'human face']}}"
0189,"{'<DENSE_REGION_CAPTION>': {'bboxes': [[0.1120000034570694, 2.3519999980926514, 133.39199829101562, 223.66400146484375], [0.1120000034570694, 2.3519999980926514, 47.37600326538086, 223.66400146484375], [18.256000518798828, 21.168001174926758, 44.0160026550293, 91.7280044555664], [187.60000610351562, 96.656005859375, 206.19200134277344, 150.63999938964844], [174.60800170898438, 33.040000915527344, 194.09600830078125, 74.9280014038086]], 'labels': ['person', 'woman', 'human face', 'human face', 'human face']}}"
0190,"{'<DENSE_REGION_CAPTION>': {'bboxes': [[0.1120000034570694, 2.3519999980926514, 132.72000122070312, 223.66400146484375], [0.1120000034570694, 0.1120000034570694, 48.04800033569336, 223.66400146484375], [163.1840057373047, 78.06400299072266, 223.66400146484375, 223.66400146484375], [156.46400451660156, 17.360000610351562, 204.40000915527344, 126.44800567626953], [99.34400177001953, 58.12800216674805, 149.29600524902344, 116.81600189208984], [20.272001266479492, 20.720001220703125, 44.4640007019043, 91.05599975585938], [170.3520050048828, 33.93600082397461, 191.1840057373047, 75.82400512695312]], 'labels': ['person', 'person', 'person', 'person', 'person', 'human face', 'human face']}}"
0191,"{'<DENSE_REGION_CAPTION>': {'bboxes': [[0.1120000034570694, 0.1120000034570694, 132.04800415039062, 223.66400146484375], [0.1120000034570694, 0.1120000034570694, 48.944000244140625, 223.66400146484375], [161.8400115966797, 81.64800262451172, 223.66400146484375, 223.66400146484375], [159.15200805664062, 20.720001220703125, 210.2239990234375, 125.552001953125], [101.36000061035156, 57.90400314331055, 149.74400329589844, 117.48800659179688], [19.376001358032227, 19.82400131225586, 43.56800079345703, 88.81600189208984], [174.83200073242188, 32.592002868652344, 196.7840118408203, 76.72000122070312]], 'labels': ['person', 'person', 'person', 'person', 'person', 'human face', 'human face']}}"
0192,"{'<DENSE_REGION_CAPTION>': {'bboxes': [[0.1120000034570694, 1.9040000438690186, 133.39199829101562, 223.66400146484375], [0.1120000034570694, 1.9040000438690186, 46.928001403808594, 223.66400146484375], [160.04800415039062, 81.87200164794922, 223.66400146484375, 223.66400146484375], [158.25601196289062, 20.720001220703125, 212.91200256347656, 120.6240005493164], [99.79199981689453, 55.44000244140625, 149.52000427246094, 113.23200225830078]], 'labels': ['person', 'person', 'person', 'person', 'person']}}"
0193,"{'<DENSE_REGION_CAPTION>': {'bboxes': [[0.1120000034570694, 2.8000001907348633, 133.16799926757812, 223.66400146484375], [0.1120000034570694, 2.8000001907348633, 46.25600051879883, 223.66400146484375], [160.49600219726562, 78.73600006103516, 223.66400146484375, 223.66400146484375], [19.600000381469727, 20.720001220703125, 44.6879997253418, 94.19200134277344], [173.04000854492188, 31.696001052856445, 194.99200439453125, 76.72000122070312]], 'labels': ['person', 'person', 'woman', 'human face', 'human face']}}"
0194,"{'<DENSE_REGION_CAPTION>': {'bboxes': [[0.1120000034570694, 3.4720001220703125, 132.94400024414062, 223.66400146484375], [0.1120000034570694, 3.4720001220703125, 46.25600051879883, 223.66400146484375], [171.4720001220703, 69.7760009765625, 223.66400146484375, 223.66400146484375], [159.15200805664062, 24.079999923706055, 201.26400756835938, 147.72801208496094], [100.46400451660156, 55.66400146484375, 147.95201110839844, 113.68000030517578], [19.376001358032227, 21.168001174926758, 44.91200256347656, 93.74400329589844], [171.4720001220703, 95.08800506591797, 189.8400115966797, 148.62400817871094], [167.44000244140625, 43.79199981689453, 189.6160125732422, 81.20000457763672]], 'labels': ['person', 'person', 'person', 'person', 'person', 'human face', 'human face', 'human face']}}"
0195,"{'<DENSE_REGION_CAPTION>': {'bboxes': [[0.1120000034570694, 3.4720001220703125, 132.72000122070312, 223.66400146484375], [0.1120000034570694, 0.1120000034570694, 46.704002380371094, 223.66400146484375], [161.8400115966797, 66.86399841308594, 223.66400146484375, 223.66400146484375], [140.7840118408203, 25.200000762939453, 180.8800048828125, 146.83200073242188], [100.24000549316406, 58.35200119018555, 148.62400817871094, 114.57600402832031], [19.376001358032227, 21.392000198364258, 44.91200256347656, 94.19200134277344], [143.6959991455078, 53.42399978637695, 165.42401123046875, 88.36800384521484], [164.5279998779297, 113.90400695800781, 177.74400329589844, 147.05599975585938]], 'labels': ['person', 'person', 'person', 'person', 'person', 'human face', 'human face', 'human face']}}"
0196,"{'<DENSE_REGION_CAPTION>': {'bboxes': [[0.1120000034570694, 2.8000001907348633, 132.49600219726562, 223.66400146484375], [0.1120000034570694, 2.8000001907348633, 46.03200149536133, 223.66400146484375], [178.41600036621094, 63.952003479003906, 223.66400146484375, 223.66400146484375], [155.56800842285156, 21.61600112915039, 192.5279998779297, 148.62400817871094], [100.46400451660156, 58.12800216674805, 155.79200744628906, 114.35200500488281]], 'labels': ['person', 'person', 'person', 'person', 'person']}}"
0197,"{'<DENSE_REGION_CAPTION>': {'bboxes': [[0.1120000034570694, 3.4720001220703125, 132.94400024414062, 223.66400146484375], [0.1120000034570694, 3.4720001220703125, 46.704002380371094, 223.66400146484375], [178.41600036621094, 67.53600311279297, 223.66400146484375, 223.66400146484375], [157.80799865722656, 23.18400001525879, 194.76800537109375, 151.31201171875], [100.46400451660156, 56.336002349853516, 150.41600036621094, 115.24800109863281], [20.272001266479492, 24.079999923706055, 45.58399963378906, 97.7760009765625], [160.04800415039062, 47.82400131225586, 182.67201232910156, 83.66400146484375], [180.2080078125, 112.33600616455078, 192.7519989013672, 144.81600952148438]], 'labels': ['person', 'person', 'person', 'person', 'person', 'human face', 'human face', 'human face']}}"
0198,"{'<DENSE_REGION_CAPTION>': {'bboxes': [[0.1120000034570694, 4.5920000076293945, 131.15200805664062, 223.66400146484375], [0.1120000034570694, 4.5920000076293945, 46.704002380371094, 223.66400146484375], [148.84800720214844, 17.360000610351562, 223.66400146484375, 223.66400146484375], [20.272001266479492, 26.09600067138672, 45.58399963378906, 98.0]], 'labels': ['person', 'person', 'woman', 'human face']}}"
0199,"{'<DENSE_REGION_CAPTION>': {'bboxes': [[0.1120000034570694, 7.28000020980835, 133.39199829101562, 223.66400146484375], [0.1120000034570694, 7.28000020980835, 51.40800094604492, 223.66400146484375], [145.48800659179688, 20.720001220703125, 198.1280059814453, 147.05599975585938], [166.76800537109375, 126.89600372314453, 223.66400146484375, 223.66400146484375], [122.19200134277344, 0.1120000034570694, 162.2880096435547, 98.0]], 'labels': ['person', 'person', 'person', 'person', 'person']}}"
0200,"{'<DENSE_REGION_CAPTION>': {'bboxes': [[0.1120000034570694, 5.488000392913818, 121.96800231933594, 223.66400146484375], [0.1120000034570694, 5.488000392913818, 32.36800003051758, 223.66400146484375], [151.08799743652344, 24.75200080871582, 202.16000366210938, 149.29600524902344], [84.33600616455078, 0.1120000034570694, 152.2080078125, 97.552001953125], [154.447998046875, 146.38400268554688, 223.66400146484375, 223.66400146484375]], 'labels': ['person', 'person', 'person', 'person', 'person']}}"
0201,"{'<DENSE_REGION_CAPTION>': {'bboxes': [[0.1120000034570694, 0.1120000034570694, 76.04800415039062, 223.66400146484375], [82.76800537109375, 0.1120000034570694, 151.760009765625, 97.10400390625], [151.08799743652344, 26.32000160217285, 201.04000854492188, 150.86399841308594], [168.33599853515625, 150.63999938964844, 223.66400146484375, 223.66400146484375]], 'labels': ['person', 'person', 'person', 'person']}}"
0202,"{'<DENSE_REGION_CAPTION>': {'bboxes': [[0.1120000034570694, 0.1120000034570694, 87.69599914550781, 223.66400146484375], [82.76800537109375, 0.1120000034570694, 152.2080078125, 97.10400390625], [151.08799743652344, 23.631999969482422, 200.81600952148438, 151.9840087890625]], 'labels': ['person', 'person', 'person']}}"
0203,"{'<DENSE_REGION_CAPTION>': {'bboxes': [[0.1120000034570694, 0.1120000034570694, 86.57600402832031, 223.66400146484375], [0.1120000034570694, 0.1120000034570694, 45.58399963378906, 223.66400146484375], [82.76800537109375, 0.1120000034570694, 152.8800048828125, 97.10400390625], [173.71200561523438, 81.87200164794922, 223.66400146484375, 223.66400146484375], [151.08799743652344, 21.168001174926758, 196.11199951171875, 149.07200622558594]], 'labels': ['person', 'person', 'person', 'person', 'person']}}"
0204,"{'<DENSE_REGION_CAPTION>': {'bboxes': [[0.1120000034570694, 0.1120000034570694, 95.31200408935547, 223.66400146484375], [84.11199951171875, 0.1120000034570694, 154.89601135253906, 99.12000274658203], [149.96800231933594, 24.304000854492188, 203.50401306152344, 158.70401000976562], [183.34400939941406, 65.74400329589844, 223.66400146484375, 223.66400146484375]], 'labels': ['person', 'person', 'person', 'person']}}"
0205,"{'<DENSE_REGION_CAPTION>': {'bboxes': [[0.1120000034570694, 0.1120000034570694, 92.8479995727539, 223.66400146484375], [146.16000366210938, 80.08000183105469, 223.66400146484375, 223.66400146484375], [85.68000030517578, 11.088000297546387, 157.80799865722656, 105.16800689697266], [161.16799926757812, 23.631999969482422, 200.81600952148438, 113.00800323486328]], 'labels': ['person', 'person', 'person', 'person']}}"
0206,"{'<DENSE_REGION_CAPTION>': {'bboxes': [[0.1120000034570694, 0.1120000034570694, 87.69599914550781, 223.66400146484375], [148.40000915527344, 78.06400299072266, 223.66400146484375, 223.66400146484375], [6.384000301361084, 15.568000793457031, 32.36800003051758, 85.45600128173828]], 'labels': ['person', 'person', 'human face']}}"
0207,"{'<DENSE_REGION_CAPTION>': {'bboxes': [[0.1120000034570694, 0.1120000034570694, 87.69599914550781, 223.66400146484375], [147.95201110839844, 83.44000244140625, 223.66400146484375, 223.66400146484375], [7.056000232696533, 16.239999771118164, 30.576000213623047, 86.12800598144531]], 'labels': ['person', 'person', 'human face']}}"
0208,"{'<DENSE_REGION_CAPTION>': {'bboxes': [[0.1120000034570694, 0.1120000034570694, 95.31200408935547, 223.66400146484375], [147.27999877929688, 90.16000366210938, 223.66400146484375, 223.66400146484375], [83.88800048828125, 25.648000717163086, 199.6959991455078, 115.02400207519531], [7.28000020980835, 14.896000862121582, 33.263999938964844, 85.00800323486328]], 'labels': ['person', 'person', 'person', 'human face']}}"
0209,"{'<DENSE_REGION_CAPTION>': {'bboxes': [[0.1120000034570694, 0.1120000034570694, 95.31200408935547, 223.66400146484375], [147.27999877929688, 92.6240005493164, 223.66400146484375, 223.66400146484375], [83.88800048828125, 25.648000717163086, 199.6959991455078, 115.47200012207031]], 'labels': ['person', 'person', 'person']}}"
0210,"{'<DENSE_REGION_CAPTION>': {'bboxes': [[0.1120000034570694, 0.1120000034570694, 82.76800537109375, 223.66400146484375], [146.60800170898438, 95.53600311279297, 223.66400146484375, 223.66400146484375], [83.88800048828125, 19.376001358032227, 199.92001342773438, 115.47200012207031], [10.640000343322754, 25.200000762939453, 36.624000549316406, 87.24800109863281]], 'labels': ['person', 'person', 'person', 'human face']}}"
0211,"{'<DENSE_REGION_CAPTION>': {'bboxes': [[0.1120000034570694, 0.1120000034570694, 78.51200103759766, 223.66400146484375], [146.60800170898438, 94.86400604248047, 223.66400146484375, 223.66400146484375], [76.72000122070312, 4.815999984741211, 162.2880096435547, 102.0320053100586], [161.16799926757812, 17.808000564575195, 201.26400756835938, 127.79200744628906]], 'labels': ['person', 'person', 'person', 'person']}}"
0212,"{'<DENSE_REGION_CAPTION>': {'bboxes': [[0.1120000034570694, 0.1120000034570694, 78.95999908447266, 223.66400146484375], [146.16000366210938, 96.656005859375, 223.66400146484375, 223.66400146484375], [72.24000549316406, 1.4560000896453857, 159.60000610351562, 103.3759994506836], [159.60000610351562, 17.808000564575195, 200.36801147460938, 129.13600158691406]], 'labels': ['person', 'person', 'person', 'person']}}"
0213,"{'<DENSE_REGION_CAPTION>': {'bboxes': [[0.1120000034570694, 0.1120000034570694, 78.51200103759766, 223.66400146484375], [139.66400146484375, 100.46400451660156, 223.66400146484375, 223.66400146484375], [72.68800354003906, 6.832000255584717, 158.48001098632812, 104.27200317382812], [160.49600219726562, 15.120000839233398, 204.62400817871094, 129.13600158691406]], 'labels': ['person', 'person', 'person', 'person']}}"
0214,"{'<DENSE_REGION_CAPTION>': {'bboxes': [[0.1120000034570694, 0.1120000034570694, 78.51200103759766, 223.66400146484375], [133.39199829101562, 96.43199920654297, 223.66400146484375, 223.66400146484375], [73.58399963378906, 8.624000549316406, 155.56800842285156, 99.34400177001953], [164.7519989013672, 14.223999977111816, 211.12001037597656, 138.32000732421875]], 'labels': ['person', 'person', 'person', 'person']}}"
0215,"{'<DENSE_REGION_CAPTION>': {'bboxes': [[0.1120000034570694, 0.1120000034570694, 79.40800476074219, 223.66400146484375], [135.4080047607422, 85.45600128173828, 223.66400146484375, 223.66400146484375], [74.0320053100586, 0.1120000034570694, 144.81600952148438, 93.07200622558594], [167.44000244140625, 13.552000045776367, 211.56800842285156, 142.5760040283203]], 'labels': ['person', 'person', 'person', 'person']}}"
0216,"{'<DENSE_REGION_CAPTION>': {'bboxes': [[0.1120000034570694, 0.1120000034570694, 88.14400482177734, 223.66400146484375], [156.24000549316406, 41.104000091552734, 223.66400146484375, 223.66400146484375], [68.8800048828125, 2.8000001907348633, 143.6959991455078, 93.52000427246094]], 'labels': ['person', 'person', 'person']}}"
0217,"{'<DENSE_REGION_CAPTION>': {'bboxes': [[0.1120000034570694, 0.1120000034570694, 81.87200164794922, 223.66400146484375], [152.8800048828125, 14.672000885009766, 210.67201232910156, 166.99200439453125], [68.8800048828125, 5.039999961853027, 147.72801208496094, 96.656005859375], [196.33599853515625, 122.19200134277344, 223.66400146484375, 223.66400146484375]], 'labels': ['person', 'person', 'person', 'person']}}"
0218,"{'<DENSE_REGION_CAPTION>': {'bboxes': [[0.1120000034570694, 0.1120000034570694, 82.76800537109375, 223.66400146484375], [0.1120000034570694, 0.1120000034570694, 48.04800033569336, 223.66400146484375], [160.49600219726562, 13.552000045776367, 213.80801391601562, 166.32000732421875], [68.8800048828125, 3.9200000762939453, 150.19200134277344, 97.552001953125], [166.76800537109375, 126.89600372314453, 223.66400146484375, 223.66400146484375]], 'labels': ['person', 'person', 'person', 'person', 'person']}}"
0219,"{'<DENSE_REGION_CAPTION>': {'bboxes': [[0.1120000034570694, 0.1120000034570694, 83.66400146484375, 223.66400146484375], [68.8800048828125, 1.9040000438690186, 146.16000366210938, 104.04800415039062], [169.6800079345703, 14.672000885009766, 214.03201293945312, 176.40000915527344], [198.3520050048828, 128.01600646972656, 223.66400146484375, 223.66400146484375]], 'labels': ['person', 'person', 'person', 'person']}}"
0220,"{'<DENSE_REGION_CAPTION>': {'bboxes': [[0.1120000034570694, 0.1120000034570694, 84.78400421142578, 223.66400146484375], [174.60800170898438, 23.18400001525879, 223.66400146484375, 223.66400146484375], [68.656005859375, 1.6800000667572021, 145.93600463867188, 106.06400299072266]], 'labels': ['person', 'person', 'person']}}"
0221,"{'<DENSE_REGION_CAPTION>': {'bboxes': [[0.1120000034570694, 0.1120000034570694, 83.66400146484375, 223.66400146484375], [155.12001037597656, 18.48000144958496, 223.66400146484375, 223.66400146484375], [68.8800048828125, 1.9040000438690186, 150.86399841308594, 98.67200469970703]], 'labels': ['person', 'person', 'person']}}"
0222,"{'<DENSE_REGION_CAPTION>': {'bboxes': [[0.1120000034570694, 0.1120000034570694, 83.21600341796875, 223.66400146484375], [155.12001037597656, 15.120000839233398, 223.66400146484375, 223.66400146484375], [68.656005859375, 3.9200000762939453, 151.31201171875, 98.22400665283203], [13.32800006866455, 24.079999923706055, 39.98400115966797, 87.02400207519531]], 'labels': ['person', 'person', 'person', 'human face']}}"
0223,"{'<DENSE_REGION_CAPTION>': {'bboxes': [[0.1120000034570694, 0.1120000034570694, 88.59200286865234, 223.66400146484375], [176.40000915527344, 15.120000839233398, 223.66400146484375, 223.66400146484375], [163.6320037841797, 10.192000389099121, 198.1280059814453, 160.49600219726562], [11.984000205993652, 27.88800048828125, 39.3120002746582, 89.04000091552734]], 'labels': ['person', 'person', 'person', 'human face']}}"
0224,"{'<DENSE_REGION_CAPTION>': {'bboxes': [[0.1120000034570694, 0.1120000034570694, 90.60800170898438, 223.66400146484375], [140.7840118408203, 25.87200164794922, 223.66400146484375, 223.66400146484375], [114.12800598144531, 8.624000549316406, 146.16000366210938, 93.52000427246094]], 'labels': ['person', 'person', 'person']}}"
0225,"{'<DENSE_REGION_CAPTION>': {'bboxes': [[0.1120000034570694, 0.1120000034570694, 88.14400482177734, 223.66400146484375], [184.46400451660156, 71.79199981689453, 223.66400146484375, 223.66400146484375], [163.1840057373047, 16.016000747680664, 200.81600952148438, 149.52000427246094], [116.81600189208984, 3.9200000762939453, 157.80799865722656, 102.7040023803711], [12.880000114440918, 27.66400146484375, 38.8640022277832, 89.71200561523438]], 'labels': ['person', 'person', 'person', 'person', 'human face']}}"
0226,"{'<DENSE_REGION_CAPTION>': {'bboxes': [[0.1120000034570694, 0.1120000034570694, 89.48799896240234, 223.66400146484375], [158.03199768066406, 55.21600341796875, 223.66400146484375, 223.66400146484375], [173.71200561523438, 29.904001235961914, 223.66400146484375, 167.44000244140625], [116.81600189208984, 0.1120000034570694, 158.03199768066406, 102.4800033569336]], 'labels': ['person', 'person', 'person', 'person']}}"
0227,"{'<DENSE_REGION_CAPTION>': {'bboxes': [[0.1120000034570694, 0.1120000034570694, 80.30400085449219, 223.66400146484375], [160.72000122070312, 52.97600173950195, 223.66400146484375, 223.66400146484375], [171.9199981689453, 17.360000610351562, 206.864013671875, 164.0800018310547], [116.81600189208984, 0.1120000034570694, 156.91200256347656, 101.8080062866211], [12.880000114440918, 29.00800132751465, 39.0880012512207, 89.26399993896484]], 'labels': ['person', 'person', 'person', 'person', 'human face']}}"
0228,"{'<DENSE_REGION_CAPTION>': {'bboxes': [[0.1120000034570694, 0.1120000034570694, 81.42400360107422, 223.66400146484375], [159.60000610351562, 54.992000579833984, 223.66400146484375, 223.66400146484375], [174.16000366210938, 20.720001220703125, 223.66400146484375, 164.0800018310547], [120.1760025024414, 0.1120000034570694, 160.04800415039062, 103.3759994506836]], 'labels': ['person', 'person', 'person', 'person']}}"
0229,"{'<DENSE_REGION_CAPTION>': {'bboxes': [[0.1120000034570694, 0.1120000034570694, 79.40800476074219, 223.66400146484375], [161.39199829101562, 55.66400146484375, 223.66400146484375, 223.66400146484375], [79.40800476074219, 0.1120000034570694, 157.36000061035156, 102.9280014038086], [176.84800720214844, 31.472000122070312, 223.66400146484375, 165.64801025390625]], 'labels': ['person', 'person', 'person', 'person']}}"
0230,"{'<DENSE_REGION_CAPTION>': {'bboxes': [[0.1120000034570694, 0.1120000034570694, 79.40800476074219, 223.66400146484375], [78.95999908447266, 0.1120000034570694, 171.0240020751953, 107.63200378417969], [165.20001220703125, 67.98400115966797, 223.66400146484375, 223.66400146484375], [173.04000854492188, 11.53600025177002, 216.49600219726562, 170.8000030517578], [11.984000205993652, 30.80000114440918, 38.63999938964844, 90.38400268554688]], 'labels': ['person', 'person', 'person', 'person', 'human face']}}"
0231,"{'<DENSE_REGION_CAPTION>': {'bboxes': [[0.1120000034570694, 0.1120000034570694, 79.85600280761719, 223.66400146484375], [163.6320037841797, 70.89600372314453, 223.66400146484375, 223.66400146484375], [78.95999908447266, 2.8000001907348633, 152.2080078125, 98.22400665283203], [167.44000244140625, 19.376001358032227, 210.2239990234375, 170.8000030517578]], 'labels': ['person', 'person', 'person', 'person']}}"
0232,"{'<DENSE_REGION_CAPTION>': {'bboxes': [[0.1120000034570694, 0.1120000034570694, 78.51200103759766, 223.66400146484375], [162.9600067138672, 77.16799926757812, 223.66400146484375, 223.66400146484375], [79.18400573730469, 1.4560000896453857, 150.41600036621094, 98.0], [159.15200805664062, 32.14400100708008, 199.2480010986328, 145.48800659179688]], 'labels': ['person', 'person', 'person', 'person']}}"
0233,"{'<DENSE_REGION_CAPTION>': {'bboxes': [[0.1120000034570694, 0.1120000034570694, 79.40800476074219, 223.66400146484375], [164.0800018310547, 74.9280014038086, 223.66400146484375, 223.66400146484375], [172.14401245117188, 13.104000091552734, 223.66400146484375, 169.9040069580078], [78.95999908447266, 4.368000030517578, 150.19200134277344, 98.44800567626953]], 'labels': ['person', 'person', 'person', 'person']}}"
0234,"{'<DENSE_REGION_CAPTION>': {'bboxes': [[0.1120000034570694, 0.1120000034570694, 79.85600280761719, 223.66400146484375], [164.7519989013672, 72.01599884033203, 223.66400146484375, 223.66400146484375], [79.18400573730469, 2.5759999752044678, 149.96800231933594, 98.44800567626953], [169.6800079345703, 15.344000816345215, 208.2080078125, 171.0240020751953]], 'labels': ['person', 'person', 'person', 'person']}}"
0235,"{'<DENSE_REGION_CAPTION>': {'bboxes': [[0.1120000034570694, 0.1120000034570694, 80.30400085449219, 223.66400146484375], [164.5279998779297, 70.44800567626953, 223.66400146484375, 223.66400146484375], [78.51200103759766, 0.784000039100647, 149.07200622558594, 98.22400665283203], [161.39199829101562, 28.560001373291016, 202.83200073242188, 170.1280059814453]], 'labels': ['person', 'person', 'person', 'person']}}"
0236,"{'<DENSE_REGION_CAPTION>': {'bboxes': [[0.1120000034570694, 0.1120000034570694, 79.85600280761719, 223.66400146484375], [0.1120000034570694, 0.1120000034570694, 46.704002380371094, 223.66400146484375], [173.04000854492188, 68.656005859375, 223.66400146484375, 223.66400146484375], [69.7760009765625, 0.1120000034570694, 143.0240020751953, 94.41600036621094], [171.0240020751953, 13.552000045776367, 212.46400451660156, 153.7760009765625]], 'labels': ['person', 'person', 'person', 'person', 'person']}}"
0237,"{'<DENSE_REGION_CAPTION>': {'bboxes': [[0.1120000034570694, 0.1120000034570694, 78.51200103759766, 223.66400146484375], [168.11199951171875, 74.2560043334961, 223.66400146484375, 223.66400146484375], [67.98400115966797, 0.1120000034570694, 142.1280059814453, 95.31200408935547]], 'labels': ['person', 'person', 'person']}}"
0238,"{'<DENSE_REGION_CAPTION>': {'bboxes': [[0.1120000034570694, 0.1120000034570694, 78.51200103759766, 223.66400146484375], [168.33599853515625, 77.39200592041016, 223.66400146484375, 223.66400146484375], [67.76000213623047, 0.1120000034570694, 142.1280059814453, 95.31200408935547], [171.2480010986328, 12.880000114440918, 214.48001098632812, 156.46400451660156]], 'labels': ['person', 'person', 'person', 'person']}}"
0239,"{'<DENSE_REGION_CAPTION>': {'bboxes': [[0.1120000034570694, 0.1120000034570694, 78.51200103759766, 223.66400146484375], [67.76000213623047, 0.1120000034570694, 142.1280059814453, 95.31200408935547], [173.04000854492188, 77.84000396728516, 223.66400146484375, 223.66400146484375], [169.6800079345703, 16.91200065612793, 208.2080078125, 158.48001098632812]], 'labels': ['person', 'person', 'person', 'person']}}"
0240,"{'<DENSE_REGION_CAPTION>': {'bboxes': [[0.1120000034570694, 0.1120000034570694, 78.51200103759766, 223.66400146484375], [67.76000213623047, 0.1120000034570694, 142.1280059814453, 95.31200408935547], [171.9199981689453, 36.624000549316406, 223.66400146484375, 149.29600524902344], [189.8400115966797, 102.2560043334961, 223.66400146484375, 223.66400146484375]], 'labels': ['person', 'person', 'person', 'person']}}"
0241,"{'<DENSE_REGION_CAPTION>': {'bboxes': [[0.1120000034570694, 0.1120000034570694, 78.51200103759766, 223.66400146484375], [163.1840057373047, 67.98400115966797, 223.66400146484375, 223.66400146484375], [67.53600311279297, 0.1120000034570694, 142.1280059814453, 95.98400115966797], [173.04000854492188, 16.91200065612793, 217.3920135498047, 164.7519989013672]], 'labels': ['person', 'person', 'person', 'person']}}"
0242,"{'<DENSE_REGION_CAPTION>': {'bboxes': [[0.1120000034570694, 0.1120000034570694, 80.97600555419922, 223.66400146484375], [0.1120000034570694, 0.1120000034570694, 48.04800033569336, 223.66400146484375], [164.9759979248047, 82.99200439453125, 223.66400146484375, 223.66400146484375], [75.3759994506836, 0.1120000034570694, 152.8800048828125, 95.08800506591797], [169.2320098876953, 14.44800090789795, 208.4320068359375, 162.7360076904297]], 'labels': ['person', 'person', 'person', 'person', 'person']}}"
0243,"{'<DENSE_REGION_CAPTION>': {'bboxes': [[0.1120000034570694, 0.1120000034570694, 77.39200592041016, 223.66400146484375], [164.7519989013672, 78.95999908447266, 223.66400146484375, 223.66400146484375], [172.59201049804688, 24.527999877929688, 218.9600067138672, 163.6320037841797], [75.82400512695312, 12.880000114440918, 146.83200073242188, 96.8800048828125]], 'labels': ['person', 'person', 'person', 'person']}}"
0244,"{'<DENSE_REGION_CAPTION>': {'bboxes': [[0.1120000034570694, 0.1120000034570694, 77.39200592041016, 223.66400146484375], [164.0800018310547, 71.12000274658203, 223.66400146484375, 223.66400146484375], [176.40000915527344, 36.176002502441406, 223.66400146484375, 163.8560028076172], [76.94400024414062, 34.384002685546875, 148.84800720214844, 100.46400451660156]], 'labels': ['person', 'person', 'person', 'person']}}"
0245,"{'<DENSE_REGION_CAPTION>': {'bboxes': [[0.1120000034570694, 0.1120000034570694, 76.94400024414062, 223.66400146484375], [162.0640106201172, 71.79199981689453, 223.66400146484375, 223.66400146484375], [85.23200225830078, 0.1120000034570694, 156.24000549316406, 102.2560043334961]], 'labels': ['person', 'person', 'person']}}"
0246,"{'<DENSE_REGION_CAPTION>': {'bboxes': [[0.1120000034570694, 0.1120000034570694, 72.24000549316406, 223.66400146484375], [163.1840057373047, 72.46400451660156, 223.66400146484375, 223.66400146484375], [85.00800323486328, 0.1120000034570694, 151.9840087890625, 101.13600158691406], [163.1840057373047, 11.53600025177002, 203.50401306152344, 162.9600067138672]], 'labels': ['person', 'person', 'person', 'person']}}"
0247,"{'<DENSE_REGION_CAPTION>': {'bboxes': [[0.1120000034570694, 0.1120000034570694, 46.03200149536133, 223.66400146484375], [163.1840057373047, 73.13600158691406, 223.66400146484375, 223.66400146484375], [84.78400421142578, 0.1120000034570694, 150.86399841308594, 100.91200256347656], [166.99200439453125, 14.44800090789795, 205.96800231933594, 163.6320037841797], [0.1120000034570694, 21.392000198364258, 24.527999877929688, 89.26399993896484]], 'labels': ['person', 'person', 'person', 'person', 'human face']}}"
0248,"{'<DENSE_REGION_CAPTION>': {'bboxes': [[0.1120000034570694, 0.1120000034570694, 111.66400146484375, 223.66400146484375], [163.1840057373047, 74.0320053100586, 223.66400146484375, 223.66400146484375], [86.57600402832031, 0.1120000034570694, 151.5360107421875, 100.46400451660156], [6.832000255584717, 2.8000001907348633, 33.93600082397461, 72.24000549316406]], 'labels': ['person', 'person', 'person', 'human face']}}"
0249,"{'<DENSE_REGION_CAPTION>': {'bboxes': [[0.1120000034570694, 0.1120000034570694, 143.6959991455078, 223.66400146484375], [165.20001220703125, 59.92000198364258, 223.66400146484375, 223.66400146484375], [89.71200561523438, 0.1120000034570694, 150.41600036621094, 105.39200592041016], [35.72800064086914, 20.720001220703125, 57.45600128173828, 82.99200439453125]], 'labels': ['person', 'person', 'person', 'human face']}}"
0250,"{'<DENSE_REGION_CAPTION>': {'bboxes': [[0.1120000034570694, 0.1120000034570694, 140.7840118408203, 223.66400146484375], [152.8800048828125, 75.3759994506836, 223.66400146484375, 223.66400146484375], [177.96800231933594, 32.816001892089844, 223.66400146484375, 171.9199981689453], [123.76000213623047, 0.1120000034570694, 172.36801147460938, 110.31999969482422]], 'labels': ['person', 'person', 'person', 'person']}}"
0251,"{'<DENSE_REGION_CAPTION>': {'bboxes': [[0.1120000034570694, 0.1120000034570694, 141.2320098876953, 223.66400146484375], [148.62400817871094, 79.18400573730469, 223.66400146484375, 223.66400146484375], [172.14401245117188, 11.984000205993652, 215.82400512695312, 169.9040069580078], [182.447998046875, 79.18400573730469, 223.66400146484375, 223.44000244140625], [40.432003021240234, 25.648000717163086, 60.14400100708008, 85.90399932861328], [175.27999877929688, 26.54400062561035, 197.0080108642578, 68.656005859375]], 'labels': ['person', 'person', 'person', 'person', 'human face', 'human face']}}"
0252,"{'<DENSE_REGION_CAPTION>': {'bboxes': [[0.1120000034570694, 0.1120000034570694, 140.11199951171875, 223.66400146484375], [187.15200805664062, 80.08000183105469, 223.66400146484375, 223.66400146484375], [169.9040069580078, 14.0, 208.4320068359375, 150.63999938964844], [115.92000579833984, 19.82400131225586, 157.13600158691406, 108.30400085449219], [39.98400115966797, 25.200000762939453, 59.69600296020508, 85.00800323486328], [172.59201049804688, 31.920000076293945, 194.09600830078125, 75.3759994506836]], 'labels': ['person', 'person', 'person', 'person', 'human face', 'human face']}}"
0253,"{'<DENSE_REGION_CAPTION>': {'bboxes': [[0.1120000034570694, 0.1120000034570694, 138.32000732421875, 223.66400146484375], [185.13600158691406, 79.18400573730469, 223.66400146484375, 223.66400146484375], [38.8640022277832, 24.75200080871582, 58.80000305175781, 86.35200500488281]], 'labels': ['person', 'person', 'human face']}}"
0254,"{'<DENSE_REGION_CAPTION>': {'bboxes': [[0.1120000034570694, 0.1120000034570694, 126.67200469970703, 223.66400146484375], [184.46400451660156, 79.85600280761719, 223.66400146484375, 223.66400146484375], [169.9040069580078, 19.82400131225586, 209.7760009765625, 144.1439971923828]], 'labels': ['person', 'person', 'person']}}"
0255,"{'<DENSE_REGION_CAPTION>': {'bboxes': [[0.1120000034570694, 0.1120000034570694, 121.96800231933594, 223.66400146484375], [183.79200744628906, 79.85600280761719, 223.66400146484375, 223.66400146484375], [169.9040069580078, 23.18400001525879, 217.3920135498047, 143.2480010986328], [110.09600067138672, 17.808000564575195, 168.33599853515625, 111.88800048828125]], 'labels': ['person', 'person', 'person', 'person']}}"
0256,"{'<DENSE_REGION_CAPTION>': {'bboxes': [[0.1120000034570694, 0.1120000034570694, 137.87200927734375, 223.66400146484375], [127.79200744628906, 26.54400062561035, 210.67201232910156, 144.1439971923828], [98.44800567626953, 13.552000045776367, 160.04800415039062, 108.08000183105469], [189.8400115966797, 79.40800476074219, 223.66400146484375, 223.66400146484375]], 'labels': ['person', 'person', 'person', 'person']}}"
0257,"{'<DENSE_REGION_CAPTION>': {'bboxes': [[0.1120000034570694, 0.1120000034570694, 138.76800537109375, 223.66400146484375], [148.84800720214844, 78.95999908447266, 223.66400146484375, 223.66400146484375], [182.67201232910156, 78.95999908447266, 223.66400146484375, 223.44000244140625], [171.0240020751953, 16.91200065612793, 210.89601135253906, 142.3520050048828], [98.89600372314453, 46.928001403808594, 171.4720001220703, 114.80000305175781], [35.72800064086914, 21.84000015258789, 57.23200225830078, 82.31999969482422]], 'labels': ['person', 'person', 'person', 'person', 'person', 'human face']}}"
0258,"{'<DENSE_REGION_CAPTION>': {'bboxes': [[0.1120000034570694, 0.1120000034570694, 139.21600341796875, 223.66400146484375], [98.0, 8.848000526428223, 173.04000854492188, 116.36800384521484], [184.68800354003906, 78.73600006103516, 223.66400146484375, 223.66400146484375], [169.0080108642578, 19.82400131225586, 209.552001953125, 144.81600952148438]], 'labels': ['person', 'person', 'person', 'person']}}"
0259,"{'<DENSE_REGION_CAPTION>': {'bboxes': [[0.1120000034570694, 0.1120000034570694, 127.12000274658203, 223.66400146484375], [149.07200622558594, 79.40800476074219, 223.66400146484375, 223.66400146484375], [101.58399963378906, 14.896000862121582, 175.50399780273438, 121.07200622558594], [161.8400115966797, 18.928001403808594, 212.24000549316406, 148.62400817871094], [188.49600219726562, 79.40800476074219, 223.66400146484375, 223.44000244140625]], 'labels': ['person', 'person', 'person', 'person', 'person']}}"
0260,"{'<DENSE_REGION_CAPTION>': {'bboxes': [[0.1120000034570694, 0.1120000034570694, 132.04800415039062, 223.66400146484375], [149.07200622558594, 80.30400085449219, 223.66400146484375, 223.66400146484375], [161.8400115966797, 20.272001266479492, 216.04800415039062, 149.52000427246094], [122.64000701904297, 11.984000205993652, 165.64801025390625, 117.48800659179688], [10.86400032043457, 11.088000297546387, 36.400001525878906, 79.18400573730469], [175.72801208496094, 28.784000396728516, 201.04000854492188, 72.46400451660156], [194.76800537109375, 134.2880096435547, 215.37600708007812, 169.2320098876953]], 'labels': ['person', 'person', 'person', 'person', 'human face', 'human face', 'human face']}}"
0261,"{'<DENSE_REGION_CAPTION>': {'bboxes': [[0.1120000034570694, 0.1120000034570694, 131.15200805664062, 223.66400146484375], [148.84800720214844, 78.51200103759766, 223.66400146484375, 223.66400146484375], [162.7360076904297, 18.256000518798828, 209.10400390625, 148.84800720214844], [115.92000579833984, 38.41600036621094, 174.38400268554688, 131.82400512695312], [10.86400032043457, 13.552000045776367, 37.29600143432617, 80.97600555419922], [194.76800537109375, 122.41600036621094, 213.58399963378906, 166.09600830078125]], 'labels': ['person', 'person', 'person', 'person', 'human face', 'human face']}}"
0262,"{'<DENSE_REGION_CAPTION>': {'bboxes': [[0.1120000034570694, 0.1120000034570694, 132.49600219726562, 223.66400146484375], [148.84800720214844, 78.51200103759766, 223.66400146484375, 223.66400146484375], [169.9040069580078, 16.239999771118164, 213.58399963378906, 148.62400817871094], [189.39199829101562, 78.51200103759766, 223.66400146484375, 223.44000244140625], [114.57600402832031, 44.91200256347656, 172.81600952148438, 130.03199768066406]], 'labels': ['person', 'person', 'person', 'person', 'person']}}"
0263,"{'<DENSE_REGION_CAPTION>': {'bboxes': [[0.1120000034570694, 0.1120000034570694, 126.22400665283203, 223.66400146484375], [148.84800720214844, 77.84000396728516, 223.66400146484375, 223.66400146484375], [187.15200805664062, 77.84000396728516, 223.66400146484375, 223.44000244140625], [114.12800598144531, 44.91200256347656, 172.36801147460938, 124.20800018310547], [168.5600128173828, 18.256000518798828, 204.84800720214844, 147.05599975585938], [12.880000114440918, 14.896000862121582, 38.8640022277832, 82.54400634765625], [171.9199981689453, 31.02400016784668, 194.09600830078125, 70.0], [193.87200927734375, 122.41600036621094, 213.58399963378906, 166.09600830078125]], 'labels': ['person', 'person', 'person', 'person', 'person', 'human face', 'human face', 'human face']}}"
0264,"{'<DENSE_REGION_CAPTION>': {'bboxes': [[0.1120000034570694, 0.1120000034570694, 126.22400665283203, 223.66400146484375], [148.62400817871094, 78.51200103759766, 223.66400146484375, 223.66400146484375], [12.432000160217285, 15.568000793457031, 39.0880012512207, 82.99200439453125]], 'labels': ['person', 'person', 'human face']}}"
0265,"{'<DENSE_REGION_CAPTION>': {'bboxes': [[0.1120000034570694, 0.1120000034570694, 127.56800079345703, 223.66400146484375], [148.84800720214844, 78.95999908447266, 223.66400146484375, 223.66400146484375], [164.3040008544922, 19.82400131225586, 214.70401000976562, 146.60800170898438], [185.58399963378906, 78.95999908447266, 223.66400146484375, 223.44000244140625], [111.21600341796875, 44.91200256347656, 170.8000030517578, 124.4320068359375], [16.91200065612793, 14.44800090789795, 42.448001861572266, 82.09600067138672]], 'labels': ['person', 'person', 'person', 'person', 'person', 'human face']}}"
0266,"{'<DENSE_REGION_CAPTION>': {'bboxes': [[0.1120000034570694, 0.1120000034570694, 127.56800079345703, 223.66400146484375], [148.84800720214844, 80.52799987792969, 223.66400146484375, 223.66400146484375], [163.8560028076172, 19.376001358032227, 214.70401000976562, 145.93600463867188], [185.13600158691406, 80.52799987792969, 223.66400146484375, 223.44000244140625], [112.33600616455078, 44.6879997253418, 169.6800079345703, 124.8800048828125], [16.91200065612793, 12.208000183105469, 43.12000274658203, 80.97600555419922], [176.84800720214844, 29.45600128173828, 203.72801208496094, 72.46400451660156]], 'labels': ['person', 'person', 'person', 'person', 'person', 'human face', 'human face']}}"
0267,"{'<DENSE_REGION_CAPTION>': {'bboxes': [[0.1120000034570694, 0.1120000034570694, 130.70401000976562, 223.66400146484375], [148.62400817871094, 81.87200164794922, 223.66400146484375, 223.66400146484375], [163.1840057373047, 18.928001403808594, 215.37600708007812, 147.95201110839844], [185.58399963378906, 81.87200164794922, 223.66400146484375, 223.44000244140625], [112.11200714111328, 44.6879997253418, 167.44000244140625, 120.84800720214844], [14.672000885009766, 14.672000885009766, 40.432003021240234, 82.09600067138672]], 'labels': ['person', 'person', 'person', 'person', 'person', 'human face']}}"
0268,"{'<DENSE_REGION_CAPTION>': {'bboxes': [[0.1120000034570694, 0.1120000034570694, 129.13600158691406, 223.66400146484375], [148.84800720214844, 85.45600128173828, 223.66400146484375, 223.66400146484375], [163.1840057373047, 17.583999633789062, 211.79200744628906, 147.05599975585938], [185.36000061035156, 85.45600128173828, 223.66400146484375, 223.44000244140625], [112.11200714111328, 44.4640007019043, 167.66400146484375, 121.74400329589844], [15.568000793457031, 12.432000160217285, 41.3280029296875, 81.87200164794922]], 'labels': ['person', 'person', 'person', 'person', 'person', 'human face']}}"
0269,"{'<DENSE_REGION_CAPTION>': {'bboxes': [[0.1120000034570694, 0.1120000034570694, 124.8800048828125, 223.66400146484375], [148.84800720214844, 90.16000366210938, 223.66400146484375, 223.66400146484375], [163.1840057373047, 18.928001403808594, 214.03201293945312, 144.81600952148438], [116.81600189208984, 11.53600025177002, 168.33599853515625, 111.66400146484375], [14.896000862121582, 16.91200065612793, 40.880001068115234, 83.21600341796875], [176.40000915527344, 30.128000259399414, 199.92001342773438, 72.46400451660156], [134.9600067138672, 38.19200134277344, 154.0, 58.35200119018555]], 'labels': ['person', 'person', 'person', 'person', 'human face', 'human face', 'human face']}}"
0270,"{'<DENSE_REGION_CAPTION>': {'bboxes': [[0.1120000034570694, 0.1120000034570694, 129.58399963378906, 223.66400146484375], [148.84800720214844, 102.7040023803711, 223.66400146484375, 223.66400146484375], [163.6320037841797, 15.120000839233398, 210.89601135253906, 148.17601013183594], [115.47200012207031, 14.0, 168.5600128173828, 112.78400421142578], [187.15200805664062, 102.7040023803711, 223.66400146484375, 223.44000244140625]], 'labels': ['person', 'person', 'person', 'person', 'person']}}"
0271,"{'<DENSE_REGION_CAPTION>': {'bboxes': [[0.1120000034570694, 0.1120000034570694, 106.96000671386719, 223.66400146484375], [164.3040008544922, 18.928001403808594, 214.70401000976562, 145.93600463867188], [184.46400451660156, 96.43199920654297, 223.66400146484375, 223.66400146484375], [112.78400421142578, 36.176002502441406, 168.11199951171875, 123.53600311279297], [7.728000164031982, 11.984000205993652, 35.055999755859375, 81.42400360107422], [180.656005859375, 35.28000259399414, 207.9840087890625, 77.16799926757812]], 'labels': ['person', 'person', 'person', 'person', 'human face', 'human face']}}"
0272,"{'<DENSE_REGION_CAPTION>': {'bboxes': [[0.1120000034570694, 0.1120000034570694, 109.87200164794922, 223.66400146484375], [151.5360107421875, 84.33600616455078, 223.66400146484375, 223.66400146484375], [164.9759979248047, 15.120000839233398, 212.24000549316406, 166.54400634765625], [113.23200225830078, 35.055999755859375, 169.2320098876953, 129.36000061035156]], 'labels': ['person', 'person', 'person', 'person']}}"
0273,"{'<DENSE_REGION_CAPTION>': {'bboxes': [[0.1120000034570694, 0.1120000034570694, 79.85600280761719, 223.66400146484375], [159.15200805664062, 81.64800262451172, 223.66400146484375, 223.66400146484375], [160.04800415039062, 16.239999771118164, 205.96800231933594, 166.09600830078125], [112.78400421142578, 42.672000885009766, 169.0080108642578, 125.552001953125]], 'labels': ['person', 'person', 'person', 'person']}}"
0274,"{'<DENSE_REGION_CAPTION>': {'bboxes': [[0.1120000034570694, 0.1120000034570694, 52.75200271606445, 223.66400146484375], [170.1280059814453, 78.73600006103516, 223.66400146484375, 223.66400146484375], [157.13600158691406, 19.152000427246094, 204.84800720214844, 164.3040008544922], [112.78400421142578, 9.296000480651855, 158.70401000976562, 111.44000244140625]], 'labels': ['person', 'person', 'person', 'person']}}"
0275,"{'<DENSE_REGION_CAPTION>': {'bboxes': [[0.1120000034570694, 0.1120000034570694, 61.93600082397461, 223.66400146484375], [152.4320068359375, 80.52799987792969, 223.66400146484375, 223.66400146484375], [153.7760009765625, 18.928001403808594, 212.01600646972656, 149.07200622558594], [111.21600341796875, 5.039999961853027, 155.12001037597656, 108.97600555419922], [13.776000022888184, 19.82400131225586, 35.50400161743164, 85.23200225830078], [177.74400329589844, 36.624000549316406, 204.17601013183594, 72.01599884033203]], 'labels': ['person', 'person', 'person', 'person', 'human face', 'human face']}}"
0276,"{'<DENSE_REGION_CAPTION>': {'bboxes': [[0.1120000034570694, 0.1120000034570694, 55.21600341796875, 223.66400146484375], [149.96800231933594, 16.239999771118164, 213.58399963378906, 157.58399963378906], [176.84800720214844, 83.88800048828125, 223.66400146484375, 223.66400146484375], [110.09600067138672, 2.3519999980926514, 155.34400939941406, 109.64800262451172], [20.496000289916992, 16.239999771118164, 42.0, 82.09600067138672], [179.31201171875, 29.904001235961914, 202.83200073242188, 73.80799865722656]], 'labels': ['person', 'person', 'person', 'person', 'human face', 'human face']}}"
0277,"{'<DENSE_REGION_CAPTION>': {'bboxes': [[0.1120000034570694, 0.1120000034570694, 84.33600616455078, 223.66400146484375], [154.67201232910156, 80.97600555419922, 223.66400146484375, 223.66400146484375], [159.15200805664062, 14.672000885009766, 211.79200744628906, 169.4560089111328], [100.24000549316406, 16.464000701904297, 157.13600158691406, 119.2800064086914], [10.192000389099121, 17.360000610351562, 35.95199966430664, 85.23200225830078], [188.94400024414062, 118.16000366210938, 217.16799926757812, 174.60800170898438], [179.31201171875, 28.560001373291016, 201.04000854492188, 73.58399963378906]], 'labels': ['person', 'person', 'person', 'person', 'human face', 'human face', 'human face']}}"
0278,"{'<DENSE_REGION_CAPTION>': {'bboxes': [[0.1120000034570694, 0.1120000034570694, 73.58399963378906, 223.66400146484375], [156.46400451660156, 13.552000045776367, 208.8800048828125, 174.16000366210938], [96.8800048828125, 17.360000610351562, 156.91200256347656, 115.92000579833984], [186.92800903320312, 80.52799987792969, 223.66400146484375, 223.66400146484375], [4.815999984741211, 25.424001693725586, 33.040000915527344, 91.2800064086914], [197.2320098876953, 117.48800659179688, 223.66400146484375, 174.83200073242188], [174.83200073242188, 30.128000259399414, 198.3520050048828, 74.4800033569336]], 'labels': ['person', 'person', 'person', 'person', 'human face', 'human face', 'human face']}}"
0279,"{'<DENSE_REGION_CAPTION>': {'bboxes': [[0.1120000034570694, 0.1120000034570694, 72.68800354003906, 223.66400146484375], [0.1120000034570694, 0.1120000034570694, 50.064002990722656, 213.13600158691406], [152.8800048828125, 16.239999771118164, 211.12001037597656, 176.40000915527344], [99.12000274658203, 17.13599967956543, 156.46400451660156, 115.47200012207031], [187.82400512695312, 81.87200164794922, 223.66400146484375, 223.66400146484375]], 'labels': ['person', 'person', 'person', 'person', 'person']}}"
0280,"{'<DENSE_REGION_CAPTION>': {'bboxes': [[0.1120000034570694, 0.1120000034570694, 71.79199981689453, 223.66400146484375], [145.48800659179688, 15.120000839233398, 201.93600463867188, 144.36801147460938], [96.656005859375, 16.91200065612793, 155.56800842285156, 116.81600189208984], [186.70401000976562, 84.56000518798828, 223.66400146484375, 223.66400146484375]], 'labels': ['person', 'person', 'person', 'person']}}"
0281,"{'<DENSE_REGION_CAPTION>': {'bboxes': [[0.1120000034570694, 0.1120000034570694, 72.24000549316406, 223.66400146484375], [147.50399780273438, 14.896000862121582, 205.52000427246094, 147.05599975585938], [178.41600036621094, 87.02400207519531, 223.66400146484375, 223.66400146484375], [108.08000183105469, 22.736000061035156, 154.67201232910156, 114.57600402832031], [10.86400032043457, 29.904001235961914, 38.41600036621094, 93.07200622558594]], 'labels': ['person', 'person', 'person', 'person', 'human face']}}"
0282,"{'<DENSE_REGION_CAPTION>': {'bboxes': [[0.1120000034570694, 0.1120000034570694, 72.68800354003906, 223.66400146484375], [0.1120000034570694, 0.1120000034570694, 50.512001037597656, 223.66400146484375], [147.27999877929688, 14.0, 208.8800048828125, 148.84800720214844], [178.41600036621094, 86.12800598144531, 223.66400146484375, 223.66400146484375], [104.72000122070312, 59.47200012207031, 156.91200256347656, 119.7280044555664]], 'labels': ['person', 'person', 'person', 'person', 'person']}}"
0283,"{'<DENSE_REGION_CAPTION>': {'bboxes': [[0.1120000034570694, 0.1120000034570694, 74.4800033569336, 223.66400146484375], [154.2239990234375, 8.848000526428223, 205.96800231933594, 153.552001953125], [180.4320068359375, 84.78400421142578, 223.66400146484375, 223.66400146484375], [93.74400329589844, 59.69600296020508, 159.37600708007812, 116.14400482177734], [11.984000205993652, 20.496000289916992, 40.656002044677734, 89.26399993896484], [198.8000030517578, 116.36800384521484, 223.66400146484375, 176.62400817871094], [174.16000366210938, 27.88800048828125, 196.5600128173828, 69.3280029296875]], 'labels': ['person', 'person', 'person', 'person', 'human face', 'human face', 'human face']}}"
0284,"{'<DENSE_REGION_CAPTION>': {'bboxes': [[0.1120000034570694, 0.1120000034570694, 115.24800109863281, 223.66400146484375], [0.1120000034570694, 0.1120000034570694, 74.7040023803711, 223.66400146484375], [151.760009765625, 11.53600025177002, 205.96800231933594, 159.15200805664062], [185.13600158691406, 78.95999908447266, 223.66400146484375, 223.66400146484375], [91.2800064086914, 61.48800277709961, 156.91200256347656, 115.92000579833984]], 'labels': ['person', 'person', 'person', 'person', 'person']}}"
0285,"{'<DENSE_REGION_CAPTION>': {'bboxes': [[0.1120000034570694, 0.1120000034570694, 73.58399963378906, 223.66400146484375], [0.1120000034570694, 0.1120000034570694, 49.84000015258789, 223.66400146484375], [149.96800231933594, 14.0, 208.2080078125, 148.62400817871094], [184.24000549316406, 79.63200378417969, 223.66400146484375, 223.66400146484375], [94.19200134277344, 61.26400375366211, 158.70401000976562, 131.15200805664062]], 'labels': ['person', 'person', 'person', 'person', 'person']}}"
0286,"{'<DENSE_REGION_CAPTION>': {'bboxes': [[0.1120000034570694, 0.1120000034570694, 74.4800033569336, 223.66400146484375], [0.1120000034570694, 0.1120000034570694, 49.84000015258789, 223.66400146484375], [143.2480010986328, 25.424001693725586, 204.84800720214844, 155.34400939941406], [184.01600646972656, 80.52799987792969, 223.66400146484375, 223.66400146484375]], 'labels': ['person', 'person', 'person', 'person']}}"
0287,"{'<DENSE_REGION_CAPTION>': {'bboxes': [[0.1120000034570694, 0.1120000034570694, 73.80799865722656, 223.66400146484375], [146.60800170898438, 23.631999969482422, 214.70401000976562, 164.5279998779297], [181.10400390625, 80.52799987792969, 223.66400146484375, 223.66400146484375], [104.72000122070312, 0.1120000034570694, 156.46400451660156, 106.51200103759766]], 'labels': ['person', 'person', 'person', 'person']}}"
0288,"{'<DENSE_REGION_CAPTION>': {'bboxes': [[0.1120000034570694, 0.1120000034570694, 74.0320053100586, 223.66400146484375], [0.1120000034570694, 0.1120000034570694, 50.064002990722656, 223.66400146484375], [81.87200164794922, 12.656000137329102, 155.79200744628906, 121.29600524902344], [147.95201110839844, 18.928001403808594, 213.58399963378906, 140.55999755859375], [178.41600036621094, 84.11199951171875, 223.66400146484375, 223.66400146484375]], 'labels': ['person', 'person', 'person', 'person', 'person']}}"
0289,"{'<DENSE_REGION_CAPTION>': {'bboxes': [[0.1120000034570694, 0.1120000034570694, 75.60000610351562, 223.66400146484375], [0.1120000034570694, 0.1120000034570694, 49.16800308227539, 212.46400451660156], [159.37600708007812, 82.31999969482422, 223.66400146484375, 223.66400146484375], [82.76800537109375, 13.104000091552734, 154.89601135253906, 120.84800720214844], [150.19200134277344, 19.82400131225586, 211.34400939941406, 122.86400604248047]], 'labels': ['person', 'person', 'person', 'person', 'person']}}"
0290,"{'<DENSE_REGION_CAPTION>': {'bboxes': [[0.1120000034570694, 0.1120000034570694, 86.12800598144531, 223.66400146484375], [0.1120000034570694, 0.1120000034570694, 49.39200210571289, 213.58399963378906], [145.26400756835938, 36.176002502441406, 223.66400146484375, 148.84800720214844], [82.76800537109375, 10.86400032043457, 155.12001037597656, 120.84800720214844], [177.96800231933594, 80.52799987792969, 223.66400146484375, 223.66400146484375]], 'labels': ['person', 'person', 'person', 'person', 'person']}}"
0291,"{'<DENSE_REGION_CAPTION>': {'bboxes': [[0.1120000034570694, 0.1120000034570694, 77.84000396728516, 223.66400146484375], [0.1120000034570694, 0.1120000034570694, 49.61600112915039, 223.66400146484375], [82.76800537109375, 11.760000228881836, 155.56800842285156, 120.84800720214844], [152.8800048828125, 36.176002502441406, 223.66400146484375, 118.38400268554688]], 'labels': ['person', 'person', 'person', 'person']}}"
0292,"{'<DENSE_REGION_CAPTION>': {'bboxes': [[0.1120000034570694, 0.1120000034570694, 134.5120086669922, 223.66400146484375], [82.54400634765625, 11.312000274658203, 155.34400939941406, 121.74400329589844], [155.79200744628906, 15.344000816345215, 213.13600158691406, 153.3280029296875], [174.16000366210938, 83.44000244140625, 223.66400146484375, 223.66400146484375], [17.808000564575195, 24.079999923706055, 44.4640007019043, 91.2800064086914], [178.41600036621094, 31.696001052856445, 204.84800720214844, 74.7040023803711], [186.03201293945312, 143.6959991455078, 205.52000427246094, 173.04000854492188]], 'labels': ['person', 'person', 'person', 'person', 'human face', 'human face', 'human face']}}"
0293,"{'<DENSE_REGION_CAPTION>': {'bboxes': [[0.1120000034570694, 5.488000392913818, 161.39199829101562, 223.66400146484375], [80.75199890136719, 13.104000091552734, 156.01600646972656, 112.11200714111328], [173.71200561523438, 85.23200225830078, 223.66400146484375, 223.66400146484375], [167.44000244140625, 16.91200065612793, 223.66400146484375, 117.04000091552734], [32.816001892089844, 28.112001419067383, 56.336002349853516, 92.1760025024414], [193.87200927734375, 22.512001037597656, 221.20001220703125, 64.4000015258789]], 'labels': ['person', 'person', 'person', 'person', 'human face', 'human face']}}"
0294,"{'<DENSE_REGION_CAPTION>': {'bboxes': [[0.1120000034570694, 0.1120000034570694, 146.60800170898438, 223.66400146484375], [81.87200164794922, 10.416000366210938, 154.0, 117.04000091552734], [173.71200561523438, 87.69599914550781, 223.66400146484375, 223.66400146484375], [168.11199951171875, 19.82400131225586, 223.66400146484375, 129.36000061035156], [23.631999969482422, 17.808000564575195, 48.720001220703125, 87.47200012207031], [184.46400451660156, 29.00800132751465, 207.9840087890625, 72.46400451660156]], 'labels': ['person', 'person', 'person', 'person', 'human face', 'human face']}}"
0295,"{'<DENSE_REGION_CAPTION>': {'bboxes': [[0.1120000034570694, 0.1120000034570694, 146.16000366210938, 223.66400146484375], [90.16000366210938, 0.1120000034570694, 154.67201232910156, 115.69600677490234], [173.71200561523438, 89.48799896240234, 223.66400146484375, 223.66400146484375], [163.8560028076172, 17.583999633789062, 207.760009765625, 127.56800079345703]], 'labels': ['person', 'person', 'person', 'person']}}"
0296,"{'<DENSE_REGION_CAPTION>': {'bboxes': [[0.1120000034570694, 0.1120000034570694, 106.73600006103516, 223.66400146484375], [0.1120000034570694, 0.1120000034570694, 106.96000671386719, 206.63999938964844], [0.1120000034570694, 0.1120000034570694, 32.14400100708008, 223.66400146484375], [172.59201049804688, 87.69599914550781, 223.66400146484375, 223.66400146484375], [104.49600219726562, 0.1120000034570694, 156.46400451660156, 103.3759994506836], [162.5120086669922, 19.82400131225586, 205.52000427246094, 128.01600646972656]], 'labels': ['person', 'person', 'person', 'person', 'person', 'person']}}"
