image_num,bboxes,labels
0001,"{'<DENSE_REGION_CAPTION>': {'bboxes': [[0.1120000034570694, 0.1120000034570694, 56.784000396728516, 223.66400146484375], [156.24000549316406, 27.88800048828125, 210.67201232910156, 166.54400634765625], [188.94400024414062, 120.1760025024414, 223.66400146484375, 223.66400146484375], [13.776000022888184, 29.00800132751465, 41.7760009765625, 94.41600036621094], [172.59201049804688, 51.40800094604492, 200.14401245117188, 95.76000213623047], [189.39199829101562, 169.0080108642578, 204.84800720214844, 223.66400146484375]], 'labels': ['person', 'person', 'person', 'human face', 'human face', 'human face']}}"
0002,"{'<DENSE_REGION_CAPTION>': {'bboxes': [[0.1120000034570694, 0.1120000034570694, 71.56800079345703, 223.66400146484375], [0.1120000034570694, 0.1120000034570694, 57.23200225830078, 223.66400146484375], [165.87200927734375, 91.9520034790039, 223.66400146484375, 223.66400146484375], [157.13600158691406, 34.832000732421875, 212.01600646972656, 166.99200439453125], [13.776000022888184, 30.576000213623047, 42.672000885009766, 93.96800231933594], [188.94400024414062, 154.89601135253906, 209.552001953125, 204.62400817871094]], 'labels': ['person', 'person', 'person', 'person', 'human face', 'human face']}}"
0003,"{'<DENSE_REGION_CAPTION>': {'bboxes': [[0.1120000034570694, 0.1120000034570694, 71.79199981689453, 223.66400146484375], [0.1120000034570694, 0.1120000034570694, 49.84000015258789, 223.66400146484375], [155.12001037597656, 26.992000579833984, 218.5120086669922, 169.4560089111328], [175.27999877929688, 106.28800201416016, 223.66400146484375, 223.66400146484375], [14.672000885009766, 31.696001052856445, 43.12000274658203, 94.86400604248047], [176.84800720214844, 37.29600143432617, 199.92001342773438, 82.99200439453125]], 'labels': ['person', 'person', 'person', 'person', 'human face', 'human face']}}"
0004,"{'<DENSE_REGION_CAPTION>': {'bboxes': [[0.1120000034570694, 0.1120000034570694, 72.68800354003906, 223.66400146484375], [152.8800048828125, 26.09600067138672, 210.2239990234375, 171.4720001220703], [189.8400115966797, 90.16000366210938, 223.66400146484375, 223.66400146484375], [14.672000885009766, 31.920000076293945, 43.12000274658203, 95.98400115966797], [172.36801147460938, 39.53600311279297, 192.3040008544922, 84.11199951171875]], 'labels': ['person', 'person', 'person', 'human face', 'human face']}}"
0005,"{'<DENSE_REGION_CAPTION>': {'bboxes': [[0.1120000034570694, 0.1120000034570694, 73.58399963378906, 223.66400146484375], [159.15200805664062, 21.168001174926758, 216.27200317382812, 202.83200073242188], [160.72000122070312, 93.52000427246094, 223.66400146484375, 223.66400146484375], [14.672000885009766, 31.696001052856445, 43.12000274658203, 97.3280029296875]], 'labels': ['person', 'person', 'person', 'human face']}}"
0006,"{'<DENSE_REGION_CAPTION>': {'bboxes': [[0.1120000034570694, 0.1120000034570694, 73.58399963378906, 223.66400146484375], [155.12001037597656, 20.720001220703125, 217.8400115966797, 202.60800170898438], [164.3040008544922, 90.60800170898438, 223.66400146484375, 223.66400146484375], [12.880000114440918, 34.384002685546875, 42.224002838134766, 97.3280029296875], [181.7760009765625, 42.224002838134766, 204.84800720214844, 82.09600067138672]], 'labels': ['person', 'person', 'person', 'human face', 'human face']}}"
0007,"{'<DENSE_REGION_CAPTION>': {'bboxes': [[0.1120000034570694, 0.1120000034570694, 71.56800079345703, 223.66400146484375], [156.68800354003906, 23.18400001525879, 219.4080047607422, 202.60800170898438], [168.7840118408203, 95.53600311279297, 223.66400146484375, 223.66400146484375], [86.35200500488281, 39.53600311279297, 146.83200073242188, 108.97600555419922]], 'labels': ['person', 'person', 'person', 'person']}}"
0008,"{'<DENSE_REGION_CAPTION>': {'bboxes': [[0.1120000034570694, 0.1120000034570694, 72.68800354003906, 223.66400146484375], [147.27999877929688, 92.8479995727539, 223.66400146484375, 223.66400146484375], [158.48001098632812, 20.944000244140625, 218.9600067138672, 154.2239990234375], [15.792000770568848, 24.75200080871582, 42.224002838134766, 91.2800064086914], [181.3280029296875, 31.02400016784668, 209.3280029296875, 77.39200592041016]], 'labels': ['person', 'person', 'person', 'human face', 'human face']}}"
0009,"{'<DENSE_REGION_CAPTION>': {'bboxes': [[0.1120000034570694, 0.1120000034570694, 70.67200469970703, 223.66400146484375], [136.9759979248047, 93.52000427246094, 223.66400146484375, 223.66400146484375], [0.1120000034570694, 0.1120000034570694, 53.20000076293945, 195.21600341796875], [169.0080108642578, 16.239999771118164, 216.04800415039062, 156.01600646972656], [83.44000244140625, 47.37600326538086, 159.82400512695312, 107.40800476074219]], 'labels': ['person', 'person', 'person', 'person', 'person']}}"
0010,"{'<DENSE_REGION_CAPTION>': {'bboxes': [[0.1120000034570694, 2.8000001907348633, 68.8800048828125, 223.66400146484375], [136.9759979248047, 121.29600524902344, 223.66400146484375, 223.66400146484375], [155.12001037597656, 14.896000862121582, 216.04800415039062, 144.81600952148438], [89.93600463867188, 0.1120000034570694, 161.16799926757812, 102.0320053100586]], 'labels': ['person', 'person', 'person', 'person']}}"
0011,"{'<DENSE_REGION_CAPTION>': {'bboxes': [[0.1120000034570694, 4.144000053405762, 69.7760009765625, 223.66400146484375], [135.8560028076172, 119.5040054321289, 223.66400146484375, 223.66400146484375], [157.36000061035156, 39.98400115966797, 221.20001220703125, 158.92800903320312], [88.59200286865234, 0.1120000034570694, 150.86399841308594, 100.01600646972656]], 'labels': ['person', 'person', 'person', 'person']}}"
0012,"{'<DENSE_REGION_CAPTION>': {'bboxes': [[0.1120000034570694, 3.9200000762939453, 70.2239990234375, 223.66400146484375], [137.87200927734375, 81.87200164794922, 223.66400146484375, 223.66400146484375], [87.92000579833984, 0.1120000034570694, 149.96800231933594, 113.00800323486328], [168.5600128173828, 43.56800079345703, 220.3040008544922, 150.19200134277344]], 'labels': ['person', 'person', 'person', 'person']}}"
0013,"{'<DENSE_REGION_CAPTION>': {'bboxes': [[0.1120000034570694, 3.9200000762939453, 71.12000274658203, 223.66400146484375], [139.66400146484375, 72.91200256347656, 223.66400146484375, 223.66400146484375], [87.69599914550781, 0.1120000034570694, 149.96800231933594, 108.08000183105469], [179.0880126953125, 23.631999969482422, 223.66400146484375, 164.5279998779297]], 'labels': ['person', 'person', 'person', 'person']}}"
0014,"{'<DENSE_REGION_CAPTION>': {'bboxes': [[0.1120000034570694, 0.1120000034570694, 70.67200469970703, 223.66400146484375], [140.7840118408203, 95.76000213623047, 223.66400146484375, 223.66400146484375], [160.04800415039062, 16.91200065612793, 213.36000061035156, 165.20001220703125], [104.94400024414062, 0.1120000034570694, 151.31201171875, 98.22400665283203]], 'labels': ['person', 'person', 'person', 'person']}}"
0015,"{'<DENSE_REGION_CAPTION>': {'bboxes': [[0.1120000034570694, 0.1120000034570694, 128.68800354003906, 223.66400146484375], [147.50399780273438, 21.168001174926758, 210.2239990234375, 144.36801147460938], [89.04000091552734, 0.1120000034570694, 151.31201171875, 101.8080062866211], [182.0, 108.75200653076172, 223.66400146484375, 223.66400146484375], [20.720001220703125, 12.880000114440918, 46.25600051879883, 80.52799987792969], [174.83200073242188, 39.53600311279297, 197.0080108642578, 77.84000396728516]], 'labels': ['person', 'person', 'person', 'person', 'human face', 'human face']}}"
0016,"{'<DENSE_REGION_CAPTION>': {'bboxes': [[0.1120000034570694, 2.8000001907348633, 160.49600219726562, 223.66400146484375], [152.8800048828125, 20.720001220703125, 214.25601196289062, 185.13600158691406], [88.59200286865234, 0.1120000034570694, 155.56800842285156, 115.69600677490234], [194.32000732421875, 148.17601013183594, 223.66400146484375, 223.66400146484375]], 'labels': ['person', 'person', 'person', 'person']}}"
0017,"{'<DENSE_REGION_CAPTION>': {'bboxes': [[0.1120000034570694, 7.28000020980835, 161.6160125732422, 223.66400146484375], [91.2800064086914, 0.1120000034570694, 157.13600158691406, 120.84800720214844], [155.56800842285156, 21.392000198364258, 210.89601135253906, 169.9040069580078], [147.95201110839844, 149.74400329589844, 223.66400146484375, 223.66400146484375], [40.20800018310547, 21.392000198364258, 63.50400161743164, 85.00800323486328], [169.9040069580078, 49.84000015258789, 196.11199951171875, 84.11199951171875]], 'labels': ['person', 'person', 'person', 'person', 'human face', 'human face']}}"
0018,"{'<DENSE_REGION_CAPTION>': {'bboxes': [[0.1120000034570694, 5.936000347137451, 156.24000549316406, 223.66400146484375], [36.176002502441406, 20.720001220703125, 61.48800277709961, 86.35200500488281]], 'labels': ['girl', 'human face']}}"
0019,"{'<DENSE_REGION_CAPTION>': {'bboxes': [[0.1120000034570694, 0.1120000034570694, 156.68800354003906, 223.66400146484375], [159.60000610351562, 122.19200134277344, 223.66400146484375, 223.66400146484375], [158.92800903320312, 39.98400115966797, 216.04800415039062, 155.34400939941406], [111.21600341796875, 0.1120000034570694, 161.39199829101562, 102.2560043334961]], 'labels': ['person', 'woman', 'person', 'person']}}"
0020,"{'<DENSE_REGION_CAPTION>': {'bboxes': [[0.1120000034570694, 6.6080002784729, 156.24000549316406, 223.66400146484375], [35.50400161743164, 26.54400062561035, 65.96800231933594, 92.1760025024414]], 'labels': ['girl', 'human face']}}"
0021,"{'<DENSE_REGION_CAPTION>': {'bboxes': [[0.1120000034570694, 0.1120000034570694, 106.51200103759766, 223.66400146484375], [173.04000854492188, 102.9280014038086, 223.66400146484375, 223.66400146484375], [154.0, 33.71200180053711, 202.38400268554688, 157.13600158691406], [110.99200439453125, 0.1120000034570694, 160.49600219726562, 103.3759994506836]], 'labels': ['person', 'person', 'person', 'person']}}"
0022,"{'<DENSE_REGION_CAPTION>': {'bboxes': [[0.1120000034570694, 0.1120000034570694, 135.4080047607422, 223.66400146484375], [13.776000022888184, 21.168001174926758, 46.704002380371094, 91.2800064086914]], 'labels': ['woman', 'human face']}}"
0023,"{'<DENSE_REGION_CAPTION>': {'bboxes': [[0.1120000034570694, 0.1120000034570694, 136.9759979248047, 223.66400146484375], [159.60000610351562, 35.28000259399414, 223.66400146484375, 223.66400146484375], [159.60000610351562, 35.50400161743164, 217.6160125732422, 156.24000549316406], [176.40000915527344, 89.48799896240234, 223.66400146484375, 223.66400146484375], [97.10400390625, 9.968000411987305, 160.04800415039062, 106.06400299072266]], 'labels': ['person', 'person', 'person', 'person', 'person']}}"
0024,"{'<DENSE_REGION_CAPTION>': {'bboxes': [[0.1120000034570694, 0.1120000034570694, 140.7840118408203, 223.66400146484375], [159.15200805664062, 50.064002990722656, 223.66400146484375, 223.66400146484375]], 'labels': ['person', 'person']}}"
0025,"{'<DENSE_REGION_CAPTION>': {'bboxes': [[0.1120000034570694, 0.1120000034570694, 136.7519989013672, 223.66400146484375], [159.15200805664062, 35.28000259399414, 223.66400146484375, 223.66400146484375], [110.31999969482422, 0.1120000034570694, 164.9759979248047, 103.1520004272461]], 'labels': ['person', 'person', 'person']}}"
0026,"{'<DENSE_REGION_CAPTION>': {'bboxes': [[0.1120000034570694, 0.1120000034570694, 136.3040008544922, 223.66400146484375], [164.3040008544922, 31.02400016784668, 223.66400146484375, 223.66400146484375], [164.3040008544922, 31.248001098632812, 223.66400146484375, 179.9840087890625], [191.6320037841797, 35.72800064086914, 223.66400146484375, 223.66400146484375], [108.97600555419922, 0.1120000034570694, 164.9759979248047, 103.82400512695312], [21.168001174926758, 18.70400047302246, 46.03200149536133, 85.00800323486328]], 'labels': ['person', 'person', 'person', 'person', 'person', 'human face']}}"
0027,"{'<DENSE_REGION_CAPTION>': {'bboxes': [[0.1120000034570694, 0.1120000034570694, 136.3040008544922, 223.66400146484375], [162.7360076904297, 28.112001419067383, 220.3040008544922, 223.66400146484375], [116.59200286865234, 0.1120000034570694, 164.7519989013672, 103.60000610351562]], 'labels': ['person', 'person', 'person']}}"
0028,"{'<DENSE_REGION_CAPTION>': {'bboxes': [[0.1120000034570694, 0.1120000034570694, 140.7840118408203, 223.66400146484375], [160.94400024414062, 27.216001510620117, 218.0640106201172, 199.6959991455078], [201.48800659179688, 44.0160026550293, 223.66400146484375, 223.66400146484375], [119.9520034790039, 0.1120000034570694, 163.4080047607422, 103.1520004272461], [27.66400146484375, 18.256000518798828, 46.47999954223633, 82.54400634765625], [179.31201171875, 44.0160026550293, 195.44000244140625, 82.76800537109375]], 'labels': ['person', 'person', 'person', 'person', 'human face', 'human face']}}"
0029,"{'<DENSE_REGION_CAPTION>': {'bboxes': [[0.1120000034570694, 3.9200000762939453, 141.2320098876953, 223.66400146484375], [161.16799926757812, 19.82400131225586, 216.27200317382812, 182.67201232910156], [190.9600067138672, 64.4000015258789, 223.66400146484375, 223.66400146484375], [121.29600524902344, 0.1120000034570694, 164.3040008544922, 103.3759994506836], [8.624000549316406, 35.28000259399414, 41.104000091552734, 100.24000549316406], [179.9840087890625, 32.36800003051758, 194.99200439453125, 78.06400299072266]], 'labels': ['person', 'person', 'person', 'person', 'human face', 'human face']}}"
0030,"{'<DENSE_REGION_CAPTION>': {'bboxes': [[0.1120000034570694, 0.1120000034570694, 141.2320098876953, 223.66400146484375], [160.72000122070312, 14.896000862121582, 210.89601135253906, 166.99200439453125], [118.38400268554688, 0.1120000034570694, 162.5120086669922, 102.9280014038086], [193.87200927734375, 118.16000366210938, 223.66400146484375, 223.66400146484375], [146.83200073242188, 190.0640106201172, 196.11199951171875, 223.66400146484375]], 'labels': ['person', 'person', 'person', 'person', 'person']}}"
0031,"{'<DENSE_REGION_CAPTION>': {'bboxes': [[0.1120000034570694, 0.1120000034570694, 110.31999969482422, 223.66400146484375], [146.60800170898438, 99.56800079345703, 223.66400146484375, 223.66400146484375], [158.48001098632812, 14.0, 212.46400451660156, 157.36000061035156], [120.1760025024414, 0.1120000034570694, 163.4080047607422, 102.4800033569336]], 'labels': ['person', 'person', 'person', 'person']}}"
0032,"{'<DENSE_REGION_CAPTION>': {'bboxes': [[0.1120000034570694, 0.1120000034570694, 154.2239990234375, 223.66400146484375], [146.83200073242188, 111.88800048828125, 223.66400146484375, 223.66400146484375], [159.15200805664062, 14.896000862121582, 211.12001037597656, 132.72000122070312], [115.47200012207031, 0.1120000034570694, 159.60000610351562, 106.06400299072266], [34.15999984741211, 15.120000839233398, 57.23200225830078, 80.75199890136719], [176.17601013183594, 33.93600082397461, 192.0800018310547, 77.39200592041016], [132.49600219726562, 16.016000747680664, 153.552001953125, 48.272003173828125]], 'labels': ['person', 'person', 'person', 'person', 'human face', 'human face', 'human face']}}"
0033,"{'<DENSE_REGION_CAPTION>': {'bboxes': [[0.1120000034570694, 0.1120000034570694, 140.7840118408203, 223.66400146484375], [159.15200805664062, 16.016000747680664, 209.552001953125, 199.92001342773438], [161.16799926757812, 93.07200622558594, 223.66400146484375, 223.66400146484375], [116.59200286865234, 0.1120000034570694, 159.60000610351562, 106.96000671386719]], 'labels': ['person', 'person', 'person', 'person']}}"
0034,"{'<DENSE_REGION_CAPTION>': {'bboxes': [[0.1120000034570694, 0.1120000034570694, 143.2480010986328, 223.66400146484375], [159.15200805664062, 18.256000518798828, 210.0, 160.94400024414062], [114.12800598144531, 2.128000020980835, 160.94400024414062, 109.87200164794922], [21.168001174926758, 17.583999633789062, 48.720001220703125, 86.35200500488281], [171.6959991455078, 43.12000274658203, 190.9600067138672, 76.49600219726562], [132.72000122070312, 20.720001220703125, 152.2080078125, 50.064002990722656]], 'labels': ['person', 'person', 'person', 'human face', 'human face', 'human face']}}"
0035,"{'<DENSE_REGION_CAPTION>': {'bboxes': [[0.1120000034570694, 0.1120000034570694, 138.99200439453125, 223.66400146484375], [159.60000610351562, 14.896000862121582, 210.67201232910156, 223.66400146484375], [115.02400207519531, 2.8000001907348633, 160.04800415039062, 108.75200653076172], [199.4720001220703, 87.92000579833984, 223.66400146484375, 223.66400146484375]], 'labels': ['person', 'person', 'person', 'person']}}"
0036,"{'<DENSE_REGION_CAPTION>': {'bboxes': [[0.1120000034570694, 0.1120000034570694, 141.2320098876953, 223.66400146484375], [0.1120000034570694, 0.1120000034570694, 94.41600036621094, 223.66400146484375], [158.70401000976562, 14.44800090789795, 209.3280029296875, 223.66400146484375], [115.02400207519531, 3.696000099182129, 160.49600219726562, 108.75200653076172], [205.96800231933594, 95.08800506591797, 223.66400146484375, 223.66400146484375]], 'labels': ['person', 'person', 'person', 'person', 'person']}}"
0037,"{'<DENSE_REGION_CAPTION>': {'bboxes': [[0.1120000034570694, 0.1120000034570694, 155.56800842285156, 223.66400146484375], [160.27200317382812, 19.376001358032227, 210.67201232910156, 181.7760009765625], [114.35200500488281, 3.248000144958496, 160.49600219726562, 109.64800262451172], [32.36800003051758, 9.968000411987305, 54.992000579833984, 73.58399963378906], [174.60800170898438, 37.07200241088867, 192.97601318359375, 76.27200317382812], [132.27200317382812, 18.928001403808594, 151.08799743652344, 50.736000061035156]], 'labels': ['person', 'person', 'person', 'human face', 'human face', 'human face']}}"
0038,"{'<DENSE_REGION_CAPTION>': {'bboxes': [[0.1120000034570694, 4.815999984741211, 157.58399963378906, 223.66400146484375], [161.8400115966797, 19.82400131225586, 213.58399963378906, 199.4720001220703], [95.76000213623047, 0.1120000034570694, 145.48800659179688, 94.63999938964844], [37.96800231933594, 17.583999633789062, 59.47200012207031, 79.63200378417969], [174.60800170898438, 45.36000061035156, 200.14401245117188, 87.92000579833984], [101.36000061035156, 0.1120000034570694, 117.93600463867188, 22.736000061035156]], 'labels': ['person', 'person', 'person', 'human face', 'human face', 'human face']}}"
0039,"{'<DENSE_REGION_CAPTION>': {'bboxes': [[0.1120000034570694, 4.815999984741211, 157.13600158691406, 223.66400146484375], [163.8560028076172, 26.54400062561035, 215.37600708007812, 161.6160125732422], [76.94400024414062, 0.1120000034570694, 140.11199951171875, 101.8080062866211], [192.97601318359375, 136.5279998779297, 223.66400146484375, 223.66400146484375], [33.263999938964844, 18.48000144958496, 58.57600021362305, 82.76800537109375], [175.95201110839844, 57.00800323486328, 201.26400756835938, 89.93600463867188], [84.78400421142578, 0.1120000034570694, 101.58399963378906, 24.079999923706055]], 'labels': ['person', 'person', 'person', 'person', 'human face', 'human face', 'human face']}}"
0040,"{'<DENSE_REGION_CAPTION>': {'bboxes': [[0.1120000034570694, 24.527999877929688, 158.48001098632812, 223.66400146484375], [79.63200378417969, 0.1120000034570694, 148.84800720214844, 104.49600219726562], [12.208000183105469, 49.61600112915039, 61.71200180053711, 129.80799865722656], [43.56800079345703, 54.544002532958984, 71.56800079345703, 117.93600463867188]], 'labels': ['person', 'person', 'scarf', 'human face']}}"
0041,"{'<DENSE_REGION_CAPTION>': {'bboxes': [[0.1120000034570694, 18.928001403808594, 151.760009765625, 223.66400146484375], [186.03201293945312, 69.10400390625, 223.66400146484375, 223.66400146484375], [87.69599914550781, 0.1120000034570694, 141.9040069580078, 106.96000671386719], [9.968000411987305, 52.97600173950195, 61.26400375366211, 128.91200256347656], [42.895999908447266, 48.272003173828125, 67.76000213623047, 108.30400085449219]], 'labels': ['person', 'person', 'person', 'scarf', 'human face']}}"
0042,"{'<DENSE_REGION_CAPTION>': {'bboxes': [[0.1120000034570694, 6.384000301361084, 156.24000549316406, 223.66400146484375], [173.26400756835938, 100.46400451660156, 223.66400146484375, 223.66400146484375], [87.24800109863281, 5.263999938964844, 151.760009765625, 105.61600494384766], [163.4080047607422, 29.23200035095215, 214.70401000976562, 146.38400268554688]], 'labels': ['person', 'person', 'person', 'person']}}"
0043,"{'<DENSE_REGION_CAPTION>': {'bboxes': [[0.1120000034570694, 0.1120000034570694, 79.40800476074219, 223.66400146484375], [0.1120000034570694, 0.1120000034570694, 57.23200225830078, 223.66400146484375], [163.8560028076172, 39.3120002746582, 223.66400146484375, 200.59201049804688], [79.85600280761719, 19.82400131225586, 157.13600158691406, 111.21600341796875], [195.44000244140625, 87.02400207519531, 223.66400146484375, 223.66400146484375]], 'labels': ['person', 'person', 'person', 'person', 'person']}}"
0044,"{'<DENSE_REGION_CAPTION>': {'bboxes': [[0.1120000034570694, 0.1120000034570694, 88.14400482177734, 223.66400146484375], [20.272001266479492, 20.720001220703125, 47.152000427246094, 89.04000091552734], [170.1280059814453, 165.42401123046875, 189.6160125732422, 197.0080108642578]], 'labels': ['girl', 'human face', 'human face']}}"
0045,"{'<DENSE_REGION_CAPTION>': {'bboxes': [[0.1120000034570694, 0.1120000034570694, 91.05599975585938, 223.66400146484375], [24.079999923706055, 23.631999969482422, 48.720001220703125, 89.26399993896484]], 'labels': ['woman', 'human face']}}"
0046,"{'<DENSE_REGION_CAPTION>': {'bboxes': [[0.1120000034570694, 2.8000001907348633, 91.05599975585938, 223.66400146484375], [81.64800262451172, 0.1120000034570694, 159.60000610351562, 120.1760025024414], [144.1439971923828, 92.6240005493164, 223.66400146484375, 223.66400146484375], [141.2320098876953, 35.055999755859375, 223.66400146484375, 137.42401123046875], [22.736000061035156, 28.560001373291016, 47.37600326538086, 94.41600036621094]], 'labels': ['person', 'person', 'woman', 'woman', 'human face']}}"
0047,"{'<DENSE_REGION_CAPTION>': {'bboxes': [[0.1120000034570694, 0.1120000034570694, 89.93600463867188, 223.66400146484375], [139.21600341796875, 84.78400421142578, 223.66400146484375, 223.66400146484375], [22.736000061035156, 28.560001373291016, 48.496002197265625, 92.6240005493164]], 'labels': ['woman', 'woman', 'human face']}}"
0048,"{'<DENSE_REGION_CAPTION>': {'bboxes': [[0.1120000034570694, 0.1120000034570694, 90.60800170898438, 223.66400146484375], [152.2080078125, 89.71200561523438, 223.66400146484375, 223.66400146484375], [143.2480010986328, 36.624000549316406, 223.66400146484375, 139.44000244140625], [91.5040054321289, 0.1120000034570694, 156.24000549316406, 98.89600372314453], [21.84000015258789, 28.112001419067383, 48.04800033569336, 91.7280044555664]], 'labels': ['person', 'person', 'person', 'person', 'human face']}}"
0049,"{'<DENSE_REGION_CAPTION>': {'bboxes': [[0.1120000034570694, 0.1120000034570694, 89.48799896240234, 223.66400146484375], [160.72000122070312, 80.75199890136719, 223.66400146484375, 223.66400146484375], [141.4560089111328, 37.74399948120117, 223.66400146484375, 129.13600158691406], [93.96800231933594, 0.1120000034570694, 155.12001037597656, 95.53600311279297], [21.168001174926758, 29.68000030517578, 46.704002380371094, 92.6240005493164]], 'labels': ['person', 'person', 'person', 'person', 'human face']}}"
0050,"{'<DENSE_REGION_CAPTION>': {'bboxes': [[0.1120000034570694, 0.1120000034570694, 88.59200286865234, 223.66400146484375], [140.33599853515625, 40.432003021240234, 223.66400146484375, 204.62400817871094], [79.40800476074219, 0.1120000034570694, 153.3280029296875, 98.67200469970703], [21.61600112915039, 29.23200035095215, 46.928001403808594, 92.6240005493164]], 'labels': ['person', 'person', 'person', 'human face']}}"
0051,"{'<DENSE_REGION_CAPTION>': {'bboxes': [[0.1120000034570694, 0.1120000034570694, 82.76800537109375, 223.66400146484375], [143.9199981689453, 37.29600143432617, 223.66400146484375, 223.66400146484375], [78.95999908447266, 0.1120000034570694, 150.86399841308594, 98.67200469970703], [193.87200927734375, 94.63999938964844, 223.66400146484375, 223.66400146484375]], 'labels': ['person', 'person', 'person', 'person']}}"
0052,"{'<DENSE_REGION_CAPTION>': {'bboxes': [[0.1120000034570694, 0.1120000034570694, 82.76800537109375, 223.66400146484375], [148.62400817871094, 36.176002502441406, 223.66400146484375, 203.72801208496094], [78.95999908447266, 0.1120000034570694, 145.93600463867188, 94.41600036621094]], 'labels': ['person', 'person', 'person']}}"
0053,"{'<DENSE_REGION_CAPTION>': {'bboxes': [[0.1120000034570694, 0.1120000034570694, 82.31999969482422, 223.66400146484375], [147.27999877929688, 36.847999572753906, 223.66400146484375, 223.66400146484375], [79.40800476074219, 0.1120000034570694, 145.93600463867188, 93.52000427246094]], 'labels': ['person', 'person', 'person']}}"
0054,"{'<DENSE_REGION_CAPTION>': {'bboxes': [[0.1120000034570694, 0.1120000034570694, 74.4800033569336, 223.66400146484375], [146.60800170898438, 37.29600143432617, 220.75201416015625, 166.09600830078125], [170.3520050048828, 99.79199981689453, 223.66400146484375, 223.66400146484375], [80.08000183105469, 0.1120000034570694, 147.95201110839844, 93.07200622558594]], 'labels': ['person', 'person', 'person', 'person']}}"
0055,"{'<DENSE_REGION_CAPTION>': {'bboxes': [[0.1120000034570694, 0.1120000034570694, 74.7040023803711, 223.66400146484375], [143.9199981689453, 39.76000213623047, 223.66400146484375, 196.11199951171875], [80.08000183105469, 0.1120000034570694, 146.60800170898438, 93.07200622558594]], 'labels': ['person', 'person', 'person']}}"
0056,"{'<DENSE_REGION_CAPTION>': {'bboxes': [[0.1120000034570694, 0.1120000034570694, 76.04800415039062, 223.66400146484375], [144.36801147460938, 35.28000259399414, 213.13600158691406, 202.60800170898438], [80.30400085449219, 0.1120000034570694, 152.2080078125, 97.7760009765625]], 'labels': ['person', 'person', 'person']}}"
0057,"{'<DENSE_REGION_CAPTION>': {'bboxes': [[0.1120000034570694, 0.1120000034570694, 76.04800415039062, 223.66400146484375], [149.29600524902344, 42.0, 220.3040008544922, 199.6959991455078], [80.08000183105469, 0.1120000034570694, 144.1439971923828, 90.83200073242188]], 'labels': ['person', 'person', 'person']}}"
0058,"{'<DENSE_REGION_CAPTION>': {'bboxes': [[0.1120000034570694, 0.1120000034570694, 76.49600219726562, 223.66400146484375], [143.0240020751953, 20.720001220703125, 218.5120086669922, 199.6959991455078], [80.30400085449219, 0.1120000034570694, 145.04000854492188, 90.83200073242188]], 'labels': ['person', 'person', 'person']}}"
0059,"{'<DENSE_REGION_CAPTION>': {'bboxes': [[0.1120000034570694, 0.1120000034570694, 76.04800415039062, 223.66400146484375], [153.7760009765625, 14.44800090789795, 215.82400512695312, 199.4720001220703], [176.17601013183594, 83.88800048828125, 223.66400146484375, 223.66400146484375], [81.20000457763672, 0.1120000034570694, 146.83200073242188, 93.29600524902344]], 'labels': ['person', 'person', 'person', 'person']}}"
0060,"{'<DENSE_REGION_CAPTION>': {'bboxes': [[0.1120000034570694, 0.1120000034570694, 74.0320053100586, 223.66400146484375], [146.16000366210938, 18.032001495361328, 215.15200805664062, 199.92001342773438], [81.20000457763672, 0.1120000034570694, 142.5760040283203, 90.83200073242188]], 'labels': ['person', 'person', 'person']}}"
0061,"{'<DENSE_REGION_CAPTION>': {'bboxes': [[0.1120000034570694, 0.1120000034570694, 73.58399963378906, 223.66400146484375], [158.70401000976562, 17.808000564575195, 215.15200805664062, 199.4720001220703], [82.09600067138672, 0.1120000034570694, 142.1280059814453, 91.7280044555664]], 'labels': ['person', 'person', 'person']}}"
0062,"{'<DENSE_REGION_CAPTION>': {'bboxes': [[0.1120000034570694, 0.1120000034570694, 73.58399963378906, 223.66400146484375], [0.1120000034570694, 0.1120000034570694, 57.68000030517578, 223.66400146484375], [159.60000610351562, 19.376001358032227, 216.49600219726562, 163.8560028076172], [93.29600524902344, 0.1120000034570694, 141.0080108642578, 93.07200622558594]], 'labels': ['person', 'person', 'person', 'person']}}"
0063,"{'<DENSE_REGION_CAPTION>': {'bboxes': [[0.1120000034570694, 0.1120000034570694, 73.13600158691406, 223.66400146484375], [160.49600219726562, 13.104000091552734, 218.5120086669922, 163.8560028076172], [91.5040054321289, 0.1120000034570694, 144.1439971923828, 92.6240005493164]], 'labels': ['person', 'person', 'person']}}"
0064,"{'<DENSE_REGION_CAPTION>': {'bboxes': [[0.1120000034570694, 0.1120000034570694, 72.68800354003906, 223.66400146484375], [156.24000549316406, 20.04800033569336, 223.66400146484375, 195.66400146484375], [89.48799896240234, 0.1120000034570694, 154.67201232910156, 101.8080062866211]], 'labels': ['person', 'person', 'person']}}"
0065,"{'<DENSE_REGION_CAPTION>': {'bboxes': [[0.1120000034570694, 0.1120000034570694, 72.68800354003906, 223.66400146484375], [159.15200805664062, 13.104000091552734, 215.15200805664062, 223.66400146484375], [89.48799896240234, 0.1120000034570694, 153.7760009765625, 101.58399963378906]], 'labels': ['person', 'person', 'person']}}"
0066,"{'<DENSE_REGION_CAPTION>': {'bboxes': [[0.1120000034570694, 0.1120000034570694, 77.39200592041016, 223.66400146484375], [156.46400451660156, 14.896000862121582, 223.66400146484375, 223.66400146484375], [92.8479995727539, 0.1120000034570694, 153.7760009765625, 101.58399963378906]], 'labels': ['person', 'person', 'person']}}"
0067,"{'<DENSE_REGION_CAPTION>': {'bboxes': [[0.1120000034570694, 0.1120000034570694, 75.1520004272461, 223.66400146484375], [156.24000549316406, 14.672000885009766, 217.3920135498047, 180.4320068359375], [97.3280029296875, 0.1120000034570694, 149.96800231933594, 98.67200469970703], [180.2080078125, 130.48001098632812, 223.66400146484375, 223.66400146484375]], 'labels': ['person', 'person', 'person', 'person']}}"
0068,"{'<DENSE_REGION_CAPTION>': {'bboxes': [[0.1120000034570694, 0.1120000034570694, 83.21600341796875, 223.66400146484375], [154.447998046875, 16.016000747680664, 215.15200805664062, 169.0080108642578], [102.7040023803711, 0.1120000034570694, 157.13600158691406, 103.60000610351562], [170.3520050048828, 122.19200134277344, 223.66400146484375, 223.66400146484375]], 'labels': ['person', 'person', 'person', 'person']}}"
0069,"{'<DENSE_REGION_CAPTION>': {'bboxes': [[0.1120000034570694, 0.1120000034570694, 76.04800415039062, 223.66400146484375], [155.12001037597656, 16.91200065612793, 213.58399963378906, 195.66400146484375], [78.51200103759766, 0.1120000034570694, 149.96800231933594, 98.0], [184.68800354003906, 98.0, 223.66400146484375, 223.66400146484375]], 'labels': ['person', 'person', 'person', 'person']}}"
0070,"{'<DENSE_REGION_CAPTION>': {'bboxes': [[0.1120000034570694, 1.9040000438690186, 75.60000610351562, 223.66400146484375], [155.79200744628906, 20.720001220703125, 216.49600219726562, 194.09600830078125], [165.20001220703125, 102.9280014038086, 223.66400146484375, 223.66400146484375], [75.82400512695312, 0.1120000034570694, 141.2320098876953, 95.98400115966797]], 'labels': ['person', 'person', 'person', 'person']}}"
0071,"{'<DENSE_REGION_CAPTION>': {'bboxes': [[0.1120000034570694, 0.1120000034570694, 77.39200592041016, 223.66400146484375], [157.13600158691406, 20.720001220703125, 217.3920135498047, 196.7840118408203], [75.60000610351562, 0.1120000034570694, 139.44000244140625, 95.98400115966797], [164.5279998779297, 110.54400634765625, 223.66400146484375, 223.66400146484375]], 'labels': ['person', 'person', 'person', 'person']}}"
0072,"{'<DENSE_REGION_CAPTION>': {'bboxes': [[0.1120000034570694, 0.1120000034570694, 75.60000610351562, 223.66400146484375], [157.13600158691406, 22.736000061035156, 221.87200927734375, 169.4560089111328], [75.60000610351562, 0.1120000034570694, 140.11199951171875, 95.76000213623047], [164.9759979248047, 100.01600646972656, 223.66400146484375, 223.66400146484375]], 'labels': ['person', 'person', 'person', 'person']}}"
0073,"{'<DENSE_REGION_CAPTION>': {'bboxes': [[0.1120000034570694, 0.1120000034570694, 75.1520004272461, 223.66400146484375], [157.13600158691406, 22.512001037597656, 217.8400115966797, 204.62400817871094], [164.3040008544922, 91.9520034790039, 223.66400146484375, 223.66400146484375], [75.82400512695312, 0.1120000034570694, 140.7840118408203, 95.31200408935547]], 'labels': ['person', 'person', 'person', 'person']}}"
0074,"{'<DENSE_REGION_CAPTION>': {'bboxes': [[0.1120000034570694, 0.1120000034570694, 75.1520004272461, 223.66400146484375], [152.8800048828125, 91.9520034790039, 223.66400146484375, 223.66400146484375], [165.20001220703125, 21.61600112915039, 218.9600067138672, 187.15200805664062], [101.36000061035156, 0.1120000034570694, 143.4720001220703, 89.48799896240234]], 'labels': ['person', 'person', 'person', 'person']}}"
0075,"{'<DENSE_REGION_CAPTION>': {'bboxes': [[0.1120000034570694, 0.1120000034570694, 76.04800415039062, 223.66400146484375], [160.49600219726562, 19.376001358032227, 222.09600830078125, 168.5600128173828], [159.60000610351562, 114.80000305175781, 223.66400146484375, 223.66400146484375], [100.46400451660156, 0.1120000034570694, 144.36801147460938, 89.71200561523438], [16.464000701904297, 28.112001419067383, 44.6879997253418, 91.05599975585938], [184.91200256347656, 37.07200241088867, 208.4320068359375, 83.44000244140625]], 'labels': ['person', 'person', 'person', 'person', 'human face', 'human face']}}"
0076,"{'<DENSE_REGION_CAPTION>': {'bboxes': [[0.1120000034570694, 0.1120000034570694, 136.7519989013672, 223.66400146484375], [146.60800170898438, 19.376001358032227, 220.97601318359375, 168.5600128173828], [150.86399841308594, 120.84800720214844, 223.66400146484375, 223.66400146484375], [102.2560043334961, 0.1120000034570694, 145.04000854492188, 89.71200561523438]], 'labels': ['person', 'person', 'person', 'person']}}"
0077,"{'<DENSE_REGION_CAPTION>': {'bboxes': [[0.1120000034570694, 0.1120000034570694, 136.9759979248047, 223.66400146484375], [149.29600524902344, 19.82400131225586, 223.66400146484375, 151.08799743652344], [101.8080062866211, 0.784000039100647, 146.16000366210938, 90.16000366210938], [18.48000144958496, 21.392000198364258, 46.03200149536133, 88.36800384521484], [181.10400390625, 38.63999938964844, 204.84800720214844, 85.90399932861328]], 'labels': ['person', 'person', 'person', 'human face', 'human face']}}"
0078,"{'<DENSE_REGION_CAPTION>': {'bboxes': [[0.1120000034570694, 0.1120000034570694, 87.24800109863281, 223.66400146484375], [152.4320068359375, 15.120000839233398, 221.87200927734375, 168.33599853515625], [188.94400024414062, 94.41600036621094, 223.66400146484375, 223.66400146484375], [101.36000061035156, 0.1120000034570694, 146.60800170898438, 89.71200561523438], [5.936000347137451, 17.583999633789062, 33.48800277709961, 86.35200500488281], [190.9600067138672, 148.17601013183594, 214.25601196289062, 206.41600036621094], [184.46400451660156, 34.832000732421875, 206.864013671875, 83.21600341796875]], 'labels': ['person', 'person', 'person', 'person', 'human face', 'human face', 'human face']}}"
0079,"{'<DENSE_REGION_CAPTION>': {'bboxes': [[0.1120000034570694, 0.1120000034570694, 118.60800170898438, 223.66400146484375], [149.96800231933594, 17.808000564575195, 213.58399963378906, 167.21600341796875], [100.24000549316406, 0.1120000034570694, 147.05599975585938, 103.3759994506836], [193.64801025390625, 82.31999969482422, 223.66400146484375, 223.66400146484375]], 'labels': ['person', 'person', 'person', 'person']}}"
0080,"{'<DENSE_REGION_CAPTION>': {'bboxes': [[0.1120000034570694, 1.9040000438690186, 138.54400634765625, 223.66400146484375], [0.1120000034570694, 1.9040000438690186, 93.74400329589844, 223.66400146484375], [144.36801147460938, 17.808000564575195, 215.37600708007812, 199.6959991455078], [88.81600189208984, 13.552000045776367, 136.5279998779297, 113.23200225830078]], 'labels': ['person', 'person', 'person', 'person']}}"
0081,"{'<DENSE_REGION_CAPTION>': {'bboxes': [[0.1120000034570694, 5.488000392913818, 141.2320098876953, 223.66400146484375], [143.6959991455078, 14.896000862121582, 213.58399963378906, 223.66400146484375], [93.74400329589844, 10.192000389099121, 138.32000732421875, 111.44000244140625]], 'labels': ['person', 'person', 'person']}}"
0082,"{'<DENSE_REGION_CAPTION>': {'bboxes': [[0.1120000034570694, 2.8000001907348633, 135.8560028076172, 223.66400146484375], [145.48800659179688, 14.672000885009766, 213.58399963378906, 223.66400146484375], [86.80000305175781, 14.44800090789795, 143.0240020751953, 113.90400695800781]], 'labels': ['person', 'person', 'person']}}"
0083,"{'<DENSE_REGION_CAPTION>': {'bboxes': [[0.1120000034570694, 0.1120000034570694, 132.04800415039062, 223.66400146484375], [143.2480010986328, 16.239999771118164, 214.48001098632812, 223.66400146484375], [84.78400421142578, 16.91200065612793, 142.1280059814453, 114.57600402832031]], 'labels': ['person', 'person', 'person']}}"
0084,"{'<DENSE_REGION_CAPTION>': {'bboxes': [[0.1120000034570694, 0.1120000034570694, 103.1520004272461, 223.66400146484375], [145.93600463867188, 15.568000793457031, 214.70401000976562, 198.3520050048828], [85.00800323486328, 15.568000793457031, 142.3520050048828, 117.26399993896484]], 'labels': ['person', 'person', 'person']}}"
0085,"{'<DENSE_REGION_CAPTION>': {'bboxes': [[0.1120000034570694, 0.1120000034570694, 81.42400360107422, 223.66400146484375], [146.16000366210938, 17.583999633789062, 214.70401000976562, 199.0240020751953], [85.23200225830078, 14.672000885009766, 141.2320098876953, 107.63200378417969]], 'labels': ['person', 'person', 'person']}}"
0086,"{'<DENSE_REGION_CAPTION>': {'bboxes': [[0.1120000034570694, 0.1120000034570694, 134.0640106201172, 223.66400146484375], [0.1120000034570694, 0.1120000034570694, 59.02400207519531, 223.66400146484375], [143.2480010986328, 15.568000793457031, 216.94400024414062, 159.60000610351562], [85.68000030517578, 30.576000213623047, 146.83200073242188, 117.71200561523438]], 'labels': ['person', 'person', 'person', 'person']}}"
0087,"{'<DENSE_REGION_CAPTION>': {'bboxes': [[0.1120000034570694, 0.1120000034570694, 123.31200408935547, 223.66400146484375], [143.6959991455078, 18.928001403808594, 215.15200805664062, 160.94400024414062], [92.6240005493164, 31.472000122070312, 147.50399780273438, 118.16000366210938], [180.4320068359375, 130.25599670410156, 223.66400146484375, 223.66400146484375]], 'labels': ['person', 'person', 'person', 'person']}}"
0088,"{'<DENSE_REGION_CAPTION>': {'bboxes': [[0.1120000034570694, 0.1120000034570694, 121.96800231933594, 223.66400146484375], [143.2480010986328, 17.808000564575195, 215.60000610351562, 154.2239990234375], [147.50399780273438, 103.60000610351562, 223.66400146484375, 223.66400146484375], [93.96800231933594, 31.920000076293945, 150.41600036621094, 117.71200561523438]], 'labels': ['person', 'person', 'person', 'person']}}"
0089,"{'<DENSE_REGION_CAPTION>': {'bboxes': [[0.1120000034570694, 0.1120000034570694, 127.79200744628906, 223.66400146484375], [142.5760040283203, 21.168001174926758, 214.48001098632812, 158.70401000976562], [98.89600372314453, 31.248001098632812, 151.08799743652344, 117.26399993896484]], 'labels': ['person', 'person', 'person']}}"
0090,"{'<DENSE_REGION_CAPTION>': {'bboxes': [[0.1120000034570694, 0.1120000034570694, 152.8800048828125, 223.66400146484375], [143.2480010986328, 21.61600112915039, 216.49600219726562, 152.8800048828125], [153.7760009765625, 117.26399993896484, 223.66400146484375, 223.66400146484375], [99.34400177001953, 33.040000915527344, 153.7760009765625, 118.16000366210938]], 'labels': ['person', 'person', 'person', 'person']}}"
0091,"{'<DENSE_REGION_CAPTION>': {'bboxes': [[0.1120000034570694, 1.6800000667572021, 152.2080078125, 223.66400146484375], [143.2480010986328, 20.720001220703125, 214.92800903320312, 132.94400024414062], [163.6320037841797, 116.59200286865234, 223.66400146484375, 223.66400146484375], [99.56800079345703, 32.592002868652344, 155.56800842285156, 117.48800659179688]], 'labels': ['person', 'person', 'person', 'person']}}"
0092,"{'<DENSE_REGION_CAPTION>': {'bboxes': [[0.1120000034570694, 2.5759999752044678, 153.7760009765625, 223.66400146484375], [143.2480010986328, 22.064001083374023, 214.48001098632812, 138.09600830078125], [163.1840057373047, 122.19200134277344, 223.66400146484375, 223.66400146484375], [99.56800079345703, 32.592002868652344, 156.01600646972656, 117.71200561523438]], 'labels': ['person', 'person', 'person', 'person']}}"
0093,"{'<DENSE_REGION_CAPTION>': {'bboxes': [[0.1120000034570694, 3.4720001220703125, 152.8800048828125, 223.66400146484375], [143.0240020751953, 14.896000862121582, 221.42401123046875, 134.7360076904297], [166.76800537109375, 121.07200622558594, 223.66400146484375, 223.66400146484375], [99.79199981689453, 32.592002868652344, 156.01600646972656, 118.38400268554688]], 'labels': ['person', 'person', 'person', 'person']}}"
0094,"{'<DENSE_REGION_CAPTION>': {'bboxes': [[0.1120000034570694, 0.1120000034570694, 71.12000274658203, 223.66400146484375], [143.2480010986328, 17.360000610351562, 216.04800415039062, 143.2480010986328], [158.03199768066406, 114.80000305175781, 223.66400146484375, 223.66400146484375], [102.2560043334961, 32.592002868652344, 159.60000610351562, 116.59200286865234]], 'labels': ['person', 'person', 'person', 'person']}}"
0095,"{'<DENSE_REGION_CAPTION>': {'bboxes': [[0.1120000034570694, 0.1120000034570694, 55.66400146484375, 223.66400146484375], [139.21600341796875, 24.079999923706055, 209.7760009765625, 145.93600463867188], [159.15200805664062, 115.92000579833984, 223.66400146484375, 223.66400146484375], [97.10400390625, 35.50400161743164, 163.8560028076172, 110.54400634765625]], 'labels': ['person', 'person', 'person', 'person']}}"
0096,"{'<DENSE_REGION_CAPTION>': {'bboxes': [[0.1120000034570694, 0.1120000034570694, 82.31999969482422, 223.66400146484375], [155.12001037597656, 116.36800384521484, 223.66400146484375, 223.66400146484375]], 'labels': ['person', 'person']}}"
0097,"{'<DENSE_REGION_CAPTION>': {'bboxes': [[0.1120000034570694, 0.1120000034570694, 90.60800170898438, 223.66400146484375], [0.1120000034570694, 0.1120000034570694, 57.23200225830078, 223.66400146484375], [159.15200805664062, 119.0560073852539, 223.66400146484375, 223.66400146484375], [9.072000503540039, 31.920000076293945, 41.552001953125, 100.46400451660156]], 'labels': ['person', 'person', 'person', 'human face']}}"
0098,"{'<DENSE_REGION_CAPTION>': {'bboxes': [[0.1120000034570694, 2.3519999980926514, 92.8479995727539, 223.66400146484375], [141.4560089111328, 33.040000915527344, 201.26400756835938, 159.82400512695312], [156.24000549316406, 116.36800384521484, 223.66400146484375, 223.66400146484375], [94.41600036621094, 27.440000534057617, 150.86399841308594, 114.80000305175781]], 'labels': ['person', 'person', 'person', 'person']}}"
0099,"{'<DENSE_REGION_CAPTION>': {'bboxes': [[0.1120000034570694, 0.1120000034570694, 135.8560028076172, 223.66400146484375], [145.48800659179688, 19.82400131225586, 205.96800231933594, 163.1840057373047], [153.7760009765625, 116.36800384521484, 223.66400146484375, 223.66400146484375], [94.63999938964844, 27.88800048828125, 146.83200073242188, 112.56000518798828]], 'labels': ['person', 'person', 'person', 'person']}}"
0100,"{'<DENSE_REGION_CAPTION>': {'bboxes': [[0.1120000034570694, 0.1120000034570694, 100.24000549316406, 223.66400146484375], [155.12001037597656, 113.68000030517578, 223.66400146484375, 223.66400146484375], [155.12001037597656, 16.687999725341797, 211.79200744628906, 142.8000030517578], [12.880000114440918, 30.352001190185547, 43.12000274658203, 97.3280029296875]], 'labels': ['person', 'person', 'person', 'human face']}}"
0101,"{'<DENSE_REGION_CAPTION>': {'bboxes': [[0.1120000034570694, 0.1120000034570694, 84.33600616455078, 223.66400146484375], [0.1120000034570694, 0.1120000034570694, 58.57600021362305, 223.66400146484375], [155.79200744628906, 25.200000762939453, 205.29600524902344, 163.4080047607422], [177.52000427246094, 108.08000183105469, 223.66400146484375, 223.66400146484375], [92.4000015258789, 29.68000030517578, 150.86399841308594, 116.14400482177734], [11.984000205993652, 20.496000289916992, 39.3120002746582, 87.69599914550781]], 'labels': ['person', 'person', 'person', 'person', 'person', 'human face']}}"
0102,"{'<DENSE_REGION_CAPTION>': {'bboxes': [[0.1120000034570694, 0.1120000034570694, 68.43199920654297, 223.66400146484375], [155.56800842285156, 17.360000610351562, 210.2239990234375, 163.8560028076172], [181.10400390625, 117.04000091552734, 223.66400146484375, 223.66400146484375], [181.7760009765625, 120.6240005493164, 223.66400146484375, 188.94400024414062], [11.312000274658203, 35.28000259399414, 40.656002044677734, 100.24000549316406]], 'labels': ['person', 'person', 'person', 'human face', 'human face']}}"
0103,"{'<DENSE_REGION_CAPTION>': {'bboxes': [[0.1120000034570694, 0.1120000034570694, 69.7760009765625, 223.66400146484375], [155.56800842285156, 11.088000297546387, 211.79200744628906, 162.9600067138672], [159.60000610351562, 128.91200256347656, 223.66400146484375, 223.66400146484375], [87.02400207519531, 31.696001052856445, 150.86399841308594, 115.47200012207031], [186.25601196289062, 129.36000061035156, 223.66400146484375, 179.0880126953125], [12.432000160217285, 36.624000549316406, 42.224002838134766, 100.68800354003906], [176.84800720214844, 38.63999938964844, 200.14401245117188, 74.7040023803711]], 'labels': ['person', 'person', 'person', 'person', 'human face', 'human face', 'human face']}}"
0104,"{'<DENSE_REGION_CAPTION>': {'bboxes': [[0.1120000034570694, 0.1120000034570694, 70.67200469970703, 223.66400146484375], [150.41600036621094, 18.256000518798828, 214.70401000976562, 162.9600067138672], [93.96800231933594, 31.472000122070312, 153.3280029296875, 117.71200561523438], [175.72801208496094, 118.38400268554688, 223.66400146484375, 223.66400146484375]], 'labels': ['person', 'person', 'person', 'person']}}"
0105,"{'<DENSE_REGION_CAPTION>': {'bboxes': [[0.1120000034570694, 0.1120000034570694, 75.60000610351562, 223.66400146484375], [152.4320068359375, 15.120000839233398, 212.68800354003906, 163.6320037841797], [171.0240020751953, 107.85600280761719, 223.66400146484375, 223.66400146484375], [93.74400329589844, 30.80000114440918, 154.0, 117.48800659179688]], 'labels': ['person', 'person', 'person', 'person']}}"
0106,"{'<DENSE_REGION_CAPTION>': {'bboxes': [[0.1120000034570694, 0.1120000034570694, 76.49600219726562, 223.66400146484375], [0.1120000034570694, 0.1120000034570694, 54.320003509521484, 223.66400146484375], [149.52000427246094, 20.04800033569336, 209.3280029296875, 164.3040008544922], [92.1760025024414, 31.472000122070312, 156.91200256347656, 117.71200561523438], [182.67201232910156, 108.08000183105469, 223.66400146484375, 223.66400146484375]], 'labels': ['person', 'person', 'person', 'person', 'person']}}"
0107,"{'<DENSE_REGION_CAPTION>': {'bboxes': [[0.1120000034570694, 0.1120000034570694, 138.32000732421875, 223.66400146484375], [149.96800231933594, 20.272001266479492, 210.67201232910156, 160.04800415039062], [94.63999938964844, 31.696001052856445, 161.6160125732422, 119.7280044555664], [181.10400390625, 107.18400573730469, 223.66400146484375, 223.66400146484375], [31.02400016784668, 8.624000549316406, 53.42399978637695, 75.60000610351562], [183.12001037597656, 167.44000244140625, 204.84800720214844, 216.49600219726562]], 'labels': ['person', 'person', 'person', 'person', 'human face', 'human face']}}"
0108,"{'<DENSE_REGION_CAPTION>': {'bboxes': [[0.1120000034570694, 0.1120000034570694, 158.03199768066406, 223.66400146484375], [155.56800842285156, 14.44800090789795, 217.3920135498047, 153.3280029296875], [171.0240020751953, 106.96000671386719, 223.66400146484375, 223.66400146484375], [94.86400604248047, 31.696001052856445, 158.03199768066406, 117.26399993896484]], 'labels': ['person', 'person', 'person', 'person']}}"
0109,"{'<DENSE_REGION_CAPTION>': {'bboxes': [[0.1120000034570694, 0.1120000034570694, 152.2080078125, 223.66400146484375], [164.3040008544922, 14.896000862121582, 222.76800537109375, 132.72000122070312], [181.10400390625, 107.63200378417969, 223.66400146484375, 223.66400146484375], [94.86400604248047, 32.14400100708008, 154.67201232910156, 117.93600463867188], [45.36000061035156, 14.0, 66.63999938964844, 76.04800415039062], [182.67201232910156, 169.9040069580078, 204.17601013183594, 214.70401000976562]], 'labels': ['person', 'person', 'person', 'person', 'human face', 'human face']}}"
0110,"{'<DENSE_REGION_CAPTION>': {'bboxes': [[0.1120000034570694, 3.4720001220703125, 160.49600219726562, 223.66400146484375], [164.7519989013672, 20.944000244140625, 223.66400146484375, 151.9840087890625], [96.656005859375, 34.384002685546875, 160.72000122070312, 120.4000015258789], [178.41600036621094, 105.84000396728516, 223.66400146484375, 223.66400146484375], [48.04800033569336, 14.896000862121582, 68.20800018310547, 76.49600219726562], [179.0880126953125, 160.94400024414062, 200.14401245117188, 211.12001037597656], [187.15200805664062, 42.224002838134766, 210.0, 87.92000579833984]], 'labels': ['person', 'person', 'person', 'person', 'human face', 'human face', 'human face']}}"
0111,"{'<DENSE_REGION_CAPTION>': {'bboxes': [[0.1120000034570694, 0.1120000034570694, 160.49600219726562, 223.66400146484375], [159.15200805664062, 19.82400131225586, 218.9600067138672, 153.7760009765625], [177.96800231933594, 106.73600006103516, 223.66400146484375, 223.66400146484375], [110.76800537109375, 33.71200180053711, 156.24000549316406, 118.60800170898438]], 'labels': ['person', 'person', 'person', 'person']}}"
0112,"{'<DENSE_REGION_CAPTION>': {'bboxes': [[0.1120000034570694, 2.5759999752044678, 158.03199768066406, 223.66400146484375], [147.95201110839844, 18.256000518798828, 217.6160125732422, 137.1999969482422], [174.16000366210938, 107.40800476074219, 223.66400146484375, 223.66400146484375], [97.7760009765625, 32.592002868652344, 155.79200744628906, 117.71200561523438]], 'labels': ['person', 'person', 'person', 'person']}}"
0113,"{'<DENSE_REGION_CAPTION>': {'bboxes': [[0.1120000034570694, 5.488000392913818, 158.03199768066406, 223.66400146484375], [144.81600952148438, 18.928001403808594, 212.24000549316406, 141.4560089111328], [180.4320068359375, 100.24000549316406, 223.66400146484375, 223.66400146484375], [103.82400512695312, 31.696001052856445, 155.12001037597656, 115.02400207519531]], 'labels': ['person', 'person', 'person', 'person']}}"
0114,"{'<DENSE_REGION_CAPTION>': {'bboxes': [[0.1120000034570694, 0.1120000034570694, 106.06400299072266, 223.66400146484375], [147.50399780273438, 15.120000839233398, 214.03201293945312, 135.8560028076172], [171.2480010986328, 106.73600006103516, 223.66400146484375, 223.66400146484375], [96.656005859375, 31.472000122070312, 157.36000061035156, 116.36800384521484]], 'labels': ['person', 'person', 'person', 'person']}}"
0115,"{'<DENSE_REGION_CAPTION>': {'bboxes': [[0.1120000034570694, 9.968000411987305, 160.94400024414062, 223.66400146484375], [0.1120000034570694, 9.968000411987305, 78.06400299072266, 223.66400146484375], [155.12001037597656, 15.120000839233398, 212.68800354003906, 134.7360076904297], [92.1760025024414, 31.696001052856445, 163.6320037841797, 117.26399993896484], [174.16000366210938, 104.72000122070312, 223.66400146484375, 223.66400146484375]], 'labels': ['person', 'person', 'person', 'person', 'person']}}"
0116,"{'<DENSE_REGION_CAPTION>': {'bboxes': [[0.1120000034570694, 17.13599967956543, 164.7519989013672, 223.66400146484375], [42.672000885009766, 41.3280029296875, 70.44800567626953, 113.45600128173828], [173.71200561523438, 153.7760009765625, 198.1280059814453, 214.03201293945312], [184.24000549316406, 40.432003021240234, 208.2080078125, 79.40800476074219]], 'labels': ['girl', 'human face', 'human face', 'human face']}}"
0117,"{'<DENSE_REGION_CAPTION>': {'bboxes': [[0.1120000034570694, 20.272001266479492, 167.66400146484375, 223.66400146484375], [46.704002380371094, 44.0160026550293, 71.79199981689453, 116.36800384521484], [180.656005859375, 42.224002838134766, 202.83200073242188, 78.28800201416016]], 'labels': ['girl', 'human face', 'human face']}}"
0118,"{'<DENSE_REGION_CAPTION>': {'bboxes': [[0.1120000034570694, 10.192000389099121, 147.95201110839844, 223.66400146484375], [42.672000885009766, 30.80000114440918, 67.31200408935547, 104.04800415039062], [181.7760009765625, 40.656002044677734, 207.5360107421875, 77.39200592041016]], 'labels': ['woman', 'human face', 'human face']}}"
0119,"{'<DENSE_REGION_CAPTION>': {'bboxes': [[181.552001953125, 40.656002044677734, 206.864013671875, 78.28800201416016]], 'labels': ['human face']}}"
0120,"{'<DENSE_REGION_CAPTION>': {'bboxes': [[0.1120000034570694, 18.48000144958496, 152.8800048828125, 223.66400146484375], [0.1120000034570694, 18.48000144958496, 77.84000396728516, 223.66400146484375], [155.12001037597656, 15.344000816345215, 213.58399963378906, 161.6160125732422], [167.44000244140625, 107.63200378417969, 223.66400146484375, 223.66400146484375], [93.74400329589844, 32.14400100708008, 158.03199768066406, 118.60800170898438], [50.064002990722656, 40.432003021240234, 76.72000122070312, 105.61600494384766], [180.8800048828125, 31.02400016784668, 204.62400817871094, 71.12000274658203]], 'labels': ['person', 'person', 'person', 'person', 'person', 'human face', 'human face']}}"
0121,"{'<DENSE_REGION_CAPTION>': {'bboxes': [[0.1120000034570694, 20.496000289916992, 152.2080078125, 223.66400146484375], [165.20001220703125, 13.104000091552734, 215.15200805664062, 156.91200256347656], [184.68800354003906, 100.46400451660156, 223.66400146484375, 223.66400146484375], [93.74400329589844, 43.56800079345703, 159.15200805664062, 114.35200500488281], [53.42399978637695, 44.4640007019043, 78.28800201416016, 102.9280014038086], [174.60800170898438, 36.176002502441406, 196.5600128173828, 73.80799865722656]], 'labels': ['person', 'person', 'person', 'person', 'human face', 'human face']}}"
0122,"{'<DENSE_REGION_CAPTION>': {'bboxes': [[0.1120000034570694, 19.600000381469727, 150.86399841308594, 223.66400146484375], [134.7360076904297, 101.58399963378906, 223.66400146484375, 223.66400146484375], [164.0800018310547, 14.0, 215.60000610351562, 154.2239990234375], [92.8479995727539, 46.704002380371094, 160.49600219726562, 112.78400421142578], [53.64800262451172, 44.2400016784668, 78.06400299072266, 101.58399963378906], [185.36000061035156, 155.34400939941406, 205.07200622558594, 206.864013671875], [177.29600524902344, 29.45600128173828, 197.9040069580078, 72.91200256347656]], 'labels': ['person', 'person', 'person', 'person', 'human face', 'human face', 'human face']}}"
0123,"{'<DENSE_REGION_CAPTION>': {'bboxes': [[0.1120000034570694, 15.568000793457031, 116.14400482177734, 223.66400146484375], [140.7840118408203, 103.60000610351562, 223.66400146484375, 223.66400146484375], [163.8560028076172, 13.552000045776367, 216.27200317382812, 155.56800842285156], [93.74400329589844, 24.079999923706055, 154.67201232910156, 117.26399993896484], [182.0, 168.11199951171875, 205.07200622558594, 212.01600646972656], [181.3280029296875, 28.560001373291016, 202.83200073242188, 73.80799865722656]], 'labels': ['person', 'person', 'person', 'person', 'human face', 'human face']}}"
0124,"{'<DENSE_REGION_CAPTION>': {'bboxes': [[0.1120000034570694, 18.256000518798828, 88.59200286865234, 223.66400146484375], [164.3040008544922, 15.792000770568848, 215.60000610351562, 200.14401245117188], [82.09600067138672, 39.0880012512207, 148.84800720214844, 115.02400207519531], [158.25601196289062, 153.552001953125, 223.66400146484375, 223.66400146484375]], 'labels': ['person', 'person', 'person', 'person']}}"
0125,"{'<DENSE_REGION_CAPTION>': {'bboxes': [[188.49600219726562, 28.336000442504883, 210.2239990234375, 73.80799865722656], [63.05600357055664, 70.2239990234375, 80.75199890136719, 104.49600219726562]], 'labels': ['human face', 'human face']}}"
0126,"{'<DENSE_REGION_CAPTION>': {'bboxes': [[0.1120000034570694, 71.12000274658203, 201.48800659179688, 223.66400146484375], [63.28000259399414, 49.16800308227539, 80.75199890136719, 104.94400024414062]], 'labels': ['desk', 'human face']}}"
0127,"{'<DENSE_REGION_CAPTION>': {'bboxes': [[0.1120000034570694, 70.67200469970703, 201.04000854492188, 223.66400146484375], [0.1120000034570694, 9.968000411987305, 105.39200592041016, 223.66400146484375], [135.8560028076172, 30.128000259399414, 220.75201416015625, 199.2480010986328], [80.08000183105469, 46.928001403808594, 153.3280029296875, 114.80000305175781]], 'labels': ['desk', 'person', 'person', 'person']}}"
0128,"{'<DENSE_REGION_CAPTION>': {'bboxes': [[0.1120000034570694, 0.1120000034570694, 82.31999969482422, 223.66400146484375], [149.07200622558594, 27.440000534057617, 221.87200927734375, 199.4720001220703], [86.57600402832031, 26.768001556396484, 150.63999938964844, 114.57600402832031]], 'labels': ['person', 'person', 'person']}}"
0129,"{'<DENSE_REGION_CAPTION>': {'bboxes': [[49.84000015258789, 29.45600128173828, 73.13600158691406, 97.10400390625], [183.56800842285156, 45.36000061035156, 202.83200073242188, 87.24800109863281], [122.41600036621094, 7.728000164031982, 141.0080108642578, 37.74399948120117]], 'labels': ['human face', 'human face', 'human face']}}"
0130,"{'<DENSE_REGION_CAPTION>': {'bboxes': [[0.1120000034570694, 9.968000411987305, 140.7840118408203, 223.66400146484375], [0.1120000034570694, 9.968000411987305, 91.05599975585938, 223.66400146484375], [145.26400756835938, 15.568000793457031, 221.42401123046875, 199.92001342773438], [101.36000061035156, 0.1120000034570694, 150.41600036621094, 109.64800262451172], [50.96000289916992, 33.93600082397461, 73.13600158691406, 101.36000061035156], [184.24000549316406, 27.216001510620117, 207.5360107421875, 75.3759994506836], [124.4320068359375, 11.088000297546387, 140.55999755859375, 38.8640022277832]], 'labels': ['person', 'person', 'person', 'person', 'human face', 'human face', 'human face']}}"
0131,"{'<DENSE_REGION_CAPTION>': {'bboxes': [[0.1120000034570694, 70.67200469970703, 200.59201049804688, 223.66400146484375], [47.37600326538086, 38.41600036621094, 75.3759994506836, 108.52799987792969], [186.48001098632812, 32.36800003051758, 205.74400329589844, 76.49600219726562], [123.08800506591797, 11.088000297546387, 140.55999755859375, 38.8640022277832]], 'labels': ['desk', 'human face', 'human face', 'human face']}}"
0132,"{'<DENSE_REGION_CAPTION>': {'bboxes': [[0.1120000034570694, 70.44800567626953, 223.66400146484375, 223.66400146484375], [44.91200256347656, 46.25600051879883, 74.4800033569336, 117.26399993896484], [182.0, 41.3280029296875, 206.19200134277344, 78.28800201416016], [121.29600524902344, 9.968000411987305, 139.21600341796875, 39.76000213623047]], 'labels': ['desk', 'human face', 'human face', 'human face']}}"
0133,"{'<DENSE_REGION_CAPTION>': {'bboxes': [[0.1120000034570694, 18.70400047302246, 91.05599975585938, 223.66400146484375], [42.672000885009766, 50.512001037597656, 73.13600158691406, 120.1760025024414], [184.24000549316406, 39.3120002746582, 209.7760009765625, 84.11199951171875], [148.17601013183594, 14.0, 163.1840057373047, 43.12000274658203]], 'labels': ['girl', 'human face', 'human face', 'human face']}}"
0134,"{'<DENSE_REGION_CAPTION>': {'bboxes': [[0.1120000034570694, 20.272001266479492, 127.56800079345703, 223.66400146484375], [149.96800231933594, 19.376001358032227, 218.9600067138672, 154.0], [155.79200744628906, 114.57600402832031, 223.66400146484375, 223.66400146484375], [103.3759994506836, 0.1120000034570694, 151.760009765625, 107.63200378417969]], 'labels': ['person', 'person', 'person', 'person']}}"
0135,"{'<DENSE_REGION_CAPTION>': {'bboxes': [[0.1120000034570694, 20.496000289916992, 128.68800354003906, 223.66400146484375], [153.7760009765625, 20.496000289916992, 219.4080047607422, 156.01600646972656], [156.24000549316406, 127.56800079345703, 223.66400146484375, 223.66400146484375], [100.01600646972656, 1.0080000162124634, 152.2080078125, 99.79199981689453]], 'labels': ['person', 'person', 'person', 'person']}}"
0136,"{'<DENSE_REGION_CAPTION>': {'bboxes': [[0.1120000034570694, 17.583999633789062, 129.13600158691406, 223.66400146484375], [40.432003021240234, 48.272003173828125, 70.67200469970703, 121.96800231933594], [191.6320037841797, 43.56800079345703, 216.27200317382812, 88.36800384521484], [124.4320068359375, 20.720001220703125, 142.8000030517578, 45.36000061035156]], 'labels': ['woman', 'human face', 'human face', 'human face']}}"
0137,"{'<DENSE_REGION_CAPTION>': {'bboxes': [[0.1120000034570694, 32.816001892089844, 128.68800354003906, 223.66400146484375], [120.4000015258789, 85.45600128173828, 223.66400146484375, 223.66400146484375], [43.79199981689453, 78.06400299072266, 78.73600006103516, 140.11199951171875], [191.4080047607422, 43.79199981689453, 216.94400024414062, 88.36800384521484], [127.56800079345703, 8.176000595092773, 145.04000854492188, 37.96800231933594]], 'labels': ['girl', 'girl', 'human face', 'human face', 'human face']}}"
0138,"{'<DENSE_REGION_CAPTION>': {'bboxes': [[0.1120000034570694, 24.527999877929688, 129.13600158691406, 223.66400146484375], [53.42399978637695, 61.26400375366211, 80.30400085449219, 123.98400115966797], [189.16799926757812, 39.3120002746582, 214.03201293945312, 83.66400146484375], [120.84800720214844, 6.832000255584717, 139.88800048828125, 36.176002502441406]], 'labels': ['woman', 'human face', 'human face', 'human face']}}"
0139,"{'<DENSE_REGION_CAPTION>': {'bboxes': [[48.272003173828125, 64.6240005493164, 79.18400573730469, 132.27200317382812], [184.46400451660156, 40.432003021240234, 210.89601135253906, 77.61600494384766], [120.84800720214844, 5.712000370025635, 138.54400634765625, 34.608001708984375]], 'labels': ['human face', 'human face', 'human face']}}"
0140,"{'<DENSE_REGION_CAPTION>': {'bboxes': [[48.272003173828125, 61.93600082397461, 78.51200103759766, 132.27200317382812], [0.1120000034570694, 25.87200164794922, 128.68800354003906, 223.66400146484375], [0.1120000034570694, 25.87200164794922, 84.33600616455078, 223.66400146484375], [166.54400634765625, 59.24800109863281, 223.66400146484375, 223.66400146484375], [102.2560043334961, 0.1120000034570694, 164.0800018310547, 100.46400451660156]], 'labels': ['human face', 'person', 'woman', 'person', 'person']}}"
0141,"{'<DENSE_REGION_CAPTION>': {'bboxes': [[48.272003173828125, 62.832000732421875, 78.51200103759766, 132.27200317382812], [190.5120086669922, 35.055999755859375, 214.92800903320312, 80.08000183105469], [149.52000427246094, 0.1120000034570694, 166.09600830078125, 32.816001892089844]], 'labels': ['human face', 'human face', 'human face']}}"
0142,"{'<DENSE_REGION_CAPTION>': {'bboxes': [[47.82400131225586, 63.50400161743164, 78.51200103759766, 132.27200317382812], [188.72000122070312, 43.79199981689453, 213.58399963378906, 85.00800323486328], [154.67201232910156, 142.8000030517578, 177.52000427246094, 175.27999877929688]], 'labels': ['human face', 'human face', 'human face']}}"
0143,"{'<DENSE_REGION_CAPTION>': {'bboxes': [[48.272003173828125, 63.28000259399414, 78.51200103759766, 131.60000610351562], [191.4080047607422, 43.79199981689453, 216.27200317382812, 87.02400207519531]], 'labels': ['human face', 'human face']}}"
0144,"{'<DENSE_REGION_CAPTION>': {'bboxes': [[47.37600326538086, 57.90400314331055, 76.94400024414062, 129.58399963378906], [191.4080047607422, 41.104000091552734, 216.27200317382812, 85.90399932861328]], 'labels': ['human face', 'human face']}}"
0145,"{'<DENSE_REGION_CAPTION>': {'bboxes': [[0.1120000034570694, 18.48000144958496, 128.68800354003906, 223.66400146484375], [53.42399978637695, 40.20800018310547, 77.84000396728516, 108.75200653076172], [191.4080047607422, 39.3120002746582, 216.27200317382812, 84.11199951171875]], 'labels': ['woman', 'human face', 'human face']}}"
0146,"{'<DENSE_REGION_CAPTION>': {'bboxes': [[0.1120000034570694, 18.48000144958496, 128.68800354003906, 223.66400146484375], [50.96000289916992, 39.76000213623047, 76.72000122070312, 110.76800537109375], [192.0800018310547, 43.56800079345703, 217.3920135498047, 87.47200012207031]], 'labels': ['woman', 'human face', 'human face']}}"
0147,"{'<DENSE_REGION_CAPTION>': {'bboxes': [[48.272003173828125, 47.152000427246094, 75.82400512695312, 117.48800659179688], [187.82400512695312, 41.552001953125, 213.80801391601562, 88.36800384521484]], 'labels': ['human face', 'human face']}}"
0148,"{'<DENSE_REGION_CAPTION>': {'bboxes': [[0.1120000034570694, 18.48000144958496, 128.68800354003906, 223.66400146484375], [48.04800033569336, 45.58399963378906, 75.60000610351562, 115.92000579833984], [192.7519989013672, 57.45600128173828, 215.82400512695312, 100.24000549316406]], 'labels': ['woman', 'human face', 'human face']}}"
0149,"{'<DENSE_REGION_CAPTION>': {'bboxes': [[47.82400131225586, 41.3280029296875, 74.7040023803711, 112.78400421142578]], 'labels': ['human face']}}"
0150,"{'<DENSE_REGION_CAPTION>': {'bboxes': [[0.1120000034570694, 17.360000610351562, 127.79200744628906, 223.66400146484375], [47.82400131225586, 39.3120002746582, 74.0320053100586, 111.44000244140625]], 'labels': ['woman', 'human face']}}"
0151,"{'<DENSE_REGION_CAPTION>': {'bboxes': [[49.39200210571289, 41.3280029296875, 75.1520004272461, 112.78400421142578]], 'labels': ['human face']}}"
0152,"{'<DENSE_REGION_CAPTION>': {'bboxes': [[0.1120000034570694, 17.13599967956543, 128.24000549316406, 223.66400146484375], [187.82400512695312, 98.44800567626953, 223.66400146484375, 185.13600158691406], [49.39200210571289, 41.3280029296875, 75.1520004272461, 110.76800537109375], [189.39199829101562, 143.6959991455078, 223.66400146484375, 185.13600158691406], [187.15200805664062, 39.98400115966797, 210.67201232910156, 82.99200439453125], [156.24000549316406, 0.1120000034570694, 176.17601013183594, 22.736000061035156]], 'labels': ['woman', 'human face', 'human face', 'human face', 'human face', 'human face']}}"
0153,"{'<DENSE_REGION_CAPTION>': {'bboxes': [[185.36000061035156, 123.98400115966797, 223.66400146484375, 189.39199829101562], [46.704002380371094, 45.58399963378906, 74.7040023803711, 113.90400695800781]], 'labels': ['human face', 'human face']}}"
0154,"{'<DENSE_REGION_CAPTION>': {'bboxes': [[0.1120000034570694, 17.808000564575195, 128.24000549316406, 223.66400146484375], [162.2880096435547, 20.720001220703125, 223.66400146484375, 168.7840118408203], [178.86399841308594, 74.4800033569336, 223.66400146484375, 223.66400146484375], [189.39199829101562, 107.63200378417969, 218.9600067138672, 180.656005859375], [44.91200256347656, 45.58399963378906, 73.58399963378906, 116.59200286865234], [183.79200744628906, 48.720001220703125, 209.7760009765625, 91.2800064086914]], 'labels': ['person', 'person', 'person', 'human face', 'human face', 'human face']}}"
0155,"{'<DENSE_REGION_CAPTION>': {'bboxes': [[0.1120000034570694, 19.376001358032227, 128.24000549316406, 223.66400146484375], [157.58399963378906, 15.568000793457031, 215.15200805664062, 158.25601196289062], [178.86399841308594, 76.27200317382812, 223.66400146484375, 223.66400146484375]], 'labels': ['person', 'person', 'person']}}"
0156,"{'<DENSE_REGION_CAPTION>': {'bboxes': [[0.1120000034570694, 19.600000381469727, 139.21600341796875, 223.66400146484375], [0.1120000034570694, 19.600000381469727, 108.30400085449219, 223.66400146484375], [149.96800231933594, 18.256000518798828, 216.94400024414062, 188.04800415039062], [180.4320068359375, 81.64800262451172, 223.66400146484375, 223.66400146484375]], 'labels': ['person', 'person', 'person', 'person']}}"
0157,"{'<DENSE_REGION_CAPTION>': {'bboxes': [[0.1120000034570694, 19.152000427246094, 141.2320098876953, 223.66400146484375], [192.0800018310547, 90.38400268554688, 223.66400146484375, 223.66400146484375]], 'labels': ['person', 'person']}}"
0158,"{'<DENSE_REGION_CAPTION>': {'bboxes': [[0.1120000034570694, 70.67200469970703, 194.76800537109375, 223.66400146484375], [39.76000213623047, 48.04800033569336, 71.56800079345703, 120.84800720214844], [195.44000244140625, 92.6240005493164, 223.66400146484375, 161.8400115966797], [195.44000244140625, 92.6240005493164, 214.92800903320312, 160.72000122070312], [164.0800018310547, 49.16800308227539, 182.67201232910156, 87.92000579833984]], 'labels': ['desk', 'human face', 'human face', 'human face', 'human face']}}"
0159,"{'<DENSE_REGION_CAPTION>': {'bboxes': [[0.1120000034570694, 19.82400131225586, 139.21600341796875, 223.66400146484375], [182.67201232910156, 75.82400512695312, 213.58399963378906, 147.72801208496094], [45.58399963378906, 47.152000427246094, 74.4800033569336, 117.48800659179688]], 'labels': ['girl', 'human face', 'human face']}}"
0160,"{'<DENSE_REGION_CAPTION>': {'bboxes': [[0.1120000034570694, 0.1120000034570694, 139.44000244140625, 223.66400146484375], [174.83200073242188, 21.168001174926758, 223.66400146484375, 223.66400146484375], [153.552001953125, 26.54400062561035, 195.21600341796875, 159.82400512695312]], 'labels': ['person', 'person', 'person']}}"
0161,"{'<DENSE_REGION_CAPTION>': {'bboxes': [[0.1120000034570694, 18.48000144958496, 138.32000732421875, 223.66400146484375], [42.448001861572266, 56.112003326416016, 71.79199981689453, 121.29600524902344], [170.1280059814453, 82.31999969482422, 200.14401245117188, 126.00000762939453]], 'labels': ['girl', 'human face', 'human face']}}"
0162,"{'<DENSE_REGION_CAPTION>': {'bboxes': [[0.1120000034570694, 16.464000701904297, 138.32000732421875, 223.66400146484375], [154.447998046875, 17.808000564575195, 205.29600524902344, 165.87200927734375], [185.80799865722656, 42.895999908447266, 223.66400146484375, 223.66400146484375]], 'labels': ['person', 'person', 'person']}}"
0163,"{'<DENSE_REGION_CAPTION>': {'bboxes': [[0.1120000034570694, 18.48000144958496, 136.7519989013672, 223.66400146484375], [42.672000885009766, 49.61600112915039, 72.24000549316406, 120.84800720214844]], 'labels': ['woman', 'human face']}}"
0164,"{'<DENSE_REGION_CAPTION>': {'bboxes': [[43.79199981689453, 54.544002532958984, 73.58399963378906, 115.92000579833984]], 'labels': ['human face']}}"
0165,"{'<DENSE_REGION_CAPTION>': {'bboxes': [[0.1120000034570694, 22.96000099182129, 131.60000610351562, 223.66400146484375], [0.1120000034570694, 22.96000099182129, 75.82400512695312, 223.66400146484375], [43.56800079345703, 54.09600067138672, 73.13600158691406, 115.69600677490234], [162.7360076904297, 51.18400192260742, 180.8800048828125, 85.23200225830078]], 'labels': ['person', 'person', 'human face', 'human face']}}"
0166,"{'<DENSE_REGION_CAPTION>': {'bboxes': [[0.1120000034570694, 22.736000061035156, 132.04800415039062, 223.66400146484375], [48.272003173828125, 52.97600173950195, 73.58399963378906, 117.71200561523438]], 'labels': ['woman', 'human face']}}"
0167,"{'<DENSE_REGION_CAPTION>': {'bboxes': [[0.1120000034570694, 22.736000061035156, 132.04800415039062, 223.66400146484375], [42.895999908447266, 51.18400192260742, 73.13600158691406, 118.38400268554688]], 'labels': ['person', 'human face']}}"
0168,"{'<DENSE_REGION_CAPTION>': {'bboxes': [[0.1120000034570694, 23.408000946044922, 132.04800415039062, 223.66400146484375], [42.0, 51.18400192260742, 73.13600158691406, 117.26399993896484]], 'labels': ['woman', 'human face']}}"
0169,"{'<DENSE_REGION_CAPTION>': {'bboxes': [[0.1120000034570694, 22.512001037597656, 132.04800415039062, 223.66400146484375], [42.0, 50.736000061035156, 73.13600158691406, 116.14400482177734]], 'labels': ['person', 'human face']}}"
0170,"{'<DENSE_REGION_CAPTION>': {'bboxes': [[0.1120000034570694, 15.120000839233398, 154.2239990234375, 223.66400146484375], [0.1120000034570694, 15.120000839233398, 81.20000457763672, 223.66400146484375], [135.8560028076172, 44.4640007019043, 206.864013671875, 188.04800415039062], [49.39200210571289, 35.72800064086914, 74.0320053100586, 107.40800476074219]], 'labels': ['person', 'person', 'person', 'human face']}}"
0171,"{'<DENSE_REGION_CAPTION>': {'bboxes': [[0.1120000034570694, 14.672000885009766, 155.79200744628906, 223.66400146484375], [135.4080047607422, 35.28000259399414, 207.760009765625, 187.60000610351562], [52.08000183105469, 36.176002502441406, 74.9280014038086, 106.28800201416016]], 'labels': ['person', 'person', 'human face']}}"
0172,"{'<DENSE_REGION_CAPTION>': {'bboxes': [[0.1120000034570694, 16.687999725341797, 154.2239990234375, 223.66400146484375], [44.6879997253418, 45.58399963378906, 74.0320053100586, 115.92000579833984]], 'labels': ['woman', 'human face']}}"
0173,"{'<DENSE_REGION_CAPTION>': {'bboxes': [[0.1120000034570694, 16.91200065612793, 154.2239990234375, 223.66400146484375], [42.672000885009766, 45.58399963378906, 73.13600158691406, 117.26399993896484]], 'labels': ['woman', 'human face']}}"
0174,"{'<DENSE_REGION_CAPTION>': {'bboxes': [[0.1120000034570694, 17.583999633789062, 154.2239990234375, 223.66400146484375], [42.672000885009766, 45.58399963378906, 73.13600158691406, 116.36800384521484]], 'labels': ['woman', 'human face']}}"
0175,"{'<DENSE_REGION_CAPTION>': {'bboxes': [[0.1120000034570694, 16.016000747680664, 155.56800842285156, 223.66400146484375], [50.96000289916992, 36.624000549316406, 75.82400512695312, 108.97600555419922]], 'labels': ['woman', 'human face']}}"
0176,"{'<DENSE_REGION_CAPTION>': {'bboxes': [[0.1120000034570694, 16.687999725341797, 161.39199829101562, 223.66400146484375], [50.96000289916992, 39.3120002746582, 76.49600219726562, 111.44000244140625]], 'labels': ['girl', 'human face']}}"
0177,"{'<DENSE_REGION_CAPTION>': {'bboxes': [[0.1120000034570694, 16.464000701904297, 159.15200805664062, 223.66400146484375], [50.512001037597656, 38.41600036621094, 75.82400512695312, 109.87200164794922]], 'labels': ['girl', 'human face']}}"
0178,"{'<DENSE_REGION_CAPTION>': {'bboxes': [[0.1120000034570694, 15.344000816345215, 160.94400024414062, 223.66400146484375], [50.512001037597656, 37.07200241088867, 75.60000610351562, 109.87200164794922]], 'labels': ['girl', 'human face']}}"
0179,"{'<DENSE_REGION_CAPTION>': {'bboxes': [[0.1120000034570694, 0.1120000034570694, 114.57600402832031, 223.66400146484375], [155.12001037597656, 34.832000732421875, 213.13600158691406, 182.89601135253906]], 'labels': ['person', 'person']}}"
0180,"{'<DENSE_REGION_CAPTION>': {'bboxes': [[0.1120000034570694, 0.1120000034570694, 48.496002197265625, 223.66400146484375], [155.12001037597656, 24.527999877929688, 221.42401123046875, 176.62400817871094], [201.48800659179688, 83.88800048828125, 223.66400146484375, 223.66400146484375]], 'labels': ['person', 'person', 'person']}}"
0181,"{'<DENSE_REGION_CAPTION>': {'bboxes': [[0.1120000034570694, 0.1120000034570694, 223.66400146484375, 223.66400146484375], [0.1120000034570694, 0.1120000034570694, 35.055999755859375, 223.66400146484375]], 'labels': ['person', 'person']}}"
0182,"{'<DENSE_REGION_CAPTION>': {'bboxes': [[0.1120000034570694, 0.1120000034570694, 98.67200469970703, 223.66400146484375], [0.1120000034570694, 0.1120000034570694, 66.86399841308594, 223.66400146484375], [138.99200439453125, 48.272003173828125, 210.2239990234375, 155.79200744628906], [176.62400817871094, 87.02400207519531, 223.66400146484375, 223.66400146484375]], 'labels': ['person', 'person', 'person', 'person']}}"
0183,"{'<DENSE_REGION_CAPTION>': {'bboxes': [[0.1120000034570694, 12.208000183105469, 147.05599975585938, 223.66400146484375], [151.08799743652344, 35.72800064086914, 208.8800048828125, 189.16799926757812], [165.20001220703125, 84.78400421142578, 223.66400146484375, 223.66400146484375]], 'labels': ['person', 'person', 'person']}}"
0184,"{'<DENSE_REGION_CAPTION>': {'bboxes': [[0.1120000034570694, 0.1120000034570694, 63.50400161743164, 223.66400146484375], [145.71200561523438, 36.176002502441406, 210.89601135253906, 194.09600830078125], [201.48800659179688, 89.04000091552734, 223.66400146484375, 223.66400146484375]], 'labels': ['person', 'person', 'person']}}"
0185,"{'<DENSE_REGION_CAPTION>': {'bboxes': [[0.1120000034570694, 6.6080002784729, 53.42399978637695, 223.66400146484375], [146.60800170898438, 37.74399948120117, 211.34400939941406, 202.16000366210938], [201.04000854492188, 88.36800384521484, 223.66400146484375, 223.66400146484375]], 'labels': ['person', 'person', 'person']}}"
0186,"{'<DENSE_REGION_CAPTION>': {'bboxes': [[184.46400451660156, 32.36800003051758, 212.24000549316406, 81.64800262451172]], 'labels': ['human face']}}"
0187,"{'<DENSE_REGION_CAPTION>': {'bboxes': [[0.1120000034570694, 6.384000301361084, 74.7040023803711, 223.66400146484375], [151.5360107421875, 22.064001083374023, 223.66400146484375, 164.5279998779297], [187.15200805664062, 80.97600555419922, 223.66400146484375, 223.66400146484375], [21.392000198364258, 31.472000122070312, 47.152000427246094, 99.56800079345703]], 'labels': ['person', 'person', 'person', 'human face']}}"
0188,"{'<DENSE_REGION_CAPTION>': {'bboxes': [[0.1120000034570694, 9.744000434875488, 48.944000244140625, 223.66400146484375], [153.3280029296875, 23.631999969482422, 223.66400146484375, 164.5279998779297], [186.48001098632812, 80.75199890136719, 223.66400146484375, 223.66400146484375]], 'labels': ['person', 'person', 'person']}}"
0189,"{'<DENSE_REGION_CAPTION>': {'bboxes': [[0.1120000034570694, 11.53600025177002, 51.40800094604492, 223.66400146484375], [154.447998046875, 21.84000015258789, 223.66400146484375, 164.3040008544922], [189.8400115966797, 80.52799987792969, 223.66400146484375, 223.66400146484375]], 'labels': ['person', 'person', 'person']}}"
0190,"{'<DENSE_REGION_CAPTION>': {'bboxes': [[0.1120000034570694, 7.728000164031982, 58.57600021362305, 223.66400146484375], [156.01600646972656, 37.07200241088867, 223.66400146484375, 202.16000366210938], [139.44000244140625, 83.66400146484375, 223.66400146484375, 223.66400146484375], [15.120000839233398, 31.248001098632812, 42.672000885009766, 100.46400451660156]], 'labels': ['person', 'person', 'person', 'human face']}}"
0191,"{'<DENSE_REGION_CAPTION>': {'bboxes': [[12.880000114440918, 42.672000885009766, 44.2400016784668, 117.71200561523438]], 'labels': ['human face']}}"
0192,"{'<DENSE_REGION_CAPTION>': {'bboxes': [[14.672000885009766, 42.672000885009766, 46.47999954223633, 119.2800064086914], [0.1120000034570694, 15.568000793457031, 51.40800094604492, 223.66400146484375], [136.7519989013672, 85.45600128173828, 223.66400146484375, 223.66400146484375]], 'labels': ['human face', 'person', 'woman']}}"
0193,"{'<DENSE_REGION_CAPTION>': {'bboxes': [[104.27200317382812, 1.2319999933242798, 162.0640106201172, 105.84000396728516], [0.1120000034570694, 10.416000366210938, 52.75200271606445, 223.66400146484375], [153.7760009765625, 20.944000244140625, 223.66400146484375, 165.64801025390625], [141.4560089111328, 83.44000244140625, 223.66400146484375, 223.66400146484375], [15.120000839233398, 35.28000259399414, 44.2400016784668, 109.87200164794922], [192.3040008544922, 35.28000259399414, 211.79200744628906, 83.66400146484375]], 'labels': ['whiteboard', 'person', 'person', 'person', 'human face', 'human face']}}"
0194,"{'<DENSE_REGION_CAPTION>': {'bboxes': [[0.1120000034570694, 14.672000885009766, 49.84000015258789, 223.66400146484375], [142.3520050048828, 28.112001419067383, 216.49600219726562, 162.2880096435547], [193.87200927734375, 80.08000183105469, 223.66400146484375, 223.66400146484375]], 'labels': ['person', 'person', 'person']}}"
0195,"{'<DENSE_REGION_CAPTION>': {'bboxes': [[24.304000854492188, 44.0160026550293, 49.84000015258789, 101.13600158691406]], 'labels': ['human face']}}"
0196,"{'<DENSE_REGION_CAPTION>': {'bboxes': [[24.304000854492188, 47.82400131225586, 50.736000061035156, 101.8080062866211], [0.1120000034570694, 14.44800090789795, 51.40800094604492, 223.66400146484375], [142.3520050048828, 23.18400001525879, 213.13600158691406, 163.8560028076172], [194.32000732421875, 90.38400268554688, 223.66400146484375, 223.66400146484375]], 'labels': ['human face', 'person', 'person', 'person']}}"
0197,"{'<DENSE_REGION_CAPTION>': {'bboxes': [[24.079999923706055, 47.152000427246094, 50.736000061035156, 113.45600128173828], [185.58399963378906, 36.176002502441406, 215.82400512695312, 76.72000122070312]], 'labels': ['human face', 'human face']}}"
0198,"{'<DENSE_REGION_CAPTION>': {'bboxes': [[0.1120000034570694, 14.44800090789795, 52.30400085449219, 223.66400146484375], [144.81600952148438, 100.68800354003906, 223.66400146484375, 223.66400146484375]], 'labels': ['person', 'person']}}"
0199,"{'<DENSE_REGION_CAPTION>': {'bboxes': [[0.1120000034570694, 3.696000099182129, 70.67200469970703, 223.66400146484375], [0.1120000034570694, 0.1120000034570694, 45.58399963378906, 223.66400146484375], [156.46400451660156, 105.39200592041016, 223.66400146484375, 223.66400146484375], [17.13599967956543, 28.112001419067383, 44.91200256347656, 98.0]], 'labels': ['person', 'person', 'person', 'human face']}}"
0200,"{'<DENSE_REGION_CAPTION>': {'bboxes': [[0.1120000034570694, 8.40000057220459, 130.70401000976562, 223.66400146484375], [0.1120000034570694, 8.624000549316406, 62.160003662109375, 223.66400146484375], [26.768001556396484, 34.608001708984375, 56.784000396728516, 110.76800537109375]], 'labels': ['woman', 'woman', 'human face']}}"
0201,"{'<DENSE_REGION_CAPTION>': {'bboxes': [[0.1120000034570694, 17.808000564575195, 160.94400024414062, 223.66400146484375], [151.31201171875, 38.63999938964844, 214.03201293945312, 157.58399963378906], [185.13600158691406, 102.7040023803711, 223.66400146484375, 223.66400146484375]], 'labels': ['person', 'person', 'person']}}"
0202,"{'<DENSE_REGION_CAPTION>': {'bboxes': [[0.1120000034570694, 17.583999633789062, 160.49600219726562, 223.66400146484375], [31.920000076293945, 44.2400016784668, 64.4000015258789, 122.41600036621094]], 'labels': ['woman', 'human face']}}"
0203,"{'<DENSE_REGION_CAPTION>': {'bboxes': [[0.1120000034570694, 17.583999633789062, 159.15200805664062, 223.66400146484375], [33.71200180053711, 45.13600158691406, 65.96800231933594, 123.31200408935547], [197.9040069580078, 151.08799743652344, 216.94400024414062, 193.87200927734375]], 'labels': ['woman', 'human face', 'human face']}}"
0204,"{'<DENSE_REGION_CAPTION>': {'bboxes': [[0.1120000034570694, 19.152000427246094, 155.56800842285156, 223.66400146484375], [0.1120000034570694, 19.152000427246094, 78.51200103759766, 223.66400146484375], [149.74400329589844, 44.91200256347656, 206.41600036621094, 157.80799865722656], [184.46400451660156, 100.01600646972656, 223.66400146484375, 223.66400146484375]], 'labels': ['person', 'person', 'person', 'person']}}"
0205,"{'<DENSE_REGION_CAPTION>': {'bboxes': [[0.1120000034570694, 19.376001358032227, 155.56800842285156, 223.66400146484375], [149.29600524902344, 39.98400115966797, 210.0, 201.04000854492188], [179.5360107421875, 96.43199920654297, 223.66400146484375, 223.66400146484375]], 'labels': ['person', 'person', 'person']}}"
0206,"{'<DENSE_REGION_CAPTION>': {'bboxes': [[0.1120000034570694, 19.376001358032227, 154.67201232910156, 223.66400146484375], [0.1120000034570694, 19.376001358032227, 70.67200469970703, 223.66400146484375], [149.07200622558594, 29.45600128173828, 216.94400024414062, 198.8000030517578], [183.79200744628906, 98.0, 223.66400146484375, 223.66400146484375], [37.96800231933594, 42.0, 69.552001953125, 117.26399993896484], [175.50399780273438, 38.41600036621094, 201.93600463867188, 86.35200500488281]], 'labels': ['person', 'person', 'person', 'person', 'human face', 'human face']}}"
0207,"{'<DENSE_REGION_CAPTION>': {'bboxes': [[0.1120000034570694, 18.928001403808594, 156.24000549316406, 223.66400146484375], [0.1120000034570694, 18.928001403808594, 71.12000274658203, 223.66400146484375], [145.26400756835938, 24.527999877929688, 216.04800415039062, 157.80799865722656], [188.72000122070312, 102.9280014038086, 223.66400146484375, 223.66400146484375], [40.432003021240234, 44.4640007019043, 69.552001953125, 116.81600189208984], [179.760009765625, 34.832000732421875, 204.84800720214844, 79.63200378417969]], 'labels': ['person', 'person', 'person', 'person', 'human face', 'human face']}}"
0208,"{'<DENSE_REGION_CAPTION>': {'bboxes': [[0.1120000034570694, 19.82400131225586, 181.3280029296875, 223.66400146484375], [0.1120000034570694, 19.82400131225586, 71.12000274658203, 223.66400146484375], [147.27999877929688, 27.440000534057617, 212.46400451660156, 158.03199768066406], [191.4080047607422, 111.21600341796875, 223.66400146484375, 223.66400146484375]], 'labels': ['person', 'person', 'person', 'person']}}"
0209,"{'<DENSE_REGION_CAPTION>': {'bboxes': [[0.1120000034570694, 19.600000381469727, 178.41600036621094, 223.66400146484375], [0.1120000034570694, 19.600000381469727, 80.97600555419922, 223.66400146484375], [151.08799743652344, 28.560001373291016, 215.37600708007812, 172.14401245117188], [190.9600067138672, 104.72000122070312, 223.66400146484375, 223.66400146484375], [39.3120002746582, 45.58399963378906, 70.2239990234375, 121.96800231933594], [194.99200439453125, 170.1280059814453, 223.66400146484375, 214.92800903320312], [177.96800231933594, 55.44000244140625, 201.04000854492188, 91.5040054321289]], 'labels': ['person', 'person', 'person', 'person', 'human face', 'human face', 'human face']}}"
0210,"{'<DENSE_REGION_CAPTION>': {'bboxes': [[0.1120000034570694, 20.720001220703125, 177.29600524902344, 223.66400146484375], [0.1120000034570694, 20.720001220703125, 85.68000030517578, 223.66400146484375], [156.46400451660156, 39.53600311279297, 210.67201232910156, 173.48800659179688], [188.94400024414062, 102.4800033569336, 223.66400146484375, 223.66400146484375], [50.512001037597656, 46.25600051879883, 73.80799865722656, 117.26399993896484], [161.6160125732422, 70.0, 184.01600646972656, 107.40800476074219]], 'labels': ['person', 'person', 'person', 'person', 'human face', 'human face']}}"
0211,"{'<DENSE_REGION_CAPTION>': {'bboxes': [[0.1120000034570694, 19.82400131225586, 179.31201171875, 223.66400146484375], [42.672000885009766, 46.25600051879883, 71.56800079345703, 121.29600524902344], [189.6160125732422, 47.152000427246094, 212.91200256347656, 94.41600036621094]], 'labels': ['woman', 'human face', 'human face']}}"
0212,"{'<DENSE_REGION_CAPTION>': {'bboxes': [[0.1120000034570694, 20.720001220703125, 176.40000915527344, 223.66400146484375], [41.3280029296875, 45.58399963378906, 71.12000274658203, 122.41600036621094], [193.42401123046875, 50.064002990722656, 217.6160125732422, 96.43199920654297]], 'labels': ['girl', 'human face', 'human face']}}"
0213,"{'<DENSE_REGION_CAPTION>': {'bboxes': [[0.1120000034570694, 18.48000144958496, 147.05599975585938, 223.66400146484375], [44.4640007019043, 41.104000091552734, 70.89600372314453, 117.04000091552734], [192.3040008544922, 56.336002349853516, 223.66400146484375, 102.2560043334961]], 'labels': ['woman', 'human face', 'human face']}}"
0214,"{'<DENSE_REGION_CAPTION>': {'bboxes': [[0.1120000034570694, 19.152000427246094, 152.2080078125, 223.66400146484375], [160.27200317382812, 38.63999938964844, 223.66400146484375, 223.66400146484375], [43.56800079345703, 41.552001953125, 71.79199981689453, 113.00800323486328]], 'labels': ['person', 'person', 'human face']}}"
0215,"{'<DENSE_REGION_CAPTION>': {'bboxes': [[0.1120000034570694, 17.808000564575195, 152.2080078125, 223.66400146484375], [42.448001861572266, 38.19200134277344, 70.89600372314453, 110.31999969482422]], 'labels': ['woman', 'human face']}}"
0216,"{'<DENSE_REGION_CAPTION>': {'bboxes': [[0.1120000034570694, 17.583999633789062, 152.2080078125, 223.66400146484375], [0.1120000034570694, 17.583999633789062, 75.60000610351562, 223.66400146484375], [157.13600158691406, 36.176002502441406, 223.66400146484375, 183.12001037597656], [44.2400016784668, 38.8640022277832, 71.12000274658203, 113.45600128173828], [182.2239990234375, 59.02400207519531, 201.26400756835938, 108.08000183105469]], 'labels': ['person', 'person', 'person', 'human face', 'human face']}}"
0217,"{'<DENSE_REGION_CAPTION>': {'bboxes': [[0.1120000034570694, 18.032001495361328, 147.95201110839844, 223.66400146484375], [0.1120000034570694, 18.032001495361328, 76.49600219726562, 223.66400146484375], [43.56800079345703, 40.20800018310547, 71.56800079345703, 113.90400695800781], [185.80799865722656, 54.992000579833984, 205.52000427246094, 102.9280014038086]], 'labels': ['person', 'woman', 'human face', 'human face']}}"
0218,"{'<DENSE_REGION_CAPTION>': {'bboxes': [[0.1120000034570694, 19.152000427246094, 119.5040054321289, 223.66400146484375], [161.8400115966797, 49.39200210571289, 223.66400146484375, 223.66400146484375], [40.20800018310547, 44.4640007019043, 70.67200469970703, 121.74400329589844], [198.3520050048828, 65.52000427246094, 218.9600067138672, 110.99200439453125]], 'labels': ['person', 'person', 'human face', 'human face']}}"
0219,"{'<DENSE_REGION_CAPTION>': {'bboxes': [[0.1120000034570694, 19.82400131225586, 155.79200744628906, 223.66400146484375], [41.3280029296875, 46.704002380371094, 71.34400177001953, 120.6240005493164], [193.42401123046875, 61.71200180053711, 213.58399963378906, 112.78400421142578], [199.0240020751953, 165.20001220703125, 220.0800018310547, 205.96800231933594]], 'labels': ['girl', 'human face', 'human face', 'human face']}}"
0220,"{'<DENSE_REGION_CAPTION>': {'bboxes': [[0.1120000034570694, 19.82400131225586, 158.70401000976562, 223.66400146484375], [42.895999908447266, 47.152000427246094, 72.01599884033203, 121.74400329589844], [182.2239990234375, 43.79199981689453, 204.84800720214844, 84.78400421142578]], 'labels': ['girl', 'human face', 'human face']}}"
0221,"{'<DENSE_REGION_CAPTION>': {'bboxes': [[0.1120000034570694, 20.04800033569336, 159.15200805664062, 223.66400146484375], [41.552001953125, 47.152000427246094, 72.01599884033203, 121.74400329589844], [179.31201171875, 32.36800003051758, 202.16000366210938, 75.82400512695312]], 'labels': ['girl', 'human face', 'human face']}}"
0222,"{'<DENSE_REGION_CAPTION>': {'bboxes': [[0.1120000034570694, 19.82400131225586, 152.4320068359375, 223.66400146484375], [42.895999908447266, 46.704002380371094, 72.24000549316406, 121.29600524902344], [189.6160125732422, 44.4640007019043, 212.46400451660156, 89.26399993896484]], 'labels': ['woman', 'human face', 'human face']}}"
0223,"{'<DENSE_REGION_CAPTION>': {'bboxes': [[0.1120000034570694, 19.82400131225586, 95.31200408935547, 223.66400146484375], [160.72000122070312, 19.82400131225586, 223.66400146484375, 201.71200561523438], [181.7760009765625, 94.63999938964844, 223.66400146484375, 223.66400146484375], [44.91200256347656, 44.4640007019043, 73.13600158691406, 119.9520034790039], [196.11199951171875, 114.80000305175781, 220.0800018310547, 189.8400115966797], [189.8400115966797, 39.3120002746582, 215.82400512695312, 84.11199951171875]], 'labels': ['person', 'person', 'person', 'human face', 'human face', 'human face']}}"
0224,"{'<DENSE_REGION_CAPTION>': {'bboxes': [[0.1120000034570694, 17.808000564575195, 93.29600524902344, 223.66400146484375], [166.32000732421875, 22.512001037597656, 223.66400146484375, 199.6959991455078], [169.0080108642578, 94.86400604248047, 223.66400146484375, 223.66400146484375], [46.704002380371094, 36.176002502441406, 72.24000549316406, 110.31999969482422], [190.0640106201172, 33.48800277709961, 215.82400512695312, 81.87200164794922]], 'labels': ['person', 'person', 'person', 'human face', 'human face']}}"
0225,"{'<DENSE_REGION_CAPTION>': {'bboxes': [[48.720001220703125, 54.544002532958984, 76.04800415039062, 122.86400604248047], [192.0800018310547, 29.904001235961914, 217.6160125732422, 78.73600006103516], [0.1120000034570694, 26.09600067138672, 92.8479995727539, 223.66400146484375], [153.3280029296875, 20.272001266479492, 223.66400146484375, 201.26400756835938], [187.82400512695312, 94.86400604248047, 223.66400146484375, 223.66400146484375]], 'labels': ['human face', 'human face', 'person', 'person', 'woman']}}"
0226,"{'<DENSE_REGION_CAPTION>': {'bboxes': [[0.1120000034570694, 31.02400016784668, 157.13600158691406, 223.66400146484375], [158.25601196289062, 28.112001419067383, 223.66400146484375, 202.60800170898438], [169.0080108642578, 94.63999938964844, 223.66400146484375, 223.66400146484375], [50.064002990722656, 63.72800064086914, 77.61600494384766, 125.552001953125], [194.09600830078125, 41.3280029296875, 223.66400146484375, 89.04000091552734]], 'labels': ['person', 'person', 'person', 'human face', 'human face']}}"
0227,"{'<DENSE_REGION_CAPTION>': {'bboxes': [[0.1120000034570694, 25.87200164794922, 154.67201232910156, 223.66400146484375], [0.1120000034570694, 25.87200164794922, 79.85600280761719, 223.66400146484375], [159.15200805664062, 26.54400062561035, 223.66400146484375, 150.63999938964844], [186.25601196289062, 95.98400115966797, 223.66400146484375, 223.66400146484375], [53.42399978637695, 54.992000579833984, 77.16799926757812, 122.86400604248047], [194.32000732421875, 43.12000274658203, 223.66400146484375, 94.19200134277344]], 'labels': ['person', 'person', 'person', 'person', 'human face', 'human face']}}"
0228,"{'<DENSE_REGION_CAPTION>': {'bboxes': [[0.1120000034570694, 24.97599983215332, 155.12001037597656, 223.66400146484375], [0.1120000034570694, 24.97599983215332, 83.66400146484375, 223.66400146484375], [50.064002990722656, 51.18400192260742, 76.94400024414062, 131.37600708007812], [176.84800720214844, 173.93600463867188, 210.67201232910156, 220.5279998779297], [184.24000549316406, 39.3120002746582, 208.4320068359375, 83.21600341796875]], 'labels': ['woman', 'woman', 'human face', 'human face', 'human face']}}"
0229,"{'<DENSE_REGION_CAPTION>': {'bboxes': [[0.1120000034570694, 26.992000579833984, 157.13600158691406, 223.66400146484375], [0.1120000034570694, 26.992000579833984, 79.85600280761719, 223.66400146484375], [50.512001037597656, 50.736000061035156, 76.27200317382812, 125.552001953125], [169.6800079345703, 156.24000549316406, 200.36801147460938, 203.72801208496094], [188.72000122070312, 36.624000549316406, 211.79200744628906, 81.87200164794922]], 'labels': ['woman', 'woman', 'human face', 'human face', 'human face']}}"
0230,"{'<DENSE_REGION_CAPTION>': {'bboxes': [[0.1120000034570694, 25.648000717163086, 160.04800415039062, 223.66400146484375], [0.1120000034570694, 25.87200164794922, 79.85600280761719, 223.66400146484375], [49.39200210571289, 48.944000244140625, 75.82400512695312, 122.41600036621094]], 'labels': ['woman', 'woman', 'human face']}}"
0231,"{'<DENSE_REGION_CAPTION>': {'bboxes': [[0.1120000034570694, 26.54400062561035, 149.52000427246094, 223.66400146484375], [0.1120000034570694, 26.54400062561035, 78.95999908447266, 223.66400146484375], [44.91200256347656, 54.09600067138672, 73.80799865722656, 129.13600158691406]], 'labels': ['woman', 'woman', 'human face']}}"
0232,"{'<DENSE_REGION_CAPTION>': {'bboxes': [[0.1120000034570694, 22.064001083374023, 143.2480010986328, 223.66400146484375], [0.1120000034570694, 22.064001083374023, 80.30400085449219, 223.66400146484375], [49.39200210571289, 46.25600051879883, 75.1520004272461, 118.16000366210938]], 'labels': ['person', 'person', 'human face']}}"
0233,"{'<DENSE_REGION_CAPTION>': {'bboxes': [[0.1120000034570694, 21.392000198364258, 145.04000854492188, 223.66400146484375], [0.1120000034570694, 21.392000198364258, 78.06400299072266, 223.66400146484375], [169.0080108642578, 24.527999877929688, 223.66400146484375, 202.83200073242188], [192.5279998779297, 186.70401000976562, 223.66400146484375, 223.66400146484375]], 'labels': ['person', 'person', 'person', 'person']}}"
0234,"{'<DENSE_REGION_CAPTION>': {'bboxes': [[0.1120000034570694, 21.392000198364258, 145.04000854492188, 223.66400146484375], [0.1120000034570694, 21.392000198364258, 79.40800476074219, 223.66400146484375], [169.0080108642578, 23.18400001525879, 223.66400146484375, 203.50401306152344], [46.47999954223633, 48.272003173828125, 72.91200256347656, 120.1760025024414]], 'labels': ['person', 'person', 'person', 'human face']}}"
0235,"{'<DENSE_REGION_CAPTION>': {'bboxes': [[0.1120000034570694, 20.496000289916992, 144.1439971923828, 223.66400146484375], [0.1120000034570694, 20.496000289916992, 76.04800415039062, 223.66400146484375], [168.7840118408203, 23.18400001525879, 223.66400146484375, 203.72801208496094], [192.5279998779297, 186.48001098632812, 223.66400146484375, 223.66400146484375]], 'labels': ['person', 'person', 'person', 'person']}}"
0236,"{'<DENSE_REGION_CAPTION>': {'bboxes': [[0.1120000034570694, 19.600000381469727, 143.2480010986328, 223.66400146484375], [168.7840118408203, 26.32000160217285, 221.42401123046875, 204.40000915527344], [192.5279998779297, 186.70401000976562, 223.66400146484375, 223.66400146484375]], 'labels': ['person', 'person', 'person']}}"
0237,"{'<DENSE_REGION_CAPTION>': {'bboxes': [[0.1120000034570694, 18.48000144958496, 142.5760040283203, 223.66400146484375], [0.1120000034570694, 18.256000518798828, 83.66400146484375, 223.66400146484375], [48.944000244140625, 44.0160026550293, 73.80799865722656, 114.57600402832031]], 'labels': ['person', 'person', 'human face']}}"
0238,"{'<DENSE_REGION_CAPTION>': {'bboxes': [[0.1120000034570694, 18.48000144958496, 142.1280059814453, 223.66400146484375], [48.272003173828125, 42.672000885009766, 74.0320053100586, 114.57600402832031]], 'labels': ['person', 'human face']}}"
0239,"{'<DENSE_REGION_CAPTION>': {'bboxes': [[0.1120000034570694, 19.376001358032227, 142.1280059814453, 223.66400146484375], [0.1120000034570694, 19.376001358032227, 79.85600280761719, 223.66400146484375], [48.04800033569336, 45.58399963378906, 74.0320053100586, 116.59200286865234], [185.36000061035156, 45.13600158691406, 206.864013671875, 86.80000305175781]], 'labels': ['person', 'person', 'human face', 'human face']}}"
0240,"{'<DENSE_REGION_CAPTION>': {'bboxes': [[0.1120000034570694, 18.256000518798828, 142.1280059814453, 223.66400146484375], [0.1120000034570694, 18.256000518798828, 80.30400085449219, 223.66400146484375], [11.312000274658203, 68.8800048828125, 61.26400375366211, 182.89601135253906], [48.944000244140625, 44.4640007019043, 73.80799865722656, 117.26399993896484]], 'labels': ['person', 'person', 'scarf', 'human face']}}"
0241,"{'<DENSE_REGION_CAPTION>': {'bboxes': [[0.1120000034570694, 18.48000144958496, 142.3520050048828, 223.66400146484375], [0.1120000034570694, 18.48000144958496, 83.66400146484375, 223.66400146484375], [48.720001220703125, 45.58399963378906, 74.0320053100586, 115.69600677490234]], 'labels': ['woman', 'woman', 'human face']}}"
0242,"{'<DENSE_REGION_CAPTION>': {'bboxes': [[0.1120000034570694, 18.256000518798828, 150.41600036621094, 223.66400146484375], [145.04000854492188, 29.68000030517578, 220.75201416015625, 176.84800720214844], [185.58399963378906, 82.76800537109375, 223.66400146484375, 223.66400146484375]], 'labels': ['person', 'person', 'person']}}"
0243,"{'<DENSE_REGION_CAPTION>': {'bboxes': [[0.1120000034570694, 14.44800090789795, 139.21600341796875, 223.66400146484375], [0.1120000034570694, 14.44800090789795, 83.21600341796875, 223.66400146484375], [149.29600524902344, 30.80000114440918, 215.37600708007812, 188.72000122070312], [180.656005859375, 85.23200225830078, 223.66400146484375, 223.66400146484375]], 'labels': ['person', 'person', 'person', 'person']}}"
0244,"{'<DENSE_REGION_CAPTION>': {'bboxes': [[0.1120000034570694, 15.568000793457031, 146.60800170898438, 223.66400146484375], [0.1120000034570694, 15.568000793457031, 81.87200164794922, 223.66400146484375], [147.50399780273438, 28.784000396728516, 217.16799926757812, 192.5279998779297], [186.03201293945312, 82.76800537109375, 223.66400146484375, 223.66400146484375]], 'labels': ['person', 'woman', 'person', 'person']}}"
0245,"{'<DENSE_REGION_CAPTION>': {'bboxes': [[0.1120000034570694, 14.672000885009766, 139.21600341796875, 223.66400146484375], [0.1120000034570694, 14.672000885009766, 80.30400085449219, 223.66400146484375], [164.0800018310547, 79.18400573730469, 223.66400146484375, 223.66400146484375]], 'labels': ['person', 'person', 'person']}}"
0246,"{'<DENSE_REGION_CAPTION>': {'bboxes': [[0.1120000034570694, 15.120000839233398, 138.76800537109375, 223.66400146484375], [0.1120000034570694, 15.120000839233398, 75.82400512695312, 223.66400146484375], [165.20001220703125, 29.45600128173828, 217.3920135498047, 202.83200073242188], [169.0080108642578, 86.57600402832031, 223.66400146484375, 223.66400146484375]], 'labels': ['person', 'person', 'person', 'person']}}"
0247,"{'<DENSE_REGION_CAPTION>': {'bboxes': [[0.1120000034570694, 15.344000816345215, 138.32000732421875, 223.66400146484375], [0.1120000034570694, 14.896000862121582, 78.51200103759766, 223.66400146484375], [158.70401000976562, 84.56000518798828, 223.66400146484375, 223.66400146484375]], 'labels': ['person', 'person', 'person']}}"
0248,"{'<DENSE_REGION_CAPTION>': {'bboxes': [[0.1120000034570694, 15.792000770568848, 140.11199951171875, 223.66400146484375], [0.1120000034570694, 15.792000770568848, 76.49600219726562, 223.66400146484375], [165.42401123046875, 29.00800132751465, 223.66400146484375, 202.83200073242188], [173.71200561523438, 80.08000183105469, 223.66400146484375, 223.66400146484375], [195.66400146484375, 126.67200469970703, 223.66400146484375, 189.39199829101562], [48.272003173828125, 40.432003021240234, 71.79199981689453, 102.9280014038086]], 'labels': ['person', 'person', 'person', 'person', 'human face', 'human face']}}"
0249,"{'<DENSE_REGION_CAPTION>': {'bboxes': [[0.1120000034570694, 16.687999725341797, 140.11199951171875, 223.66400146484375], [0.1120000034570694, 16.687999725341797, 76.04800415039062, 223.66400146484375], [158.25601196289062, 82.09600067138672, 223.66400146484375, 223.66400146484375]], 'labels': ['person', 'person', 'person']}}"
0250,"{'<DENSE_REGION_CAPTION>': {'bboxes': [[0.1120000034570694, 16.91200065612793, 140.33599853515625, 223.66400146484375], [0.1120000034570694, 16.91200065612793, 76.49600219726562, 223.66400146484375], [159.15200805664062, 81.20000457763672, 223.66400146484375, 223.66400146484375]], 'labels': ['person', 'person', 'person']}}"
0251,"{'<DENSE_REGION_CAPTION>': {'bboxes': [[0.1120000034570694, 17.360000610351562, 140.11199951171875, 223.66400146484375], [158.70401000976562, 23.631999969482422, 223.66400146484375, 198.8000030517578], [174.16000366210938, 75.3759994506836, 223.66400146484375, 223.66400146484375]], 'labels': ['person', 'person', 'person']}}"
0252,"{'<DENSE_REGION_CAPTION>': {'bboxes': [[0.1120000034570694, 18.032001495361328, 140.7840118408203, 223.66400146484375], [0.1120000034570694, 18.032001495361328, 76.49600219726562, 223.66400146484375], [148.40000915527344, 77.84000396728516, 223.66400146484375, 223.66400146484375], [159.15200805664062, 25.648000717163086, 223.66400146484375, 180.656005859375]], 'labels': ['person', 'person', 'person', 'person']}}"
0253,"{'<DENSE_REGION_CAPTION>': {'bboxes': [[0.1120000034570694, 18.256000518798828, 140.7840118408203, 223.66400146484375], [0.1120000034570694, 18.256000518798828, 75.1520004272461, 223.66400146484375], [154.447998046875, 93.52000427246094, 223.66400146484375, 223.66400146484375]], 'labels': ['person', 'person', 'person']}}"
0254,"{'<DENSE_REGION_CAPTION>': {'bboxes': [[0.1120000034570694, 18.256000518798828, 140.7840118408203, 223.66400146484375], [145.26400756835938, 18.70400047302246, 223.66400146484375, 223.66400146484375], [145.26400756835938, 18.48000144958496, 223.66400146484375, 136.3040008544922]], 'labels': ['person', 'person', 'person']}}"
0255,"{'<DENSE_REGION_CAPTION>': {'bboxes': [[0.1120000034570694, 18.256000518798828, 141.2320098876953, 223.66400146484375], [0.1120000034570694, 18.256000518798828, 75.82400512695312, 223.66400146484375], [159.15200805664062, 103.3759994506836, 223.66400146484375, 223.66400146484375]], 'labels': ['person', 'person', 'person']}}"
0256,"{'<DENSE_REGION_CAPTION>': {'bboxes': [[0.1120000034570694, 18.256000518798828, 142.1280059814453, 223.66400146484375], [154.89601135253906, 105.61600494384766, 223.66400146484375, 223.66400146484375], [180.4320068359375, 24.079999923706055, 218.0640106201172, 139.44000244140625]], 'labels': ['person', 'person', 'person']}}"
0257,"{'<DENSE_REGION_CAPTION>': {'bboxes': [[0.1120000034570694, 19.152000427246094, 142.1280059814453, 223.66400146484375], [159.15200805664062, 103.82400512695312, 223.66400146484375, 223.66400146484375], [48.272003173828125, 44.6879997253418, 73.58399963378906, 113.90400695800781]], 'labels': ['person', 'person', 'human face']}}"
0258,"{'<DENSE_REGION_CAPTION>': {'bboxes': [[48.720001220703125, 42.448001861572266, 73.58399963378906, 113.45600128173828]], 'labels': ['human face']}}"
0259,"{'<DENSE_REGION_CAPTION>': {'bboxes': [[0.1120000034570694, 19.82400131225586, 142.1280059814453, 223.66400146484375], [0.1120000034570694, 19.82400131225586, 77.84000396728516, 223.66400146484375], [159.82400512695312, 25.200000762939453, 223.66400146484375, 197.6800079345703], [183.79200744628906, 95.53600311279297, 223.66400146484375, 223.66400146484375]], 'labels': ['person', 'person', 'person', 'person']}}"
0260,"{'<DENSE_REGION_CAPTION>': {'bboxes': [[0.1120000034570694, 19.82400131225586, 142.1280059814453, 223.66400146484375], [160.72000122070312, 27.440000534057617, 223.66400146484375, 186.25601196289062]], 'labels': ['person', 'person']}}"
0261,"{'<DENSE_REGION_CAPTION>': {'bboxes': [[0.1120000034570694, 19.82400131225586, 142.1280059814453, 223.66400146484375], [160.72000122070312, 28.336000442504883, 220.75201416015625, 182.0], [165.87200927734375, 159.37600708007812, 223.66400146484375, 223.66400146484375]], 'labels': ['person', 'person', 'person']}}"
0262,"{'<DENSE_REGION_CAPTION>': {'bboxes': [[0.1120000034570694, 19.82400131225586, 144.1439971923828, 223.66400146484375], [0.1120000034570694, 19.82400131225586, 83.66400146484375, 223.66400146484375], [164.9759979248047, 31.920000076293945, 220.97601318359375, 182.67201232910156]], 'labels': ['person', 'person', 'person']}}"
0263,"{'<DENSE_REGION_CAPTION>': {'bboxes': [[0.1120000034570694, 17.808000564575195, 144.1439971923828, 223.66400146484375], [0.1120000034570694, 17.808000564575195, 77.84000396728516, 223.66400146484375], [164.7519989013672, 33.93600082397461, 221.42401123046875, 196.5600128173828]], 'labels': ['person', 'person', 'person']}}"
0264,"{'<DENSE_REGION_CAPTION>': {'bboxes': [[0.1120000034570694, 19.152000427246094, 144.59201049804688, 223.66400146484375], [0.1120000034570694, 19.152000427246094, 77.84000396728516, 223.66400146484375], [161.8400115966797, 83.21600341796875, 223.66400146484375, 223.66400146484375], [164.7519989013672, 27.440000534057617, 223.66400146484375, 172.36801147460938]], 'labels': ['person', 'person', 'person', 'person']}}"
0265,"{'<DENSE_REGION_CAPTION>': {'bboxes': [[0.1120000034570694, 20.496000289916992, 148.40000915527344, 223.66400146484375], [0.1120000034570694, 20.272001266479492, 78.51200103759766, 223.66400146484375], [164.3040008544922, 29.68000030517578, 223.66400146484375, 203.05599975585938]], 'labels': ['person', 'person', 'person']}}"
0266,"{'<DENSE_REGION_CAPTION>': {'bboxes': [[0.1120000034570694, 21.392000198364258, 151.31201171875, 223.66400146484375], [163.4080047607422, 30.352001190185547, 223.66400146484375, 203.05599975585938]], 'labels': ['person', 'person']}}"
0267,"{'<DENSE_REGION_CAPTION>': {'bboxes': [[0.1120000034570694, 21.61600112915039, 160.04800415039062, 223.66400146484375], [159.60000610351562, 33.93600082397461, 223.66400146484375, 223.66400146484375], [41.552001953125, 48.720001220703125, 70.0, 121.96800231933594]], 'labels': ['person', 'person', 'human face']}}"
0268,"{'<DENSE_REGION_CAPTION>': {'bboxes': [[44.2400016784668, 38.8640022277832, 67.98400115966797, 112.56000518798828]], 'labels': ['human face']}}"
0269,"{'<DENSE_REGION_CAPTION>': {'bboxes': [[40.432003021240234, 48.272003173828125, 69.10400390625, 120.84800720214844]], 'labels': ['human face']}}"
0270,"{'<DENSE_REGION_CAPTION>': {'bboxes': [[44.4640007019043, 46.25600051879883, 72.46400451660156, 117.04000091552734]], 'labels': ['human face']}}"
0271,"{'<DENSE_REGION_CAPTION>': {'bboxes': [[0.1120000034570694, 19.600000381469727, 88.14400482177734, 223.66400146484375], [168.11199951171875, 21.61600112915039, 213.13600158691406, 201.93600463867188], [196.33599853515625, 55.21600341796875, 223.66400146484375, 223.66400146484375]], 'labels': ['person', 'person', 'person']}}"
0272,"{'<DENSE_REGION_CAPTION>': {'bboxes': [[41.3280029296875, 46.704002380371094, 71.12000274658203, 116.59200286865234]], 'labels': ['human face']}}"
0273,"{'<DENSE_REGION_CAPTION>': {'bboxes': [[0.1120000034570694, 20.496000289916992, 88.59200286865234, 223.66400146484375], [163.4080047607422, 27.216001510620117, 223.66400146484375, 202.83200073242188], [194.76800537109375, 64.1760025024414, 223.66400146484375, 223.66400146484375]], 'labels': ['person', 'person', 'person']}}"
0274,"{'<DENSE_REGION_CAPTION>': {'bboxes': [[41.552001953125, 48.04800033569336, 70.0, 120.4000015258789], [184.01600646972656, 105.61600494384766, 205.52000427246094, 182.447998046875]], 'labels': ['human face', 'human face']}}"
0275,"{'<DENSE_REGION_CAPTION>': {'bboxes': [[64.8479995727539, 70.44800567626953, 201.71200561523438, 223.66400146484375], [0.1120000034570694, 20.272001266479492, 88.59200286865234, 223.66400146484375], [161.8400115966797, 27.88800048828125, 223.66400146484375, 202.83200073242188], [169.9040069580078, 57.90400314331055, 223.66400146484375, 223.66400146484375]], 'labels': ['whiteboard', 'person', 'person', 'person']}}"
0276,"{'<DENSE_REGION_CAPTION>': {'bboxes': [[0.1120000034570694, 19.82400131225586, 148.62400817871094, 223.66400146484375], [0.1120000034570694, 19.82400131225586, 79.85600280761719, 223.66400146484375], [168.11199951171875, 49.39200210571289, 223.66400146484375, 223.66400146484375], [199.2480010986328, 75.3759994506836, 223.66400146484375, 165.87200927734375], [48.272003173828125, 43.79199981689453, 71.79199981689453, 114.35200500488281]], 'labels': ['person', 'person', 'person', 'human face', 'human face']}}"
0277,"{'<DENSE_REGION_CAPTION>': {'bboxes': [[0.1120000034570694, 20.272001266479492, 160.49600219726562, 223.66400146484375], [0.1120000034570694, 20.272001266479492, 81.20000457763672, 223.66400146484375], [170.8000030517578, 46.03200149536133, 223.66400146484375, 223.66400146484375]], 'labels': ['person', 'person', 'person']}}"
0278,"{'<DENSE_REGION_CAPTION>': {'bboxes': [[0.1120000034570694, 21.61600112915039, 161.39199829101562, 223.66400146484375], [0.1120000034570694, 21.392000198364258, 83.21600341796875, 223.66400146484375], [169.6800079345703, 82.99200439453125, 223.66400146484375, 223.66400146484375], [45.58399963378906, 47.152000427246094, 73.13600158691406, 119.2800064086914]], 'labels': ['person', 'person', 'person', 'human face']}}"
0279,"{'<DENSE_REGION_CAPTION>': {'bboxes': [[0.1120000034570694, 15.792000770568848, 100.68800354003906, 223.66400146484375], [160.72000122070312, 24.527999877929688, 223.66400146484375, 147.95201110839844], [180.4320068359375, 88.81600189208984, 223.66400146484375, 223.66400146484375]], 'labels': ['person', 'person', 'person']}}"
0280,"{'<DENSE_REGION_CAPTION>': {'bboxes': [[0.1120000034570694, 17.808000564575195, 88.59200286865234, 223.66400146484375], [158.70401000976562, 27.216001510620117, 223.66400146484375, 172.81600952148438]], 'labels': ['person', 'person']}}"
0281,"{'<DENSE_REGION_CAPTION>': {'bboxes': [[0.1120000034570694, 17.13599967956543, 89.04000091552734, 223.66400146484375], [156.24000549316406, 22.064001083374023, 223.66400146484375, 152.656005859375], [187.82400512695312, 121.96800231933594, 223.66400146484375, 223.66400146484375]], 'labels': ['person', 'person', 'person']}}"
0282,"{'<DENSE_REGION_CAPTION>': {'bboxes': [[44.2400016784668, 37.52000045776367, 73.58399963378906, 122.41600036621094]], 'labels': ['human face']}}"
0283,"{'<DENSE_REGION_CAPTION>': {'bboxes': [[41.3280029296875, 31.920000076293945, 71.12000274658203, 108.08000183105469], [192.0800018310547, 45.58399963378906, 223.66400146484375, 92.6240005493164]], 'labels': ['human face', 'human face']}}"
0284,"{'<DENSE_REGION_CAPTION>': {'bboxes': [[0.1120000034570694, 17.583999633789062, 89.48799896240234, 223.66400146484375], [150.19200134277344, 21.392000198364258, 223.66400146484375, 173.71200561523438], [192.0800018310547, 100.01600646972656, 223.66400146484375, 223.66400146484375], [192.5279998779297, 117.71200561523438, 213.58399963378906, 195.66400146484375], [52.75200271606445, 34.384002685546875, 71.12000274658203, 109.20000457763672], [190.0640106201172, 47.152000427246094, 213.58399963378906, 86.35200500488281]], 'labels': ['person', 'person', 'person', 'human face', 'human face', 'human face']}}"
0285,"{'<DENSE_REGION_CAPTION>': {'bboxes': [[41.3280029296875, 35.055999755859375, 71.56800079345703, 111.44000244140625], [183.79200744628906, 33.71200180053711, 208.2080078125, 78.73600006103516], [0.1120000034570694, 18.48000144958496, 89.93600463867188, 223.66400146484375]], 'labels': ['human face', 'human face', 'woman']}}"
0286,"{'<DENSE_REGION_CAPTION>': {'bboxes': [[41.3280029296875, 34.15999984741211, 71.79199981689453, 109.87200164794922], [173.71200561523438, 37.29600143432617, 198.8000030517578, 79.40800476074219]], 'labels': ['human face', 'human face']}}"
0287,"{'<DENSE_REGION_CAPTION>': {'bboxes': [[0.1120000034570694, 21.392000198364258, 90.60800170898438, 223.66400146484375], [163.8560028076172, 23.631999969482422, 223.66400146484375, 159.82400512695312], [188.49600219726562, 95.76000213623047, 223.66400146484375, 223.66400146484375]], 'labels': ['person', 'person', 'person']}}"
0288,"{'<DENSE_REGION_CAPTION>': {'bboxes': [[0.1120000034570694, 21.84000015258789, 90.60800170898438, 223.66400146484375], [44.4640007019043, 47.152000427246094, 73.80799865722656, 119.9520034790039], [186.48001098632812, 55.21600341796875, 211.79200744628906, 92.6240005493164], [180.2080078125, 177.29600524902344, 206.19200134277344, 208.2080078125]], 'labels': ['girl', 'human face', 'human face', 'human face']}}"
0289,"{'<DENSE_REGION_CAPTION>': {'bboxes': [[45.58399963378906, 51.85600280761719, 74.2560043334961, 120.6240005493164], [176.62400817871094, 158.25601196289062, 207.5360107421875, 206.864013671875], [185.36000061035156, 51.18400192260742, 208.2080078125, 92.8479995727539]], 'labels': ['human face', 'human face', 'human face']}}"
0290,"{'<DENSE_REGION_CAPTION>': {'bboxes': [[43.79199981689453, 49.16800308227539, 73.80799865722656, 122.19200134277344], [179.760009765625, 48.272003173828125, 206.19200134277344, 88.36800384521484]], 'labels': ['human face', 'human face']}}"
0291,"{'<DENSE_REGION_CAPTION>': {'bboxes': [[43.79199981689453, 37.74399948120117, 73.13600158691406, 113.00800323486328], [182.89601135253906, 53.20000076293945, 212.01600646972656, 87.24800109863281]], 'labels': ['human face', 'human face']}}"
0292,"{'<DENSE_REGION_CAPTION>': {'bboxes': [[0.1120000034570694, 20.272001266479492, 89.48799896240234, 223.66400146484375], [44.4640007019043, 41.3280029296875, 72.24000549316406, 114.57600402832031], [187.82400512695312, 147.27999877929688, 216.94400024414062, 197.4560089111328], [183.34400939941406, 49.16800308227539, 211.12001037597656, 84.11199951171875]], 'labels': ['girl', 'human face', 'human face', 'human face']}}"
0293,"{'<DENSE_REGION_CAPTION>': {'bboxes': [[46.03200149536133, 51.85600280761719, 72.91200256347656, 122.86400604248047], [185.36000061035156, 45.36000061035156, 211.12001037597656, 88.36800384521484]], 'labels': ['human face', 'human face']}}"
0294,"{'<DENSE_REGION_CAPTION>': {'bboxes': [[0.1120000034570694, 20.496000289916992, 162.5120086669922, 223.66400146484375], [49.39200210571289, 44.2400016784668, 74.7040023803711, 118.38400268554688], [185.13600158691406, 42.448001861572266, 214.25601196289062, 88.36800384521484]], 'labels': ['woman', 'human face', 'human face']}}"
0295,"{'<DENSE_REGION_CAPTION>': {'bboxes': [[0.1120000034570694, 19.376001358032227, 156.68800354003906, 223.66400146484375], [0.1120000034570694, 19.376001358032227, 83.66400146484375, 223.66400146484375], [158.25601196289062, 21.61600112915039, 223.66400146484375, 199.2480010986328], [152.4320068359375, 74.2560043334961, 223.66400146484375, 223.66400146484375], [192.3040008544922, 74.2560043334961, 223.66400146484375, 223.44000244140625], [48.04800033569336, 41.3280029296875, 73.36000061035156, 115.92000579833984], [184.68800354003906, 33.71200180053711, 210.2239990234375, 78.95999908447266]], 'labels': ['person', 'person', 'person', 'person', 'person', 'human face', 'human face']}}"
0296,"{'<DENSE_REGION_CAPTION>': {'bboxes': [[0.1120000034570694, 18.48000144958496, 155.12001037597656, 223.66400146484375], [0.1120000034570694, 18.48000144958496, 81.20000457763672, 223.66400146484375], [166.32000732421875, 21.61600112915039, 223.66400146484375, 164.5279998779297], [186.70401000976562, 81.42400360107422, 223.66400146484375, 223.66400146484375], [187.82400512695312, 132.27200317382812, 223.66400146484375, 193.20001220703125], [47.152000427246094, 40.880001068115234, 72.91200256347656, 113.00800323486328], [181.7760009765625, 31.248001098632812, 206.41600036621094, 75.1520004272461]], 'labels': ['person', 'person', 'person', 'person', 'human face', 'human face', 'human face']}}"
0297,"{'<DENSE_REGION_CAPTION>': {'bboxes': [[0.1120000034570694, 19.600000381469727, 154.67201232910156, 223.66400146484375], [0.1120000034570694, 19.600000381469727, 83.66400146484375, 223.66400146484375], [163.8560028076172, 22.288000106811523, 218.5120086669922, 165.42401123046875], [180.4320068359375, 89.71200561523438, 223.66400146484375, 223.66400146484375], [46.47999954223633, 42.0, 73.58399963378906, 114.57600402832031], [184.68800354003906, 152.4320068359375, 208.8800048828125, 202.16000366210938], [177.74400329589844, 30.80000114440918, 199.0240020751953, 75.3759994506836]], 'labels': ['person', 'person', 'person', 'person', 'human face', 'human face', 'human face']}}"
0298,"{'<DENSE_REGION_CAPTION>': {'bboxes': [[0.1120000034570694, 20.272001266479492, 154.67201232910156, 223.66400146484375], [43.56800079345703, 47.37600326538086, 72.46400451660156, 119.2800064086914], [188.27200317382812, 119.2800064086914, 211.12001037597656, 192.5279998779297]], 'labels': ['girl', 'human face', 'human face']}}"
0299,"{'<DENSE_REGION_CAPTION>': {'bboxes': [[0.1120000034570694, 19.82400131225586, 154.67201232910156, 223.66400146484375], [41.552001953125, 44.4640007019043, 71.79199981689453, 120.84800720214844], [184.91200256347656, 133.16799926757812, 215.37600708007812, 198.3520050048828], [172.59201049804688, 44.0160026550293, 198.3520050048828, 81.20000457763672]], 'labels': ['girl', 'human face', 'human face', 'human face']}}"
0300,"{'<DENSE_REGION_CAPTION>': {'bboxes': [[0.1120000034570694, 18.256000518798828, 154.67201232910156, 223.66400146484375], [40.432003021240234, 37.96800231933594, 71.12000274658203, 116.59200286865234], [181.7760009765625, 154.447998046875, 204.17601013183594, 199.2480010986328], [163.1840057373047, 40.432003021240234, 183.56800842285156, 80.97600555419922]], 'labels': ['woman', 'human face', 'human face', 'human face']}}"
0301,"{'<DENSE_REGION_CAPTION>': {'bboxes': [[0.1120000034570694, 19.82400131225586, 154.67201232910156, 223.66400146484375], [0.1120000034570694, 19.82400131225586, 79.85600280761719, 223.66400146484375], [159.60000610351562, 87.92000579833984, 223.66400146484375, 223.66400146484375], [146.16000366210938, 33.040000915527344, 194.76800537109375, 128.68800354003906], [45.58399963378906, 42.448001861572266, 73.13600158691406, 115.69600677490234], [181.552001953125, 158.92800903320312, 205.96800231933594, 202.83200073242188]], 'labels': ['person', 'person', 'person', 'person', 'human face', 'human face']}}"
0302,"{'<DENSE_REGION_CAPTION>': {'bboxes': [[0.1120000034570694, 20.272001266479492, 151.31201171875, 223.66400146484375], [0.1120000034570694, 20.272001266479492, 81.87200164794922, 223.66400146484375], [48.720001220703125, 45.58399963378906, 74.0320053100586, 117.04000091552734], [179.5360107421875, 156.91200256347656, 203.05599975585938, 202.38400268554688]], 'labels': ['woman', 'woman', 'human face', 'human face']}}"
0303,"{'<DENSE_REGION_CAPTION>': {'bboxes': [[0.1120000034570694, 19.82400131225586, 153.7760009765625, 223.66400146484375], [0.1120000034570694, 19.82400131225586, 83.21600341796875, 223.66400146484375], [160.94400024414062, 34.15999984741211, 223.66400146484375, 158.48001098632812], [182.0, 85.00800323486328, 223.66400146484375, 223.66400146484375], [49.39200210571289, 43.56800079345703, 74.4800033569336, 115.47200012207031]], 'labels': ['person', 'person', 'person', 'person', 'human face']}}"
0304,"{'<DENSE_REGION_CAPTION>': {'bboxes': [[0.1120000034570694, 20.272001266479492, 151.31201171875, 223.66400146484375], [0.1120000034570694, 20.272001266479492, 83.66400146484375, 223.66400146484375], [164.9759979248047, 28.560001373291016, 223.66400146484375, 180.656005859375], [160.04800415039062, 84.56000518798828, 223.66400146484375, 223.66400146484375], [48.04800033569336, 44.4640007019043, 73.58399963378906, 115.92000579833984]], 'labels': ['person', 'person', 'person', 'person', 'human face']}}"
0305,"{'<DENSE_REGION_CAPTION>': {'bboxes': [[0.1120000034570694, 20.272001266479492, 151.31201171875, 223.66400146484375], [147.27999877929688, 21.168001174926758, 211.12001037597656, 202.83200073242188], [147.27999877929688, 21.168001174926758, 202.60800170898438, 151.08799743652344], [194.54400634765625, 84.56000518798828, 223.66400146484375, 223.66400146484375], [48.720001220703125, 45.58399963378906, 73.58399963378906, 115.69600677490234], [196.5600128173828, 133.16799926757812, 216.94400024414062, 191.8560028076172], [157.58399963378906, 38.63999938964844, 178.41600036621094, 77.39200592041016]], 'labels': ['person', 'person', 'person', 'person', 'human face', 'human face', 'human face']}}"
0306,"{'<DENSE_REGION_CAPTION>': {'bboxes': [[0.1120000034570694, 20.272001266479492, 151.31201171875, 223.66400146484375], [0.1120000034570694, 20.272001266479492, 83.66400146484375, 223.66400146484375], [47.37600326538086, 43.56800079345703, 73.58399963378906, 115.69600677490234], [184.46400451660156, 146.38400268554688, 212.68800354003906, 201.71200561523438]], 'labels': ['woman', 'woman', 'human face', 'human face']}}"
0307,"{'<DENSE_REGION_CAPTION>': {'bboxes': [[0.1120000034570694, 20.272001266479492, 151.31201171875, 223.66400146484375], [46.704002380371094, 43.12000274658203, 73.36000061035156, 116.14400482177734], [177.74400329589844, 118.38400268554688, 198.5760040283203, 194.32000732421875], [178.86399841308594, 45.13600158691406, 203.95201110839844, 88.36800384521484]], 'labels': ['woman', 'human face', 'human face', 'human face']}}"
0308,"{'<DENSE_REGION_CAPTION>': {'bboxes': [[0.1120000034570694, 20.944000244140625, 151.31201171875, 223.66400146484375], [0.1120000034570694, 20.944000244140625, 83.66400146484375, 223.66400146484375], [44.2400016784668, 45.58399963378906, 73.13600158691406, 120.84800720214844], [180.4320068359375, 156.24000549316406, 201.04000854492188, 219.6320037841797], [182.67201232910156, 37.07200241088867, 205.74400329589844, 82.76800537109375]], 'labels': ['woman', 'woman', 'human face', 'human face', 'human face']}}"
0309,"{'<DENSE_REGION_CAPTION>': {'bboxes': [[0.1120000034570694, 21.84000015258789, 150.41600036621094, 223.66400146484375], [46.03200149536133, 45.58399963378906, 73.58399963378906, 120.1760025024414], [183.56800842285156, 31.248001098632812, 209.3280029296875, 72.91200256347656]], 'labels': ['woman', 'human face', 'human face']}}"
0310,"{'<DENSE_REGION_CAPTION>': {'bboxes': [[0.1120000034570694, 21.168001174926758, 141.0080108642578, 223.66400146484375], [0.1120000034570694, 20.944000244140625, 83.44000244140625, 223.66400146484375], [152.4320068359375, 15.568000793457031, 213.58399963378906, 202.83200073242188], [162.7360076904297, 87.69599914550781, 223.66400146484375, 223.66400146484375], [199.4720001220703, 87.69599914550781, 223.66400146484375, 223.44000244140625]], 'labels': ['person', 'person', 'person', 'person', 'person']}}"
0311,"{'<DENSE_REGION_CAPTION>': {'bboxes': [[0.1120000034570694, 25.424001693725586, 91.05599975585938, 223.66400146484375], [148.17601013183594, 17.808000564575195, 205.52000427246094, 189.8400115966797]], 'labels': ['person', 'person']}}"
0312,"{'<DENSE_REGION_CAPTION>': {'bboxes': [[0.1120000034570694, 25.424001693725586, 91.5040054321289, 223.66400146484375], [149.74400329589844, 24.75200080871582, 211.12001037597656, 201.93600463867188], [196.33599853515625, 99.12000274658203, 223.66400146484375, 223.66400146484375]], 'labels': ['person', 'person', 'person']}}"
0313,"{'<DENSE_REGION_CAPTION>': {'bboxes': [[0.1120000034570694, 71.12000274658203, 201.48800659179688, 223.66400146484375], [49.84000015258789, 58.35200119018555, 77.39200592041016, 127.12000274658203]], 'labels': ['desk', 'human face']}}"
0314,"{'<DENSE_REGION_CAPTION>': {'bboxes': [[0.1120000034570694, 26.09600067138672, 91.2800064086914, 223.66400146484375], [174.16000366210938, 47.152000427246094, 223.66400146484375, 155.56800842285156]], 'labels': ['person', 'person']}}"
0315,"{'<DENSE_REGION_CAPTION>': {'bboxes': [[0.1120000034570694, 26.32000160217285, 91.5040054321289, 223.66400146484375], [187.82400512695312, 51.63199996948242, 211.12001037597656, 98.89600372314453]], 'labels': ['woman', 'human face']}}"
0316,"{'<DENSE_REGION_CAPTION>': {'bboxes': [[0.1120000034570694, 0.1120000034570694, 93.52000427246094, 223.66400146484375], [175.50399780273438, 28.784000396728516, 223.66400146484375, 223.66400146484375], [175.50399780273438, 29.00800132751465, 223.66400146484375, 169.2320098876953], [163.6320037841797, 145.93600463867188, 223.66400146484375, 223.66400146484375]], 'labels': ['person', 'person', 'person', 'person']}}"
0317,"{'<DENSE_REGION_CAPTION>': {'bboxes': [[0.1120000034570694, 0.1120000034570694, 71.56800079345703, 223.66400146484375], [0.1120000034570694, 0.1120000034570694, 48.944000244140625, 223.66400146484375], [168.33599853515625, 22.512001037597656, 223.66400146484375, 164.5279998779297], [189.8400115966797, 90.83200073242188, 223.66400146484375, 223.66400146484375], [190.2880096435547, 126.44800567626953, 207.5360107421875, 194.54400634765625], [197.0080108642578, 37.07200241088867, 219.6320037841797, 87.02400207519531]], 'labels': ['person', 'person', 'person', 'person', 'human face', 'human face']}}"
0318,"{'<DENSE_REGION_CAPTION>': {'bboxes': [[0.1120000034570694, 0.1120000034570694, 89.48799896240234, 223.66400146484375], [167.21600341796875, 35.28000259399414, 223.66400146484375, 202.16000366210938], [12.432000160217285, 0.1120000034570694, 41.7760009765625, 72.46400451660156]], 'labels': ['person', 'person', 'human face']}}"
0319,"{'<DENSE_REGION_CAPTION>': {'bboxes': [[0.1120000034570694, 0.1120000034570694, 145.48800659179688, 223.66400146484375], [166.54400634765625, 39.0880012512207, 223.66400146484375, 201.93600463867188], [49.84000015258789, 24.079999923706055, 81.64800262451172, 90.38400268554688]], 'labels': ['person', 'person', 'human face']}}"
0320,"{'<DENSE_REGION_CAPTION>': {'bboxes': [[59.02400207519531, 39.3120002746582, 82.31999969482422, 100.91200256347656], [176.84800720214844, 65.29600524902344, 202.83200073242188, 109.20000457763672]], 'labels': ['human face', 'human face']}}"
0321,"{'<DENSE_REGION_CAPTION>': {'bboxes': [[59.02400207519531, 35.28000259399414, 81.87200164794922, 98.89600372314453], [186.70401000976562, 57.00800323486328, 210.2239990234375, 104.27200317382812]], 'labels': ['human face', 'human face']}}"
0322,"{'<DENSE_REGION_CAPTION>': {'bboxes': [[59.47200012207031, 37.07200241088867, 82.09600067138672, 99.79199981689453], [189.8400115966797, 52.30400085449219, 213.58399963378906, 102.4800033569336], [0.1120000034570694, 12.432000160217285, 157.58399963378906, 223.66400146484375], [165.87200927734375, 33.48800277709961, 223.66400146484375, 202.16000366210938]], 'labels': ['human face', 'human face', 'person', 'person']}}"
0323,"{'<DENSE_REGION_CAPTION>': {'bboxes': [[202.60800170898438, 110.54400634765625, 223.66400146484375, 179.9840087890625], [61.93600082397461, 41.3280029296875, 82.54400634765625, 102.0320053100586], [187.82400512695312, 47.60000228881836, 209.3280029296875, 99.34400177001953], [0.1120000034570694, 14.672000885009766, 151.760009765625, 223.66400146484375], [164.3040008544922, 33.48800277709961, 223.66400146484375, 188.04800415039062], [183.79200744628906, 79.63200378417969, 223.66400146484375, 223.66400146484375]], 'labels': ['human face', 'human face', 'human face', 'person', 'person', 'person']}}"
0324,"{'<DENSE_REGION_CAPTION>': {'bboxes': [[0.1120000034570694, 14.0, 150.86399841308594, 223.66400146484375], [154.2239990234375, 78.06400299072266, 223.66400146484375, 223.66400146484375], [161.16799926757812, 21.61600112915039, 223.66400146484375, 171.9199981689453], [182.67201232910156, 129.36000061035156, 209.3280029296875, 181.3280029296875], [61.040000915527344, 39.0880012512207, 82.09600067138672, 101.13600158691406], [188.49600219726562, 40.656002044677734, 210.89601135253906, 86.80000305175781]], 'labels': ['person', 'person', 'person', 'human face', 'human face', 'human face']}}"
0325,"{'<DENSE_REGION_CAPTION>': {'bboxes': [[0.1120000034570694, 16.016000747680664, 161.39199829101562, 223.66400146484375], [154.2239990234375, 78.95999908447266, 223.66400146484375, 223.66400146484375], [162.5120086669922, 21.168001174926758, 223.66400146484375, 168.5600128173828], [179.31201171875, 123.31200408935547, 205.96800231933594, 182.67201232910156], [61.93600082397461, 42.224002838134766, 83.21600341796875, 103.1520004272461], [186.25601196289062, 37.07200241088867, 209.552001953125, 84.78400421142578]], 'labels': ['person', 'person', 'person', 'human face', 'human face', 'human face']}}"
0326,"{'<DENSE_REGION_CAPTION>': {'bboxes': [[0.1120000034570694, 6.832000255584717, 159.60000610351562, 223.66400146484375], [153.7760009765625, 74.7040023803711, 223.66400146484375, 223.66400146484375], [161.6160125732422, 24.75200080871582, 223.66400146484375, 171.0240020751953], [52.97600173950195, 27.66400146484375, 77.39200592041016, 93.29600524902344], [184.68800354003906, 38.63999938964844, 209.552001953125, 86.57600402832031]], 'labels': ['person', 'person', 'person', 'human face', 'human face']}}"
0327,"{'<DENSE_REGION_CAPTION>': {'bboxes': [[0.1120000034570694, 7.728000164031982, 159.15200805664062, 223.66400146484375], [52.97600173950195, 28.112001419067383, 77.84000396728516, 94.19200134277344], [184.68800354003906, 34.15999984741211, 211.12001037597656, 79.85600280761719], [173.71200561523438, 137.64801025390625, 199.4720001220703, 175.72801208496094]], 'labels': ['girl', 'human face', 'human face', 'human face']}}"
0328,"{'<DENSE_REGION_CAPTION>': {'bboxes': [[0.1120000034570694, 8.624000549316406, 158.70401000976562, 223.66400146484375], [151.760009765625, 68.656005859375, 223.66400146484375, 223.66400146484375], [161.39199829101562, 26.992000579833984, 223.66400146484375, 168.7840118408203], [54.09600067138672, 28.112001419067383, 78.28800201416016, 95.08800506591797], [172.59201049804688, 123.53600311279297, 197.0080108642578, 170.1280059814453], [185.36000061035156, 36.400001525878906, 200.14401245117188, 74.2560043334961]], 'labels': ['person', 'person', 'person', 'human face', 'human face', 'human face']}}"
0329,"{'<DENSE_REGION_CAPTION>': {'bboxes': [[0.1120000034570694, 9.296000480651855, 158.70401000976562, 223.66400146484375], [151.760009765625, 68.656005859375, 223.66400146484375, 223.66400146484375], [161.6160125732422, 22.736000061035156, 223.66400146484375, 170.5760040283203], [54.09600067138672, 28.560001373291016, 79.18400573730469, 95.98400115966797], [173.71200561523438, 117.26399993896484, 201.71200561523438, 171.6959991455078]], 'labels': ['person', 'person', 'person', 'human face', 'human face']}}"
0330,"{'<DENSE_REGION_CAPTION>': {'bboxes': [[0.1120000034570694, 9.520000457763672, 158.70401000976562, 223.66400146484375], [124.20800018310547, 67.31200408935547, 223.66400146484375, 223.66400146484375], [54.544002532958984, 29.904001235961914, 78.95999908447266, 96.20800018310547], [177.74400329589844, 111.88800048828125, 201.04000854492188, 164.0800018310547], [181.3280029296875, 37.29600143432617, 206.864013671875, 74.0320053100586]], 'labels': ['girl', 'girl', 'human face', 'human face', 'human face']}}"
0331,"{'<DENSE_REGION_CAPTION>': {'bboxes': [[0.1120000034570694, 9.520000457763672, 158.70401000976562, 223.66400146484375], [152.4320068359375, 65.29600524902344, 223.66400146484375, 223.66400146484375], [20.04800033569336, 67.08800506591797, 77.84000396728516, 145.48800659179688], [54.768001556396484, 29.904001235961914, 77.84000396728516, 98.0], [186.70401000976562, 101.8080062866211, 211.12001037597656, 165.20001220703125], [181.552001953125, 37.29600143432617, 206.864013671875, 80.52799987792969]], 'labels': ['person', 'person', 'scarf', 'human face', 'human face', 'human face']}}"
0332,"{'<DENSE_REGION_CAPTION>': {'bboxes': [[0.1120000034570694, 4.815999984741211, 136.3040008544922, 223.66400146484375], [152.4320068359375, 66.19200134277344, 223.66400146484375, 223.66400146484375], [181.10400390625, 106.96000671386719, 207.760009765625, 167.44000244140625], [53.42399978637695, 24.304000854492188, 75.60000610351562, 90.16000366210938], [181.552001953125, 42.0, 205.74400329589844, 75.3759994506836]], 'labels': ['girl', 'girl', 'human face', 'human face', 'human face']}}"
0333,"{'<DENSE_REGION_CAPTION>': {'bboxes': [[0.1120000034570694, 3.696000099182129, 138.32000732421875, 223.66400146484375], [51.63199996948242, 22.064001083374023, 73.36000061035156, 87.02400207519531]], 'labels': ['girl', 'human face']}}"
0334,"{'<DENSE_REGION_CAPTION>': {'bboxes': [[0.1120000034570694, 3.696000099182129, 138.32000732421875, 223.66400146484375], [152.4320068359375, 59.47200012207031, 223.66400146484375, 223.66400146484375], [51.40800094604492, 21.168001174926758, 74.0320053100586, 87.69599914550781]], 'labels': ['girl', 'girl', 'human face']}}"
0335,"{'<DENSE_REGION_CAPTION>': {'bboxes': [[52.08000183105469, 22.288000106811523, 74.7040023803711, 90.16000366210938], [172.81600952148438, 45.58399963378906, 195.44000244140625, 95.08800506591797], [185.13600158691406, 85.00800323486328, 200.59201049804688, 142.3520050048828]], 'labels': ['human face', 'human face', 'human face']}}"
0336,"{'<DENSE_REGION_CAPTION>': {'bboxes': [[0.1120000034570694, 3.0240001678466797, 121.96800231933594, 223.66400146484375], [148.62400817871094, 61.71200180053711, 223.66400146484375, 223.66400146484375], [52.97600173950195, 24.75200080871582, 74.4800033569336, 90.38400268554688], [183.34400939941406, 94.63999938964844, 204.17601013183594, 151.31201171875]], 'labels': ['girl', 'girl', 'human face', 'human face']}}"
0337,"{'<DENSE_REGION_CAPTION>': {'bboxes': [[54.768001556396484, 27.440000534057617, 75.82400512695312, 91.2800064086914], [184.68800354003906, 104.72000122070312, 198.5760040283203, 146.16000366210938]], 'labels': ['human face', 'human face']}}"
0338,"{'<DENSE_REGION_CAPTION>': {'bboxes': [[0.1120000034570694, 6.160000324249268, 128.68800354003906, 223.66400146484375], [152.2080078125, 49.61600112915039, 223.66400146484375, 223.66400146484375], [21.61600112915039, 56.560001373291016, 76.72000122070312, 136.0800018310547], [56.112003326416016, 30.352001190185547, 76.94400024414062, 93.96800231933594]], 'labels': ['person', 'person', 'scarf', 'human face']}}"
0339,"{'<DENSE_REGION_CAPTION>': {'bboxes': [[49.39200210571289, 24.97599983215332, 74.7040023803711, 93.74400329589844]], 'labels': ['human face']}}"
0340,"{'<DENSE_REGION_CAPTION>': {'bboxes': [[49.84000015258789, 24.527999877929688, 74.4800033569336, 93.96800231933594]], 'labels': ['human face']}}"
0341,"{'<DENSE_REGION_CAPTION>': {'bboxes': [[0.1120000034570694, 2.8000001907348633, 150.86399841308594, 223.66400146484375], [135.8560028076172, 20.496000289916992, 215.15200805664062, 194.09600830078125]], 'labels': ['person', 'person']}}"
0342,"{'<DENSE_REGION_CAPTION>': {'bboxes': [[54.992000579833984, 31.920000076293945, 78.28800201416016, 91.7280044555664], [179.5360107421875, 32.36800003051758, 201.71200561523438, 77.16799926757812]], 'labels': ['human face', 'human face']}}"
0343,"{'<DENSE_REGION_CAPTION>': {'bboxes': [[57.00800323486328, 36.176002502441406, 79.18400573730469, 91.5040054321289]], 'labels': ['human face']}}"
0344,"{'<DENSE_REGION_CAPTION>': {'bboxes': [[58.12800216674805, 37.74399948120117, 79.18400573730469, 92.8479995727539], [177.29600524902344, 30.352001190185547, 198.5760040283203, 72.46400451660156]], 'labels': ['human face', 'human face']}}"
0345,"{'<DENSE_REGION_CAPTION>': {'bboxes': [[0.1120000034570694, 7.728000164031982, 138.32000732421875, 223.66400146484375], [143.9199981689453, 17.360000610351562, 210.67201232910156, 184.24000549316406]], 'labels': ['person', 'person']}}"
0346,"{'<DENSE_REGION_CAPTION>': {'bboxes': [[0.1120000034570694, 7.28000020980835, 140.33599853515625, 223.66400146484375], [144.81600952148438, 21.61600112915039, 220.3040008544922, 194.09600830078125], [57.68000030517578, 35.72800064086914, 78.06400299072266, 91.05599975585938], [174.83200073242188, 34.832000732421875, 196.33599853515625, 73.58399963378906]], 'labels': ['person', 'person', 'human face', 'human face']}}"
0347,"{'<DENSE_REGION_CAPTION>': {'bboxes': [[58.12800216674805, 40.432003021240234, 77.39200592041016, 90.38400268554688]], 'labels': ['human face']}}"
0348,"{'<DENSE_REGION_CAPTION>': {'bboxes': [[54.992000579833984, 33.71200180053711, 78.95999908447266, 94.41600036621094]], 'labels': ['human face']}}"
0349,"{'<DENSE_REGION_CAPTION>': {'bboxes': [[52.97600173950195, 30.128000259399414, 77.61600494384766, 93.07200622558594]], 'labels': ['human face']}}"
0350,"{'<DENSE_REGION_CAPTION>': {'bboxes': [[53.87200164794922, 35.72800064086914, 80.08000183105469, 96.20800018310547], [165.20001220703125, 36.176002502441406, 186.25601196289062, 74.2560043334961]], 'labels': ['human face', 'human face']}}"
0351,"{'<DENSE_REGION_CAPTION>': {'bboxes': [[0.1120000034570694, 1.4560000896453857, 142.5760040283203, 223.66400146484375], [0.1120000034570694, 0.1120000034570694, 102.0320053100586, 223.66400146484375], [153.3280029296875, 14.0, 208.4320068359375, 161.39199829101562], [53.64800262451172, 26.54400062561035, 75.82400512695312, 84.56000518798828], [164.3040008544922, 39.98400115966797, 185.58399963378906, 75.3759994506836]], 'labels': ['person', 'person', 'person', 'human face', 'human face']}}"
0352,"{'<DENSE_REGION_CAPTION>': {'bboxes': [[52.30400085449219, 30.80000114440918, 76.94400024414062, 92.6240005493164], [181.3280029296875, 42.224002838134766, 202.83200073242188, 77.16799926757812]], 'labels': ['human face', 'human face']}}"
0353,"{'<DENSE_REGION_CAPTION>': {'bboxes': [[53.64800262451172, 34.832000732421875, 77.16799926757812, 95.53600311279297]], 'labels': ['human face']}}"
0354,"{'<DENSE_REGION_CAPTION>': {'bboxes': [[0.1120000034570694, 7.728000164031982, 115.24800109863281, 223.66400146484375], [0.1120000034570694, 0.1120000034570694, 84.78400421142578, 223.66400146484375], [56.784000396728516, 32.14400100708008, 77.16799926757812, 92.6240005493164]], 'labels': ['person', 'woman', 'human face']}}"
0355,"{'<DENSE_REGION_CAPTION>': {'bboxes': [[0.1120000034570694, 9.296000480651855, 104.49600219726562, 223.66400146484375], [158.25601196289062, 18.928001403808594, 219.4080047607422, 180.656005859375], [191.4080047607422, 99.79199981689453, 223.66400146484375, 223.66400146484375]], 'labels': ['person', 'person', 'person']}}"
0356,"{'<DENSE_REGION_CAPTION>': {'bboxes': [[0.1120000034570694, 11.760000228881836, 104.94400024414062, 223.66400146484375], [158.25601196289062, 17.808000564575195, 221.87200927734375, 181.3280029296875]], 'labels': ['person', 'person']}}"
0357,"{'<DENSE_REGION_CAPTION>': {'bboxes': [[0.1120000034570694, 12.432000160217285, 103.60000610351562, 223.66400146484375], [160.27200317382812, 19.376001358032227, 223.66400146484375, 183.12001037597656], [176.40000915527344, 97.10400390625, 223.66400146484375, 223.66400146484375]], 'labels': ['person', 'person', 'person']}}"
0358,"{'<DENSE_REGION_CAPTION>': {'bboxes': [[0.1120000034570694, 9.520000457763672, 163.4080047607422, 223.66400146484375], [165.42401123046875, 14.223999977111816, 222.32000732421875, 167.66400146484375]], 'labels': ['person', 'person']}}"
0359,"{'<DENSE_REGION_CAPTION>': {'bboxes': [[0.1120000034570694, 9.296000480651855, 164.7519989013672, 223.66400146484375], [166.54400634765625, 16.464000701904297, 216.27200317382812, 182.89601135253906]], 'labels': ['person', 'woman']}}"
0360,"{'<DENSE_REGION_CAPTION>': {'bboxes': [[0.1120000034570694, 10.416000366210938, 164.7519989013672, 223.66400146484375], [55.21600341796875, 36.176002502441406, 78.95999908447266, 96.43199920654297]], 'labels': ['woman', 'human face']}}"
0361,"{'<DENSE_REGION_CAPTION>': {'bboxes': [[54.992000579833984, 37.07200241088867, 78.95999908447266, 96.8800048828125]], 'labels': ['human face']}}"
0362,"{'<DENSE_REGION_CAPTION>': {'bboxes': [[0.1120000034570694, 9.968000411987305, 164.7519989013672, 223.66400146484375], [137.1999969482422, 25.200000762939453, 202.16000366210938, 169.2320098876953]], 'labels': ['person', 'person']}}"
0363,"{'<DENSE_REGION_CAPTION>': {'bboxes': [[0.1120000034570694, 10.192000389099121, 171.0240020751953, 223.66400146484375], [59.02400207519531, 37.96800231933594, 79.63200378417969, 97.10400390625]], 'labels': ['person', 'human face']}}"
0364,"{'<DENSE_REGION_CAPTION>': {'bboxes': [[0.1120000034570694, 8.176000595092773, 169.2320098876953, 223.66400146484375], [149.07200622558594, 24.079999923706055, 223.66400146484375, 182.67201232910156]], 'labels': ['person', 'person']}}"
0365,"{'<DENSE_REGION_CAPTION>': {'bboxes': [[0.1120000034570694, 8.624000549316406, 170.1280059814453, 223.66400146484375], [136.9759979248047, 13.552000045776367, 207.31201171875, 181.10400390625], [174.83200073242188, 102.7040023803711, 223.66400146484375, 223.66400146484375]], 'labels': ['person', 'person', 'person']}}"
0366,"{'<DENSE_REGION_CAPTION>': {'bboxes': [[0.1120000034570694, 8.848000526428223, 169.2320098876953, 223.66400146484375], [50.96000289916992, 30.352001190185547, 76.94400024414062, 94.19200134277344]], 'labels': ['girl', 'human face']}}"
0367,"{'<DENSE_REGION_CAPTION>': {'bboxes': [[0.1120000034570694, 11.53600025177002, 170.5760040283203, 223.66400146484375], [169.0080108642578, 98.0, 223.66400146484375, 223.66400146484375], [143.6959991455078, 0.1120000034570694, 183.34400939941406, 113.90400695800781]], 'labels': ['person', 'person', 'person']}}"
0368,"{'<DENSE_REGION_CAPTION>': {'bboxes': [[0.1120000034570694, 11.760000228881836, 175.05599975585938, 223.66400146484375], [169.9040069580078, 94.86400604248047, 223.66400146484375, 223.66400146484375], [114.57600402832031, 16.239999771118164, 176.62400817871094, 102.9280014038086]], 'labels': ['person', 'person', 'person']}}"
0369,"{'<DENSE_REGION_CAPTION>': {'bboxes': [[0.1120000034570694, 10.640000343322754, 165.87200927734375, 223.66400146484375], [171.0240020751953, 94.86400604248047, 223.66400146484375, 223.66400146484375], [154.89601135253906, 0.1120000034570694, 200.81600952148438, 139.44000244140625], [52.08000183105469, 30.352001190185547, 76.94400024414062, 89.26399993896484]], 'labels': ['person', 'person', 'person', 'human face']}}"
0370,"{'<DENSE_REGION_CAPTION>': {'bboxes': [[0.1120000034570694, 10.86400032043457, 165.87200927734375, 223.66400146484375], [165.87200927734375, 0.1120000034570694, 217.6160125732422, 169.0080108642578], [169.0080108642578, 95.31200408935547, 223.66400146484375, 223.66400146484375]], 'labels': ['person', 'person', 'person']}}"
0371,"{'<DENSE_REGION_CAPTION>': {'bboxes': [[0.1120000034570694, 11.088000297546387, 165.87200927734375, 223.66400146484375], [168.7840118408203, 0.1120000034570694, 223.66400146484375, 169.4560089111328], [167.88800048828125, 98.67200469970703, 223.66400146484375, 223.66400146484375], [52.08000183105469, 30.128000259399414, 76.94400024414062, 89.93600463867188]], 'labels': ['person', 'person', 'person', 'human face']}}"
0372,"{'<DENSE_REGION_CAPTION>': {'bboxes': [[0.1120000034570694, 12.880000114440918, 164.3040008544922, 223.66400146484375], [52.08000183105469, 33.71200180053711, 76.72000122070312, 95.53600311279297]], 'labels': ['girl', 'human face']}}"
0373,"{'<DENSE_REGION_CAPTION>': {'bboxes': [[48.272003173828125, 34.608001708984375, 75.3759994506836, 100.24000549316406], [0.1120000034570694, 12.880000114440918, 165.42401123046875, 223.66400146484375], [142.5760040283203, 36.847999572753906, 208.8800048828125, 161.16799926757812], [190.9600067138672, 38.63999938964844, 223.66400146484375, 223.66400146484375]], 'labels': ['human face', 'person', 'person', 'person']}}"
0374,"{'<DENSE_REGION_CAPTION>': {'bboxes': [[0.1120000034570694, 12.880000114440918, 171.0240020751953, 223.66400146484375], [56.784000396728516, 30.352001190185547, 77.84000396728516, 89.93600463867188]], 'labels': ['girl', 'human face']}}"
0375,"{'<DENSE_REGION_CAPTION>': {'bboxes': [[0.1120000034570694, 8.624000549316406, 127.12000274658203, 223.66400146484375], [131.37600708007812, 18.928001403808594, 214.70401000976562, 171.9199981689453], [190.2880096435547, 67.53600311279297, 223.66400146484375, 223.66400146484375]], 'labels': ['person', 'person', 'person']}}"
0376,"{'<DENSE_REGION_CAPTION>': {'bboxes': [[0.1120000034570694, 10.640000343322754, 134.9600067138672, 223.66400146484375], [158.70401000976562, 14.223999977111816, 223.66400146484375, 173.71200561523438], [189.39199829101562, 67.08800506591797, 223.66400146484375, 223.66400146484375]], 'labels': ['person', 'person', 'person']}}"
0377,"{'<DENSE_REGION_CAPTION>': {'bboxes': [[42.895999908447266, 21.392000198364258, 71.12000274658203, 88.36800384521484], [0.1120000034570694, 5.488000392913818, 117.48800659179688, 223.66400146484375], [149.07200622558594, 16.464000701904297, 213.58399963378906, 174.16000366210938], [191.1840057373047, 170.5760040283203, 223.66400146484375, 223.66400146484375]], 'labels': ['human face', 'person', 'person', 'person']}}"
0378,"{'<DENSE_REGION_CAPTION>': {'bboxes': [[0.1120000034570694, 11.312000274658203, 93.29600524902344, 223.66400146484375], [133.39199829101562, 13.776000022888184, 206.864013671875, 161.6160125732422]], 'labels': ['person', 'person']}}"
0379,"{'<DENSE_REGION_CAPTION>': {'bboxes': [[177.29600524902344, 29.23200035095215, 199.92001342773438, 72.24000549316406]], 'labels': ['human face']}}"
0380,"{'<DENSE_REGION_CAPTION>': {'bboxes': [[0.1120000034570694, 13.32800006866455, 84.78400421142578, 223.66400146484375]], 'labels': ['person']}}"
0381,"{'<DENSE_REGION_CAPTION>': {'bboxes': [[0.1120000034570694, 14.44800090789795, 85.23200225830078, 223.66400146484375]], 'labels': ['person']}}"
0382,"{'<DENSE_REGION_CAPTION>': {'bboxes': [[0.1120000034570694, 17.583999633789062, 87.69599914550781, 223.66400146484375], [141.9040069580078, 29.23200035095215, 205.52000427246094, 187.60000610351562]], 'labels': ['person', 'person']}}"
0383,"{'<DENSE_REGION_CAPTION>': {'bboxes': [[0.1120000034570694, 17.13599967956543, 86.57600402832031, 223.66400146484375], [157.80799865722656, 15.120000839233398, 223.66400146484375, 190.5120086669922]], 'labels': ['person', 'person']}}"
0384,"{'<DENSE_REGION_CAPTION>': {'bboxes': [[192.5279998779297, 30.576000213623047, 223.66400146484375, 72.68800354003906]], 'labels': ['human face']}}"
0385,"{'<DENSE_REGION_CAPTION>': {'bboxes': [[0.1120000034570694, 16.239999771118164, 150.86399841308594, 223.66400146484375], [157.13600158691406, 16.239999771118164, 223.66400146484375, 186.92800903320312]], 'labels': ['person', 'person']}}"
0386,"{'<DENSE_REGION_CAPTION>': {'bboxes': [[0.1120000034570694, 15.568000793457031, 129.13600158691406, 223.66400146484375], [53.42399978637695, 39.3120002746582, 77.84000396728516, 98.0]], 'labels': ['woman', 'human face']}}"
0387,"{'<DENSE_REGION_CAPTION>': {'bboxes': [[59.24800109863281, 41.552001953125, 78.51200103759766, 98.44800567626953]], 'labels': ['human face']}}"
0388,"{'<DENSE_REGION_CAPTION>': {'bboxes': [[0.1120000034570694, 16.91200065612793, 89.04000091552734, 223.66400146484375]], 'labels': ['woman']}}"
0389,"{'<DENSE_REGION_CAPTION>': {'bboxes': [[0.1120000034570694, 16.91200065612793, 89.04000091552734, 223.66400146484375], [150.19200134277344, 21.168001174926758, 223.66400146484375, 187.15200805664062]], 'labels': ['person', 'person']}}"
0390,"{'<DENSE_REGION_CAPTION>': {'bboxes': [[0.1120000034570694, 17.583999633789062, 135.4080047607422, 223.66400146484375], [61.48800277709961, 39.53600311279297, 79.85600280761719, 91.05599975585938]], 'labels': ['woman', 'human face']}}"
0391,"{'<DENSE_REGION_CAPTION>': {'bboxes': [[0.1120000034570694, 19.82400131225586, 95.31200408935547, 223.66400146484375]], 'labels': ['person']}}"
0392,"{'<DENSE_REGION_CAPTION>': {'bboxes': [[139.44000244140625, 119.5040054321289, 183.56800842285156, 173.93600463867188]], 'labels': ['book']}}"
0393,"{'<DENSE_REGION_CAPTION>': {'bboxes': [[133.61599731445312, 111.44000244140625, 191.1840057373047, 174.83200073242188], [48.720001220703125, 29.23200035095215, 74.2560043334961, 98.44800567626953]], 'labels': ['book', 'human face']}}"
0394,"{'<DENSE_REGION_CAPTION>': {'bboxes': [[47.37600326538086, 37.07200241088867, 74.7040023803711, 107.18400573730469]], 'labels': ['human face']}}"
0395,"{'<DENSE_REGION_CAPTION>': {'bboxes': [[45.58399963378906, 30.80000114440918, 73.13600158691406, 101.58399963378906]], 'labels': ['human face']}}"
0396,"{'<DENSE_REGION_CAPTION>': {'bboxes': [[0.1120000034570694, 15.568000793457031, 88.59200286865234, 223.66400146484375]], 'labels': ['person']}}"
0397,"{'<DENSE_REGION_CAPTION>': {'bboxes': [[0.1120000034570694, 16.687999725341797, 89.04000091552734, 223.66400146484375]], 'labels': ['person']}}"
0398,"{'<DENSE_REGION_CAPTION>': {'bboxes': [[191.6320037841797, 35.28000259399414, 223.66400146484375, 80.08000183105469], [202.16000366210938, 133.8400115966797, 223.66400146484375, 181.7760009765625]], 'labels': ['human face', 'human face']}}"
0399,"{'<DENSE_REGION_CAPTION>': {'bboxes': [[49.39200210571289, 31.920000076293945, 77.84000396728516, 100.24000549316406], [207.760009765625, 100.24000549316406, 223.66400146484375, 169.2320098876953]], 'labels': ['human face', 'human face']}}"
0400,"{'<DENSE_REGION_CAPTION>': {'bboxes': [[0.1120000034570694, 16.016000747680664, 154.89601135253906, 223.66400146484375], [159.15200805664062, 21.392000198364258, 221.42401123046875, 181.10400390625], [188.49600219726562, 78.06400299072266, 223.66400146484375, 223.66400146484375]], 'labels': ['person', 'person', 'person']}}"
0401,"{'<DENSE_REGION_CAPTION>': {'bboxes': [[0.1120000034570694, 16.016000747680664, 139.66400146484375, 223.66400146484375], [0.1120000034570694, 0.1120000034570694, 97.3280029296875, 223.66400146484375]], 'labels': ['person', 'woman']}}"
0402,"{'<DENSE_REGION_CAPTION>': {'bboxes': [[0.1120000034570694, 17.583999633789062, 88.59200286865234, 223.66400146484375], [159.15200805664062, 23.631999969482422, 223.66400146484375, 181.7760009765625]], 'labels': ['person', 'person']}}"
0403,"{'<DENSE_REGION_CAPTION>': {'bboxes': [[0.1120000034570694, 14.223999977111816, 88.59200286865234, 223.66400146484375], [148.17601013183594, 24.304000854492188, 223.66400146484375, 187.15200805664062]], 'labels': ['person', 'person']}}"
0404,"{'<DENSE_REGION_CAPTION>': {'bboxes': [[0.1120000034570694, 16.016000747680664, 88.59200286865234, 223.66400146484375], [151.9840087890625, 20.720001220703125, 223.66400146484375, 223.66400146484375]], 'labels': ['person', 'person']}}"
0405,"{'<DENSE_REGION_CAPTION>': {'bboxes': [[0.1120000034570694, 14.0, 87.02400207519531, 223.66400146484375], [148.40000915527344, 29.904001235961914, 211.12001037597656, 165.20001220703125], [155.79200744628906, 99.12000274658203, 223.66400146484375, 223.66400146484375]], 'labels': ['person', 'person', 'person']}}"
0406,"{'<DENSE_REGION_CAPTION>': {'bboxes': [[0.1120000034570694, 16.687999725341797, 82.76800537109375, 223.66400146484375], [155.12001037597656, 35.28000259399414, 215.60000610351562, 223.66400146484375], [170.1280059814453, 156.91200256347656, 223.66400146484375, 223.66400146484375]], 'labels': ['person', 'person', 'person']}}"
0407,"{'<DENSE_REGION_CAPTION>': {'bboxes': [[0.1120000034570694, 16.239999771118164, 88.59200286865234, 223.66400146484375], [143.2480010986328, 34.832000732421875, 214.70401000976562, 175.27999877929688]], 'labels': ['person', 'person']}}"
0408,"{'<DENSE_REGION_CAPTION>': {'bboxes': [[0.1120000034570694, 16.239999771118164, 88.59200286865234, 223.66400146484375], [147.27999877929688, 33.48800277709961, 215.37600708007812, 201.71200561523438], [174.83200073242188, 86.12800598144531, 223.66400146484375, 223.66400146484375]], 'labels': ['person', 'person', 'person']}}"
0409,"{'<DENSE_REGION_CAPTION>': {'bboxes': [[0.1120000034570694, 18.032001495361328, 82.76800537109375, 223.66400146484375], [148.17601013183594, 29.45600128173828, 212.24000549316406, 195.21600341796875], [166.09600830078125, 89.93600463867188, 223.66400146484375, 223.66400146484375]], 'labels': ['person', 'person', 'person']}}"
0410,"{'<DENSE_REGION_CAPTION>': {'bboxes': [[0.1120000034570694, 19.600000381469727, 83.21600341796875, 223.66400146484375], [145.26400756835938, 33.93600082397461, 208.8800048828125, 179.0880126953125], [170.1280059814453, 92.4000015258789, 223.66400146484375, 223.66400146484375], [201.93600463867188, 130.25599670410156, 223.66400146484375, 192.97601318359375]], 'labels': ['person', 'person', 'person', 'human face']}}"
0411,"{'<DENSE_REGION_CAPTION>': {'bboxes': [[0.1120000034570694, 20.496000289916992, 88.59200286865234, 223.66400146484375], [145.71200561523438, 30.128000259399414, 211.56800842285156, 177.52000427246094], [169.2320098876953, 92.6240005493164, 223.66400146484375, 223.66400146484375], [61.26400375366211, 41.552001953125, 84.11199951171875, 97.7760009765625]], 'labels': ['person', 'person', 'person', 'human face']}}"
0412,"{'<DENSE_REGION_CAPTION>': {'bboxes': [[0.1120000034570694, 20.720001220703125, 88.59200286865234, 223.66400146484375], [149.29600524902344, 27.88800048828125, 223.66400146484375, 165.42401123046875], [172.81600952148438, 91.5040054321289, 223.66400146484375, 223.66400146484375], [187.82400512695312, 136.5279998779297, 218.2880096435547, 193.20001220703125], [61.48800277709961, 40.432003021240234, 84.78400421142578, 97.552001953125], [173.93600463867188, 52.52799987792969, 198.8000030517578, 97.552001953125]], 'labels': ['person', 'person', 'person', 'human face', 'human face', 'human face']}}"
0413,"{'<DENSE_REGION_CAPTION>': {'bboxes': [[0.1120000034570694, 21.168001174926758, 84.78400421142578, 223.66400146484375], [149.96800231933594, 124.4320068359375, 223.66400146484375, 223.66400146484375], [149.52000427246094, 27.216001510620117, 209.7760009765625, 142.1280059814453], [61.48800277709961, 40.656002044677734, 85.00800323486328, 98.44800567626953], [171.0240020751953, 50.736000061035156, 196.11199951171875, 93.52000427246094], [158.70401000976562, 186.48001098632812, 188.04800415039062, 214.48001098632812]], 'labels': ['person', 'person', 'person', 'human face', 'human face', 'human face']}}"
0414,"{'<DENSE_REGION_CAPTION>': {'bboxes': [[0.1120000034570694, 21.168001174926758, 84.33600616455078, 223.66400146484375], [145.48800659179688, 132.27200317382812, 223.66400146484375, 223.66400146484375], [172.14401245117188, 23.631999969482422, 223.66400146484375, 162.0640106201172], [61.48800277709961, 41.552001953125, 84.78400421142578, 100.01600646972656]], 'labels': ['person', 'person', 'person', 'human face']}}"
0415,"{'<DENSE_REGION_CAPTION>': {'bboxes': [[59.92000198364258, 37.07200241088867, 83.21600341796875, 94.19200134277344]], 'labels': ['human face']}}"
0416,"{'<DENSE_REGION_CAPTION>': {'bboxes': [[59.02400207519531, 37.29600143432617, 82.31999969482422, 100.68800354003906], [199.6959991455078, 101.8080062866211, 216.72000122070312, 166.32000732421875]], 'labels': ['human face', 'human face']}}"
0417,"{'<DENSE_REGION_CAPTION>': {'bboxes': [[0.1120000034570694, 16.016000747680664, 152.2080078125, 223.66400146484375], [154.447998046875, 50.96000289916992, 223.66400146484375, 195.88800048828125], [168.33599853515625, 75.82400512695312, 223.66400146484375, 223.66400146484375], [59.24800109863281, 36.176002502441406, 82.31999969482422, 100.46400451660156], [203.50401306152344, 105.61600494384766, 217.3920135498047, 163.1840057373047]], 'labels': ['person', 'person', 'person', 'human face', 'human face']}}"
0418,"{'<DENSE_REGION_CAPTION>': {'bboxes': [[0.1120000034570694, 17.583999633789062, 152.2080078125, 223.66400146484375], [168.33599853515625, 74.9280014038086, 223.66400146484375, 223.66400146484375], [59.47200012207031, 39.3120002746582, 82.31999969482422, 100.46400451660156], [203.27999877929688, 106.28800201416016, 217.3920135498047, 162.7360076904297]], 'labels': ['person', 'person', 'human face', 'human face']}}"
0419,"{'<DENSE_REGION_CAPTION>': {'bboxes': [[0.1120000034570694, 18.48000144958496, 167.66400146484375, 223.66400146484375], [164.9759979248047, 34.384002685546875, 223.66400146484375, 200.36801147460938], [169.6800079345703, 77.84000396728516, 223.66400146484375, 223.66400146484375], [60.816001892089844, 35.28000259399414, 81.87200164794922, 98.44800567626953]], 'labels': ['person', 'person', 'person', 'human face']}}"
0420,"{'<DENSE_REGION_CAPTION>': {'bboxes': [[0.1120000034570694, 18.48000144958496, 165.87200927734375, 223.66400146484375], [165.20001220703125, 41.104000091552734, 220.5279998779297, 199.92001342773438], [170.1280059814453, 77.39200592041016, 223.66400146484375, 223.66400146484375], [58.12800216674805, 34.384002685546875, 82.09600067138672, 98.89600372314453]], 'labels': ['person', 'person', 'person', 'human face']}}"
0421,"{'<DENSE_REGION_CAPTION>': {'bboxes': [[0.1120000034570694, 18.48000144958496, 159.15200805664062, 223.66400146484375], [59.47200012207031, 35.72800064086914, 81.87200164794922, 100.68800354003906]], 'labels': ['person', 'human face']}}"
0422,"{'<DENSE_REGION_CAPTION>': {'bboxes': [[0.1120000034570694, 20.944000244140625, 158.03199768066406, 223.66400146484375], [161.8400115966797, 34.832000732421875, 218.5120086669922, 203.27999877929688], [202.60800170898438, 79.63200378417969, 223.66400146484375, 223.66400146484375]], 'labels': ['person', 'person', 'person']}}"
0423,"{'<DENSE_REGION_CAPTION>': {'bboxes': [[0.1120000034570694, 7.728000164031982, 93.52000427246094, 223.66400146484375], [177.29600524902344, 23.631999969482422, 223.66400146484375, 174.38400268554688], [189.8400115966797, 94.19200134277344, 223.66400146484375, 223.66400146484375]], 'labels': ['person', 'person', 'person']}}"
0424,"{'<DENSE_REGION_CAPTION>': {'bboxes': [[0.1120000034570694, 16.016000747680664, 89.48799896240234, 223.66400146484375], [174.16000366210938, 33.93600082397461, 220.97601318359375, 190.7360076904297]], 'labels': ['person', 'person']}}"
0425,"{'<DENSE_REGION_CAPTION>': {'bboxes': [[57.68000030517578, 42.0, 79.18400573730469, 107.18400573730469]], 'labels': ['human face']}}"
0426,"{'<DENSE_REGION_CAPTION>': {'bboxes': [[0.1120000034570694, 16.91200065612793, 126.67200469970703, 223.66400146484375], [56.784000396728516, 41.3280029296875, 80.08000183105469, 107.18400573730469]], 'labels': ['woman', 'human face']}}"
0427,"{'<DENSE_REGION_CAPTION>': {'bboxes': [[0.1120000034570694, 17.13599967956543, 153.7760009765625, 223.66400146484375], [168.7840118408203, 24.75200080871582, 214.25601196289062, 196.7840118408203], [54.768001556396484, 37.07200241088867, 80.08000183105469, 106.06400299072266]], 'labels': ['person', 'person', 'human face']}}"
0428,"{'<DENSE_REGION_CAPTION>': {'bboxes': [[0.1120000034570694, 17.360000610351562, 157.13600158691406, 223.66400146484375], [56.112003326416016, 37.29600143432617, 80.30400085449219, 105.16800689697266]], 'labels': ['woman', 'human face']}}"
0429,"{'<DENSE_REGION_CAPTION>': {'bboxes': [[0.1120000034570694, 16.239999771118164, 91.5040054321289, 223.66400146484375]], 'labels': ['person']}}"
0430,"{'<DENSE_REGION_CAPTION>': {'bboxes': [[0.1120000034570694, 17.583999633789062, 91.5040054321289, 223.66400146484375], [179.0880126953125, 26.09600067138672, 223.66400146484375, 203.05599975585938]], 'labels': ['person', 'person']}}"
0431,"{'<DENSE_REGION_CAPTION>': {'bboxes': [[0.1120000034570694, 18.256000518798828, 91.5040054321289, 223.66400146484375], [175.95201110839844, 21.392000198364258, 223.66400146484375, 182.0], [164.0800018310547, 112.78400421142578, 223.66400146484375, 223.66400146484375]], 'labels': ['person', 'person', 'person']}}"
0432,"{'<DENSE_REGION_CAPTION>': {'bboxes': [[0.1120000034570694, 18.70400047302246, 91.5040054321289, 223.66400146484375], [160.72000122070312, 92.6240005493164, 223.66400146484375, 223.66400146484375], [164.0800018310547, 17.360000610351562, 213.58399963378906, 186.03201293945312]], 'labels': ['person', 'person', 'person']}}"
0433,"{'<DENSE_REGION_CAPTION>': {'bboxes': [[0.1120000034570694, 19.152000427246094, 91.5040054321289, 223.66400146484375], [159.37600708007812, 86.35200500488281, 223.66400146484375, 223.66400146484375], [171.6959991455078, 23.631999969482422, 215.82400512695312, 184.46400451660156], [56.560001373291016, 41.3280029296875, 80.75199890136719, 108.75200653076172], [177.52000427246094, 35.72800064086914, 204.84800720214844, 78.95999908447266]], 'labels': ['person', 'person', 'person', 'human face', 'human face']}}"
0434,"{'<DENSE_REGION_CAPTION>': {'bboxes': [[0.1120000034570694, 19.376001358032227, 91.5040054321289, 223.66400146484375], [158.25601196289062, 80.97600555419922, 223.66400146484375, 223.66400146484375], [177.96800231933594, 18.928001403808594, 219.4080047607422, 183.56800842285156], [56.560001373291016, 42.0, 80.75199890136719, 108.52799987792969], [200.36801147460938, 103.1520004272461, 223.66400146484375, 169.4560089111328]], 'labels': ['person', 'person', 'person', 'human face', 'human face']}}"
0435,"{'<DENSE_REGION_CAPTION>': {'bboxes': [[0.1120000034570694, 19.152000427246094, 91.5040054321289, 223.66400146484375], [157.80799865722656, 88.81600189208984, 223.66400146484375, 223.66400146484375], [174.60800170898438, 23.408000946044922, 218.9600067138672, 180.656005859375], [195.44000244140625, 117.04000091552734, 220.5279998779297, 177.52000427246094], [59.02400207519531, 41.104000091552734, 80.52799987792969, 108.30400085449219], [183.79200744628906, 37.07200241088867, 211.79200744628906, 75.1520004272461]], 'labels': ['person', 'person', 'person', 'human face', 'human face', 'human face']}}"
0436,"{'<DENSE_REGION_CAPTION>': {'bboxes': [[0.1120000034570694, 19.376001358032227, 91.5040054321289, 223.66400146484375], [158.03199768066406, 88.81600189208984, 223.66400146484375, 223.66400146484375], [179.5360107421875, 24.527999877929688, 223.66400146484375, 175.72801208496094], [193.42401123046875, 116.81600189208984, 218.9600067138672, 176.84800720214844], [59.02400207519531, 41.3280029296875, 80.30400085449219, 108.08000183105469]], 'labels': ['person', 'person', 'person', 'human face', 'human face']}}"
0437,"{'<DENSE_REGION_CAPTION>': {'bboxes': [[0.1120000034570694, 71.12000274658203, 206.41600036621094, 223.66400146484375], [54.992000579833984, 42.224002838134766, 80.97600555419922, 107.40800476074219], [189.39199829101562, 40.880001068115234, 217.16799926757812, 86.35200500488281], [198.3520050048828, 113.00800323486328, 218.2880096435547, 170.8000030517578]], 'labels': ['desk', 'human face', 'human face', 'human face']}}"
0438,"{'<DENSE_REGION_CAPTION>': {'bboxes': [[0.1120000034570694, 20.944000244140625, 160.04800415039062, 223.66400146484375], [158.92800903320312, 87.02400207519531, 223.66400146484375, 223.66400146484375], [174.16000366210938, 14.896000862121582, 214.03201293945312, 181.10400390625], [56.784000396728516, 40.880001068115234, 82.09600067138672, 108.75200653076172]], 'labels': ['person', 'person', 'person', 'human face']}}"
0439,"{'<DENSE_REGION_CAPTION>': {'bboxes': [[0.1120000034570694, 17.583999633789062, 161.6160125732422, 223.66400146484375], [158.70401000976562, 86.35200500488281, 223.66400146484375, 223.66400146484375], [179.0880126953125, 23.631999969482422, 223.66400146484375, 181.10400390625], [56.112003326416016, 37.29600143432617, 80.97600555419922, 103.82400512695312], [198.5760040283203, 133.16799926757812, 223.66400146484375, 177.74400329589844]], 'labels': ['person', 'person', 'person', 'human face', 'human face']}}"
0440,"{'<DENSE_REGION_CAPTION>': {'bboxes': [[0.1120000034570694, 18.70400047302246, 156.24000549316406, 223.66400146484375], [158.70401000976562, 86.57600402832031, 223.66400146484375, 223.66400146484375]], 'labels': ['person', 'person']}}"
0441,"{'<DENSE_REGION_CAPTION>': {'bboxes': [[0.1120000034570694, 0.1120000034570694, 148.84800720214844, 223.66400146484375], [158.03199768066406, 83.21600341796875, 223.66400146484375, 223.66400146484375], [178.41600036621094, 22.288000106811523, 217.8400115966797, 181.10400390625], [43.56800079345703, 20.272001266479492, 69.552001953125, 91.9520034790039], [195.66400146484375, 110.54400634765625, 215.37600708007812, 169.9040069580078]], 'labels': ['person', 'person', 'person', 'human face', 'human face']}}"
0442,"{'<DENSE_REGION_CAPTION>': {'bboxes': [[0.1120000034570694, 0.1120000034570694, 72.24000549316406, 223.66400146484375], [177.29600524902344, 17.583999633789062, 223.66400146484375, 166.99200439453125], [196.7840118408203, 87.47200012207031, 223.66400146484375, 223.66400146484375]], 'labels': ['person', 'person', 'person']}}"
0443,"{'<DENSE_REGION_CAPTION>': {'bboxes': [[0.1120000034570694, 0.1120000034570694, 95.76000213623047, 223.66400146484375], [33.263999938964844, 0.1120000034570694, 58.57600021362305, 72.46400451660156], [187.15200805664062, 31.02400016784668, 208.8800048828125, 72.01599884033203]], 'labels': ['woman', 'human face', 'human face']}}"
0444,"{'<DENSE_REGION_CAPTION>': {'bboxes': [[52.30400085449219, 27.88800048828125, 75.3759994506836, 90.83200073242188], [185.36000061035156, 32.816001892089844, 208.8800048828125, 81.20000457763672]], 'labels': ['human face', 'human face']}}"
0445,"{'<DENSE_REGION_CAPTION>': {'bboxes': [[0.1120000034570694, 8.40000057220459, 132.49600219726562, 223.66400146484375], [165.87200927734375, 24.304000854492188, 222.32000732421875, 203.05599975585938], [203.05599975585938, 83.88800048828125, 223.66400146484375, 223.66400146484375]], 'labels': ['person', 'person', 'person']}}"
0446,"{'<DENSE_REGION_CAPTION>': {'bboxes': [[0.1120000034570694, 9.520000457763672, 133.39199829101562, 223.66400146484375], [154.67201232910156, 39.0880012512207, 209.7760009765625, 203.27999877929688]], 'labels': ['person', 'person']}}"
0447,"{'<DENSE_REGION_CAPTION>': {'bboxes': [[0.1120000034570694, 10.640000343322754, 129.58399963378906, 223.66400146484375], [153.3280029296875, 36.176002502441406, 208.2080078125, 203.27999877929688]], 'labels': ['person', 'person']}}"
0448,"{'<DENSE_REGION_CAPTION>': {'bboxes': [[0.1120000034570694, 11.53600025177002, 129.58399963378906, 223.66400146484375], [146.60800170898438, 42.0, 207.760009765625, 171.4720001220703], [186.70401000976562, 89.04000091552734, 223.66400146484375, 223.66400146484375]], 'labels': ['person', 'person', 'person']}}"
0449,"{'<DENSE_REGION_CAPTION>': {'bboxes': [[0.1120000034570694, 13.32800006866455, 128.68800354003906, 223.66400146484375], [154.447998046875, 26.54400062561035, 208.4320068359375, 170.5760040283203], [187.15200805664062, 90.60800170898438, 223.66400146484375, 223.66400146484375]], 'labels': ['person', 'person', 'person']}}"
0450,"{'<DENSE_REGION_CAPTION>': {'bboxes': [[0.1120000034570694, 13.776000022888184, 122.19200134277344, 223.66400146484375], [153.7760009765625, 18.256000518798828, 217.8400115966797, 179.0880126953125], [187.37600708007812, 100.46400451660156, 223.66400146484375, 223.66400146484375]], 'labels': ['person', 'person', 'person']}}"
0451,"{'<DENSE_REGION_CAPTION>': {'bboxes': [[0.1120000034570694, 12.656000137329102, 125.3280029296875, 223.66400146484375], [165.42401123046875, 26.54400062561035, 223.66400146484375, 177.29600524902344]], 'labels': ['person', 'person']}}"
0452,"{'<DENSE_REGION_CAPTION>': {'bboxes': [[0.1120000034570694, 11.760000228881836, 133.16799926757812, 223.66400146484375], [157.80799865722656, 27.88800048828125, 207.31201171875, 166.09600830078125]], 'labels': ['person', 'person']}}"
0453,"{'<DENSE_REGION_CAPTION>': {'bboxes': [[0.1120000034570694, 11.760000228881836, 126.67200469970703, 223.66400146484375], [56.112003326416016, 30.80000114440918, 75.82400512695312, 96.656005859375]], 'labels': ['girl', 'human face']}}"
0454,"{'<DENSE_REGION_CAPTION>': {'bboxes': [[54.992000579833984, 26.992000579833984, 77.39200592041016, 88.36800384521484]], 'labels': ['human face']}}"
0455,"{'<DENSE_REGION_CAPTION>': {'bboxes': [[48.272003173828125, 22.288000106811523, 74.2560043334961, 92.1760025024414]], 'labels': ['human face']}}"
0456,"{'<DENSE_REGION_CAPTION>': {'bboxes': [[54.768001556396484, 40.656002044677734, 77.61600494384766, 98.44800567626953]], 'labels': ['human face']}}"
0457,"{'<DENSE_REGION_CAPTION>': {'bboxes': [[0.1120000034570694, 9.520000457763672, 118.16000366210938, 223.66400146484375], [178.19200134277344, 19.82400131225586, 223.66400146484375, 223.66400146484375], [56.112003326416016, 44.91200256347656, 78.28800201416016, 101.8080062866211]], 'labels': ['girl', 'girl', 'human face']}}"
0458,"{'<DENSE_REGION_CAPTION>': {'bboxes': [[53.42399978637695, 41.7760009765625, 77.39200592041016, 103.1520004272461]], 'labels': ['human face']}}"
0459,"{'<DENSE_REGION_CAPTION>': {'bboxes': [[0.1120000034570694, 16.91200065612793, 123.31200408935547, 223.66400146484375], [21.168001174926758, 62.608001708984375, 62.832000732421875, 159.37600708007812]], 'labels': ['person', 'scarf']}}"
0460,"{'<DENSE_REGION_CAPTION>': {'bboxes': [[59.69600296020508, 42.0, 80.75199890136719, 84.33600616455078]], 'labels': ['human face']}}"
0461,"{'<DENSE_REGION_CAPTION>': {'bboxes': [[0.1120000034570694, 14.896000862121582, 124.4320068359375, 223.66400146484375], [58.57600021362305, 41.552001953125, 79.40800476074219, 100.91200256347656]], 'labels': ['person', 'human face']}}"
0462,"{'<DENSE_REGION_CAPTION>': {'bboxes': [[0.1120000034570694, 15.792000770568848, 80.75199890136719, 223.66400146484375], [157.58399963378906, 35.28000259399414, 209.3280029296875, 195.66400146484375]], 'labels': ['person', 'person']}}"
0463,"{'<DENSE_REGION_CAPTION>': {'bboxes': [[61.48800277709961, 50.736000061035156, 83.66400146484375, 89.26399993896484]], 'labels': ['human face']}}"
0464,"{'<DENSE_REGION_CAPTION>': {'bboxes': [[0.1120000034570694, 18.928001403808594, 84.11199951171875, 223.66400146484375], [134.5120086669922, 33.040000915527344, 210.2239990234375, 171.0240020751953], [179.31201171875, 67.08800506591797, 223.66400146484375, 223.66400146484375]], 'labels': ['person', 'person', 'person']}}"
0465,"{'<DENSE_REGION_CAPTION>': {'bboxes': [[62.160003662109375, 52.52799987792969, 83.66400146484375, 89.93600463867188]], 'labels': ['human face']}}"
0466,"{'<DENSE_REGION_CAPTION>': {'bboxes': [[0.1120000034570694, 16.464000701904297, 100.68800354003906, 223.66400146484375], [137.87200927734375, 31.920000076293945, 218.0640106201172, 189.8400115966797]], 'labels': ['person', 'person']}}"
0467,"{'<DENSE_REGION_CAPTION>': {'bboxes': [[0.1120000034570694, 14.896000862121582, 116.81600189208984, 223.66400146484375], [139.21600341796875, 34.384002685546875, 212.24000549316406, 190.2880096435547], [195.88800048828125, 39.98400115966797, 223.66400146484375, 223.66400146484375]], 'labels': ['person', 'person', 'person']}}"
0468,"{'<DENSE_REGION_CAPTION>': {'bboxes': [[60.36800003051758, 43.56800079345703, 80.08000183105469, 96.20800018310547]], 'labels': ['human face']}}"
0469,"{'<DENSE_REGION_CAPTION>': {'bboxes': [[61.040000915527344, 43.56800079345703, 79.63200378417969, 95.98400115966797]], 'labels': ['human face']}}"
0470,"{'<DENSE_REGION_CAPTION>': {'bboxes': [[53.87200164794922, 25.648000717163086, 73.80799865722656, 90.60800170898438]], 'labels': ['human face']}}"
0471,"{'<DENSE_REGION_CAPTION>': {'bboxes': [[0.1120000034570694, 9.520000457763672, 129.13600158691406, 223.66400146484375], [147.27999877929688, 42.0, 207.31201171875, 186.25601196289062], [195.88800048828125, 61.26400375366211, 223.66400146484375, 223.66400146484375]], 'labels': ['person', 'person', 'person']}}"
0472,"{'<DENSE_REGION_CAPTION>': {'bboxes': [[0.1120000034570694, 11.088000297546387, 128.68800354003906, 223.66400146484375], [146.60800170898438, 37.96800231933594, 209.7760009765625, 195.66400146484375], [197.6800079345703, 65.52000427246094, 223.66400146484375, 223.66400146484375]], 'labels': ['person', 'person', 'person']}}"
0473,"{'<DENSE_REGION_CAPTION>': {'bboxes': [[52.97600173950195, 23.856000900268555, 71.12000274658203, 88.59200286865234]], 'labels': ['human face']}}"
0474,"{'<DENSE_REGION_CAPTION>': {'bboxes': [[58.57600021362305, 26.09600067138672, 77.84000396728516, 85.45600128173828]], 'labels': ['human face']}}"
0475,"{'<DENSE_REGION_CAPTION>': {'bboxes': [[204.40000915527344, 78.95999908447266, 223.66400146484375, 151.9840087890625], [58.57600021362305, 29.23200035095215, 76.72000122070312, 87.24800109863281]], 'labels': ['human face', 'human face']}}"
0476,"{'<DENSE_REGION_CAPTION>': {'bboxes': [[0.1120000034570694, 6.832000255584717, 119.9520034790039, 223.66400146484375], [145.71200561523438, 4.144000053405762, 223.66400146484375, 223.66400146484375]], 'labels': ['person', 'person']}}"
0477,"{'<DENSE_REGION_CAPTION>': {'bboxes': [[0.1120000034570694, 6.6080002784729, 126.22400665283203, 223.66400146484375], [144.81600952148438, 29.904001235961914, 223.66400146484375, 223.66400146484375]], 'labels': ['person', 'person']}}"
0478,"{'<DENSE_REGION_CAPTION>': {'bboxes': [[0.1120000034570694, 4.815999984741211, 136.7519989013672, 223.66400146484375], [137.87200927734375, 35.28000259399414, 212.91200256347656, 157.80799865722656], [189.8400115966797, 116.81600189208984, 223.66400146484375, 223.66400146484375]], 'labels': ['person', 'person', 'person']}}"
0479,"{'<DENSE_REGION_CAPTION>': {'bboxes': [[0.1120000034570694, 10.416000366210938, 120.4000015258789, 223.66400146484375], [152.8800048828125, 30.128000259399414, 212.91200256347656, 160.72000122070312], [197.9040069580078, 112.33600616455078, 223.66400146484375, 223.66400146484375]], 'labels': ['person', 'person', 'person']}}"
0480,"{'<DENSE_REGION_CAPTION>': {'bboxes': [[0.1120000034570694, 14.0, 123.76000213623047, 223.66400146484375], [151.760009765625, 24.75200080871582, 218.9600067138672, 200.14401245117188]], 'labels': ['person', 'person']}}"
0481,"{'<DENSE_REGION_CAPTION>': {'bboxes': [[44.4640007019043, 18.256000518798828, 70.67200469970703, 86.80000305175781]], 'labels': ['human face']}}"
0482,"{'<DENSE_REGION_CAPTION>': {'bboxes': [[48.720001220703125, 21.392000198364258, 72.46400451660156, 88.36800384521484], [186.48001098632812, 25.87200164794922, 205.52000427246094, 71.79199981689453]], 'labels': ['human face', 'human face']}}"
0483,"{'<DENSE_REGION_CAPTION>': {'bboxes': [[0.1120000034570694, 8.176000595092773, 102.0320053100586, 223.66400146484375], [163.8560028076172, 20.944000244140625, 223.66400146484375, 179.5360107421875], [182.67201232910156, 58.35200119018555, 223.66400146484375, 223.66400146484375], [56.560001373291016, 33.93600082397461, 75.82400512695312, 97.7760009765625]], 'labels': ['person', 'person', 'person', 'human face']}}"
0484,"{'<DENSE_REGION_CAPTION>': {'bboxes': [[0.1120000034570694, 7.728000164031982, 130.48001098632812, 223.66400146484375], [54.992000579833984, 32.816001892089844, 74.9280014038086, 96.8800048828125], [207.31201171875, 85.00800323486328, 223.66400146484375, 147.27999877929688]], 'labels': ['woman', 'human face', 'human face']}}"
0485,"{'<DENSE_REGION_CAPTION>': {'bboxes': [[55.44000244140625, 30.352001190185547, 76.49600219726562, 95.98400115966797]], 'labels': ['human face']}}"
0486,"{'<DENSE_REGION_CAPTION>': {'bboxes': [[57.00800323486328, 31.248001098632812, 75.82400512695312, 95.08800506591797], [186.48001098632812, 39.0880012512207, 202.83200073242188, 86.80000305175781]], 'labels': ['human face', 'human face']}}"
0487,"{'<DENSE_REGION_CAPTION>': {'bboxes': [[0.1120000034570694, 7.28000020980835, 119.9520034790039, 223.66400146484375], [146.60800170898438, 19.82400131225586, 223.66400146484375, 179.760009765625], [190.2880096435547, 55.88800048828125, 223.66400146484375, 223.66400146484375], [57.23200225830078, 31.248001098632812, 76.49600219726562, 95.76000213623047], [184.68800354003906, 34.384002685546875, 202.83200073242188, 81.64800262451172]], 'labels': ['person', 'person', 'person', 'human face', 'human face']}}"
0488,"{'<DENSE_REGION_CAPTION>': {'bboxes': [[54.09600067138672, 27.88800048828125, 75.60000610351562, 91.9520034790039]], 'labels': ['human face']}}"
0489,"{'<DENSE_REGION_CAPTION>': {'bboxes': [[57.68000030517578, 35.28000259399414, 81.42400360107422, 89.04000091552734]], 'labels': ['human face']}}"
0490,"{'<DENSE_REGION_CAPTION>': {'bboxes': [[0.1120000034570694, 12.880000114440918, 83.21600341796875, 223.66400146484375], [149.74400329589844, 21.392000198364258, 223.66400146484375, 168.5600128173828], [188.49600219726562, 55.66400146484375, 223.66400146484375, 223.66400146484375]], 'labels': ['person', 'person', 'person']}}"
0491,"{'<DENSE_REGION_CAPTION>': {'bboxes': [[185.36000061035156, 29.68000030517578, 212.24000549316406, 78.06400299072266], [59.02400207519531, 37.52000045776367, 79.85600280761719, 86.35200500488281]], 'labels': ['human face', 'human face']}}"
0492,"{'<DENSE_REGION_CAPTION>': {'bboxes': [[54.768001556396484, 33.263999938964844, 78.95999908447266, 98.89600372314453], [175.72801208496094, 29.904001235961914, 200.14401245117188, 74.9280014038086]], 'labels': ['human face', 'human face']}}"
0493,"{'<DENSE_REGION_CAPTION>': {'bboxes': [[53.42399978637695, 32.36800003051758, 77.39200592041016, 98.67200469970703], [177.29600524902344, 35.72800064086914, 197.6800079345703, 79.63200378417969]], 'labels': ['human face', 'human face']}}"
0494,"{'<DENSE_REGION_CAPTION>': {'bboxes': [[0.1120000034570694, 12.656000137329102, 160.94400024414062, 223.66400146484375], [0.1120000034570694, 12.656000137329102, 104.27200317382812, 223.66400146484375], [142.5760040283203, 21.61600112915039, 216.72000122070312, 171.0240020751953], [196.11199951171875, 60.36800003051758, 223.66400146484375, 223.66400146484375]], 'labels': ['person', 'person', 'person', 'person']}}"
0495,"{'<DENSE_REGION_CAPTION>': {'bboxes': [[53.42399978637695, 35.50400161743164, 78.73600006103516, 101.8080062866211], [185.80799865722656, 40.656002044677734, 210.2239990234375, 85.90399932861328]], 'labels': ['human face', 'human face']}}"
0496,"{'<DENSE_REGION_CAPTION>': {'bboxes': [[53.87200164794922, 46.25600051879883, 81.87200164794922, 107.63200378417969], [174.83200073242188, 61.26400375366211, 201.04000854492188, 104.49600219726562], [206.864013671875, 112.78400421142578, 223.66400146484375, 155.12001037597656]], 'labels': ['human face', 'human face', 'human face']}}"
0497,"{'<DENSE_REGION_CAPTION>': {'bboxes': [[183.79200744628906, 37.52000045776367, 206.41600036621094, 80.08000183105469]], 'labels': ['human face']}}"
0498,"{'<DENSE_REGION_CAPTION>': {'bboxes': [[0.1120000034570694, 20.720001220703125, 90.60800170898438, 223.66400146484375], [147.72801208496094, 21.392000198364258, 221.87200927734375, 187.15200805664062], [195.21600341796875, 74.9280014038086, 223.66400146484375, 223.66400146484375]], 'labels': ['person', 'person', 'person']}}"
0499,"{'<DENSE_REGION_CAPTION>': {'bboxes': [[54.320003509521484, 50.064002990722656, 81.64800262451172, 107.63200378417969], [202.60800170898438, 99.34400177001953, 223.66400146484375, 154.447998046875]], 'labels': ['human face', 'human face']}}"
0500,"{'<DENSE_REGION_CAPTION>': {'bboxes': [[54.09600067138672, 49.84000015258789, 84.56000518798828, 115.47200012207031], [200.36801147460938, 134.9600067138672, 223.66400146484375, 189.16799926757812], [180.4320068359375, 44.0160026550293, 204.17601013183594, 87.47200012207031]], 'labels': ['human face', 'human face', 'human face']}}"
0501,"{'<DENSE_REGION_CAPTION>': {'bboxes': [[54.544002532958984, 49.84000015258789, 83.21600341796875, 115.02400207519531], [209.552001953125, 87.24800109863281, 223.66400146484375, 147.27999877929688], [178.63999938964844, 40.656002044677734, 198.8000030517578, 82.76800537109375]], 'labels': ['human face', 'human face', 'human face']}}"
0502,"{'<DENSE_REGION_CAPTION>': {'bboxes': [[0.1120000034570694, 21.61600112915039, 114.12800598144531, 223.66400146484375], [147.27999877929688, 22.736000061035156, 217.8400115966797, 179.5360107421875], [194.76800537109375, 75.82400512695312, 223.66400146484375, 223.66400146484375], [56.112003326416016, 52.30400085449219, 82.09600067138672, 112.56000518798828], [181.3280029296875, 37.29600143432617, 203.50401306152344, 82.99200439453125]], 'labels': ['person', 'person', 'person', 'human face', 'human face']}}"
0503,"{'<DENSE_REGION_CAPTION>': {'bboxes': [[56.784000396728516, 53.42399978637695, 82.76800537109375, 115.92000579833984], [179.5360107421875, 32.816001892089844, 200.59201049804688, 81.64800262451172]], 'labels': ['human face', 'human face']}}"
0504,"{'<DENSE_REGION_CAPTION>': {'bboxes': [[56.112003326416016, 53.87200164794922, 82.54400634765625, 115.92000579833984], [171.6959991455078, 29.68000030517578, 192.3040008544922, 77.39200592041016]], 'labels': ['human face', 'human face']}}"
0505,"{'<DENSE_REGION_CAPTION>': {'bboxes': [[53.64800262451172, 43.56800079345703, 80.75199890136719, 114.12800598144531], [174.16000366210938, 31.248001098632812, 196.5600128173828, 80.08000183105469]], 'labels': ['human face', 'human face']}}"
0506,"{'<DENSE_REGION_CAPTION>': {'bboxes': [[0.1120000034570694, 20.944000244140625, 117.48800659179688, 223.66400146484375], [145.93600463867188, 19.376001358032227, 208.8800048828125, 174.60800170898438], [199.2480010986328, 97.7760009765625, 223.66400146484375, 223.66400146484375]], 'labels': ['person', 'person', 'person']}}"
0507,"{'<DENSE_REGION_CAPTION>': {'bboxes': [[0.1120000034570694, 20.720001220703125, 117.48800659179688, 223.66400146484375], [137.87200927734375, 20.720001220703125, 208.8800048828125, 173.71200561523438], [200.81600952148438, 99.12000274658203, 223.66400146484375, 223.66400146484375]], 'labels': ['person', 'person', 'person']}}"
0508,"{'<DENSE_REGION_CAPTION>': {'bboxes': [[0.1120000034570694, 21.61600112915039, 118.60800170898438, 223.66400146484375], [141.2320098876953, 20.04800033569336, 211.79200744628906, 166.76800537109375], [189.16799926757812, 94.63999938964844, 223.66400146484375, 223.66400146484375]], 'labels': ['person', 'person', 'person']}}"
0509,"{'<DENSE_REGION_CAPTION>': {'bboxes': [[51.63199996948242, 42.672000885009766, 78.51200103759766, 109.20000457763672], [180.656005859375, 37.96800231933594, 204.84800720214844, 82.54400634765625]], 'labels': ['human face', 'human face']}}"
0510,"{'<DENSE_REGION_CAPTION>': {'bboxes': [[50.064002990722656, 45.36000061035156, 77.84000396728516, 113.45600128173828]], 'labels': ['human face']}}"
0511,"{'<DENSE_REGION_CAPTION>': {'bboxes': [[0.1120000034570694, 21.392000198364258, 158.03199768066406, 223.66400146484375], [179.760009765625, 40.656002044677734, 206.19200134277344, 80.97600555419922]], 'labels': ['woman', 'human face']}}"
0512,"{'<DENSE_REGION_CAPTION>': {'bboxes': [[0.1120000034570694, 21.84000015258789, 156.68800354003906, 223.66400146484375], [158.25601196289062, 20.720001220703125, 214.48001098632812, 176.40000915527344], [200.59201049804688, 82.09600067138672, 223.66400146484375, 223.66400146484375]], 'labels': ['person', 'person', 'person']}}"
0513,"{'<DENSE_REGION_CAPTION>': {'bboxes': [[0.1120000034570694, 21.392000198364258, 95.31200408935547, 223.66400146484375], [161.8400115966797, 17.808000564575195, 223.66400146484375, 177.52000427246094], [200.59201049804688, 85.45600128173828, 223.66400146484375, 223.66400146484375], [55.44000244140625, 35.055999755859375, 78.95999908447266, 88.81600189208984], [186.92800903320312, 43.79199981689453, 211.12001037597656, 84.33600616455078], [206.63999938964844, 122.19200134277344, 223.66400146484375, 176.84800720214844]], 'labels': ['person', 'person', 'person', 'human face', 'human face', 'human face']}}"
0514,"{'<DENSE_REGION_CAPTION>': {'bboxes': [[61.48800277709961, 41.552001953125, 83.88800048828125, 92.8479995727539], [187.82400512695312, 42.0, 212.46400451660156, 84.11199951171875], [194.76800537109375, 109.87200164794922, 210.0, 158.03199768066406]], 'labels': ['human face', 'human face', 'human face']}}"
0515,"{'<DENSE_REGION_CAPTION>': {'bboxes': [[52.52799987792969, 37.07200241088867, 79.85600280761719, 92.4000015258789], [171.6959991455078, 44.4640007019043, 195.66400146484375, 85.00800323486328]], 'labels': ['human face', 'human face']}}"
0516,"{'<DENSE_REGION_CAPTION>': {'bboxes': [[56.112003326416016, 40.20800018310547, 82.99200439453125, 104.27200317382812], [171.2480010986328, 49.16800308227539, 197.0080108642578, 89.71200561523438]], 'labels': ['human face', 'human face']}}"
0517,"{'<DENSE_REGION_CAPTION>': {'bboxes': [[54.992000579833984, 43.12000274658203, 83.66400146484375, 107.18400573730469], [206.41600036621094, 106.28800201416016, 223.66400146484375, 168.33599853515625], [175.50399780273438, 47.152000427246094, 200.36801147460938, 86.35200500488281], [0.1120000034570694, 24.079999923706055, 95.31200408935547, 223.66400146484375], [156.91200256347656, 22.512001037597656, 213.58399963378906, 174.38400268554688], [191.6320037841797, 81.64800262451172, 223.66400146484375, 223.66400146484375]], 'labels': ['human face', 'human face', 'human face', 'woman', 'person', 'person']}}"
0518,"{'<DENSE_REGION_CAPTION>': {'bboxes': [[0.1120000034570694, 27.216001510620117, 161.6160125732422, 223.66400146484375], [0.1120000034570694, 27.216001510620117, 83.66400146484375, 223.66400146484375], [163.6320037841797, 80.08000183105469, 223.66400146484375, 223.66400146484375], [155.79200744628906, 20.496000289916992, 213.36000061035156, 164.0800018310547], [55.44000244140625, 47.37600326538086, 82.76800537109375, 109.20000457763672], [208.2080078125, 93.74400329589844, 223.66400146484375, 161.16799926757812], [172.59201049804688, 40.432003021240234, 194.09600830078125, 80.08000183105469]], 'labels': ['person', 'person', 'person', 'person', 'human face', 'human face', 'human face']}}"
0519,"{'<DENSE_REGION_CAPTION>': {'bboxes': [[0.1120000034570694, 24.97599983215332, 166.32000732421875, 223.66400146484375], [0.1120000034570694, 24.97599983215332, 83.66400146484375, 223.66400146484375], [156.46400451660156, 18.256000518798828, 216.49600219726562, 173.26400756835938], [164.3040008544922, 84.33600616455078, 223.66400146484375, 223.66400146484375], [59.92000198364258, 49.16800308227539, 82.99200439453125, 106.73600006103516], [199.4720001220703, 128.46400451660156, 223.66400146484375, 179.5360107421875], [185.13600158691406, 43.79199981689453, 208.4320068359375, 81.64800262451172]], 'labels': ['person', 'person', 'person', 'person', 'human face', 'human face', 'human face']}}"
0520,"{'<DENSE_REGION_CAPTION>': {'bboxes': [[0.1120000034570694, 23.631999969482422, 177.29600524902344, 223.66400146484375], [0.1120000034570694, 23.631999969482422, 82.31999969482422, 223.66400146484375], [163.6320037841797, 83.21600341796875, 223.66400146484375, 223.66400146484375], [150.63999938964844, 14.896000862121582, 201.48800659179688, 157.13600158691406], [59.47200012207031, 44.6879997253418, 81.87200164794922, 103.3759994506836], [196.7840118408203, 129.58399963378906, 223.66400146484375, 178.63999938964844], [168.5600128173828, 23.631999969482422, 193.64801025390625, 65.74400329589844]], 'labels': ['person', 'person', 'person', 'person', 'human face', 'human face', 'human face']}}"
0521,"{'<DENSE_REGION_CAPTION>': {'bboxes': [[0.1120000034570694, 23.631999969482422, 177.29600524902344, 223.66400146484375], [0.1120000034570694, 23.631999969482422, 82.09600067138672, 223.66400146484375], [149.96800231933594, 14.672000885009766, 203.50401306152344, 150.63999938964844], [186.25601196289062, 85.45600128173828, 223.66400146484375, 223.66400146484375], [60.816001892089844, 44.6879997253418, 81.87200164794922, 104.04800415039062], [171.6959991455078, 30.352001190185547, 196.7840118408203, 72.91200256347656]], 'labels': ['person', 'person', 'person', 'person', 'human face', 'human face']}}"
0522,"{'<DENSE_REGION_CAPTION>': {'bboxes': [[0.1120000034570694, 26.768001556396484, 177.96800231933594, 223.66400146484375], [0.1120000034570694, 26.768001556396484, 83.21600341796875, 223.66400146484375], [149.96800231933594, 15.344000816345215, 205.29600524902344, 147.50399780273438], [186.70401000976562, 85.00800323486328, 223.66400146484375, 223.66400146484375], [196.11199951171875, 130.48001098632812, 223.66400146484375, 177.96800231933594], [65.29600524902344, 46.704002380371094, 82.99200439453125, 102.7040023803711], [169.6800079345703, 34.384002685546875, 190.9600067138672, 70.44800567626953]], 'labels': ['person', 'person', 'person', 'person', 'human face', 'human face', 'human face']}}"
0523,"{'<DENSE_REGION_CAPTION>': {'bboxes': [[0.1120000034570694, 22.064001083374023, 154.67201232910156, 223.66400146484375], [0.1120000034570694, 22.064001083374023, 82.76800537109375, 223.66400146484375], [148.17601013183594, 15.344000816345215, 214.70401000976562, 154.2239990234375], [187.82400512695312, 87.47200012207031, 223.66400146484375, 223.66400146484375], [197.0080108642578, 120.6240005493164, 223.66400146484375, 179.760009765625], [181.3280029296875, 34.384002685546875, 206.864013671875, 77.84000396728516], [63.50400161743164, 42.448001861572266, 80.75199890136719, 101.8080062866211]], 'labels': ['person', 'person', 'person', 'person', 'human face', 'human face', 'human face']}}"
0524,"{'<DENSE_REGION_CAPTION>': {'bboxes': [[0.1120000034570694, 72.01599884033203, 210.44801330566406, 223.66400146484375], [192.7519989013672, 137.64801025390625, 223.66400146484375, 183.79200744628906], [191.6320037841797, 38.63999938964844, 215.82400512695312, 80.08000183105469], [71.12000274658203, 45.80800247192383, 85.00800323486328, 89.93600463867188]], 'labels': ['desk', 'human face', 'human face', 'human face']}}"
0525,"{'<DENSE_REGION_CAPTION>': {'bboxes': [[0.1120000034570694, 26.992000579833984, 92.4000015258789, 223.66400146484375], [153.3280029296875, 25.424001693725586, 223.66400146484375, 167.21600341796875], [191.6320037841797, 86.12800598144531, 223.66400146484375, 223.66400146484375]], 'labels': ['person', 'person', 'person']}}"
0526,"{'<DENSE_REGION_CAPTION>': {'bboxes': [[205.52000427246094, 118.83200073242188, 223.66400146484375, 182.447998046875], [178.41600036621094, 42.448001861572266, 201.71200561523438, 76.72000122070312]], 'labels': ['human face', 'human face']}}"
0527,"{'<DENSE_REGION_CAPTION>': {'bboxes': [[59.92000198364258, 38.63999938964844, 81.87200164794922, 105.61600494384766]], 'labels': ['human face']}}"
0528,"{'<DENSE_REGION_CAPTION>': {'bboxes': [[0.1120000034570694, 18.928001403808594, 130.03199768066406, 223.66400146484375], [135.8560028076172, 17.360000610351562, 213.13600158691406, 155.34400939941406], [191.1840057373047, 78.73600006103516, 223.66400146484375, 223.66400146484375]], 'labels': ['person', 'person', 'person']}}"
0529,"{'<DENSE_REGION_CAPTION>': {'bboxes': [[0.1120000034570694, 19.152000427246094, 132.04800415039062, 223.66400146484375], [151.760009765625, 18.256000518798828, 215.37600708007812, 151.08799743652344], [188.49600219726562, 78.95999908447266, 223.66400146484375, 223.66400146484375]], 'labels': ['person', 'person', 'person']}}"
0530,"{'<DENSE_REGION_CAPTION>': {'bboxes': [[0.1120000034570694, 17.583999633789062, 129.58399963378906, 223.66400146484375], [152.8800048828125, 25.87200164794922, 215.37600708007812, 160.27200317382812], [191.1840057373047, 80.52799987792969, 223.66400146484375, 223.66400146484375]], 'labels': ['person', 'person', 'person']}}"
0531,"{'<DENSE_REGION_CAPTION>': {'bboxes': [[0.1120000034570694, 17.583999633789062, 132.27200317382812, 223.66400146484375], [25.87200164794922, 63.05600357055664, 78.28800201416016, 172.81600952148438]], 'labels': ['person', 'scarf']}}"
0532,"{'<DENSE_REGION_CAPTION>': {'bboxes': [[0.1120000034570694, 13.776000022888184, 136.5279998779297, 223.66400146484375], [20.04800033569336, 63.952003479003906, 78.28800201416016, 176.40000915527344], [49.84000015258789, 29.23200035095215, 76.94400024414062, 98.89600372314453]], 'labels': ['person', 'scarf', 'human face']}}"
0533,"{'<DENSE_REGION_CAPTION>': {'bboxes': [[0.1120000034570694, 17.583999633789062, 90.60800170898438, 223.66400146484375], [53.87200164794922, 38.63999938964844, 74.7040023803711, 109.64800262451172], [203.27999877929688, 75.82400512695312, 223.66400146484375, 138.99200439453125]], 'labels': ['girl', 'human face', 'human face']}}"
0534,"{'<DENSE_REGION_CAPTION>': {'bboxes': [[0.1120000034570694, 17.13599967956543, 87.69599914550781, 223.66400146484375], [54.09600067138672, 36.624000549316406, 74.2560043334961, 107.85600280761719], [205.52000427246094, 70.0, 223.66400146484375, 134.2880096435547], [166.09600830078125, 25.648000717163086, 188.04800415039062, 65.74400329589844]], 'labels': ['girl', 'human face', 'human face', 'human face']}}"
0535,"{'<DENSE_REGION_CAPTION>': {'bboxes': [[52.52799987792969, 40.432003021240234, 78.06400299072266, 110.09600067138672], [205.29600524902344, 70.89600372314453, 223.66400146484375, 132.94400024414062], [185.36000061035156, 28.560001373291016, 208.4320068359375, 72.68800354003906], [0.1120000034570694, 18.928001403808594, 93.52000427246094, 223.66400146484375], [159.60000610351562, 15.120000839233398, 215.15200805664062, 150.41600036621094], [191.8560028076172, 55.21600341796875, 223.66400146484375, 223.66400146484375]], 'labels': ['human face', 'human face', 'human face', 'person', 'person', 'person']}}"
0536,"{'<DENSE_REGION_CAPTION>': {'bboxes': [[53.64800262451172, 40.656002044677734, 78.51200103759766, 108.08000183105469], [175.27999877929688, 21.168001174926758, 198.5760040283203, 65.52000427246094]], 'labels': ['human face', 'human face']}}"
0537,"{'<DENSE_REGION_CAPTION>': {'bboxes': [[0.1120000034570694, 17.583999633789062, 102.2560043334961, 223.66400146484375], [153.552001953125, 22.736000061035156, 212.24000549316406, 186.92800903320312], [189.8400115966797, 50.064002990722656, 223.66400146484375, 223.66400146484375]], 'labels': ['person', 'person', 'person']}}"
0538,"{'<DENSE_REGION_CAPTION>': {'bboxes': [[0.1120000034570694, 17.808000564575195, 119.2800064086914, 223.66400146484375], [151.760009765625, 24.079999923706055, 209.3280029296875, 162.7360076904297], [183.79200744628906, 50.736000061035156, 223.66400146484375, 223.66400146484375]], 'labels': ['person', 'person', 'person']}}"
0539,"{'<DENSE_REGION_CAPTION>': {'bboxes': [[0.1120000034570694, 18.928001403808594, 119.2800064086914, 223.66400146484375], [50.064002990722656, 38.41600036621094, 77.84000396728516, 107.63200378417969], [202.38400268554688, 66.86399841308594, 223.66400146484375, 126.22400665283203], [172.59201049804688, 33.93600082397461, 196.5600128173828, 79.63200378417969]], 'labels': ['girl', 'human face', 'human face', 'human face']}}"
0540,"{'<DENSE_REGION_CAPTION>': {'bboxes': [[0.1120000034570694, 14.44800090789795, 114.35200500488281, 223.66400146484375], [148.17601013183594, 16.016000747680664, 216.94400024414062, 173.26400756835938], [195.66400146484375, 64.1760025024414, 223.66400146484375, 223.66400146484375], [41.3280029296875, 26.09600067138672, 71.79199981689453, 98.44800567626953], [182.67201232910156, 23.408000946044922, 206.864013671875, 64.6240005493164], [210.44801330566406, 95.08800506591797, 223.66400146484375, 133.8400115966797]], 'labels': ['person', 'person', 'person', 'human face', 'human face', 'human face']}}"
0541,"{'<DENSE_REGION_CAPTION>': {'bboxes': [[0.1120000034570694, 16.239999771118164, 113.68000030517578, 223.66400146484375], [37.29600143432617, 29.00800132751465, 68.43199920654297, 103.3759994506836], [188.49600219726562, 34.832000732421875, 211.79200744628906, 81.20000457763672], [208.4320068359375, 68.43199920654297, 223.66400146484375, 132.27200317382812]], 'labels': ['woman', 'human face', 'human face', 'human face']}}"
0542,"{'<DENSE_REGION_CAPTION>': {'bboxes': [[0.1120000034570694, 16.687999725341797, 113.68000030517578, 223.66400146484375], [42.672000885009766, 30.80000114440918, 70.89600372314453, 97.10400390625]], 'labels': ['woman', 'human face']}}"
0543,"{'<DENSE_REGION_CAPTION>': {'bboxes': [[0.1120000034570694, 16.016000747680664, 132.49600219726562, 223.66400146484375], [193.42401123046875, 120.6240005493164, 215.82400512695312, 173.26400756835938], [185.58399963378906, 27.66400146484375, 212.24000549316406, 72.46400451660156], [57.23200225830078, 30.80000114440918, 74.7040023803711, 77.39200592041016]], 'labels': ['girl', 'human face', 'human face', 'human face']}}"
0544,"{'<DENSE_REGION_CAPTION>': {'bboxes': [[0.1120000034570694, 18.48000144958496, 165.64801025390625, 223.66400146484375], [0.1120000034570694, 18.48000144958496, 77.16799926757812, 223.66400146484375], [151.08799743652344, 14.672000885009766, 215.37600708007812, 154.89601135253906], [195.88800048828125, 69.552001953125, 223.66400146484375, 223.66400146484375]], 'labels': ['person', 'person', 'person', 'person']}}"
0545,"{'<DENSE_REGION_CAPTION>': {'bboxes': [[0.1120000034570694, 21.84000015258789, 167.21600341796875, 223.66400146484375], [0.1120000034570694, 21.84000015258789, 79.85600280761719, 223.66400146484375], [171.2480010986328, 18.48000144958496, 223.66400146484375, 179.5360107421875]], 'labels': ['person', 'person', 'person']}}"
0546,"{'<DENSE_REGION_CAPTION>': {'bboxes': [[0.1120000034570694, 23.18400001525879, 159.60000610351562, 223.66400146484375]], 'labels': ['person']}}"
0547,"{'<DENSE_REGION_CAPTION>': {'bboxes': [[0.1120000034570694, 19.82400131225586, 147.95201110839844, 223.66400146484375], [154.447998046875, 20.496000289916992, 223.66400146484375, 173.26400756835938], [180.656005859375, 53.42399978637695, 223.66400146484375, 223.66400146484375]], 'labels': ['person', 'person', 'person']}}"
0548,"{'<DENSE_REGION_CAPTION>': {'bboxes': [[0.1120000034570694, 19.600000381469727, 162.9600067138672, 223.66400146484375], [52.30400085449219, 37.07200241088867, 77.84000396728516, 102.2560043334961]], 'labels': ['girl', 'human face']}}"
0549,"{'<DENSE_REGION_CAPTION>': {'bboxes': [[0.1120000034570694, 20.720001220703125, 151.760009765625, 223.66400146484375], [51.63199996948242, 38.63999938964844, 78.95999908447266, 109.87200164794922]], 'labels': ['girl', 'human face']}}"
0550,"{'<DENSE_REGION_CAPTION>': {'bboxes': [[0.1120000034570694, 20.496000289916992, 151.31201171875, 223.66400146484375], [52.30400085449219, 39.3120002746582, 79.40800476074219, 109.87200164794922]], 'labels': ['girl', 'human face']}}"
0551,"{'<DENSE_REGION_CAPTION>': {'bboxes': [[0.1120000034570694, 21.392000198364258, 148.62400817871094, 223.66400146484375], [52.52799987792969, 39.76000213623047, 79.18400573730469, 112.78400421142578], [191.1840057373047, 30.80000114440918, 217.16799926757812, 82.99200439453125], [196.33599853515625, 78.06400299072266, 210.67201232910156, 130.48001098632812]], 'labels': ['girl', 'human face', 'human face', 'human face']}}"
0552,"{'<DENSE_REGION_CAPTION>': {'bboxes': [[0.1120000034570694, 21.392000198364258, 148.40000915527344, 223.66400146484375], [52.97600173950195, 39.76000213623047, 78.95999908447266, 109.87200164794922]], 'labels': ['girl', 'human face']}}"
0553,"{'<DENSE_REGION_CAPTION>': {'bboxes': [[0.1120000034570694, 21.392000198364258, 148.40000915527344, 223.66400146484375], [53.42399978637695, 39.3120002746582, 79.40800476074219, 107.63200378417969], [181.7760009765625, 23.18400001525879, 203.50401306152344, 67.08800506591797], [59.02400207519531, 39.3120002746582, 79.40800476074219, 87.47200012207031], [200.14401245117188, 78.06400299072266, 209.7760009765625, 119.2800064086914]], 'labels': ['girl', 'human face', 'human face', 'human face', 'human face']}}"
0554,"{'<DENSE_REGION_CAPTION>': {'bboxes': [[0.1120000034570694, 19.82400131225586, 152.2080078125, 223.66400146484375], [148.17601013183594, 16.91200065612793, 214.48001098632812, 169.2320098876953], [184.68800354003906, 57.68000030517578, 223.66400146484375, 223.66400146484375], [53.64800262451172, 37.07200241088867, 78.51200103759766, 104.94400024414062], [57.23200225830078, 37.07200241088867, 78.73600006103516, 86.35200500488281], [176.17601013183594, 27.440000534057617, 197.0080108642578, 71.56800079345703], [200.14401245117188, 77.39200592041016, 211.12001037597656, 121.74400329589844]], 'labels': ['person', 'person', 'person', 'human face', 'human face', 'human face', 'human face']}}"
0555,"{'<DENSE_REGION_CAPTION>': {'bboxes': [[0.1120000034570694, 19.82400131225586, 161.6160125732422, 223.66400146484375], [52.30400085449219, 37.29600143432617, 78.73600006103516, 108.08000183105469], [182.447998046875, 29.68000030517578, 204.62400817871094, 71.12000274658203], [196.33599853515625, 79.18400573730469, 206.41600036621094, 120.4000015258789]], 'labels': ['girl', 'human face', 'human face', 'human face']}}"
0556,"{'<DENSE_REGION_CAPTION>': {'bboxes': [[0.1120000034570694, 20.720001220703125, 152.8800048828125, 223.66400146484375], [52.30400085449219, 38.63999938964844, 78.51200103759766, 108.75200653076172], [184.24000549316406, 59.02400207519531, 206.41600036621094, 116.59200286865234]], 'labels': ['girl', 'human face', 'human face']}}"
0557,"{'<DENSE_REGION_CAPTION>': {'bboxes': [[0.1120000034570694, 20.720001220703125, 141.6800079345703, 223.66400146484375], [52.30400085449219, 39.76000213623047, 78.95999908447266, 109.87200164794922], [184.91200256347656, 72.01599884033203, 210.0, 123.53600311279297]], 'labels': ['girl', 'human face', 'human face']}}"
0558,"{'<DENSE_REGION_CAPTION>': {'bboxes': [[0.1120000034570694, 20.720001220703125, 134.9600067138672, 223.66400146484375], [50.736000061035156, 39.76000213623047, 78.95999908447266, 112.78400421142578], [181.7760009765625, 85.23200225830078, 211.34400939941406, 128.91200256347656]], 'labels': ['girl', 'human face', 'human face']}}"
0559,"{'<DENSE_REGION_CAPTION>': {'bboxes': [[0.1120000034570694, 22.736000061035156, 155.79200744628906, 223.66400146484375], [48.272003173828125, 42.672000885009766, 78.51200103759766, 115.02400207519531], [199.4720001220703, 118.38400268554688, 223.66400146484375, 174.16000366210938], [186.03201293945312, 36.176002502441406, 214.03201293945312, 80.97600555419922]], 'labels': ['girl', 'human face', 'human face', 'human face']}}"
0560,"{'<DENSE_REGION_CAPTION>': {'bboxes': [[0.1120000034570694, 23.631999969482422, 147.05599975585938, 223.66400146484375], [148.62400817871094, 26.09600067138672, 219.8560028076172, 175.72801208496094], [179.760009765625, 76.49600219726562, 223.66400146484375, 223.66400146484375], [181.3280029296875, 40.656002044677734, 210.67201232910156, 84.11199951171875]], 'labels': ['person', 'person', 'person', 'human face']}}"
0561,"{'<DENSE_REGION_CAPTION>': {'bboxes': [[0.1120000034570694, 24.079999923706055, 167.21600341796875, 223.66400146484375], [150.63999938964844, 19.82400131225586, 220.3040008544922, 169.0080108642578], [178.63999938964844, 61.93600082397461, 223.66400146484375, 223.66400146484375], [173.26400756835938, 19.82400131225586, 220.0800018310547, 104.49600219726562], [60.14400100708008, 44.4640007019043, 81.64800262451172, 109.20000457763672], [190.9600067138672, 110.54400634765625, 214.03201293945312, 155.56800842285156], [183.12001037597656, 34.384002685546875, 207.5360107421875, 74.9280014038086]], 'labels': ['person', 'person', 'person', 'person', 'human face', 'human face', 'human face']}}"
0562,"{'<DENSE_REGION_CAPTION>': {'bboxes': [[0.1120000034570694, 23.631999969482422, 165.87200927734375, 223.66400146484375], [53.42399978637695, 45.58399963378906, 80.97600555419922, 115.02400207519531], [193.87200927734375, 79.63200378417969, 218.9600067138672, 142.8000030517578]], 'labels': ['girl', 'human face', 'human face']}}"
0563,"{'<DENSE_REGION_CAPTION>': {'bboxes': [[0.1120000034570694, 19.82400131225586, 135.4080047607422, 223.66400146484375], [53.64800262451172, 44.2400016784668, 80.30400085449219, 113.45600128173828], [201.26400756835938, 91.9520034790039, 223.66400146484375, 151.31201171875], [185.80799865722656, 34.608001708984375, 209.3280029296875, 76.49600219726562]], 'labels': ['girl', 'human face', 'human face', 'human face']}}"
0564,"{'<DENSE_REGION_CAPTION>': {'bboxes': [[0.1120000034570694, 21.392000198364258, 134.2880096435547, 223.66400146484375], [143.4720001220703, 21.392000198364258, 223.66400146484375, 171.6959991455078], [181.552001953125, 55.21600341796875, 223.66400146484375, 223.66400146484375], [173.93600463867188, 21.392000198364258, 223.66400146484375, 113.45600128173828]], 'labels': ['person', 'person', 'person', 'person']}}"
0565,"{'<DENSE_REGION_CAPTION>': {'bboxes': [[0.1120000034570694, 22.064001083374023, 143.0240020751953, 223.66400146484375], [194.99200439453125, 95.53600311279297, 223.66400146484375, 148.62400817871094], [195.88800048828125, 33.040000915527344, 223.66400146484375, 72.24000549316406]], 'labels': ['girl', 'human face', 'human face']}}"
0566,"{'<DENSE_REGION_CAPTION>': {'bboxes': [[0.1120000034570694, 22.96000099182129, 164.7519989013672, 223.66400146484375], [151.08799743652344, 20.720001220703125, 221.87200927734375, 155.79200744628906], [173.71200561523438, 52.52799987792969, 223.66400146484375, 223.66400146484375], [192.5279998779297, 95.98400115966797, 223.66400146484375, 143.9199981689453], [187.60000610351562, 39.98400115966797, 209.3280029296875, 79.18400573730469]], 'labels': ['person', 'person', 'person', 'human face', 'human face']}}"
0567,"{'<DENSE_REGION_CAPTION>': {'bboxes': [[0.1120000034570694, 24.079999923706055, 166.32000732421875, 223.66400146484375], [190.5120086669922, 95.53600311279297, 221.87200927734375, 143.0240020751953], [180.4320068359375, 42.0, 204.84800720214844, 80.08000183105469]], 'labels': ['girl', 'human face', 'human face']}}"
0568,"{'<DENSE_REGION_CAPTION>': {'bboxes': [[0.1120000034570694, 20.496000289916992, 132.04800415039062, 223.66400146484375], [57.00800323486328, 37.29600143432617, 79.18400573730469, 94.19200134277344], [192.5279998779297, 100.68800354003906, 212.68800354003906, 138.99200439453125]], 'labels': ['girl', 'human face', 'human face']}}"
0569,"{'<DENSE_REGION_CAPTION>': {'bboxes': [[0.1120000034570694, 24.75200080871582, 85.23200225830078, 223.66400146484375], [150.19200134277344, 22.736000061035156, 223.66400146484375, 173.48800659179688], [173.93600463867188, 52.30400085449219, 223.66400146484375, 223.66400146484375], [51.85600280761719, 66.86399841308594, 82.76800537109375, 117.26399993896484], [191.6320037841797, 95.31200408935547, 214.25601196289062, 144.81600952148438]], 'labels': ['girl', 'girl', 'girl', 'human face', 'human face']}}"
0570,"{'<DENSE_REGION_CAPTION>': {'bboxes': [[0.1120000034570694, 20.04800033569336, 86.57600402832031, 223.66400146484375], [146.83200073242188, 22.288000106811523, 223.66400146484375, 173.93600463867188], [172.59201049804688, 50.736000061035156, 223.66400146484375, 223.66400146484375], [190.9600067138672, 86.35200500488281, 215.15200805664062, 143.9199981689453]], 'labels': ['girl', 'girl', 'girl', 'human face']}}"
0571,"{'<DENSE_REGION_CAPTION>': {'bboxes': [[0.1120000034570694, 15.120000839233398, 90.60800170898438, 223.66400146484375], [166.09600830078125, 0.1120000034570694, 223.66400146484375, 223.66400146484375], [157.13600158691406, 45.58399963378906, 221.87200927734375, 182.67201232910156]], 'labels': ['person', 'person', 'person']}}"
0572,"{'<DENSE_REGION_CAPTION>': {'bboxes': [[0.1120000034570694, 71.56800079345703, 197.2320098876953, 223.66400146484375], [183.56800842285156, 24.97599983215332, 205.74400329589844, 70.44800567626953]], 'labels': ['desk', 'human face']}}"
0573,"{'<DENSE_REGION_CAPTION>': {'bboxes': [[0.1120000034570694, 71.56800079345703, 194.76800537109375, 223.66400146484375], [61.26400375366211, 42.895999908447266, 82.09600067138672, 99.34400177001953], [201.04000854492188, 81.64800262451172, 213.58399963378906, 121.96800231933594]], 'labels': ['desk', 'human face', 'human face']}}"
0574,"{'<DENSE_REGION_CAPTION>': {'bboxes': [[0.1120000034570694, 71.79199981689453, 192.7519989013672, 223.66400146484375], [59.92000198364258, 42.895999908447266, 82.09600067138672, 100.46400451660156], [197.6800079345703, 84.33600616455078, 209.7760009765625, 123.98400115966797]], 'labels': ['desk', 'human face', 'human face']}}"
0575,"{'<DENSE_REGION_CAPTION>': {'bboxes': [[0.1120000034570694, 71.79199981689453, 198.1280059814453, 223.66400146484375], [59.02400207519531, 43.34400177001953, 81.87200164794922, 101.8080062866211], [199.4720001220703, 71.12000274658203, 212.68800354003906, 123.08800506591797]], 'labels': ['desk', 'human face', 'human face']}}"
0576,"{'<DENSE_REGION_CAPTION>': {'bboxes': [[0.1120000034570694, 71.56800079345703, 196.11199951171875, 223.66400146484375], [59.47200012207031, 44.0160026550293, 82.09600067138672, 102.2560043334961]], 'labels': ['desk', 'human face']}}"
0577,"{'<DENSE_REGION_CAPTION>': {'bboxes': [[59.69600296020508, 45.58399963378906, 81.87200164794922, 102.9280014038086]], 'labels': ['human face']}}"
0578,"{'<DENSE_REGION_CAPTION>': {'bboxes': [[0.1120000034570694, 16.464000701904297, 89.48799896240234, 223.66400146484375], [168.7840118408203, 62.832000732421875, 223.66400146484375, 223.66400146484375], [160.72000122070312, 19.82400131225586, 216.94400024414062, 154.2239990234375]], 'labels': ['person', 'person', 'person']}}"
0579,"{'<DENSE_REGION_CAPTION>': {'bboxes': [[58.57600021362305, 45.36000061035156, 82.09600067138672, 104.04800415039062]], 'labels': ['human face']}}"
0580,"{'<DENSE_REGION_CAPTION>': {'bboxes': [[58.57600021362305, 46.25600051879883, 82.09600067138672, 105.16800689697266], [165.87200927734375, 31.696001052856445, 189.16799926757812, 74.7040023803711], [208.2080078125, 99.34400177001953, 223.66400146484375, 154.447998046875]], 'labels': ['human face', 'human face', 'human face']}}"
0581,"{'<DENSE_REGION_CAPTION>': {'bboxes': [[59.02400207519531, 45.58399963378906, 82.54400634765625, 105.16800689697266], [162.7360076904297, 26.54400062561035, 185.13600158691406, 71.56800079345703]], 'labels': ['human face', 'human face']}}"
0582,"{'<DENSE_REGION_CAPTION>': {'bboxes': [[203.05599975585938, 109.20000457763672, 223.66400146484375, 174.60800170898438], [59.02400207519531, 45.36000061035156, 82.09600067138672, 104.94400024414062], [180.4320068359375, 29.23200035095215, 203.72801208496094, 64.4000015258789], [0.1120000034570694, 16.91200065612793, 96.8800048828125, 223.66400146484375], [137.87200927734375, 9.072000503540039, 223.66400146484375, 169.4560089111328], [187.15200805664062, 79.40800476074219, 223.66400146484375, 223.66400146484375]], 'labels': ['human face', 'human face', 'human face', 'woman', 'woman', 'woman']}}"
0583,"{'<DENSE_REGION_CAPTION>': {'bboxes': [[0.1120000034570694, 17.13599967956543, 94.41600036621094, 223.66400146484375], [156.24000549316406, 21.392000198364258, 223.66400146484375, 176.84800720214844], [194.54400634765625, 75.82400512695312, 223.66400146484375, 223.66400146484375]], 'labels': ['person', 'person', 'person']}}"
0584,"{'<DENSE_REGION_CAPTION>': {'bboxes': [[59.02400207519531, 41.552001953125, 81.87200164794922, 102.9280014038086], [197.6800079345703, 119.2800064086914, 223.66400146484375, 167.88800048828125]], 'labels': ['human face', 'human face']}}"
0585,"{'<DENSE_REGION_CAPTION>': {'bboxes': [[57.68000030517578, 44.0160026550293, 82.09600067138672, 102.9280014038086], [197.0080108642578, 120.84800720214844, 223.66400146484375, 168.5600128173828], [167.88800048828125, 35.28000259399414, 186.70401000976562, 72.68800354003906]], 'labels': ['human face', 'human face', 'human face']}}"
0586,"{'<DENSE_REGION_CAPTION>': {'bboxes': [[57.90400314331055, 41.3280029296875, 81.87200164794922, 96.8800048828125], [196.7840118408203, 120.84800720214844, 223.66400146484375, 165.20001220703125]], 'labels': ['human face', 'human face']}}"
0587,"{'<DENSE_REGION_CAPTION>': {'bboxes': [[54.992000579833984, 45.13600158691406, 81.87200164794922, 105.61600494384766], [196.33599853515625, 116.59200286865234, 223.66400146484375, 164.7519989013672]], 'labels': ['human face', 'human face']}}"
0588,"{'<DENSE_REGION_CAPTION>': {'bboxes': [[56.784000396728516, 45.80800247192383, 82.31999969482422, 97.552001953125], [195.21600341796875, 123.31200408935547, 223.66400146484375, 163.8560028076172], [178.86399841308594, 42.895999908447266, 203.27999877929688, 78.28800201416016]], 'labels': ['human face', 'human face', 'human face']}}"
0589,"{'<DENSE_REGION_CAPTION>': {'bboxes': [[57.00800323486328, 45.36000061035156, 82.09600067138672, 97.3280029296875], [201.71200561523438, 99.56800079345703, 223.66400146484375, 156.01600646972656], [179.5360107421875, 44.4640007019043, 202.16000366210938, 80.52799987792969]], 'labels': ['human face', 'human face', 'human face']}}"
0590,"{'<DENSE_REGION_CAPTION>': {'bboxes': [[52.30400085449219, 40.432003021240234, 80.30400085449219, 104.04800415039062], [180.4320068359375, 44.4640007019043, 203.72801208496094, 81.20000457763672]], 'labels': ['human face', 'human face']}}"
0591,"{'<DENSE_REGION_CAPTION>': {'bboxes': [[52.97600173950195, 39.3120002746582, 79.85600280761719, 103.3759994506836], [182.0, 46.25600051879883, 205.96800231933594, 84.56000518798828]], 'labels': ['human face', 'human face']}}"
0592,"{'<DENSE_REGION_CAPTION>': {'bboxes': [[52.30400085449219, 41.3280029296875, 80.08000183105469, 105.16800689697266], [198.1280059814453, 110.99200439453125, 223.66400146484375, 156.46400451660156], [185.36000061035156, 40.432003021240234, 209.552001953125, 82.09600067138672]], 'labels': ['human face', 'human face', 'human face']}}"
0593,"{'<DENSE_REGION_CAPTION>': {'bboxes': [[54.09600067138672, 45.13600158691406, 81.87200164794922, 106.96000671386719], [201.48800659179688, 80.30400085449219, 223.66400146484375, 142.8000030517578]], 'labels': ['human face', 'human face']}}"
0594,"{'<DENSE_REGION_CAPTION>': {'bboxes': [[55.66400146484375, 43.79199981689453, 81.87200164794922, 105.39200592041016], [199.4720001220703, 77.39200592041016, 223.66400146484375, 140.11199951171875], [181.7760009765625, 48.272003173828125, 206.41600036621094, 84.78400421142578]], 'labels': ['human face', 'human face', 'human face']}}"
0595,"{'<DENSE_REGION_CAPTION>': {'bboxes': [[0.1120000034570694, 16.016000747680664, 172.59201049804688, 223.66400146484375], [161.8400115966797, 28.112001419067383, 223.66400146484375, 161.16799926757812], [177.96800231933594, 58.35200119018555, 223.66400146484375, 223.66400146484375], [55.21600341796875, 42.895999908447266, 80.97600555419922, 104.72000122070312], [198.8000030517578, 102.0320053100586, 223.66400146484375, 154.0]], 'labels': ['person', 'person', 'person', 'human face', 'human face']}}"
0596,"{'<DENSE_REGION_CAPTION>': {'bboxes': [[0.1120000034570694, 15.120000839233398, 163.8560028076172, 223.66400146484375], [54.09600067138672, 39.98400115966797, 80.97600555419922, 105.61600494384766], [195.44000244140625, 110.31999969482422, 223.66400146484375, 154.89601135253906]], 'labels': ['girl', 'human face', 'human face']}}"
0597,"{'<DENSE_REGION_CAPTION>': {'bboxes': [[0.1120000034570694, 15.120000839233398, 115.47200012207031, 223.66400146484375], [155.34400939941406, 23.631999969482422, 223.66400146484375, 160.27200317382812], [179.760009765625, 61.040000915527344, 223.66400146484375, 223.66400146484375], [54.09600067138672, 40.432003021240234, 80.75199890136719, 104.27200317382812], [195.66400146484375, 110.54400634765625, 223.66400146484375, 154.67201232910156]], 'labels': ['person', 'person', 'person', 'human face', 'human face']}}"
0598,"{'<DENSE_REGION_CAPTION>': {'bboxes': [[0.1120000034570694, 14.672000885009766, 132.49600219726562, 223.66400146484375], [54.768001556396484, 39.0880012512207, 80.97600555419922, 102.4800033569336]], 'labels': ['girl', 'human face']}}"
0599,"{'<DENSE_REGION_CAPTION>': {'bboxes': [[0.1120000034570694, 14.896000862121582, 223.66400146484375, 223.66400146484375], [0.1120000034570694, 14.896000862121582, 130.70401000976562, 223.66400146484375], [152.656005859375, 24.079999923706055, 223.66400146484375, 174.16000366210938], [165.64801025390625, 56.112003326416016, 223.66400146484375, 223.66400146484375]], 'labels': ['person', 'person', 'person', 'person']}}"
0600,"{'<DENSE_REGION_CAPTION>': {'bboxes': [[0.1120000034570694, 14.672000885009766, 154.2239990234375, 223.66400146484375], [56.112003326416016, 38.63999938964844, 80.97600555419922, 101.58399963378906], [196.7840118408203, 106.28800201416016, 223.66400146484375, 155.56800842285156]], 'labels': ['girl', 'human face', 'human face']}}"
0601,"{'<DENSE_REGION_CAPTION>': {'bboxes': [[0.1120000034570694, 16.239999771118164, 164.7519989013672, 223.66400146484375], [54.992000579833984, 39.76000213623047, 80.97600555419922, 104.72000122070312], [195.66400146484375, 107.40800476074219, 223.66400146484375, 155.12001037597656]], 'labels': ['girl', 'human face', 'human face']}}"
0602,"{'<DENSE_REGION_CAPTION>': {'bboxes': [[0.1120000034570694, 0.1120000034570694, 65.96800231933594, 223.66400146484375], [142.5760040283203, 19.376001358032227, 211.56800842285156, 160.04800415039062], [176.84800720214844, 51.85600280761719, 223.66400146484375, 223.66400146484375], [9.072000503540039, 0.1120000034570694, 39.3120002746582, 72.91200256347656], [197.2320098876953, 78.73600006103516, 220.3040008544922, 142.1280059814453]], 'labels': ['person', 'person', 'person', 'human face', 'human face']}}"
