image_num,bboxes,labels
0001,"{'<DENSE_REGION_CAPTION>': {'bboxes': [[170.8000030517578, 65.52000427246094, 223.66400146484375, 134.9600067138672], [0.1120000034570694, 136.3040008544922, 29.68000030517578, 223.66400146484375], [78.28800201416016, 125.3280029296875, 109.20000457763672, 218.0640106201172], [200.81600952148438, 0.1120000034570694, 215.15200805664062, 21.61600112915039]], 'labels': ['whiteboard', 'cabinetry', 'chair', 'clock']}}"
0002,"{'<DENSE_REGION_CAPTION>': {'bboxes': [[113.68000030517578, 49.84000015258789, 188.04800415039062, 171.4720001220703], [143.0240020751953, 178.86399841308594, 223.66400146484375, 223.66400146484375], [55.66400146484375, 55.88800048828125, 87.69599914550781, 223.66400146484375], [187.60000610351562, 148.17601013183594, 222.99200439453125, 192.97601318359375], [146.38400268554688, 148.84800720214844, 178.19200134277344, 183.34400939941406], [187.82400512695312, 148.17601013183594, 209.10400390625, 176.17601013183594]], 'labels': ['whiteboard', 'desk', 'person', 'person', 'person', 'person']}}"
0003,"{'<DENSE_REGION_CAPTION>': {'bboxes': [[114.57600402832031, 36.176002502441406, 203.50401306152344, 182.89601135253906], [0.1120000034570694, 139.21600341796875, 34.384002685546875, 223.66400146484375], [88.14400482177734, 128.24000549316406, 124.4320068359375, 223.66400146484375], [43.56800079345703, 44.91200256347656, 79.40800476074219, 223.66400146484375], [142.8000030517578, 147.72801208496094, 192.97601318359375, 201.26400756835938]], 'labels': ['whiteboard', 'cabinetry', 'chair', 'person', 'person']}}"
0004,"{'<DENSE_REGION_CAPTION>': {'bboxes': [[131.37600708007812, 6.832000255584717, 223.66400146484375, 223.66400146484375], [52.97600173950195, 29.45600128173828, 65.52000427246094, 60.816001892089844]], 'labels': ['whiteboard', 'human face']}}"
0005,"{'<DENSE_REGION_CAPTION>': {'bboxes': [[149.07200622558594, 6.832000255584717, 223.66400146484375, 223.66400146484375], [0.1120000034570694, 151.08799743652344, 37.29600143432617, 223.66400146484375], [70.44800567626953, 28.336000442504883, 82.99200439453125, 58.57600021362305]], 'labels': ['whiteboard', 'cabinetry', 'human face']}}"
0006,"{'<DENSE_REGION_CAPTION>': {'bboxes': [[148.17601013183594, 7.28000020980835, 223.66400146484375, 223.66400146484375], [0.1120000034570694, 149.07200622558594, 37.29600143432617, 223.66400146484375], [112.11200714111328, 134.9600067138672, 160.27200317382812, 223.66400146484375]], 'labels': ['whiteboard', 'cabinetry', 'chair']}}"
0007,"{'<DENSE_REGION_CAPTION>': {'bboxes': [[148.17601013183594, 6.384000301361084, 223.66400146484375, 223.66400146484375], [0.1120000034570694, 148.84800720214844, 39.3120002746582, 223.66400146484375]], 'labels': ['whiteboard', 'cabinetry']}}"
0008,"{'<DENSE_REGION_CAPTION>': {'bboxes': [[148.17601013183594, 6.6080002784729, 223.66400146484375, 223.66400146484375], [49.84000015258789, 21.84000015258789, 85.23200225830078, 223.66400146484375], [191.4080047607422, 200.14401245117188, 216.49600219726562, 223.66400146484375]], 'labels': ['whiteboard', 'person', 'person']}}"
0009,"{'<DENSE_REGION_CAPTION>': {'bboxes': [[148.17601013183594, 6.6080002784729, 223.66400146484375, 223.66400146484375], [49.84000015258789, 21.392000198364258, 89.04000091552734, 223.66400146484375], [189.39199829101562, 207.5360107421875, 212.24000549316406, 223.66400146484375]], 'labels': ['whiteboard', 'person', 'person']}}"
0010,"{'<DENSE_REGION_CAPTION>': {'bboxes': [[148.17601013183594, 6.384000301361084, 223.66400146484375, 223.66400146484375], [49.84000015258789, 21.61600112915039, 85.23200225830078, 223.66400146484375], [195.21600341796875, 206.864013671875, 217.6160125732422, 223.66400146484375]], 'labels': ['whiteboard', 'person', 'person']}}"
0011,"{'<DENSE_REGION_CAPTION>': {'bboxes': [[148.17601013183594, 6.832000255584717, 223.66400146484375, 223.66400146484375], [49.84000015258789, 21.392000198364258, 85.23200225830078, 223.66400146484375], [192.0800018310547, 207.5360107421875, 213.80801391601562, 223.66400146484375]], 'labels': ['whiteboard', 'person', 'person']}}"
0012,"{'<DENSE_REGION_CAPTION>': {'bboxes': [[148.17601013183594, 6.832000255584717, 223.66400146484375, 223.66400146484375], [52.30400085449219, 21.84000015258789, 86.57600402832031, 223.66400146484375], [192.5279998779297, 207.5360107421875, 214.48001098632812, 223.66400146484375]], 'labels': ['whiteboard', 'person', 'person']}}"
0013,"{'<DENSE_REGION_CAPTION>': {'bboxes': [[148.17601013183594, 6.6080002784729, 223.66400146484375, 223.66400146484375], [52.30400085449219, 21.168001174926758, 86.12800598144531, 223.66400146484375], [192.0800018310547, 207.5360107421875, 213.58399963378906, 223.66400146484375]], 'labels': ['whiteboard', 'person', 'person']}}"
0014,"{'<DENSE_REGION_CAPTION>': {'bboxes': [[148.17601013183594, 6.6080002784729, 223.66400146484375, 223.66400146484375], [50.512001037597656, 22.064001083374023, 86.57600402832031, 223.66400146484375], [201.48800659179688, 175.72801208496094, 223.66400146484375, 223.66400146484375], [192.97601318359375, 206.41600036621094, 215.15200805664062, 223.66400146484375]], 'labels': ['whiteboard', 'person', 'person', 'person']}}"
0015,"{'<DENSE_REGION_CAPTION>': {'bboxes': [[148.17601013183594, 6.6080002784729, 223.66400146484375, 223.66400146484375], [50.064002990722656, 22.736000061035156, 86.12800598144531, 223.66400146484375], [193.42401123046875, 205.74400329589844, 215.82400512695312, 223.66400146484375]], 'labels': ['whiteboard', 'person', 'person']}}"
0016,"{'<DENSE_REGION_CAPTION>': {'bboxes': [[148.17601013183594, 6.6080002784729, 223.66400146484375, 223.66400146484375], [53.42399978637695, 22.736000061035156, 87.02400207519531, 223.66400146484375], [191.1840057373047, 206.19200134277344, 214.48001098632812, 223.66400146484375]], 'labels': ['whiteboard', 'person', 'person']}}"
0017,"{'<DENSE_REGION_CAPTION>': {'bboxes': [[148.17601013183594, 6.6080002784729, 223.66400146484375, 223.66400146484375], [52.30400085449219, 22.736000061035156, 86.12800598144531, 223.66400146484375], [189.8400115966797, 205.96800231933594, 213.80801391601562, 223.66400146484375]], 'labels': ['whiteboard', 'person', 'person']}}"
0018,"{'<DENSE_REGION_CAPTION>': {'bboxes': [[148.17601013183594, 8.176000595092773, 223.66400146484375, 223.66400146484375], [100.68800354003906, 16.687999725341797, 136.7519989013672, 100.46400451660156], [50.96000289916992, 22.736000061035156, 84.78400421142578, 223.66400146484375], [190.9600067138672, 207.0880126953125, 213.80801391601562, 223.66400146484375]], 'labels': ['whiteboard', 'whiteboard', 'person', 'person']}}"
0019,"{'<DENSE_REGION_CAPTION>': {'bboxes': [[0.1120000034570694, 103.82400512695312, 40.20800018310547, 220.3040008544922], [75.1520004272461, 57.23200225830078, 101.13600158691406, 223.66400146484375], [153.7760009765625, 169.0080108642578, 176.84800720214844, 223.66400146484375]], 'labels': ['cabinetry', 'person', 'person']}}"
0020,"{'<DENSE_REGION_CAPTION>': {'bboxes': [[0.1120000034570694, 104.27200317382812, 39.0880012512207, 220.75201416015625], [110.54400634765625, 125.10400390625, 141.6800079345703, 223.66400146484375], [162.5120086669922, 181.3280029296875, 223.66400146484375, 223.66400146484375], [74.7040023803711, 56.336002349853516, 100.24000549316406, 223.66400146484375], [152.8800048828125, 168.7840118408203, 175.72801208496094, 223.66400146484375], [208.4320068359375, 149.74400329589844, 223.66400146484375, 195.66400146484375], [178.41600036621094, 147.95201110839844, 196.7840118408203, 182.2239990234375]], 'labels': ['cabinetry', 'chair', 'desk', 'person', 'person', 'person', 'person']}}"
0021,"{'<DENSE_REGION_CAPTION>': {'bboxes': [[109.42400360107422, 50.512001037597656, 184.91200256347656, 183.12001037597656], [139.66400146484375, 179.760009765625, 223.66400146484375, 223.66400146484375], [50.96000289916992, 55.44000244140625, 78.51200103759766, 223.66400146484375], [127.12000274658203, 167.88800048828125, 152.8800048828125, 223.66400146484375], [184.24000549316406, 147.27999877929688, 215.15200805664062, 177.07200622558594], [155.34400939941406, 145.26400756835938, 173.93600463867188, 180.656005859375], [215.15200805664062, 147.72801208496094, 223.66400146484375, 192.97601318359375]], 'labels': ['whiteboard', 'desk', 'person', 'person', 'person', 'person', 'person']}}"
0022,"{'<DENSE_REGION_CAPTION>': {'bboxes': [[87.92000579833984, 51.18400192260742, 162.5120086669922, 180.656005859375], [118.60800170898438, 178.86399841308594, 223.66400146484375, 223.66400146484375], [28.784000396728516, 54.768001556396484, 50.96000289916992, 223.66400146484375], [105.39200592041016, 167.88800048828125, 131.60000610351562, 223.66400146484375], [161.6160125732422, 147.05599975585938, 185.58399963378906, 174.38400268554688], [189.8400115966797, 146.16000366210938, 206.19200134277344, 179.9840087890625], [134.5120086669922, 149.07200622558594, 150.63999938964844, 179.31201171875]], 'labels': ['whiteboard', 'desk', 'person', 'person', 'person', 'person', 'person']}}"
0023,"{'<DENSE_REGION_CAPTION>': {'bboxes': [[117.04000091552734, 187.60000610351562, 223.66400146484375, 223.66400146484375], [26.768001556396484, 54.544002532958984, 54.320003509521484, 223.66400146484375], [104.27200317382812, 162.7360076904297, 129.58399963378906, 223.66400146484375], [188.04800415039062, 145.93600463867188, 210.67201232910156, 189.6160125732422], [160.27200317382812, 146.60800170898438, 179.760009765625, 174.16000366210938], [132.49600219726562, 152.4320068359375, 149.07200622558594, 179.31201171875]], 'labels': ['desk', 'person', 'person', 'person', 'person', 'person']}}"
0024,"{'<DENSE_REGION_CAPTION>': {'bboxes': [[117.26399993896484, 187.60000610351562, 223.66400146484375, 223.66400146484375], [26.768001556396484, 54.992000579833984, 54.320003509521484, 223.66400146484375], [104.27200317382812, 162.9600067138672, 129.58399963378906, 223.66400146484375], [159.60000610351562, 145.93600463867188, 193.20001220703125, 190.0640106201172], [187.60000610351562, 145.93600463867188, 205.74400329589844, 183.12001037597656], [131.60000610351562, 155.79200744628906, 147.72801208496094, 179.5360107421875]], 'labels': ['desk', 'person', 'person', 'person', 'person', 'person']}}"
0025,"{'<DENSE_REGION_CAPTION>': {'bboxes': [[117.48800659179688, 187.60000610351562, 223.66400146484375, 223.66400146484375], [27.66400146484375, 54.768001556396484, 54.320003509521484, 223.66400146484375], [104.27200317382812, 162.9600067138672, 129.58399963378906, 223.66400146484375], [187.60000610351562, 145.93600463867188, 208.656005859375, 189.16799926757812], [160.04800415039062, 145.71200561523438, 180.8800048828125, 174.16000366210938], [132.04800415039062, 154.89601135253906, 148.84800720214844, 179.31201171875]], 'labels': ['desk', 'person', 'person', 'person', 'person', 'person']}}"
0026,"{'<DENSE_REGION_CAPTION>': {'bboxes': [[117.04000091552734, 187.60000610351562, 223.66400146484375, 223.66400146484375], [26.768001556396484, 54.544002532958984, 54.320003509521484, 223.66400146484375], [104.49600219726562, 162.9600067138672, 129.58399963378906, 223.66400146484375], [186.48001098632812, 145.93600463867188, 207.5360107421875, 189.16799926757812], [160.27200317382812, 145.93600463867188, 179.5360107421875, 173.93600463867188], [132.04800415039062, 155.79200744628906, 150.19200134277344, 179.5360107421875]], 'labels': ['desk', 'person', 'person', 'person', 'person', 'person']}}"
0027,"{'<DENSE_REGION_CAPTION>': {'bboxes': [[117.04000091552734, 187.15200805664062, 223.66400146484375, 223.66400146484375], [25.87200164794922, 54.992000579833984, 54.768001556396484, 223.66400146484375], [104.27200317382812, 162.9600067138672, 129.58399963378906, 223.66400146484375], [186.70401000976562, 145.93600463867188, 206.864013671875, 189.6160125732422], [131.60000610351562, 156.91200256347656, 150.63999938964844, 179.5360107421875]], 'labels': ['desk', 'person', 'person', 'person', 'person']}}"
0028,"{'<DENSE_REGION_CAPTION>': {'bboxes': [[117.04000091552734, 187.37600708007812, 223.66400146484375, 223.66400146484375], [25.87200164794922, 54.992000579833984, 54.768001556396484, 223.66400146484375], [104.49600219726562, 162.9600067138672, 129.58399963378906, 223.66400146484375], [187.15200805664062, 146.16000366210938, 209.552001953125, 189.6160125732422], [160.27200317382812, 145.93600463867188, 180.4320068359375, 173.93600463867188], [130.70401000976562, 154.447998046875, 146.16000366210938, 179.5360107421875]], 'labels': ['desk', 'person', 'person', 'person', 'person', 'person']}}"
0029,"{'<DENSE_REGION_CAPTION>': {'bboxes': [[117.04000091552734, 187.15200805664062, 223.66400146484375, 223.66400146484375], [26.32000160217285, 54.768001556396484, 55.21600341796875, 223.66400146484375], [104.49600219726562, 162.9600067138672, 129.58399963378906, 223.66400146484375], [188.04800415039062, 147.72801208496094, 206.19200134277344, 179.5360107421875], [161.16799926757812, 141.9040069580078, 180.2080078125, 173.71200561523438], [127.56800079345703, 154.89601135253906, 145.04000854492188, 179.9840087890625]], 'labels': ['desk', 'person', 'person', 'person', 'person', 'person']}}"
0030,"{'<DENSE_REGION_CAPTION>': {'bboxes': [[117.04000091552734, 187.60000610351562, 223.66400146484375, 223.66400146484375], [26.32000160217285, 55.21600341796875, 54.768001556396484, 223.66400146484375], [104.27200317382812, 163.1840057373047, 129.80799865722656, 223.66400146484375], [186.48001098632812, 147.05599975585938, 211.12001037597656, 186.48001098632812], [160.27200317382812, 146.83200073242188, 180.2080078125, 174.38400268554688], [132.04800415039062, 154.2239990234375, 149.96800231933594, 179.31201171875]], 'labels': ['desk', 'person', 'person', 'person', 'person', 'person']}}"
0031,"{'<DENSE_REGION_CAPTION>': {'bboxes': [[159.15200805664062, 67.08800506591797, 223.66400146484375, 134.9600067138672], [117.04000091552734, 187.15200805664062, 223.66400146484375, 223.66400146484375], [26.32000160217285, 54.544002532958984, 54.992000579833984, 223.66400146484375], [104.49600219726562, 163.1840057373047, 129.58399963378906, 223.66400146484375], [159.60000610351562, 146.83200073242188, 192.97601318359375, 190.0640106201172], [186.70401000976562, 146.83200073242188, 205.07200622558594, 178.86399841308594], [160.04800415039062, 146.83200073242188, 180.656005859375, 174.16000366210938], [132.27200317382812, 154.89601135253906, 149.74400329589844, 179.31201171875]], 'labels': ['whiteboard', 'desk', 'person', 'person', 'person', 'person', 'person', 'person']}}"
0032,"{'<DENSE_REGION_CAPTION>': {'bboxes': [[117.04000091552734, 187.15200805664062, 223.66400146484375, 223.66400146484375], [26.32000160217285, 55.21600341796875, 54.768001556396484, 223.66400146484375], [104.49600219726562, 162.9600067138672, 129.58399963378906, 223.66400146484375], [186.48001098632812, 147.05599975585938, 204.62400817871094, 188.27200317382812]], 'labels': ['desk', 'person', 'person', 'person']}}"
0033,"{'<DENSE_REGION_CAPTION>': {'bboxes': [[117.04000091552734, 187.15200805664062, 223.66400146484375, 223.66400146484375], [27.216001510620117, 56.112003326416016, 54.768001556396484, 223.66400146484375], [104.72000122070312, 163.4080047607422, 129.58399963378906, 223.66400146484375], [186.03201293945312, 147.05599975585938, 203.95201110839844, 178.63999938964844], [193.64801025390625, 188.94400024414062, 223.66400146484375, 206.19200134277344]], 'labels': ['desk', 'person', 'person', 'person', 'picnic basket']}}"
0034,"{'<DENSE_REGION_CAPTION>': {'bboxes': [[117.04000091552734, 187.15200805664062, 223.66400146484375, 223.66400146484375], [27.216001510620117, 54.992000579833984, 54.768001556396484, 223.66400146484375], [104.72000122070312, 163.6320037841797, 129.58399963378906, 223.66400146484375], [193.64801025390625, 188.94400024414062, 223.66400146484375, 206.19200134277344]], 'labels': ['desk', 'person', 'person', 'picnic basket']}}"
0035,"{'<DENSE_REGION_CAPTION>': {'bboxes': [[117.04000091552734, 186.70401000976562, 223.66400146484375, 223.66400146484375], [27.216001510620117, 53.87200164794922, 54.320003509521484, 223.66400146484375], [108.75200653076172, 163.6320037841797, 129.58399963378906, 223.66400146484375], [186.25601196289062, 147.95201110839844, 204.40000915527344, 178.19200134277344]], 'labels': ['desk', 'person', 'person', 'person']}}"
0036,"{'<DENSE_REGION_CAPTION>': {'bboxes': [[117.04000091552734, 186.70401000976562, 223.66400146484375, 223.66400146484375], [27.216001510620117, 54.768001556396484, 54.320003509521484, 223.66400146484375], [108.75200653076172, 163.8560028076172, 129.58399963378906, 223.66400146484375], [193.64801025390625, 188.72000122070312, 223.66400146484375, 206.19200134277344]], 'labels': ['desk', 'person', 'person', 'picnic basket']}}"
0037,"{'<DENSE_REGION_CAPTION>': {'bboxes': [[117.04000091552734, 187.15200805664062, 223.66400146484375, 223.66400146484375], [27.216001510620117, 53.87200164794922, 54.544002532958984, 223.66400146484375], [108.75200653076172, 163.8560028076172, 129.58399963378906, 223.66400146484375], [124.8800048828125, 145.04000854492188, 143.6959991455078, 179.5360107421875], [185.80799865722656, 146.38400268554688, 203.27999877929688, 179.0880126953125], [160.04800415039062, 146.38400268554688, 180.4320068359375, 173.71200561523438], [194.09600830078125, 188.94400024414062, 223.66400146484375, 205.96800231933594]], 'labels': ['desk', 'person', 'person', 'person', 'person', 'person', 'picnic basket']}}"
0038,"{'<DENSE_REGION_CAPTION>': {'bboxes': [[117.04000091552734, 186.70401000976562, 223.66400146484375, 223.66400146484375], [27.66400146484375, 54.09600067138672, 54.544002532958984, 223.66400146484375], [104.49600219726562, 163.6320037841797, 129.58399963378906, 223.66400146484375], [159.15200805664062, 146.83200073242188, 179.31201171875, 174.16000366210938], [184.46400451660156, 147.72801208496094, 198.3520050048828, 177.52000427246094], [138.32000732421875, 142.8000030517578, 149.29600524902344, 178.19200134277344], [193.87200927734375, 188.94400024414062, 223.66400146484375, 206.19200134277344]], 'labels': ['desk', 'person', 'person', 'person', 'person', 'person', 'picnic basket']}}"
0039,"{'<DENSE_REGION_CAPTION>': {'bboxes': [[117.04000091552734, 187.15200805664062, 223.66400146484375, 223.66400146484375], [26.32000160217285, 54.320003509521484, 54.320003509521484, 223.66400146484375], [104.49600219726562, 163.1840057373047, 130.03199768066406, 223.66400146484375], [184.68800354003906, 149.07200622558594, 203.72801208496094, 179.0880126953125], [159.37600708007812, 146.16000366210938, 180.656005859375, 173.93600463867188], [132.49600219726562, 145.93600463867188, 150.19200134277344, 179.31201171875]], 'labels': ['desk', 'person', 'person', 'person', 'person', 'person']}}"
0040,"{'<DENSE_REGION_CAPTION>': {'bboxes': [[117.04000091552734, 187.15200805664062, 223.66400146484375, 223.66400146484375], [27.216001510620117, 54.544002532958984, 54.544002532958984, 223.66400146484375], [104.27200317382812, 163.1840057373047, 130.03199768066406, 223.66400146484375], [159.37600708007812, 147.05599975585938, 193.64801025390625, 190.0640106201172], [183.56800842285156, 147.27999877929688, 204.62400817871094, 177.96800231933594], [132.94400024414062, 145.71200561523438, 150.41600036621094, 179.31201171875]], 'labels': ['desk', 'person', 'person', 'person', 'person', 'person']}}"
0041,"{'<DENSE_REGION_CAPTION>': {'bboxes': [[117.04000091552734, 187.15200805664062, 223.66400146484375, 223.66400146484375], [27.216001510620117, 53.87200164794922, 54.320003509521484, 223.66400146484375], [104.49600219726562, 163.4080047607422, 129.58399963378906, 223.66400146484375], [159.15200805664062, 146.83200073242188, 193.42401123046875, 190.0640106201172], [183.12001037597656, 147.72801208496094, 204.17601013183594, 177.74400329589844], [159.60000610351562, 146.83200073242188, 179.760009765625, 174.16000366210938], [135.4080047607422, 145.26400756835938, 150.19200134277344, 178.86399841308594], [217.8400115966797, 147.72801208496094, 223.66400146484375, 174.60800170898438]], 'labels': ['desk', 'person', 'person', 'person', 'person', 'person', 'person', 'person']}}"
0042,"{'<DENSE_REGION_CAPTION>': {'bboxes': [[117.04000091552734, 187.15200805664062, 223.66400146484375, 223.66400146484375], [26.32000160217285, 54.09600067138672, 59.02400207519531, 223.66400146484375], [104.72000122070312, 163.1840057373047, 130.03199768066406, 223.66400146484375], [158.48001098632812, 146.83200073242188, 193.64801025390625, 190.0640106201172], [183.56800842285156, 147.72801208496094, 203.72801208496094, 178.41600036621094], [130.48001098632812, 145.71200561523438, 145.93600463867188, 179.0880126953125]], 'labels': ['desk', 'person', 'person', 'person', 'person', 'person']}}"
0043,"{'<DENSE_REGION_CAPTION>': {'bboxes': [[117.26399993896484, 187.37600708007812, 223.66400146484375, 223.66400146484375], [26.768001556396484, 54.320003509521484, 54.09600067138672, 223.66400146484375], [105.84000396728516, 152.8800048828125, 133.61599731445312, 223.66400146484375], [105.84000396728516, 152.656005859375, 134.0640106201172, 194.54400634765625], [155.12001037597656, 146.83200073242188, 179.31201171875, 174.16000366210938], [184.46400451660156, 147.05599975585938, 203.50401306152344, 178.19200134277344], [193.42401123046875, 188.72000122070312, 223.66400146484375, 205.96800231933594]], 'labels': ['desk', 'person', 'person', 'person', 'person', 'person', 'picnic basket']}}"
0044,"{'<DENSE_REGION_CAPTION>': {'bboxes': [[117.26399993896484, 187.37600708007812, 223.66400146484375, 223.66400146484375], [27.66400146484375, 54.09600067138672, 54.09600067138672, 223.66400146484375], [106.73600006103516, 153.552001953125, 134.0640106201172, 194.99200439453125], [156.24000549316406, 146.83200073242188, 178.63999938964844, 184.91200256347656], [184.46400451660156, 148.17601013183594, 205.29600524902344, 178.19200134277344], [159.37600708007812, 146.83200073242188, 178.19200134277344, 173.93600463867188], [193.42401123046875, 188.04800415039062, 223.66400146484375, 205.96800231933594]], 'labels': ['desk', 'person', 'person', 'person', 'person', 'person', 'picnic basket']}}"
0045,"{'<DENSE_REGION_CAPTION>': {'bboxes': [[117.26399993896484, 187.37600708007812, 223.66400146484375, 223.66400146484375], [26.32000160217285, 54.544002532958984, 54.768001556396484, 223.66400146484375], [104.27200317382812, 163.1840057373047, 132.04800415039062, 223.66400146484375], [195.21600341796875, 104.04800415039062, 215.82400512695312, 174.38400268554688], [159.15200805664062, 146.83200073242188, 178.41600036621094, 174.38400268554688]], 'labels': ['desk', 'person', 'person', 'person', 'person']}}"
0046,"{'<DENSE_REGION_CAPTION>': {'bboxes': [[117.26399993896484, 187.60000610351562, 223.66400146484375, 223.66400146484375], [25.87200164794922, 53.87200164794922, 54.320003509521484, 223.66400146484375], [104.27200317382812, 162.9600067138672, 131.15200805664062, 223.66400146484375], [193.87200927734375, 101.36000061035156, 210.89601135253906, 162.7360076904297], [184.68800354003906, 146.83200073242188, 205.07200622558594, 181.10400390625], [158.03199768066406, 146.60800170898438, 178.86399841308594, 174.38400268554688]], 'labels': ['desk', 'person', 'person', 'person', 'person', 'person']}}"
0047,"{'<DENSE_REGION_CAPTION>': {'bboxes': [[117.04000091552734, 187.37600708007812, 223.66400146484375, 223.66400146484375], [25.87200164794922, 53.87200164794922, 54.320003509521484, 223.66400146484375], [104.49600219726562, 162.9600067138672, 132.94400024414062, 223.66400146484375], [192.7519989013672, 100.46400451660156, 207.31201171875, 158.92800903320312]], 'labels': ['desk', 'person', 'person', 'person']}}"
0048,"{'<DENSE_REGION_CAPTION>': {'bboxes': [[117.26399993896484, 187.60000610351562, 223.66400146484375, 223.66400146484375], [26.32000160217285, 53.87200164794922, 54.320003509521484, 223.66400146484375], [104.49600219726562, 162.9600067138672, 134.0640106201172, 223.66400146484375], [193.87200927734375, 101.13600158691406, 209.3280029296875, 159.60000610351562], [154.67201232910156, 146.60800170898438, 177.96800231933594, 175.05599975585938], [114.80000305175781, 162.9600067138672, 134.0640106201172, 194.54400634765625]], 'labels': ['desk', 'person', 'person', 'person', 'person', 'person']}}"
0049,"{'<DENSE_REGION_CAPTION>': {'bboxes': [[117.04000091552734, 187.37600708007812, 223.66400146484375, 223.66400146484375], [25.87200164794922, 53.87200164794922, 54.320003509521484, 223.66400146484375], [104.27200317382812, 162.9600067138672, 133.61599731445312, 223.66400146484375], [190.9600067138672, 100.91200256347656, 206.63999938964844, 158.92800903320312], [155.56800842285156, 146.60800170898438, 178.41600036621094, 174.83200073242188]], 'labels': ['desk', 'person', 'person', 'person', 'person']}}"
0050,"{'<DENSE_REGION_CAPTION>': {'bboxes': [[117.04000091552734, 187.37600708007812, 223.66400146484375, 223.66400146484375], [26.32000160217285, 53.87200164794922, 54.320003509521484, 223.66400146484375], [104.27200317382812, 162.9600067138672, 134.5120086669922, 223.66400146484375], [193.64801025390625, 101.58399963378906, 218.0640106201172, 161.8400115966797], [185.13600158691406, 148.17601013183594, 205.07200622558594, 182.447998046875], [157.80799865722656, 147.05599975585938, 180.2080078125, 174.60800170898438], [115.24800109863281, 162.9600067138672, 134.2880096435547, 194.99200439453125], [103.60000610351562, 153.552001953125, 117.26399993896484, 179.9840087890625], [217.8400115966797, 149.07200622558594, 223.66400146484375, 174.83200073242188]], 'labels': ['desk', 'person', 'person', 'person', 'person', 'person', 'person', 'person', 'person']}}"
0051,"{'<DENSE_REGION_CAPTION>': {'bboxes': [[117.04000091552734, 187.60000610351562, 223.66400146484375, 223.66400146484375], [26.32000160217285, 54.544002532958984, 54.768001556396484, 223.66400146484375], [104.94400024414062, 153.7760009765625, 134.9600067138672, 223.66400146484375], [185.36000061035156, 147.72801208496094, 204.84800720214844, 178.41600036621094]], 'labels': ['desk', 'person', 'person', 'person']}}"
0052,"{'<DENSE_REGION_CAPTION>': {'bboxes': [[117.26399993896484, 187.60000610351562, 223.66400146484375, 223.66400146484375], [27.66400146484375, 54.768001556396484, 54.320003509521484, 223.66400146484375], [104.49600219726562, 162.9600067138672, 133.8400115966797, 223.66400146484375], [155.79200744628906, 148.17601013183594, 196.5600128173828, 189.8400115966797], [186.25601196289062, 147.50399780273438, 204.62400817871094, 178.86399841308594]], 'labels': ['desk', 'person', 'person', 'person', 'person']}}"
0053,"{'<DENSE_REGION_CAPTION>': {'bboxes': [[117.26399993896484, 187.60000610351562, 223.66400146484375, 223.66400146484375], [27.216001510620117, 53.87200164794922, 54.544002532958984, 223.66400146484375], [104.49600219726562, 163.1840057373047, 133.16799926757812, 223.66400146484375], [156.01600646972656, 152.4320068359375, 196.5600128173828, 189.8400115966797], [186.03201293945312, 147.72801208496094, 206.19200134277344, 181.552001953125], [122.86400604248047, 139.88800048828125, 139.21600341796875, 168.5600128173828]], 'labels': ['desk', 'person', 'person', 'person', 'person', 'person']}}"
0054,"{'<DENSE_REGION_CAPTION>': {'bboxes': [[117.26399993896484, 187.60000610351562, 223.66400146484375, 223.66400146484375], [27.216001510620117, 54.09600067138672, 54.320003509521484, 223.66400146484375], [193.64801025390625, 188.27200317382812, 223.66400146484375, 206.19200134277344]], 'labels': ['desk', 'person', 'picnic basket']}}"
0055,"{'<DENSE_REGION_CAPTION>': {'bboxes': [[117.04000091552734, 187.15200805664062, 223.66400146484375, 223.66400146484375], [27.66400146484375, 54.544002532958984, 54.320003509521484, 223.66400146484375], [157.13600158691406, 153.3280029296875, 196.7840118408203, 189.8400115966797], [108.52799987792969, 162.5120086669922, 129.13600158691406, 223.66400146484375], [125.3280029296875, 139.88800048828125, 143.9199981689453, 180.656005859375], [156.91200256347656, 153.3280029296875, 181.3280029296875, 178.86399841308594], [186.48001098632812, 146.83200073242188, 204.62400817871094, 177.74400329589844], [216.72000122070312, 147.27999877929688, 223.66400146484375, 175.27999877929688]], 'labels': ['desk', 'person', 'person', 'person', 'person', 'person', 'person', 'person']}}"
0056,"{'<DENSE_REGION_CAPTION>': {'bboxes': [[116.81600189208984, 187.15200805664062, 223.66400146484375, 223.66400146484375], [27.66400146484375, 53.87200164794922, 54.320003509521484, 223.66400146484375], [104.27200317382812, 162.5120086669922, 129.36000061035156, 223.66400146484375], [153.7760009765625, 146.83200073242188, 179.9840087890625, 175.72801208496094], [127.12000274658203, 141.9040069580078, 143.9199981689453, 180.656005859375], [186.25601196289062, 146.83200073242188, 204.62400817871094, 178.86399841308594], [217.6160125732422, 136.9759979248047, 223.66400146484375, 174.83200073242188]], 'labels': ['desk', 'person', 'person', 'person', 'person', 'person', 'person']}}"
0057,"{'<DENSE_REGION_CAPTION>': {'bboxes': [[116.81600189208984, 187.15200805664062, 223.66400146484375, 223.66400146484375], [27.216001510620117, 54.09600067138672, 54.320003509521484, 223.66400146484375], [114.12800598144531, 137.87200927734375, 135.4080047607422, 194.54400634765625], [154.89601135253906, 147.05599975585938, 183.34400939941406, 174.83200073242188], [186.25601196289062, 146.83200073242188, 204.62400817871094, 178.41600036621094], [217.8400115966797, 136.9759979248047, 223.66400146484375, 174.60800170898438]], 'labels': ['desk', 'person', 'person', 'person', 'person', 'person']}}"
0058,"{'<DENSE_REGION_CAPTION>': {'bboxes': [[117.04000091552734, 187.37600708007812, 223.66400146484375, 223.66400146484375], [27.66400146484375, 53.87200164794922, 54.320003509521484, 223.66400146484375], [193.64801025390625, 188.72000122070312, 223.66400146484375, 206.19200134277344]], 'labels': ['desk', 'person', 'picnic basket']}}"
0059,"{'<DENSE_REGION_CAPTION>': {'bboxes': [[116.81600189208984, 187.15200805664062, 223.66400146484375, 223.66400146484375], [26.768001556396484, 54.768001556396484, 54.768001556396484, 223.66400146484375], [108.30400085449219, 163.1840057373047, 129.58399963378906, 223.66400146484375], [184.68800354003906, 147.27999877929688, 206.63999938964844, 189.39199829101562], [126.67200469970703, 133.8400115966797, 143.2480010986328, 179.9840087890625], [159.82400512695312, 147.05599975585938, 179.5360107421875, 175.05599975585938]], 'labels': ['desk', 'person', 'person', 'person', 'person', 'person']}}"
0060,"{'<DENSE_REGION_CAPTION>': {'bboxes': [[117.04000091552734, 187.37600708007812, 223.66400146484375, 223.66400146484375], [27.216001510620117, 54.320003509521484, 54.544002532958984, 223.66400146484375], [120.1760025024414, 136.3040008544922, 139.88800048828125, 194.09600830078125], [184.68800354003906, 146.83200073242188, 206.864013671875, 189.16799926757812], [122.19200134277344, 136.3040008544922, 139.66400146484375, 179.9840087890625], [160.04800415039062, 147.05599975585938, 177.74400329589844, 175.05599975585938], [216.94400024414062, 149.74400329589844, 223.66400146484375, 174.83200073242188]], 'labels': ['desk', 'person', 'person', 'person', 'person', 'person', 'person']}}"
0061,"{'<DENSE_REGION_CAPTION>': {'bboxes': [[117.04000091552734, 187.15200805664062, 223.66400146484375, 223.66400146484375], [26.768001556396484, 54.09600067138672, 54.320003509521484, 223.66400146484375], [193.64801025390625, 188.72000122070312, 223.66400146484375, 206.19200134277344]], 'labels': ['desk', 'person', 'picnic basket']}}"
0062,"{'<DENSE_REGION_CAPTION>': {'bboxes': [[117.26399993896484, 187.15200805664062, 223.66400146484375, 223.66400146484375], [26.32000160217285, 53.87200164794922, 54.320003509521484, 223.66400146484375], [104.27200317382812, 162.5120086669922, 131.37600708007812, 223.66400146484375], [159.60000610351562, 146.38400268554688, 193.42401123046875, 190.0640106201172], [120.84800720214844, 137.42401123046875, 138.99200439453125, 179.31201171875], [183.56800842285156, 147.95201110839844, 205.07200622558594, 178.41600036621094], [193.87200927734375, 188.94400024414062, 223.66400146484375, 206.19200134277344]], 'labels': ['desk', 'person', 'person', 'person', 'person', 'person', 'picnic basket']}}"
0063,"{'<DENSE_REGION_CAPTION>': {'bboxes': [[117.04000091552734, 187.15200805664062, 223.66400146484375, 223.66400146484375], [26.768001556396484, 53.87200164794922, 54.320003509521484, 223.66400146484375], [108.75200653076172, 162.2880096435547, 131.15200805664062, 223.66400146484375], [120.6240005493164, 137.87200927734375, 138.99200439453125, 179.5360107421875], [183.56800842285156, 148.84800720214844, 204.17601013183594, 178.41600036621094], [161.6160125732422, 145.93600463867188, 181.7760009765625, 173.71200561523438]], 'labels': ['desk', 'person', 'person', 'person', 'person', 'person']}}"
0064,"{'<DENSE_REGION_CAPTION>': {'bboxes': [[117.04000091552734, 187.15200805664062, 223.66400146484375, 223.66400146484375], [26.768001556396484, 54.992000579833984, 54.320003509521484, 223.66400146484375], [115.69600677490234, 135.8560028076172, 141.9040069580078, 194.32000732421875], [122.64000701904297, 135.8560028076172, 141.9040069580078, 179.9840087890625], [184.01600646972656, 147.05599975585938, 204.84800720214844, 178.41600036621094], [161.6160125732422, 145.93600463867188, 181.3280029296875, 173.71200561523438]], 'labels': ['desk', 'person', 'person', 'person', 'person', 'person']}}"
0065,"{'<DENSE_REGION_CAPTION>': {'bboxes': [[117.04000091552734, 187.15200805664062, 223.66400146484375, 223.66400146484375], [26.768001556396484, 54.992000579833984, 54.320003509521484, 223.66400146484375], [104.49600219726562, 162.2880096435547, 130.48001098632812, 223.66400146484375], [128.68800354003906, 110.31999969482422, 148.40000915527344, 179.0880126953125], [193.64801025390625, 188.72000122070312, 223.66400146484375, 206.19200134277344]], 'labels': ['desk', 'person', 'person', 'person', 'picnic basket']}}"
0066,"{'<DENSE_REGION_CAPTION>': {'bboxes': [[116.81600189208984, 187.15200805664062, 223.66400146484375, 223.66400146484375], [27.216001510620117, 54.992000579833984, 54.320003509521484, 223.66400146484375], [104.49600219726562, 162.0640106201172, 130.70401000976562, 223.66400146484375], [159.37600708007812, 148.62400817871094, 194.09600830078125, 190.0640106201172], [126.22400665283203, 120.1760025024414, 141.4560089111328, 179.31201171875], [183.79200744628906, 148.62400817871094, 205.29600524902344, 178.19200134277344]], 'labels': ['desk', 'person', 'person', 'person', 'person', 'person']}}"
0067,"{'<DENSE_REGION_CAPTION>': {'bboxes': [[117.04000091552734, 187.15200805664062, 223.66400146484375, 223.66400146484375], [26.32000160217285, 54.544002532958984, 54.320003509521484, 223.66400146484375], [104.49600219726562, 162.2880096435547, 130.70401000976562, 223.66400146484375], [159.37600708007812, 147.50399780273438, 194.99200439453125, 190.0640106201172], [126.22400665283203, 115.92000579833984, 142.3520050048828, 179.31201171875], [183.79200744628906, 146.83200073242188, 206.63999938964844, 177.74400329589844], [160.04800415039062, 147.50399780273438, 180.2080078125, 173.93600463867188], [190.9600067138672, 146.83200073242188, 206.19200134277344, 176.84800720214844]], 'labels': ['desk', 'person', 'person', 'person', 'person', 'person', 'person', 'person']}}"
0068,"{'<DENSE_REGION_CAPTION>': {'bboxes': [[117.04000091552734, 187.15200805664062, 223.66400146484375, 223.66400146484375], [27.216001510620117, 54.768001556396484, 54.768001556396484, 223.66400146484375], [104.94400024414062, 162.2880096435547, 130.70401000976562, 223.66400146484375], [124.4320068359375, 119.2800064086914, 143.2480010986328, 179.31201171875], [160.04800415039062, 144.81600952148438, 179.5360107421875, 173.48800659179688], [190.5120086669922, 146.83200073242188, 205.29600524902344, 176.40000915527344], [183.79200744628906, 162.9600067138672, 200.59201049804688, 183.79200744628906]], 'labels': ['desk', 'person', 'person', 'person', 'person', 'person', 'person']}}"
0069,"{'<DENSE_REGION_CAPTION>': {'bboxes': [[116.81600189208984, 187.15200805664062, 223.66400146484375, 223.66400146484375], [27.66400146484375, 53.87200164794922, 56.784000396728516, 223.66400146484375], [104.72000122070312, 163.1840057373047, 129.80799865722656, 223.66400146484375], [126.44800567626953, 118.38400268554688, 146.60800170898438, 180.2080078125], [156.46400451660156, 142.3520050048828, 179.0880126953125, 181.10400390625], [187.37600708007812, 147.05599975585938, 206.864013671875, 182.67201232910156], [215.37600708007812, 154.89601135253906, 223.66400146484375, 175.27999877929688]], 'labels': ['desk', 'person', 'person', 'person', 'person', 'person', 'person']}}"
0070,"{'<DENSE_REGION_CAPTION>': {'bboxes': [[117.04000091552734, 187.15200805664062, 223.66400146484375, 223.66400146484375], [27.66400146484375, 54.992000579833984, 56.784000396728516, 223.66400146484375], [104.72000122070312, 163.1840057373047, 129.58399963378906, 223.66400146484375], [127.79200744628906, 116.36800384521484, 146.60800170898438, 179.9840087890625], [156.91200256347656, 143.9199981689453, 178.41600036621094, 182.447998046875], [186.25601196289062, 147.27999877929688, 205.52000427246094, 178.41600036621094], [193.87200927734375, 188.94400024414062, 223.66400146484375, 206.19200134277344]], 'labels': ['desk', 'person', 'person', 'person', 'person', 'person', 'picnic basket']}}"
0071,"{'<DENSE_REGION_CAPTION>': {'bboxes': [[89.04000091552734, 51.63199996948242, 160.94400024414062, 170.3520050048828], [116.81600189208984, 186.92800903320312, 223.66400146484375, 223.66400146484375], [23.856000900268555, 54.992000579833984, 51.85600280761719, 223.66400146484375], [104.49600219726562, 162.9600067138672, 129.58399963378906, 223.66400146484375], [126.22400665283203, 115.02400207519531, 145.71200561523438, 180.4320068359375], [155.56800842285156, 144.59201049804688, 177.96800231933594, 182.447998046875], [187.15200805664062, 146.83200073242188, 205.96800231933594, 178.19200134277344], [193.64801025390625, 188.72000122070312, 223.66400146484375, 206.19200134277344]], 'labels': ['whiteboard', 'desk', 'person', 'person', 'person', 'person', 'person', 'picnic basket']}}"
0072,"{'<DENSE_REGION_CAPTION>': {'bboxes': [[116.81600189208984, 187.15200805664062, 223.66400146484375, 223.66400146484375], [24.304000854492188, 50.96000289916992, 51.40800094604492, 223.66400146484375], [123.76000213623047, 112.11200714111328, 145.48800659179688, 182.67201232910156], [193.87200927734375, 188.72000122070312, 223.66400146484375, 205.96800231933594]], 'labels': ['desk', 'person', 'person', 'picnic basket']}}"
0073,"{'<DENSE_REGION_CAPTION>': {'bboxes': [[89.04000091552734, 51.63199996948242, 160.72000122070312, 183.34400939941406], [116.81600189208984, 187.15200805664062, 223.66400146484375, 223.66400146484375], [20.04800033569336, 58.57600021362305, 47.152000427246094, 223.66400146484375], [126.44800567626953, 115.69600677490234, 149.29600524902344, 180.2080078125], [187.15200805664062, 148.84800720214844, 205.96800231933594, 178.41600036621094], [212.01600646972656, 148.40000915527344, 223.66400146484375, 174.38400268554688]], 'labels': ['whiteboard', 'desk', 'person', 'person', 'person', 'person']}}"
0074,"{'<DENSE_REGION_CAPTION>': {'bboxes': [[89.04000091552734, 51.63199996948242, 160.72000122070312, 171.0240020751953], [116.81600189208984, 187.37600708007812, 223.66400146484375, 223.66400146484375], [10.86400032043457, 62.832000732421875, 39.76000213623047, 223.66400146484375], [117.48800659179688, 123.53600311279297, 145.48800659179688, 183.56800842285156], [159.60000610351562, 147.05599975585938, 193.64801025390625, 190.0640106201172], [160.04800415039062, 147.05599975585938, 178.86399841308594, 174.60800170898438], [193.64801025390625, 188.94400024414062, 223.66400146484375, 206.19200134277344]], 'labels': ['whiteboard', 'desk', 'person', 'person', 'person', 'person', 'picnic basket']}}"
0075,"{'<DENSE_REGION_CAPTION>': {'bboxes': [[117.04000091552734, 186.70401000976562, 223.66400146484375, 223.66400146484375], [0.1120000034570694, 85.90399932861328, 32.816001892089844, 205.07200622558594], [159.60000610351562, 147.50399780273438, 193.64801025390625, 190.0640106201172], [160.49600219726562, 147.50399780273438, 185.36000061035156, 174.60800170898438], [184.68800354003906, 147.27999877929688, 203.27999877929688, 177.96800231933594]], 'labels': ['desk', 'person', 'person', 'person', 'person']}}"
0076,"{'<DENSE_REGION_CAPTION>': {'bboxes': [[89.04000091552734, 51.63199996948242, 161.16799926757812, 183.79200744628906], [159.37600708007812, 67.08800506591797, 223.66400146484375, 134.9600067138672], [0.1120000034570694, 136.9759979248047, 16.687999725341797, 197.2320098876953], [147.72801208496094, 197.9040069580078, 191.6320037841797, 223.66400146484375], [108.52799987792969, 177.52000427246094, 124.8800048828125, 223.66400146484375], [188.72000122070312, 1.6800000667572021, 202.16000366210938, 22.736000061035156]], 'labels': ['whiteboard', 'blackboard', 'cabinetry', 'chair', 'chair', 'clock']}}"
0077,"{'<DENSE_REGION_CAPTION>': {'bboxes': [[117.04000091552734, 186.48001098632812, 223.66400146484375, 223.66400146484375], [0.1120000034570694, 102.0320053100586, 31.02400016784668, 203.95201110839844], [159.60000610351562, 148.17601013183594, 192.97601318359375, 189.8400115966797], [159.60000610351562, 148.17601013183594, 181.3280029296875, 174.83200073242188], [186.48001098632812, 148.17601013183594, 203.72801208496094, 177.52000427246094], [214.48001098632812, 153.552001953125, 223.66400146484375, 175.05599975585938]], 'labels': ['desk', 'person', 'person', 'person', 'person', 'person']}}"
0078,"{'<DENSE_REGION_CAPTION>': {'bboxes': [[117.04000091552734, 187.15200805664062, 223.66400146484375, 223.66400146484375], [0.1120000034570694, 103.3759994506836, 31.02400016784668, 203.95201110839844], [122.86400604248047, 118.60800170898438, 146.83200073242188, 180.8800048828125], [159.60000610351562, 148.17601013183594, 193.87200927734375, 190.0640106201172], [160.04800415039062, 148.17601013183594, 180.8800048828125, 174.38400268554688], [193.64801025390625, 188.94400024414062, 223.66400146484375, 206.19200134277344], [0.1120000034570694, 122.19200134277344, 15.344000816345215, 138.76800537109375], [0.1120000034570694, 149.07200622558594, 7.28000020980835, 164.7519989013672]], 'labels': ['desk', 'person', 'person', 'person', 'person', 'picnic basket', 'box', 'box']}}"
0079,"{'<DENSE_REGION_CAPTION>': {'bboxes': [[117.04000091552734, 186.48001098632812, 223.66400146484375, 223.66400146484375], [2.5759999752044678, 65.0719985961914, 33.48800277709961, 223.66400146484375], [159.60000610351562, 148.62400817871094, 194.32000732421875, 190.0640106201172], [124.8800048828125, 137.64801025390625, 147.50399780273438, 182.0], [160.04800415039062, 148.62400817871094, 181.3280029296875, 174.83200073242188], [188.94400024414062, 1.9040000438690186, 202.38400268554688, 23.18400001525879]], 'labels': ['desk', 'person', 'person', 'person', 'person', 'clock']}}"
0080,"{'<DENSE_REGION_CAPTION>': {'bboxes': [[116.81600189208984, 178.19200134277344, 223.66400146484375, 223.66400146484375], [16.687999725341797, 57.45600128173828, 48.496002197265625, 223.66400146484375], [159.60000610351562, 147.95201110839844, 193.64801025390625, 190.2880096435547], [121.52000427246094, 137.87200927734375, 139.88800048828125, 181.10400390625], [186.48001098632812, 148.84800720214844, 206.19200134277344, 183.79200744628906], [161.6160125732422, 147.95201110839844, 180.656005859375, 173.71200561523438], [214.70401000976562, 153.552001953125, 223.66400146484375, 175.27999877929688]], 'labels': ['desk', 'person', 'person', 'person', 'person', 'person', 'person']}}"
0081,"{'<DENSE_REGION_CAPTION>': {'bboxes': [[117.04000091552734, 187.37600708007812, 223.66400146484375, 223.66400146484375], [21.392000198364258, 55.44000244140625, 56.784000396728516, 223.66400146484375], [159.60000610351562, 148.17601013183594, 192.97601318359375, 190.2880096435547], [117.93600463867188, 137.87200927734375, 138.99200439453125, 182.67201232910156], [187.15200805664062, 149.07200622558594, 206.19200134277344, 186.92800903320312], [161.6160125732422, 148.17601013183594, 179.760009765625, 173.48800659179688], [214.48001098632812, 154.89601135253906, 223.66400146484375, 174.83200073242188]], 'labels': ['desk', 'person', 'person', 'person', 'person', 'person', 'person']}}"
0082,"{'<DENSE_REGION_CAPTION>': {'bboxes': [[117.04000091552734, 187.60000610351562, 223.66400146484375, 223.66400146484375], [23.408000946044922, 54.768001556396484, 57.68000030517578, 223.66400146484375], [118.60800170898438, 127.12000274658203, 140.33599853515625, 183.12001037597656], [153.7760009765625, 148.40000915527344, 180.2080078125, 184.68800354003906], [183.34400939941406, 158.92800903320312, 201.71200561523438, 183.34400939941406], [191.1840057373047, 149.52000427246094, 203.27999877929688, 170.1280059814453], [214.48001098632812, 155.12001037597656, 223.66400146484375, 174.83200073242188]], 'labels': ['desk', 'person', 'person', 'person', 'person', 'person', 'person']}}"
0083,"{'<DENSE_REGION_CAPTION>': {'bboxes': [[88.81600189208984, 51.40800094604492, 160.94400024414062, 170.3520050048828], [0.1120000034570694, 136.3040008544922, 16.91200065612793, 197.6800079345703], [66.19200134277344, 125.3280029296875, 89.93600463867188, 166.54400634765625], [188.94400024414062, 1.9040000438690186, 202.38400268554688, 23.18400001525879]], 'labels': ['whiteboard', 'cabinetry', 'chair', 'clock']}}"
0084,"{'<DENSE_REGION_CAPTION>': {'bboxes': [[117.04000091552734, 187.60000610351562, 223.66400146484375, 223.66400146484375], [20.496000289916992, 86.12800598144531, 74.0320053100586, 223.66400146484375], [106.06400299072266, 138.32000732421875, 140.33599853515625, 194.32000732421875], [159.60000610351562, 155.34400939941406, 193.64801025390625, 190.0640106201172], [183.12001037597656, 158.92800903320312, 203.27999877929688, 187.60000610351562], [160.94400024414062, 148.84800720214844, 180.8800048828125, 173.48800659179688], [192.3040008544922, 149.74400329589844, 203.50401306152344, 170.3520050048828], [214.70401000976562, 154.89601135253906, 223.66400146484375, 175.05599975585938]], 'labels': ['desk', 'person', 'person', 'person', 'person', 'person', 'person', 'person']}}"
0085,"{'<DENSE_REGION_CAPTION>': {'bboxes': [[117.04000091552734, 187.60000610351562, 223.66400146484375, 223.66400146484375], [0.1120000034570694, 136.5279998779297, 16.464000701904297, 197.2320098876953], [64.6240005493164, 125.10400390625, 90.83200073242188, 166.99200439453125], [108.52799987792969, 177.52000427246094, 124.8800048828125, 223.66400146484375], [188.72000122070312, 1.9040000438690186, 201.93600463867188, 23.18400001525879], [68.43199920654297, 173.93600463867188, 96.20800018310547, 223.66400146484375], [24.527999877929688, 63.952003479003906, 61.040000915527344, 223.66400146484375], [106.06400299072266, 138.32000732421875, 139.21600341796875, 192.97601318359375], [159.15200805664062, 149.52000427246094, 192.97601318359375, 190.0640106201172], [183.56800842285156, 149.52000427246094, 204.62400817871094, 177.52000427246094], [160.04800415039062, 149.52000427246094, 180.8800048828125, 174.38400268554688], [214.48001098632812, 154.89601135253906, 223.66400146484375, 175.05599975585938]], 'labels': ['desk', 'cabinetry', 'chair', 'chair', 'clock', 'desk', 'person', 'person', 'person', 'person', 'person', 'person']}}"
0086,"{'<DENSE_REGION_CAPTION>': {'bboxes': [[0.1120000034570694, 136.9759979248047, 16.91200065612793, 197.2320098876953], [66.19200134277344, 125.3280029296875, 89.26399993896484, 166.54400634765625], [188.94400024414062, 1.9040000438690186, 201.93600463867188, 22.288000106811523], [117.04000091552734, 187.60000610351562, 223.66400146484375, 223.66400146484375], [22.512001037597656, 71.34400177001953, 67.53600311279297, 223.66400146484375], [106.51200103759766, 138.54400634765625, 139.44000244140625, 183.56800842285156], [159.60000610351562, 149.07200622558594, 193.42401123046875, 189.39199829101562], [193.64801025390625, 188.72000122070312, 223.66400146484375, 206.864013671875]], 'labels': ['cabinetry', 'chair', 'clock', 'desk', 'person', 'person', 'person', 'picnic basket']}}"
0087,"{'<DENSE_REGION_CAPTION>': {'bboxes': [[117.26399993896484, 187.60000610351562, 223.66400146484375, 223.66400146484375], [0.1120000034570694, 136.9759979248047, 16.687999725341797, 197.2320098876953], [66.41600036621094, 125.7760009765625, 89.04000091552734, 166.54400634765625], [108.97600555419922, 178.19200134277344, 124.656005859375, 223.66400146484375], [189.16799926757812, 1.9040000438690186, 201.93600463867188, 22.288000106811523]], 'labels': ['desk', 'cabinetry', 'chair', 'chair', 'clock']}}"
0088,"{'<DENSE_REGION_CAPTION>': {'bboxes': [[117.04000091552734, 187.15200805664062, 223.66400146484375, 223.66400146484375], [24.75200080871582, 56.112003326416016, 57.68000030517578, 223.66400146484375], [106.06400299072266, 139.88800048828125, 137.87200927734375, 223.66400146484375], [105.84000396728516, 139.66400146484375, 139.66400146484375, 184.01600646972656], [160.04800415039062, 148.17601013183594, 180.656005859375, 174.38400268554688], [188.94400024414062, 1.9040000438690186, 202.16000366210938, 22.512001037597656]], 'labels': ['desk', 'person', 'person', 'person', 'person', 'clock']}}"
0089,"{'<DENSE_REGION_CAPTION>': {'bboxes': [[0.1120000034570694, 136.9759979248047, 16.687999725341797, 197.6800079345703], [66.19200134277344, 125.3280029296875, 89.26399993896484, 166.09600830078125], [188.94400024414062, 1.6800000667572021, 201.93600463867188, 22.288000106811523], [117.04000091552734, 187.60000610351562, 223.66400146484375, 223.66400146484375], [27.66400146484375, 54.09600067138672, 60.36800003051758, 223.66400146484375], [193.42401123046875, 188.72000122070312, 223.66400146484375, 206.19200134277344]], 'labels': ['cabinetry', 'chair', 'clock', 'desk', 'person', 'picnic basket']}}"
0090,"{'<DENSE_REGION_CAPTION>': {'bboxes': [[0.1120000034570694, 136.9759979248047, 16.91200065612793, 197.9040069580078], [66.19200134277344, 125.3280029296875, 89.26399993896484, 166.09600830078125], [188.94400024414062, 1.6800000667572021, 201.93600463867188, 22.512001037597656], [117.04000091552734, 187.15200805664062, 223.66400146484375, 223.66400146484375], [27.66400146484375, 55.21600341796875, 52.97600173950195, 223.66400146484375], [159.60000610351562, 149.07200622558594, 193.87200927734375, 189.8400115966797], [143.9199981689453, 149.07200622558594, 181.10400390625, 184.68800354003906], [184.68800354003906, 149.07200622558594, 206.41600036621094, 179.0880126953125], [128.68800354003906, 160.94400024414062, 143.6959991455078, 179.5360107421875], [214.70401000976562, 154.89601135253906, 223.66400146484375, 174.60800170898438]], 'labels': ['cabinetry', 'chair', 'clock', 'desk', 'person', 'person', 'person', 'person', 'person', 'person']}}"
0091,"{'<DENSE_REGION_CAPTION>': {'bboxes': [[0.1120000034570694, 136.9759979248047, 16.91200065612793, 197.6800079345703], [66.19200134277344, 125.552001953125, 89.26399993896484, 166.54400634765625], [188.94400024414062, 1.9040000438690186, 201.93600463867188, 22.512001037597656], [117.04000091552734, 187.15200805664062, 223.66400146484375, 223.66400146484375], [26.768001556396484, 54.320003509521484, 57.23200225830078, 223.66400146484375], [159.60000610351562, 149.07200622558594, 193.64801025390625, 189.8400115966797], [121.52000427246094, 161.16799926757812, 144.1439971923828, 194.54400634765625], [184.46400451660156, 149.29600524902344, 206.41600036621094, 179.0880126953125], [128.68800354003906, 161.39199829101562, 143.6959991455078, 179.760009765625]], 'labels': ['cabinetry', 'chair', 'clock', 'desk', 'person', 'person', 'person', 'person', 'person']}}"
0092,"{'<DENSE_REGION_CAPTION>': {'bboxes': [[117.04000091552734, 187.15200805664062, 223.66400146484375, 223.66400146484375], [0.1120000034570694, 136.9759979248047, 16.687999725341797, 197.6800079345703], [147.95201110839844, 198.1280059814453, 191.6320037841797, 223.66400146484375], [108.75200653076172, 177.74400329589844, 124.8800048828125, 223.66400146484375], [189.16799926757812, 1.9040000438690186, 201.93600463867188, 22.288000106811523]], 'labels': ['desk', 'cabinetry', 'chair', 'chair', 'clock']}}"
0093,"{'<DENSE_REGION_CAPTION>': {'bboxes': [[117.04000091552734, 187.15200805664062, 223.66400146484375, 223.66400146484375], [22.064001083374023, 57.45600128173828, 54.320003509521484, 223.66400146484375], [152.2080078125, 149.07200622558594, 185.13600158691406, 185.13600158691406], [183.12001037597656, 149.74400329589844, 206.19200134277344, 179.0880126953125]], 'labels': ['desk', 'person', 'person', 'person']}}"
0094,"{'<DENSE_REGION_CAPTION>': {'bboxes': [[0.1120000034570694, 136.3040008544922, 16.91200065612793, 197.6800079345703], [66.41600036621094, 124.8800048828125, 89.48799896240234, 166.54400634765625], [188.94400024414062, 1.9040000438690186, 201.71200561523438, 22.288000106811523]], 'labels': ['cabinetry', 'chair', 'clock']}}"
0095,"{'<DENSE_REGION_CAPTION>': {'bboxes': [[0.1120000034570694, 136.9759979248047, 16.91200065612793, 197.9040069580078], [66.41600036621094, 125.3280029296875, 89.26399993896484, 165.64801025390625], [188.94400024414062, 2.128000020980835, 201.71200561523438, 22.288000106811523]], 'labels': ['cabinetry', 'chair', 'clock']}}"
0096,"{'<DENSE_REGION_CAPTION>': {'bboxes': [[117.04000091552734, 187.60000610351562, 223.66400146484375, 223.66400146484375], [31.02400016784668, 51.85600280761719, 71.56800079345703, 223.66400146484375], [159.60000610351562, 149.74400329589844, 193.64801025390625, 190.0640106201172], [159.82400512695312, 149.74400329589844, 182.0, 174.60800170898438], [191.1840057373047, 150.41600036621094, 206.19200134277344, 183.79200744628906], [132.94400024414062, 160.72000122070312, 145.04000854492188, 179.31201171875], [215.37600708007812, 155.34400939941406, 223.66400146484375, 175.05599975585938]], 'labels': ['desk', 'person', 'person', 'person', 'person', 'person', 'person']}}"
0097,"{'<DENSE_REGION_CAPTION>': {'bboxes': [[117.04000091552734, 178.41600036621094, 223.66400146484375, 223.66400146484375], [53.64800262451172, 50.512001037597656, 89.93600463867188, 223.66400146484375], [159.37600708007812, 149.07200622558594, 193.87200927734375, 190.0640106201172], [190.9600067138672, 149.74400329589844, 205.74400329589844, 184.01600646972656], [129.58399963378906, 160.04800415039062, 146.83200073242188, 179.5360107421875], [214.70401000976562, 155.34400939941406, 223.66400146484375, 175.05599975585938]], 'labels': ['desk', 'person', 'person', 'person', 'person', 'person']}}"
0098,"{'<DENSE_REGION_CAPTION>': {'bboxes': [[112.11200714111328, 177.96800231933594, 223.66400146484375, 223.66400146484375], [57.68000030517578, 58.12800216674805, 103.1520004272461, 223.66400146484375], [154.67201232910156, 148.84800720214844, 188.04800415039062, 189.16799926757812], [148.62400817871094, 148.62400817871094, 173.93600463867188, 184.46400451660156], [119.0560073852539, 159.60000610351562, 140.11199951171875, 193.42401123046875], [185.80799865722656, 148.84800720214844, 201.71200561523438, 184.01600646972656], [170.1280059814453, 150.19200134277344, 189.6160125732422, 176.62400817871094], [208.8800048828125, 154.67201232910156, 223.66400146484375, 176.40000915527344]], 'labels': ['desk', 'person', 'person', 'person', 'person', 'person', 'person', 'person']}}"
0099,"{'<DENSE_REGION_CAPTION>': {'bboxes': [[15.792000770568848, 50.288002014160156, 120.6240005493164, 171.9199981689453], [187.82400512695312, 45.13600158691406, 223.66400146484375, 169.2320098876953], [76.04800415039062, 186.25601196289062, 184.24000549316406, 223.66400146484375]], 'labels': ['whiteboard', 'whiteboard', 'table']}}"
0100,"{'<DENSE_REGION_CAPTION>': {'bboxes': [[39.0880012512207, 50.736000061035156, 111.66400146484375, 180.656005859375], [179.31201171875, 50.064002990722656, 223.66400146484375, 165.20001220703125], [5.712000370025635, 50.064002990722656, 31.472000122070312, 104.04800415039062], [98.44800567626953, 195.88800048828125, 141.0080108642578, 223.66400146484375], [173.04000854492188, 194.54400634765625, 216.04800415039062, 219.6320037841797], [149.07200622558594, 205.52000427246094, 190.2880096435547, 223.66400146484375], [110.76800537109375, 170.5760040283203, 141.9040069580078, 187.37600708007812], [138.54400634765625, 7.28000020980835, 150.63999938964844, 27.216001510620117]], 'labels': ['whiteboard', 'whiteboard', 'whiteboard', 'chair', 'chair', 'chair', 'chair', 'clock']}}"
0101,"{'<DENSE_REGION_CAPTION>': {'bboxes': [[39.0880012512207, 50.512001037597656, 111.66400146484375, 184.46400451660156], [179.0880126953125, 50.736000061035156, 223.66400146484375, 166.54400634765625], [5.488000392913818, 49.84000015258789, 31.248001098632812, 103.60000610351562], [43.56800079345703, 57.68000030517578, 70.2239990234375, 223.66400146484375], [194.32000732421875, 149.29600524902344, 223.66400146484375, 209.552001953125], [58.80000305175781, 163.1840057373047, 81.20000457763672, 223.66400146484375], [109.87200164794922, 147.72801208496094, 143.0240020751953, 187.37600708007812], [171.2480010986328, 136.9759979248047, 192.97601318359375, 177.74400329589844], [110.31999969482422, 147.72801208496094, 130.92800903320312, 173.93600463867188]], 'labels': ['whiteboard', 'whiteboard', 'whiteboard', 'person', 'person', 'person', 'person', 'person', 'person']}}"
0102,"{'<DENSE_REGION_CAPTION>': {'bboxes': [[65.52000427246094, 186.03201293945312, 223.66400146484375, 223.66400146484375], [49.84000015258789, 58.35200119018555, 77.61600494384766, 223.66400146484375], [193.42401123046875, 148.84800720214844, 223.66400146484375, 208.8800048828125], [193.42401123046875, 148.84800720214844, 216.27200317382812, 195.66400146484375], [107.40800476074219, 147.27999877929688, 131.60000610351562, 182.89601135253906], [177.07200622558594, 139.88800048828125, 192.97601318359375, 177.07200622558594], [132.94400024414062, 144.81600952148438, 151.08799743652344, 174.60800170898438], [158.70401000976562, 151.760009765625, 176.17601013183594, 177.07200622558594]], 'labels': ['desk', 'person', 'person', 'person', 'person', 'person', 'person', 'person']}}"
0103,"{'<DENSE_REGION_CAPTION>': {'bboxes': [[63.72800064086914, 186.03201293945312, 220.5279998779297, 223.66400146484375], [0.1120000034570694, 124.4320068359375, 23.408000946044922, 223.66400146484375], [35.72800064086914, 108.97600555419922, 80.08000183105469, 188.72000122070312], [191.1840057373047, 148.62400817871094, 223.66400146484375, 223.66400146484375], [191.4080047607422, 148.62400817871094, 223.66400146484375, 208.4320068359375], [104.27200317382812, 146.83200073242188, 134.5120086669922, 182.67201232910156], [191.4080047607422, 148.62400817871094, 213.36000061035156, 194.54400634765625], [132.27200317382812, 145.04000854492188, 150.19200134277344, 174.83200073242188], [175.50399780273438, 148.62400817871094, 192.7519989013672, 177.29600524902344], [79.63200378417969, 158.25601196289062, 93.74400329589844, 180.2080078125]], 'labels': ['desk', 'desk', 'person', 'person', 'person', 'person', 'person', 'person', 'person', 'person']}}"
0104,"{'<DENSE_REGION_CAPTION>': {'bboxes': [[33.93600082397461, 50.288002014160156, 107.85600280761719, 156.91200256347656], [174.16000366210938, 48.272003173828125, 223.66400146484375, 165.20001220703125], [0.1120000034570694, 49.84000015258789, 26.32000160217285, 104.04800415039062], [93.96800231933594, 195.88800048828125, 135.8560028076172, 223.66400146484375], [53.64800262451172, 179.0880126953125, 71.79199981689453, 223.66400146484375], [144.36801147460938, 205.07200622558594, 185.58399963378906, 223.66400146484375], [106.06400299072266, 170.8000030517578, 137.42401123046875, 187.37600708007812], [133.39199829101562, 7.28000020980835, 146.16000366210938, 27.440000534057617]], 'labels': ['whiteboard', 'whiteboard', 'whiteboard', 'chair', 'chair', 'chair', 'chair', 'clock']}}"
0105,"{'<DENSE_REGION_CAPTION>': {'bboxes': [[33.93600082397461, 50.288002014160156, 107.85600280761719, 157.36000061035156], [174.16000366210938, 48.272003173828125, 223.66400146484375, 165.20001220703125], [168.33599853515625, 193.87200927734375, 210.44801330566406, 223.66400146484375], [53.64800262451172, 179.0880126953125, 71.79199981689453, 223.66400146484375], [144.36801147460938, 205.07200622558594, 185.58399963378906, 223.66400146484375], [31.02400016784668, 113.68000030517578, 71.79199981689453, 183.12001037597656], [190.9600067138672, 148.84800720214844, 212.46400451660156, 184.91200256347656], [138.54400634765625, 142.8000030517578, 153.7760009765625, 171.0240020751953], [179.0880126953125, 150.63999938964844, 194.09600830078125, 176.84800720214844], [156.01600646972656, 151.08799743652344, 171.0240020751953, 176.84800720214844], [80.75199890136719, 159.60000610351562, 94.41600036621094, 179.9840087890625]], 'labels': ['whiteboard', 'whiteboard', 'chair', 'chair', 'chair', 'person', 'person', 'person', 'person', 'person', 'person']}}"
0106,"{'<DENSE_REGION_CAPTION>': {'bboxes': [[33.93600082397461, 50.288002014160156, 108.08000183105469, 156.46400451660156], [174.16000366210938, 47.60000228881836, 223.66400146484375, 177.96800231933594], [0.1120000034570694, 49.84000015258789, 26.32000160217285, 104.27200317382812], [168.33599853515625, 193.87200927734375, 210.89601135253906, 223.66400146484375], [93.74400329589844, 196.11199951171875, 136.0800018310547, 223.66400146484375], [53.64800262451172, 179.0880126953125, 71.56800079345703, 223.66400146484375], [143.9199981689453, 205.07200622558594, 185.58399963378906, 223.66400146484375], [106.06400299072266, 170.3520050048828, 137.42401123046875, 187.37600708007812]], 'labels': ['whiteboard', 'whiteboard', 'whiteboard', 'chair', 'chair', 'chair', 'chair', 'chair']}}"
0107,"{'<DENSE_REGION_CAPTION>': {'bboxes': [[63.50400161743164, 186.03201293945312, 220.5279998779297, 223.66400146484375], [31.02400016784668, 112.56000518798828, 72.46400451660156, 183.56800842285156], [195.21600341796875, 172.59201049804688, 223.66400146484375, 223.66400146484375], [105.84000396728516, 149.52000427246094, 137.64801025390625, 186.92800903320312], [192.0800018310547, 148.84800720214844, 211.79200744628906, 179.31201171875], [172.14401245117188, 150.63999938964844, 194.09600830078125, 177.29600524902344], [138.99200439453125, 143.6959991455078, 154.0, 174.60800170898438], [80.52799987792969, 159.82400512695312, 94.63999938964844, 179.9840087890625], [156.01600646972656, 151.08799743652344, 167.44000244140625, 170.5760040283203]], 'labels': ['desk', 'person', 'person', 'person', 'person', 'person', 'person', 'person', 'person']}}"
0108,"{'<DENSE_REGION_CAPTION>': {'bboxes': [[33.93600082397461, 50.288002014160156, 107.85600280761719, 156.68800354003906], [174.16000366210938, 48.272003173828125, 223.66400146484375, 178.19200134277344], [0.1120000034570694, 49.84000015258789, 26.32000160217285, 104.04800415039062], [168.33599853515625, 193.87200927734375, 210.89601135253906, 223.66400146484375], [93.74400329589844, 196.11199951171875, 136.5279998779297, 223.66400146484375], [53.64800262451172, 179.31201171875, 72.01599884033203, 223.66400146484375], [143.9199981689453, 205.07200622558594, 185.58399963378906, 223.66400146484375], [106.06400299072266, 170.5760040283203, 137.64801025390625, 187.37600708007812], [133.8400115966797, 7.28000020980835, 146.38400268554688, 27.216001510620117]], 'labels': ['whiteboard', 'whiteboard', 'whiteboard', 'chair', 'chair', 'chair', 'chair', 'chair', 'clock']}}"
0109,"{'<DENSE_REGION_CAPTION>': {'bboxes': [[63.50400161743164, 186.03201293945312, 220.5279998779297, 223.66400146484375], [31.02400016784668, 110.99200439453125, 71.79199981689453, 184.01600646972656], [105.84000396728516, 149.52000427246094, 138.76800537109375, 187.37600708007812], [191.6320037841797, 149.07200622558594, 212.46400451660156, 182.447998046875], [173.26400756835938, 150.63999938964844, 194.09600830078125, 177.29600524902344], [139.66400146484375, 143.6959991455078, 154.2239990234375, 170.3520050048828], [180.656005859375, 150.63999938964844, 194.09600830078125, 176.84800720214844]], 'labels': ['desk', 'person', 'person', 'person', 'person', 'person', 'person']}}"
0110,"{'<DENSE_REGION_CAPTION>': {'bboxes': [[34.608001708984375, 108.75200653076172, 80.97600555419922, 223.66400146484375], [128.46400451660156, 161.6160125732422, 170.3520050048828, 211.34400939941406], [163.1840057373047, 156.24000549316406, 191.6320037841797, 195.44000244140625]], 'labels': ['person', 'person', 'person']}}"
0111,"{'<DENSE_REGION_CAPTION>': {'bboxes': [[27.88800048828125, 0.1120000034570694, 159.60000610351562, 176.84800720214844], [25.87200164794922, 73.58399963378906, 90.16000366210938, 223.66400146484375], [159.60000610351562, 151.08799743652344, 220.3040008544922, 223.66400146484375]], 'labels': ['whiteboard', 'person', 'person']}}"
0112,"{'<DENSE_REGION_CAPTION>': {'bboxes': [[23.631999969482422, 0.1120000034570694, 167.44000244140625, 182.67201232910156], [0.1120000034570694, 79.63200378417969, 33.93600082397461, 223.66400146484375], [0.1120000034570694, 79.63200378417969, 33.71200180053711, 154.89601135253906], [163.4080047607422, 159.82400512695312, 222.09600830078125, 190.2880096435547], [141.4560089111328, 206.19200134277344, 219.4080047607422, 223.66400146484375]], 'labels': ['whiteboard', 'chair', 'chair', 'chair', 'chair']}}"
0113,"{'<DENSE_REGION_CAPTION>': {'bboxes': [[0.1120000034570694, 78.06400299072266, 51.18400192260742, 223.66400146484375], [0.1120000034570694, 78.06400299072266, 39.53600311279297, 154.89601135253906], [169.2320098876953, 160.04800415039062, 223.66400146484375, 190.7360076904297], [146.83200073242188, 206.41600036621094, 223.66400146484375, 223.66400146484375]], 'labels': ['chair', 'chair', 'chair', 'chair']}}"
0114,"{'<DENSE_REGION_CAPTION>': {'bboxes': [[0.1120000034570694, 74.2560043334961, 43.12000274658203, 223.66400146484375], [0.1120000034570694, 74.2560043334961, 29.68000030517578, 160.94400024414062], [26.32000160217285, 38.63999938964844, 101.58399963378906, 189.39199829101562], [176.40000915527344, 130.92800903320312, 223.66400146484375, 194.32000732421875], [118.83200073242188, 145.48800659179688, 145.26400756835938, 183.34400939941406]], 'labels': ['chair', 'chair', 'person', 'person', 'person']}}"
0115,"{'<DENSE_REGION_CAPTION>': {'bboxes': [[0.1120000034570694, 73.58399963378906, 43.12000274658203, 223.66400146484375], [0.1120000034570694, 73.58399963378906, 29.68000030517578, 161.39199829101562], [26.32000160217285, 39.0880012512207, 102.2560043334961, 189.39199829101562], [176.40000915527344, 128.24000549316406, 223.66400146484375, 194.99200439453125], [181.10400390625, 128.01600646972656, 223.66400146484375, 170.8000030517578]], 'labels': ['chair', 'chair', 'person', 'person', 'person']}}"
0116,"{'<DENSE_REGION_CAPTION>': {'bboxes': [[0.1120000034570694, 74.7040023803711, 29.23200035095215, 162.2880096435547], [182.67201232910156, 128.91200256347656, 199.92001342773438, 163.1840057373047], [90.60800170898438, 62.384002685546875, 101.8080062866211, 89.93600463867188]], 'labels': ['chair', 'human face', 'human face']}}"
0117,"{'<DENSE_REGION_CAPTION>': {'bboxes': [[0.1120000034570694, 72.68800354003906, 29.68000030517578, 160.27200317382812], [189.16799926757812, 121.52000427246094, 204.17601013183594, 154.0], [91.7280044555664, 58.35200119018555, 102.2560043334961, 88.36800384521484]], 'labels': ['chair', 'human face', 'human face']}}"
0118,"{'<DENSE_REGION_CAPTION>': {'bboxes': [[0.1120000034570694, 77.16799926757812, 42.672000885009766, 223.66400146484375], [0.1120000034570694, 77.16799926757812, 29.904001235961914, 164.3040008544922]], 'labels': ['chair', 'chair']}}"
0119,"{'<DENSE_REGION_CAPTION>': {'bboxes': [[0.1120000034570694, 77.16799926757812, 29.904001235961914, 164.3040008544922]], 'labels': ['chair']}}"
0120,"{'<DENSE_REGION_CAPTION>': {'bboxes': [[0.1120000034570694, 76.72000122070312, 42.672000885009766, 223.66400146484375], [0.1120000034570694, 76.72000122070312, 29.68000030517578, 164.3040008544922]], 'labels': ['chair', 'chair']}}"
0121,"{'<DENSE_REGION_CAPTION>': {'bboxes': [[0.1120000034570694, 76.72000122070312, 42.672000885009766, 223.66400146484375], [0.1120000034570694, 76.72000122070312, 29.904001235961914, 164.3040008544922]], 'labels': ['chair', 'chair']}}"
0122,"{'<DENSE_REGION_CAPTION>': {'bboxes': [[0.1120000034570694, 76.72000122070312, 42.672000885009766, 223.66400146484375], [0.1120000034570694, 76.72000122070312, 29.68000030517578, 164.5279998779297], [27.216001510620117, 43.12000274658203, 103.1520004272461, 192.3040008544922], [102.0320053100586, 147.50399780273438, 149.96800231933594, 223.66400146484375], [185.58399963378906, 118.16000366210938, 220.3040008544922, 172.14401245117188], [120.4000015258789, 147.50399780273438, 150.19200134277344, 187.15200805664062]], 'labels': ['chair', 'chair', 'person', 'person', 'person', 'person']}}"
0123,"{'<DENSE_REGION_CAPTION>': {'bboxes': [[0.1120000034570694, 77.16799926757812, 42.672000885009766, 223.66400146484375], [0.1120000034570694, 77.16799926757812, 29.904001235961914, 164.7519989013672], [27.216001510620117, 43.34400177001953, 103.60000610351562, 192.7519989013672], [181.552001953125, 118.60800170898438, 218.5120086669922, 174.16000366210938], [72.01599884033203, 64.8479995727539, 97.7760009765625, 135.1840057373047]], 'labels': ['chair', 'chair', 'person', 'person', 'scarf']}}"
0124,"{'<DENSE_REGION_CAPTION>': {'bboxes': [[0.1120000034570694, 77.16799926757812, 42.672000885009766, 223.66400146484375], [0.1120000034570694, 77.16799926757812, 29.904001235961914, 164.7519989013672], [91.2800064086914, 67.08800506591797, 103.60000610351562, 94.63999938964844]], 'labels': ['chair', 'chair', 'human face']}}"
0125,"{'<DENSE_REGION_CAPTION>': {'bboxes': [[0.1120000034570694, 77.16799926757812, 42.672000885009766, 223.66400146484375], [0.1120000034570694, 77.16799926757812, 29.904001235961914, 164.5279998779297], [187.60000610351562, 125.3280029296875, 202.83200073242188, 156.46400451660156], [91.2800064086914, 67.08800506591797, 103.60000610351562, 94.86400604248047]], 'labels': ['chair', 'chair', 'human face', 'human face']}}"
0126,"{'<DENSE_REGION_CAPTION>': {'bboxes': [[0.1120000034570694, 77.16799926757812, 29.68000030517578, 163.6320037841797], [191.4080047607422, 127.56800079345703, 206.864013671875, 160.49600219726562], [91.2800064086914, 66.41600036621094, 105.61600494384766, 98.0]], 'labels': ['chair', 'human face', 'human face']}}"
0127,"{'<DENSE_REGION_CAPTION>': {'bboxes': [[0.1120000034570694, 76.27200317382812, 29.68000030517578, 223.66400146484375], [0.1120000034570694, 76.27200317382812, 29.45600128173828, 164.3040008544922], [191.4080047607422, 128.24000549316406, 207.760009765625, 161.39199829101562], [91.2800064086914, 63.952003479003906, 105.84000396728516, 97.7760009765625]], 'labels': ['chair', 'chair', 'human face', 'human face']}}"
0128,"{'<DENSE_REGION_CAPTION>': {'bboxes': [[0.1120000034570694, 76.72000122070312, 29.68000030517578, 164.3040008544922], [163.6320037841797, 143.6959991455078, 195.88800048828125, 198.3520050048828], [70.44800567626953, 184.01600646972656, 103.3759994506836, 223.66400146484375], [91.2800064086914, 60.36800003051758, 104.94400024414062, 94.63999938964844]], 'labels': ['chair', 'chair', 'chair', 'human face']}}"
0129,"{'<DENSE_REGION_CAPTION>': {'bboxes': [[0.1120000034570694, 76.27200317382812, 29.68000030517578, 164.3040008544922], [89.71200561523438, 72.91200256347656, 107.63200378417969, 102.9280014038086], [185.13600158691406, 136.9759979248047, 200.14401245117188, 168.7840118408203]], 'labels': ['chair', 'human face', 'human face']}}"
0130,"{'<DENSE_REGION_CAPTION>': {'bboxes': [[0.1120000034570694, 76.72000122070312, 29.68000030517578, 164.3040008544922], [185.13600158691406, 136.9759979248047, 201.26400756835938, 169.4560089111328], [91.2800064086914, 90.38400268554688, 110.54400634765625, 110.99200439453125]], 'labels': ['chair', 'human face', 'human face']}}"
0131,"{'<DENSE_REGION_CAPTION>': {'bboxes': [[0.1120000034570694, 76.72000122070312, 43.12000274658203, 223.66400146484375], [0.1120000034570694, 76.72000122070312, 29.23200035095215, 164.3040008544922], [183.79200744628906, 140.7840118408203, 199.92001342773438, 171.9199981689453], [90.83200073242188, 89.93600463867188, 109.64800262451172, 110.31999969482422]], 'labels': ['chair', 'chair', 'human face', 'human face']}}"
0132,"{'<DENSE_REGION_CAPTION>': {'bboxes': [[0.1120000034570694, 76.49600219726562, 29.68000030517578, 164.3040008544922], [188.04800415039062, 145.71200561523438, 204.17601013183594, 171.4720001220703], [93.96800231933594, 69.7760009765625, 106.51200103759766, 100.68800354003906]], 'labels': ['chair', 'human face', 'human face']}}"
0133,"{'<DENSE_REGION_CAPTION>': {'bboxes': [[0.1120000034570694, 76.27200317382812, 43.12000274658203, 223.66400146484375], [0.1120000034570694, 76.27200317382812, 29.68000030517578, 163.8560028076172], [184.01600646972656, 141.9040069580078, 200.81600952148438, 170.8000030517578]], 'labels': ['chair', 'chair', 'human face']}}"
0134,"{'<DENSE_REGION_CAPTION>': {'bboxes': [[0.1120000034570694, 76.72000122070312, 42.895999908447266, 223.66400146484375], [0.1120000034570694, 76.72000122070312, 29.68000030517578, 164.3040008544922], [27.216001510620117, 45.80800247192383, 104.72000122070312, 193.20001220703125], [72.91200256347656, 65.96800231933594, 98.67200469970703, 148.17601013183594], [183.79200744628906, 141.2320098876953, 199.2480010986328, 171.0240020751953]], 'labels': ['chair', 'chair', 'person', 'scarf', 'human face']}}"
0135,"{'<DENSE_REGION_CAPTION>': {'bboxes': [[0.1120000034570694, 76.49600219726562, 29.68000030517578, 164.0800018310547], [27.216001510620117, 46.25600051879883, 105.39200592041016, 192.97601318359375], [167.44000244140625, 139.66400146484375, 206.41600036621094, 198.8000030517578], [73.13600158691406, 66.86399841308594, 98.67200469970703, 138.54400634765625]], 'labels': ['chair', 'person', 'person', 'scarf']}}"
0136,"{'<DENSE_REGION_CAPTION>': {'bboxes': [[0.1120000034570694, 76.94400024414062, 29.68000030517578, 164.3040008544922], [90.60800170898438, 76.27200317382812, 108.52799987792969, 105.61600494384766]], 'labels': ['chair', 'human face']}}"
0137,"{'<DENSE_REGION_CAPTION>': {'bboxes': [[0.1120000034570694, 77.16799926757812, 32.592002868652344, 223.66400146484375], [0.1120000034570694, 77.16799926757812, 29.23200035095215, 166.54400634765625], [70.67200469970703, 184.01600646972656, 103.1520004272461, 223.66400146484375], [89.71200561523438, 78.06400299072266, 107.85600280761719, 104.94400024414062]], 'labels': ['chair', 'chair', 'chair', 'human face']}}"
0138,"{'<DENSE_REGION_CAPTION>': {'bboxes': [[0.1120000034570694, 77.16799926757812, 38.63999938964844, 223.66400146484375], [0.1120000034570694, 77.16799926757812, 29.45600128173828, 166.54400634765625], [90.60800170898438, 68.8800048828125, 106.51200103759766, 101.58399963378906]], 'labels': ['chair', 'chair', 'human face']}}"
0139,"{'<DENSE_REGION_CAPTION>': {'bboxes': [[0.1120000034570694, 77.16799926757812, 29.904001235961914, 223.66400146484375], [0.1120000034570694, 77.16799926757812, 29.23200035095215, 164.7519989013672], [176.62400817871094, 171.0240020751953, 223.66400146484375, 206.19200134277344], [70.67200469970703, 184.01600646972656, 103.1520004272461, 223.66400146484375], [91.05599975585938, 64.8479995727539, 105.84000396728516, 98.44800567626953]], 'labels': ['chair', 'chair', 'chair', 'chair', 'human face']}}"
0140,"{'<DENSE_REGION_CAPTION>': {'bboxes': [[0.1120000034570694, 76.94400024414062, 32.36800003051758, 223.66400146484375], [0.1120000034570694, 76.94400024414062, 29.904001235961914, 165.64801025390625], [70.2239990234375, 184.01600646972656, 114.57600402832031, 223.66400146484375], [84.78400421142578, 43.12000274658203, 98.22400665283203, 79.18400573730469]], 'labels': ['chair', 'chair', 'chair', 'human face']}}"
0141,"{'<DENSE_REGION_CAPTION>': {'bboxes': [[0.1120000034570694, 77.61600494384766, 30.576000213623047, 223.66400146484375], [0.1120000034570694, 77.61600494384766, 28.336000442504883, 163.6320037841797], [54.768001556396484, 19.82400131225586, 68.8800048828125, 56.784000396728516]], 'labels': ['chair', 'chair', 'human face']}}"
0142,"{'<DENSE_REGION_CAPTION>': {'bboxes': [[0.1120000034570694, 76.72000122070312, 42.895999908447266, 223.66400146484375], [0.1120000034570694, 76.72000122070312, 27.88800048828125, 163.6320037841797], [55.66400146484375, 22.736000061035156, 69.3280029296875, 59.47200012207031]], 'labels': ['chair', 'chair', 'human face']}}"
0143,"{'<DENSE_REGION_CAPTION>': {'bboxes': [[18.70400047302246, 0.1120000034570694, 180.8800048828125, 195.88800048828125], [0.1120000034570694, 76.27200317382812, 76.04800415039062, 223.66400146484375], [0.1120000034570694, 76.27200317382812, 29.904001235961914, 223.66400146484375], [0.1120000034570694, 76.49600219726562, 28.336000442504883, 164.9759979248047], [180.4320068359375, 144.1439971923828, 201.71200561523438, 171.0240020751953], [59.24800109863281, 27.440000534057617, 72.91200256347656, 63.72800064086914]], 'labels': ['whiteboard', 'chair', 'chair', 'chair', 'human face', 'human face']}}"
0144,"{'<DENSE_REGION_CAPTION>': {'bboxes': [[0.1120000034570694, 77.16799926757812, 30.128000259399414, 223.66400146484375], [0.1120000034570694, 77.16799926757812, 29.00800132751465, 164.9759979248047], [185.36000061035156, 138.76800537109375, 203.72801208496094, 172.81600952148438], [63.50400161743164, 31.696001052856445, 76.27200317382812, 67.98400115966797]], 'labels': ['chair', 'chair', 'human face', 'human face']}}"
0145,"{'<DENSE_REGION_CAPTION>': {'bboxes': [[0.1120000034570694, 77.39200592041016, 42.895999908447266, 223.66400146484375], [0.1120000034570694, 77.39200592041016, 29.68000030517578, 223.66400146484375], [186.48001098632812, 138.76800537109375, 204.17601013183594, 172.59201049804688], [65.52000427246094, 34.608001708984375, 79.85600280761719, 71.34400177001953]], 'labels': ['chair', 'chair', 'human face', 'human face']}}"
0146,"{'<DENSE_REGION_CAPTION>': {'bboxes': [[0.1120000034570694, 77.16799926757812, 31.920000076293945, 223.66400146484375], [25.424001693725586, 45.36000061035156, 98.0, 223.66400146484375], [174.83200073242188, 129.80799865722656, 223.66400146484375, 198.8000030517578], [177.96800231933594, 129.80799865722656, 223.66400146484375, 176.62400817871094], [121.52000427246094, 149.52000427246094, 146.16000366210938, 187.37600708007812]], 'labels': ['chair', 'person', 'person', 'person', 'person']}}"
0147,"{'<DENSE_REGION_CAPTION>': {'bboxes': [[0.1120000034570694, 76.72000122070312, 32.36800003051758, 223.66400146484375], [0.1120000034570694, 76.72000122070312, 29.23200035095215, 164.9759979248047], [84.78400421142578, 75.3759994506836, 101.58399963378906, 106.73600006103516]], 'labels': ['chair', 'chair', 'human face']}}"
0148,"{'<DENSE_REGION_CAPTION>': {'bboxes': [[0.1120000034570694, 76.72000122070312, 31.920000076293945, 223.66400146484375], [0.1120000034570694, 76.72000122070312, 29.23200035095215, 165.20001220703125], [84.11199951171875, 74.4800033569336, 100.91200256347656, 106.73600006103516]], 'labels': ['chair', 'chair', 'human face']}}"
0149,"{'<DENSE_REGION_CAPTION>': {'bboxes': [[0.1120000034570694, 76.49600219726562, 32.36800003051758, 223.66400146484375], [0.1120000034570694, 76.49600219726562, 29.45600128173828, 165.20001220703125], [85.23200225830078, 74.7040023803711, 101.8080062866211, 106.73600006103516]], 'labels': ['chair', 'chair', 'human face']}}"
0150,"{'<DENSE_REGION_CAPTION>': {'bboxes': [[0.1120000034570694, 76.72000122070312, 32.14400100708008, 223.66400146484375], [0.1120000034570694, 76.72000122070312, 29.45600128173828, 165.20001220703125], [85.00800323486328, 75.1520004272461, 101.8080062866211, 106.73600006103516]], 'labels': ['chair', 'chair', 'human face']}}"
0151,"{'<DENSE_REGION_CAPTION>': {'bboxes': [[0.1120000034570694, 76.49600219726562, 32.592002868652344, 223.66400146484375], [85.23200225830078, 76.27200317382812, 102.4800033569336, 106.73600006103516]], 'labels': ['chair', 'human face']}}"
0152,"{'<DENSE_REGION_CAPTION>': {'bboxes': [[0.1120000034570694, 76.49600219726562, 42.672000885009766, 223.66400146484375], [0.1120000034570694, 76.49600219726562, 29.68000030517578, 164.9759979248047], [85.00800323486328, 75.1520004272461, 101.8080062866211, 106.06400299072266]], 'labels': ['chair', 'chair', 'human face']}}"
0153,"{'<DENSE_REGION_CAPTION>': {'bboxes': [[0.1120000034570694, 76.49600219726562, 32.592002868652344, 223.66400146484375], [0.1120000034570694, 76.49600219726562, 29.23200035095215, 165.20001220703125], [26.768001556396484, 54.09600067138672, 102.4800033569336, 195.66400146484375], [182.67201232910156, 130.25599670410156, 216.04800415039062, 173.71200561523438], [123.08800506591797, 149.74400329589844, 146.16000366210938, 186.70401000976562]], 'labels': ['chair', 'chair', 'person', 'person', 'person']}}"
0154,"{'<DENSE_REGION_CAPTION>': {'bboxes': [[0.1120000034570694, 76.49600219726562, 42.895999908447266, 223.66400146484375], [0.1120000034570694, 76.49600219726562, 29.45600128173828, 165.20001220703125], [85.00800323486328, 75.1520004272461, 102.4800033569336, 106.73600006103516], [190.0640106201172, 142.3520050048828, 205.74400329589844, 173.26400756835938]], 'labels': ['chair', 'chair', 'human face', 'human face']}}"
0155,"{'<DENSE_REGION_CAPTION>': {'bboxes': [[0.1120000034570694, 76.72000122070312, 32.592002868652344, 223.66400146484375], [0.1120000034570694, 76.72000122070312, 29.23200035095215, 165.64801025390625], [85.90399932861328, 76.72000122070312, 102.9280014038086, 108.30400085449219], [189.6160125732422, 142.5760040283203, 205.29600524902344, 174.16000366210938]], 'labels': ['chair', 'chair', 'human face', 'human face']}}"
0156,"{'<DENSE_REGION_CAPTION>': {'bboxes': [[0.1120000034570694, 76.72000122070312, 42.672000885009766, 223.66400146484375], [0.1120000034570694, 76.72000122070312, 29.68000030517578, 165.64801025390625], [27.216001510620117, 58.80000305175781, 104.94400024414062, 223.66400146484375], [176.40000915527344, 129.36000061035156, 215.37600708007812, 198.8000030517578], [177.74400329589844, 129.36000061035156, 216.27200317382812, 177.29600524902344]], 'labels': ['chair', 'chair', 'person', 'person', 'person']}}"
0157,"{'<DENSE_REGION_CAPTION>': {'bboxes': [[18.70400047302246, 0.1120000034570694, 180.8800048828125, 195.66400146484375], [23.408000946044922, 33.71200180053711, 95.31200408935547, 223.66400146484375], [175.95201110839844, 129.13600158691406, 215.60000610351562, 198.3520050048828], [192.97601318359375, 143.6959991455078, 209.3280029296875, 176.62400817871094], [76.04800415039062, 52.97600173950195, 89.04000091552734, 85.00800323486328]], 'labels': ['whiteboard', 'woman', 'woman', 'human face', 'human face']}}"
0158,"{'<DENSE_REGION_CAPTION>': {'bboxes': [[18.70400047302246, 0.1120000034570694, 181.10400390625, 195.66400146484375], [16.687999725341797, 18.928001403808594, 91.9520034790039, 223.66400146484375], [52.08000183105469, 29.00800132751465, 66.86399841308594, 66.41600036621094]], 'labels': ['whiteboard', 'woman', 'human face']}}"
0159,"{'<DENSE_REGION_CAPTION>': {'bboxes': [[0.1120000034570694, 76.49600219726562, 30.128000259399414, 223.66400146484375], [47.37600326538086, 24.304000854492188, 62.160003662109375, 62.160003662109375]], 'labels': ['chair', 'human face']}}"
0160,"{'<DENSE_REGION_CAPTION>': {'bboxes': [[0.1120000034570694, 76.94400024414062, 29.904001235961914, 223.66400146484375], [49.39200210571289, 23.18400001525879, 63.952003479003906, 59.92000198364258]], 'labels': ['chair', 'human face']}}"
0161,"{'<DENSE_REGION_CAPTION>': {'bboxes': [[0.1120000034570694, 76.94400024414062, 29.68000030517578, 223.66400146484375], [0.1120000034570694, 76.94400024414062, 24.75200080871582, 166.54400634765625], [48.944000244140625, 25.648000717163086, 63.952003479003906, 63.28000259399414]], 'labels': ['chair', 'chair', 'human face']}}"
0162,"{'<DENSE_REGION_CAPTION>': {'bboxes': [[0.1120000034570694, 75.3759994506836, 37.29600143432617, 223.66400146484375], [0.1120000034570694, 75.3759994506836, 24.527999877929688, 155.56800842285156], [49.39200210571289, 23.631999969482422, 63.952003479003906, 61.71200180053711]], 'labels': ['chair', 'chair', 'human face']}}"
0163,"{'<DENSE_REGION_CAPTION>': {'bboxes': [[0.1120000034570694, 0.1120000034570694, 79.85600280761719, 223.66400146484375], [0.1120000034570694, 0.1120000034570694, 40.20800018310547, 223.66400146484375], [85.90399932861328, 166.99200439453125, 132.04800415039062, 223.66400146484375]], 'labels': ['person', 'person', 'person']}}"
0164,"{'<DENSE_REGION_CAPTION>': {'bboxes': [[45.36000061035156, 0.1120000034570694, 165.87200927734375, 160.94400024414062], [5.936000347137451, 86.12800598144531, 80.97600555419922, 223.66400146484375], [5.263999938964844, 86.12800598144531, 46.704002380371094, 223.66400146484375], [78.73600006103516, 172.14401245117188, 105.16800689697266, 223.66400146484375], [62.160003662109375, 45.13600158691406, 73.58399963378906, 74.2560043334961]], 'labels': ['whiteboard', 'chair', 'chair', 'chair', 'human face']}}"
0165,"{'<DENSE_REGION_CAPTION>': {'bboxes': [[62.384002685546875, 8.176000595092773, 145.71200561523438, 146.38400268554688], [36.176002502441406, 93.74400329589844, 70.89600372314453, 206.19200134277344], [85.23200225830078, 154.0, 129.80799865722656, 223.66400146484375], [130.70401000976562, 175.27999877929688, 179.31201171875, 223.66400146484375], [175.95201110839844, 188.27200317382812, 223.66400146484375, 223.66400146484375]], 'labels': ['whiteboard', 'chair', 'chair', 'chair', 'chair']}}"
0166,"{'<DENSE_REGION_CAPTION>': {'bboxes': [[53.64800262451172, 7.728000164031982, 136.7519989013672, 146.38400268554688], [26.32000160217285, 93.74400329589844, 62.608001708984375, 207.0880126953125], [76.49600219726562, 153.7760009765625, 120.84800720214844, 223.66400146484375], [47.152000427246094, 57.23200225830078, 89.48799896240234, 158.70401000976562], [135.4080047607422, 125.10400390625, 171.6959991455078, 164.9759979248047], [122.64000701904297, 113.68000030517578, 140.7840118408203, 160.27200317382812], [171.0240020751953, 125.10400390625, 192.3040008544922, 158.70401000976562], [90.60800170898438, 134.5120086669922, 107.18400573730469, 172.14401245117188], [197.6800079345703, 126.67200469970703, 212.91200256347656, 150.41600036621094]], 'labels': ['whiteboard', 'chair', 'chair', 'person', 'person', 'person', 'person', 'person', 'person']}}"
0167,"{'<DENSE_REGION_CAPTION>': {'bboxes': [[52.97600173950195, 7.728000164031982, 136.7519989013672, 157.80799865722656], [26.32000160217285, 94.19200134277344, 62.384002685546875, 207.760009765625], [76.04800415039062, 154.0, 120.84800720214844, 223.66400146484375], [47.60000228881836, 60.14400100708008, 89.04000091552734, 158.70401000976562], [172.14401245117188, 143.9199981689453, 211.34400939941406, 181.10400390625]], 'labels': ['whiteboard', 'chair', 'chair', 'person', 'picnic basket']}}"
0168,"{'<DENSE_REGION_CAPTION>': {'bboxes': [[53.42399978637695, 7.28000020980835, 136.7519989013672, 139.44000244140625], [26.32000160217285, 94.19200134277344, 63.50400161743164, 207.5360107421875], [76.04800415039062, 154.0, 120.6240005493164, 223.66400146484375], [47.152000427246094, 59.69600296020508, 94.41600036621094, 158.92800903320312], [123.76000213623047, 109.64800262451172, 143.6959991455078, 160.72000122070312], [169.0080108642578, 126.89600372314453, 190.0640106201172, 160.27200317382812], [195.66400146484375, 126.67200469970703, 216.04800415039062, 155.56800842285156]], 'labels': ['whiteboard', 'chair', 'chair', 'person', 'person', 'person', 'person']}}"
0169,"{'<DENSE_REGION_CAPTION>': {'bboxes': [[54.544002532958984, 9.744000434875488, 138.32000732421875, 145.26400756835938], [27.88800048828125, 97.10400390625, 80.52799987792969, 210.67201232910156], [77.39200592041016, 156.24000549316406, 121.29600524902344, 223.66400146484375], [48.496002197265625, 61.93600082397461, 93.07200622558594, 161.16799926757812], [169.0080108642578, 129.80799865722656, 190.9600067138672, 161.16799926757812], [92.1760025024414, 137.42401123046875, 107.85600280761719, 175.72801208496094], [196.5600128173828, 129.58399963378906, 213.36000061035156, 153.552001953125], [141.0080108642578, 127.79200744628906, 158.92800903320312, 149.74400329589844], [106.96000671386719, 140.11199951171875, 120.4000015258789, 157.58399963378906]], 'labels': ['whiteboard', 'chair', 'chair', 'person', 'person', 'person', 'person', 'person', 'person']}}"
0170,"{'<DENSE_REGION_CAPTION>': {'bboxes': [[54.09600067138672, 8.624000549316406, 137.42401123046875, 138.99200439453125], [27.66400146484375, 95.31200408935547, 80.30400085449219, 208.4320068359375], [76.94400024414062, 154.0, 121.29600524902344, 223.66400146484375], [166.76800537109375, 187.37600708007812, 223.66400146484375, 223.66400146484375], [136.3040008544922, 146.83200073242188, 171.4720001220703, 165.20001220703125], [5.488000392913818, 201.93600463867188, 33.93600082397461, 223.66400146484375], [62.832000732421875, 70.2239990234375, 72.68800354003906, 87.24800109863281]], 'labels': ['whiteboard', 'chair', 'chair', 'chair', 'chair', 'chair', 'human face']}}"
0171,"{'<DENSE_REGION_CAPTION>': {'bboxes': [[53.87200164794922, 11.984000205993652, 136.7519989013672, 160.27200317382812], [27.66400146484375, 98.89600372314453, 62.832000732421875, 212.01600646972656], [48.272003173828125, 64.6240005493164, 89.48799896240234, 162.7360076904297], [77.39200592041016, 140.11199951171875, 105.61600494384766, 223.66400146484375], [126.44800567626953, 130.03199768066406, 149.07200622558594, 164.9759979248047], [89.04000091552734, 140.11199951171875, 105.61600494384766, 177.74400329589844], [107.40800476074219, 122.86400604248047, 126.00000762939453, 158.48001098632812], [196.11199951171875, 130.48001098632812, 214.25601196289062, 155.79200744628906]], 'labels': ['whiteboard', 'chair', 'person', 'person', 'person', 'person', 'person', 'person']}}"
0172,"{'<DENSE_REGION_CAPTION>': {'bboxes': [[53.64800262451172, 21.168001174926758, 136.7519989013672, 169.4560089111328], [26.32000160217285, 107.63200378417969, 78.06400299072266, 219.6320037841797], [48.272003173828125, 72.91200256347656, 89.26399993896484, 172.59201049804688], [76.94400024414062, 149.07200622558594, 104.94400024414062, 223.66400146484375], [135.4080047607422, 138.54400634765625, 172.59201049804688, 178.41600036621094], [124.656005859375, 143.9199981689453, 144.81600952148438, 174.38400268554688], [110.99200439453125, 131.15200805664062, 127.56800079345703, 167.44000244140625], [195.88800048828125, 139.44000244140625, 212.68800354003906, 164.0800018310547]], 'labels': ['whiteboard', 'chair', 'person', 'person', 'person', 'person', 'person', 'person']}}"
0173,"{'<DENSE_REGION_CAPTION>': {'bboxes': [[53.87200164794922, 19.82400131225586, 137.1999969482422, 169.2320098876953], [135.8560028076172, 39.98400115966797, 212.01600646972656, 118.60800170898438], [27.66400146484375, 106.51200103759766, 80.30400085449219, 214.25601196289062], [77.39200592041016, 166.09600830078125, 107.63200378417969, 223.66400146484375], [180.656005859375, 199.6959991455078, 223.66400146484375, 223.66400146484375], [48.496002197265625, 72.24000549316406, 89.04000091552734, 170.3520050048828], [135.8560028076172, 136.9759979248047, 172.36801147460938, 177.29600524902344], [107.85600280761719, 131.37600708007812, 130.92800903320312, 166.99200439453125], [88.14400482177734, 148.17601013183594, 104.27200317382812, 186.03201293945312], [196.11199951171875, 138.76800537109375, 216.49600219726562, 168.33599853515625], [139.44000244140625, 136.9759979248047, 159.37600708007812, 159.60000610351562], [177.52000427246094, 138.99200439453125, 191.8560028076172, 161.16799926757812]], 'labels': ['whiteboard', 'whiteboard', 'chair', 'chair', 'chair', 'person', 'person', 'person', 'person', 'person', 'person', 'person']}}"
0174,"{'<DENSE_REGION_CAPTION>': {'bboxes': [[54.09600067138672, 20.04800033569336, 137.87200927734375, 169.0080108642578], [27.66400146484375, 107.18400573730469, 80.75199890136719, 223.66400146484375], [27.66400146484375, 107.18400573730469, 61.93600082397461, 223.66400146484375], [76.94400024414062, 166.54400634765625, 107.63200378417969, 223.66400146484375], [181.3280029296875, 199.92001342773438, 223.66400146484375, 223.66400146484375], [136.3040008544922, 158.92800903320312, 173.93600463867188, 177.74400329589844], [64.6240005493164, 78.73600006103516, 73.80799865722656, 98.67200469970703]], 'labels': ['whiteboard', 'chair', 'chair', 'chair', 'chair', 'chair', 'human face']}}"
0175,"{'<DENSE_REGION_CAPTION>': {'bboxes': [[51.85600280761719, 19.82400131225586, 135.1840057373047, 172.81600952148438], [24.75200080871582, 107.40800476074219, 78.06400299072266, 220.5279998779297], [74.7040023803711, 165.87200927734375, 118.83200073242188, 223.66400146484375], [74.7040023803711, 165.87200927734375, 95.76000213623047, 223.66400146484375], [178.63999938964844, 199.2480010986328, 223.66400146484375, 223.66400146484375], [133.39199829101562, 137.1999969482422, 170.3520050048828, 177.29600524902344], [192.97601318359375, 138.99200439453125, 210.44801330566406, 162.2880096435547]], 'labels': ['whiteboard', 'chair', 'chair', 'chair', 'chair', 'person', 'person']}}"
0176,"{'<DENSE_REGION_CAPTION>': {'bboxes': [[41.7760009765625, 19.376001358032227, 127.34400177001953, 169.9040069580078], [15.792000770568848, 106.96000671386719, 69.3280029296875, 223.66400146484375], [66.41600036621094, 166.54400634765625, 110.31999969482422, 223.66400146484375], [111.44000244140625, 186.92800903320312, 160.27200317382812, 223.66400146484375], [169.6800079345703, 197.9040069580078, 223.66400146484375, 223.66400146484375], [37.29600143432617, 72.46400451660156, 79.40800476074219, 171.4720001220703], [125.3280029296875, 136.5279998779297, 162.9600067138672, 176.84800720214844], [204.84800720214844, 138.76800537109375, 223.66400146484375, 166.99200439453125], [184.24000549316406, 140.11199951171875, 202.83200073242188, 162.5120086669922], [97.3280029296875, 149.29600524902344, 111.88800048828125, 167.66400146484375]], 'labels': ['whiteboard', 'chair', 'chair', 'chair', 'chair', 'person', 'person', 'person', 'person', 'person']}}"
0177,"{'<DENSE_REGION_CAPTION>': {'bboxes': [[42.895999908447266, 19.82400131225586, 126.67200469970703, 169.0080108642578], [15.792000770568848, 107.18400573730469, 51.63199996948242, 204.62400817871094], [65.96800231933594, 166.54400634765625, 109.64800262451172, 223.66400146484375], [111.66400146484375, 187.37600708007812, 159.82400512695312, 223.66400146484375], [169.4560089111328, 197.9040069580078, 219.4080047607422, 223.66400146484375], [65.96800231933594, 166.54400634765625, 85.68000030517578, 223.66400146484375], [125.552001953125, 158.03199768066406, 162.7360076904297, 177.07200622558594], [96.656005859375, 147.95201110839844, 117.71200561523438, 168.33599853515625], [0.1120000034570694, 215.60000610351562, 21.168001174926758, 223.66400146484375]], 'labels': ['whiteboard', 'chair', 'chair', 'chair', 'chair', 'chair', 'chair', 'chair', 'chair']}}"
0178,"{'<DENSE_REGION_CAPTION>': {'bboxes': [[42.895999908447266, 20.272001266479492, 126.67200469970703, 169.0080108642578], [66.19200134277344, 166.54400634765625, 109.87200164794922, 223.66400146484375], [111.21600341796875, 187.15200805664062, 160.27200317382812, 223.66400146484375], [169.2320098876953, 197.6800079345703, 219.4080047607422, 223.66400146484375], [65.96800231933594, 166.54400634765625, 85.90399932861328, 223.66400146484375], [125.3280029296875, 157.58399963378906, 161.6160125732422, 176.40000915527344]], 'labels': ['whiteboard', 'chair', 'chair', 'chair', 'chair', 'chair']}}"
0179,"{'<DENSE_REGION_CAPTION>': {'bboxes': [[77.39200592041016, 175.50399780273438, 198.5760040283203, 223.66400146484375], [15.792000770568848, 107.63200378417969, 68.8800048828125, 223.66400146484375], [65.96800231933594, 166.54400634765625, 109.87200164794922, 223.66400146484375], [111.66400146484375, 186.92800903320312, 159.82400512695312, 223.66400146484375], [169.6800079345703, 198.1280059814453, 219.4080047607422, 223.66400146484375], [66.41600036621094, 166.54400634765625, 85.68000030517578, 223.66400146484375], [38.41600036621094, 73.13600158691406, 79.18400573730469, 171.4720001220703], [125.552001953125, 137.1999969482422, 161.16799926757812, 176.62400817871094], [152.656005859375, 129.80799865722656, 178.63999938964844, 167.88800048828125], [99.12000274658203, 133.39199829101562, 119.5040054321289, 167.66400146484375], [184.91200256347656, 140.55999755859375, 204.62400817871094, 166.54400634765625], [99.12000274658203, 149.52000427246094, 115.69600677490234, 167.44000244140625], [217.6160125732422, 136.9759979248047, 223.66400146484375, 166.99200439453125]], 'labels': ['desk', 'chair', 'chair', 'chair', 'chair', 'chair', 'person', 'person', 'person', 'person', 'person', 'person', 'person']}}"
0180,"{'<DENSE_REGION_CAPTION>': {'bboxes': [[77.39200592041016, 175.72801208496094, 198.5760040283203, 223.66400146484375], [38.41600036621094, 72.91200256347656, 79.18400573730469, 171.4720001220703], [125.3280029296875, 136.9759979248047, 162.5120086669922, 176.84800720214844], [161.6160125732422, 138.09600830078125, 181.10400390625, 166.99200439453125], [128.68800354003906, 136.9759979248047, 149.07200622558594, 158.92800903320312], [98.22400665283203, 149.52000427246094, 117.04000091552734, 167.66400146484375], [185.13600158691406, 141.0080108642578, 201.71200561523438, 161.16799926757812]], 'labels': ['desk', 'person', 'person', 'person', 'person', 'person', 'person']}}"
0181,"{'<DENSE_REGION_CAPTION>': {'bboxes': [[77.39200592041016, 175.72801208496094, 198.5760040283203, 223.66400146484375], [111.66400146484375, 186.70401000976562, 160.04800415039062, 223.66400146484375], [169.6800079345703, 197.9040069580078, 219.6320037841797, 223.66400146484375], [66.41600036621094, 166.54400634765625, 85.90399932861328, 223.66400146484375], [125.7760009765625, 157.80799865722656, 161.8400115966797, 176.84800720214844], [37.74399948120117, 72.91200256347656, 79.40800476074219, 171.2480010986328], [160.49600219726562, 110.54400634765625, 179.0880126953125, 164.3040008544922], [80.75199890136719, 147.72801208496094, 98.67200469970703, 185.36000061035156], [128.68800354003906, 137.64801025390625, 149.07200622558594, 158.70401000976562], [99.56800079345703, 149.07200622558594, 117.04000091552734, 167.44000244140625]], 'labels': ['desk', 'chair', 'chair', 'chair', 'chair', 'person', 'person', 'person', 'person', 'person']}}"
0182,"{'<DENSE_REGION_CAPTION>': {'bboxes': [[77.39200592041016, 175.72801208496094, 198.5760040283203, 223.66400146484375], [38.41600036621094, 73.36000061035156, 79.40800476074219, 171.4720001220703], [66.63999938964844, 148.17601013183594, 96.20800018310547, 223.66400146484375], [125.3280029296875, 136.9759979248047, 162.0640106201172, 176.84800720214844], [94.86400604248047, 135.8560028076172, 120.1760025024414, 167.66400146484375], [79.63200378417969, 148.17601013183594, 96.43199920654297, 185.58399963378906], [184.68800354003906, 138.09600830078125, 203.27999877929688, 166.09600830078125]], 'labels': ['desk', 'person', 'person', 'person', 'person', 'person', 'person']}}"
0183,"{'<DENSE_REGION_CAPTION>': {'bboxes': [[77.39200592041016, 175.72801208496094, 198.5760040283203, 223.66400146484375], [15.792000770568848, 107.63200378417969, 52.08000183105469, 214.92800903320312], [38.41600036621094, 73.58399963378906, 79.18400573730469, 171.2480010986328], [162.0640106201172, 157.36000061035156, 200.36801147460938, 192.0800018310547]], 'labels': ['desk', 'chair', 'person', 'picnic basket']}}"
0184,"{'<DENSE_REGION_CAPTION>': {'bboxes': [[42.895999908447266, 20.04800033569336, 126.89600372314453, 167.66400146484375], [15.792000770568848, 107.63200378417969, 66.19200134277344, 223.66400146484375], [77.39200592041016, 175.72801208496094, 198.3520050048828, 223.66400146484375], [38.41600036621094, 73.13600158691406, 78.95999908447266, 171.2480010986328], [66.63999938964844, 148.40000915527344, 95.98400115966797, 223.66400146484375], [116.59200286865234, 131.15200805664062, 141.9040069580078, 172.81600952148438], [92.6240005493164, 116.59200286865234, 112.33600616455078, 165.87200927734375], [79.63200378417969, 148.40000915527344, 95.98400115966797, 186.03201293945312]], 'labels': ['whiteboard', 'chair', 'desk', 'person', 'person', 'person', 'person', 'person']}}"
0185,"{'<DENSE_REGION_CAPTION>': {'bboxes': [[42.895999908447266, 20.04800033569336, 126.89600372314453, 158.25601196289062], [16.239999771118164, 107.63200378417969, 64.6240005493164, 223.66400146484375], [77.39200592041016, 175.72801208496094, 198.5760040283203, 223.66400146484375], [38.41600036621094, 72.91200256347656, 79.18400573730469, 171.2480010986328], [66.63999938964844, 148.62400817871094, 96.43199920654297, 223.66400146484375], [120.1760025024414, 129.58399963378906, 149.74400329589844, 172.81600952148438], [93.74400329589844, 115.24800109863281, 109.64800262451172, 167.88800048828125], [78.73600006103516, 148.62400817871094, 96.43199920654297, 185.80799865722656], [159.60000610351562, 137.42401123046875, 179.0880126953125, 166.54400634765625], [98.89600372314453, 151.9840087890625, 114.35200500488281, 167.66400146484375]], 'labels': ['whiteboard', 'chair', 'desk', 'person', 'person', 'person', 'person', 'person', 'person', 'person']}}"
0186,"{'<DENSE_REGION_CAPTION>': {'bboxes': [[77.39200592041016, 175.95201110839844, 198.5760040283203, 223.66400146484375], [16.239999771118164, 107.85600280761719, 51.40800094604492, 223.66400146484375], [38.41600036621094, 72.91200256347656, 78.95999908447266, 171.2480010986328], [66.63999938964844, 149.07200622558594, 94.19200134277344, 223.66400146484375], [125.7760009765625, 138.32000732421875, 162.5120086669922, 176.84800720214844], [94.86400604248047, 118.38400268554688, 114.80000305175781, 168.11199951171875], [125.7760009765625, 130.70401000976562, 140.55999755859375, 160.94400024414062]], 'labels': ['desk', 'chair', 'person', 'person', 'person', 'person', 'person']}}"
0187,"{'<DENSE_REGION_CAPTION>': {'bboxes': [[42.895999908447266, 20.272001266479492, 126.67200469970703, 172.81600952148438], [16.91200065612793, 107.18400573730469, 69.552001953125, 223.66400146484375], [66.41600036621094, 166.76800537109375, 109.87200164794922, 223.66400146484375], [111.66400146484375, 187.37600708007812, 159.82400512695312, 223.66400146484375], [169.6800079345703, 198.1280059814453, 219.4080047607422, 223.66400146484375], [66.41600036621094, 166.54400634765625, 85.68000030517578, 223.66400146484375], [125.7760009765625, 158.03199768066406, 162.2880096435547, 176.62400817871094], [38.63999938964844, 72.01599884033203, 87.69599914550781, 174.83200073242188], [125.7760009765625, 132.49600219726562, 149.07200622558594, 160.72000122070312], [162.0640106201172, 174.83200073242188, 200.59201049804688, 192.0800018310547]], 'labels': ['whiteboard', 'chair', 'chair', 'chair', 'chair', 'chair', 'chair', 'person', 'person', 'picnic basket']}}"
0188,"{'<DENSE_REGION_CAPTION>': {'bboxes': [[42.895999908447266, 20.04800033569336, 126.89600372314453, 169.0080108642578], [16.239999771118164, 107.18400573730469, 69.552001953125, 203.72801208496094], [65.96800231933594, 166.76800537109375, 109.87200164794922, 223.66400146484375], [111.66400146484375, 187.15200805664062, 159.82400512695312, 223.66400146484375], [169.6800079345703, 197.9040069580078, 219.4080047607422, 223.66400146484375], [65.96800231933594, 166.76800537109375, 85.90399932861328, 223.66400146484375], [125.552001953125, 158.03199768066406, 162.7360076904297, 176.62400817871094], [0.1120000034570694, 215.37600708007812, 21.168001174926758, 223.66400146484375]], 'labels': ['whiteboard', 'chair', 'chair', 'chair', 'chair', 'chair', 'chair', 'chair']}}"
0189,"{'<DENSE_REGION_CAPTION>': {'bboxes': [[42.895999908447266, 20.04800033569336, 126.67200469970703, 168.5600128173828], [16.239999771118164, 107.18400573730469, 69.552001953125, 203.72801208496094], [111.66400146484375, 187.37600708007812, 159.82400512695312, 223.66400146484375], [169.6800079345703, 198.1280059814453, 219.4080047607422, 223.66400146484375], [125.552001953125, 158.03199768066406, 162.0640106201172, 176.62400817871094], [0.1120000034570694, 215.37600708007812, 21.392000198364258, 223.66400146484375]], 'labels': ['whiteboard', 'chair', 'chair', 'chair', 'chair', 'chair']}}"
0190,"{'<DENSE_REGION_CAPTION>': {'bboxes': [[77.39200592041016, 175.27999877929688, 198.5760040283203, 223.66400146484375], [38.19200134277344, 72.91200256347656, 79.18400573730469, 171.0240020751953], [162.0640106201172, 174.83200073242188, 200.14401245117188, 191.8560028076172]], 'labels': ['desk', 'person', 'picnic basket']}}"
0191,"{'<DENSE_REGION_CAPTION>': {'bboxes': [[77.39200592041016, 175.50399780273438, 198.5760040283203, 223.66400146484375], [66.19200134277344, 166.99200439453125, 109.87200164794922, 223.66400146484375], [111.66400146484375, 187.37600708007812, 159.82400512695312, 223.66400146484375], [169.6800079345703, 198.1280059814453, 219.4080047607422, 223.66400146484375], [66.41600036621094, 166.99200439453125, 85.90399932861328, 223.66400146484375], [125.552001953125, 158.03199768066406, 162.2880096435547, 176.62400817871094], [18.48000144958496, 79.63200378417969, 82.31999969482422, 171.0240020751953], [81.42400360107422, 134.9600067138672, 104.27200317382812, 176.62400817871094], [101.8080062866211, 143.6959991455078, 116.36800384521484, 167.44000244140625]], 'labels': ['desk', 'chair', 'chair', 'chair', 'chair', 'chair', 'person', 'person', 'person']}}"
0192,"{'<DENSE_REGION_CAPTION>': {'bboxes': [[77.39200592041016, 175.72801208496094, 198.5760040283203, 223.66400146484375], [21.392000198364258, 77.16799926757812, 81.42400360107422, 170.8000030517578], [66.63999938964844, 148.84800720214844, 97.10400390625, 223.66400146484375], [125.3280029296875, 137.64801025390625, 162.0640106201172, 176.62400817871094], [119.2800064086914, 130.48001098632812, 147.27999877929688, 173.26400756835938], [94.19200134277344, 123.08800506591797, 114.57600402832031, 167.66400146484375], [149.96800231933594, 136.3040008544922, 169.4560089111328, 169.4560089111328], [80.08000183105469, 148.84800720214844, 97.10400390625, 185.36000061035156], [98.44800567626953, 143.4720001220703, 117.26399993896484, 167.88800048828125], [188.04800415039062, 138.32000732421875, 204.62400817871094, 166.54400634765625]], 'labels': ['desk', 'person', 'person', 'person', 'person', 'person', 'person', 'person', 'person', 'person']}}"
0193,"{'<DENSE_REGION_CAPTION>': {'bboxes': [[77.39200592041016, 175.27999877929688, 198.5760040283203, 223.66400146484375], [20.04800033569336, 81.87200164794922, 75.60000610351562, 223.66400146484375], [67.08800506591797, 149.07200622558594, 96.656005859375, 223.66400146484375], [125.552001953125, 137.64801025390625, 163.1840057373047, 176.62400817871094], [117.93600463867188, 132.27200317382812, 148.62400817871094, 173.26400756835938], [93.29600524902344, 126.00000762939453, 117.93600463867188, 167.66400146484375], [147.50399780273438, 140.11199951171875, 169.0080108642578, 168.5600128173828], [188.04800415039062, 140.11199951171875, 205.07200622558594, 166.76800537109375], [98.22400665283203, 144.1439971923828, 113.90400695800781, 167.66400146484375]], 'labels': ['desk', 'person', 'person', 'person', 'person', 'person', 'person', 'person', 'person']}}"
0194,"{'<DENSE_REGION_CAPTION>': {'bboxes': [[0.1120000034570694, 102.2560043334961, 68.8800048828125, 223.66400146484375], [67.08800506591797, 149.29600524902344, 95.76000213623047, 223.66400146484375], [117.48800659179688, 132.94400024414062, 148.62400817871094, 173.48800659179688], [94.63999938964844, 127.56800079345703, 113.45600128173828, 167.88800048828125]], 'labels': ['person', 'person', 'person', 'person']}}"
0195,"{'<DENSE_REGION_CAPTION>': {'bboxes': [[77.39200592041016, 175.72801208496094, 198.5760040283203, 223.66400146484375], [111.88800048828125, 187.15200805664062, 159.82400512695312, 223.66400146484375], [169.9040069580078, 197.9040069580078, 219.6320037841797, 223.66400146484375], [125.7760009765625, 158.03199768066406, 162.5120086669922, 176.62400817871094], [0.1120000034570694, 215.37600708007812, 21.392000198364258, 223.66400146484375]], 'labels': ['desk', 'chair', 'chair', 'chair', 'chair']}}"
0196,"{'<DENSE_REGION_CAPTION>': {'bboxes': [[77.61600494384766, 175.72801208496094, 198.5760040283203, 223.66400146484375], [111.88800048828125, 187.15200805664062, 159.82400512695312, 223.66400146484375], [169.9040069580078, 197.9040069580078, 219.6320037841797, 223.66400146484375], [67.08800506591797, 167.21600341796875, 85.68000030517578, 223.66400146484375], [125.7760009765625, 157.80799865722656, 162.7360076904297, 176.62400817871094], [0.1120000034570694, 215.15200805664062, 21.392000198364258, 223.66400146484375]], 'labels': ['desk', 'chair', 'chair', 'chair', 'chair', 'chair']}}"
0197,"{'<DENSE_REGION_CAPTION>': {'bboxes': [[42.895999908447266, 20.272001266479492, 126.67200469970703, 158.25601196289062], [125.7760009765625, 40.656002044677734, 200.81600952148438, 117.93600463867188], [111.66400146484375, 187.15200805664062, 160.04800415039062, 223.66400146484375], [169.6800079345703, 197.9040069580078, 219.6320037841797, 223.66400146484375], [125.552001953125, 158.03199768066406, 161.8400115966797, 176.84800720214844], [0.1120000034570694, 215.37600708007812, 21.392000198364258, 223.66400146484375]], 'labels': ['whiteboard', 'whiteboard', 'chair', 'chair', 'chair', 'chair']}}"
0198,"{'<DENSE_REGION_CAPTION>': {'bboxes': [[42.895999908447266, 19.82400131225586, 126.89600372314453, 142.3520050048828], [111.21600341796875, 187.15200805664062, 160.04800415039062, 223.66400146484375], [169.2320098876953, 197.6800079345703, 219.4080047607422, 223.66400146484375], [31.02400016784668, 67.08800506591797, 75.82400512695312, 192.7519989013672], [116.36800384521484, 128.68800354003906, 149.29600524902344, 172.36801147460938], [95.76000213623047, 129.13600158691406, 122.86400604248047, 166.76800537109375], [151.08799743652344, 141.4560089111328, 169.9040069580078, 169.4560089111328]], 'labels': ['whiteboard', 'chair', 'chair', 'person', 'person', 'person', 'person']}}"
0199,"{'<DENSE_REGION_CAPTION>': {'bboxes': [[42.895999908447266, 20.04800033569336, 127.12000274658203, 159.60000610351562], [77.39200592041016, 175.72801208496094, 198.5760040283203, 223.66400146484375], [111.44000244140625, 187.37600708007812, 159.82400512695312, 223.66400146484375], [169.2320098876953, 198.1280059814453, 219.4080047607422, 223.66400146484375], [31.696001052856445, 67.53600311279297, 56.112003326416016, 142.1280059814453], [125.10400390625, 137.42401123046875, 162.7360076904297, 176.62400817871094], [95.53600311279297, 129.80799865722656, 121.74400329589844, 168.7840118408203], [151.08799743652344, 140.7840118408203, 173.93600463867188, 169.9040069580078], [79.63200378417969, 154.0, 97.552001953125, 184.01600646972656]], 'labels': ['whiteboard', 'desk', 'chair', 'chair', 'person', 'person', 'person', 'person', 'person']}}"
0200,"{'<DENSE_REGION_CAPTION>': {'bboxes': [[42.895999908447266, 19.82400131225586, 126.89600372314453, 172.81600952148438], [77.16799926757812, 175.72801208496094, 198.5760040283203, 223.66400146484375], [29.00800132751465, 70.89600372314453, 71.34400177001953, 223.66400146484375], [29.23200035095215, 70.89600372314453, 71.12000274658203, 172.81600952148438], [124.8800048828125, 129.58399963378906, 163.1840057373047, 176.84800720214844], [96.20800018310547, 132.04800415039062, 124.4320068359375, 170.3520050048828]], 'labels': ['whiteboard', 'desk', 'person', 'person', 'person', 'person']}}"
0201,"{'<DENSE_REGION_CAPTION>': {'bboxes': [[42.895999908447266, 20.272001266479492, 126.89600372314453, 159.82400512695312], [125.3280029296875, 40.656002044677734, 200.81600952148438, 117.93600463867188], [111.44000244140625, 187.37600708007812, 160.04800415039062, 223.66400146484375], [169.2320098876953, 198.1280059814453, 219.6320037841797, 223.66400146484375], [31.248001098632812, 70.0, 73.36000061035156, 178.86399841308594], [124.8800048828125, 137.87200927734375, 162.7360076904297, 176.84800720214844], [96.8800048828125, 134.7360076904297, 119.5040054321289, 168.33599853515625], [80.52799987792969, 148.62400817871094, 100.68800354003906, 184.91200256347656], [149.96800231933594, 140.11199951171875, 168.5600128173828, 167.88800048828125]], 'labels': ['whiteboard', 'whiteboard', 'chair', 'chair', 'person', 'person', 'person', 'person', 'person']}}"
0202,"{'<DENSE_REGION_CAPTION>': {'bboxes': [[77.39200592041016, 175.50399780273438, 198.5760040283203, 223.66400146484375], [111.66400146484375, 187.37600708007812, 159.82400512695312, 223.66400146484375], [169.6800079345703, 198.1280059814453, 219.4080047607422, 223.66400146484375], [28.560001373291016, 70.0, 73.36000061035156, 198.1280059814453], [125.7760009765625, 138.09600830078125, 163.1840057373047, 176.62400817871094], [80.30400085449219, 149.07200622558594, 96.8800048828125, 185.36000061035156], [127.12000274658203, 137.87200927734375, 150.63999938964844, 160.72000122070312], [150.63999938964844, 140.11199951171875, 168.11199951171875, 164.5279998779297], [184.46400451660156, 138.99200439453125, 201.71200561523438, 161.39199829101562], [99.12000274658203, 145.93600463867188, 114.57600402832031, 167.44000244140625], [167.44000244140625, 138.54400634765625, 179.9840087890625, 159.15200805664062]], 'labels': ['desk', 'chair', 'chair', 'person', 'person', 'person', 'person', 'person', 'person', 'person', 'person']}}"
0203,"{'<DENSE_REGION_CAPTION>': {'bboxes': [[43.12000274658203, 20.272001266479492, 126.89600372314453, 159.37600708007812], [111.21600341796875, 187.15200805664062, 160.04800415039062, 223.66400146484375], [169.2320098876953, 197.9040069580078, 219.4080047607422, 223.66400146484375], [31.696001052856445, 70.67200469970703, 73.58399963378906, 199.2480010986328], [125.3280029296875, 138.54400634765625, 163.1840057373047, 176.62400817871094], [79.63200378417969, 149.07200622558594, 96.656005859375, 184.91200256347656], [150.19200134277344, 140.55999755859375, 168.7840118408203, 168.5600128173828]], 'labels': ['whiteboard', 'chair', 'chair', 'person', 'person', 'person', 'person']}}"
0204,"{'<DENSE_REGION_CAPTION>': {'bboxes': [[43.12000274658203, 20.496000289916992, 126.89600372314453, 159.37600708007812], [111.66400146484375, 187.37600708007812, 159.82400512695312, 223.66400146484375], [169.6800079345703, 198.1280059814453, 219.4080047607422, 223.66400146484375], [30.576000213623047, 70.0, 73.58399963378906, 173.26400756835938], [125.3280029296875, 138.76800537109375, 162.9600067138672, 176.84800720214844], [80.08000183105469, 149.74400329589844, 96.656005859375, 185.80799865722656], [150.19200134277344, 140.7840118408203, 169.4560089111328, 169.4560089111328], [126.89600372314453, 138.54400634765625, 150.41600036621094, 160.72000122070312], [183.79200744628906, 138.09600830078125, 201.71200561523438, 161.6160125732422]], 'labels': ['whiteboard', 'chair', 'chair', 'person', 'person', 'person', 'person', 'person', 'person']}}"
0205,"{'<DENSE_REGION_CAPTION>': {'bboxes': [[42.895999908447266, 20.272001266479492, 127.34400177001953, 159.82400512695312], [76.49600219726562, 175.27999877929688, 199.2480010986328, 223.66400146484375], [111.44000244140625, 187.15200805664062, 160.04800415039062, 223.66400146484375], [169.2320098876953, 197.9040069580078, 219.4080047607422, 223.66400146484375], [30.576000213623047, 70.44800567626953, 73.80799865722656, 173.71200561523438], [121.52000427246094, 137.64801025390625, 162.7360076904297, 176.62400817871094], [149.96800231933594, 140.55999755859375, 170.3520050048828, 166.09600830078125]], 'labels': ['whiteboard', 'table', 'chair', 'chair', 'person', 'person', 'person']}}"
0206,"{'<DENSE_REGION_CAPTION>': {'bboxes': [[42.895999908447266, 20.272001266479492, 126.89600372314453, 171.6959991455078], [111.66400146484375, 187.15200805664062, 160.04800415039062, 223.66400146484375], [31.02400016784668, 70.67200469970703, 73.80799865722656, 173.71200561523438], [123.08800506591797, 137.87200927734375, 163.4080047607422, 176.84800720214844], [150.41600036621094, 140.7840118408203, 169.6800079345703, 168.5600128173828]], 'labels': ['whiteboard', 'chair', 'person', 'person', 'person']}}"
0207,"{'<DENSE_REGION_CAPTION>': {'bboxes': [[77.39200592041016, 175.72801208496094, 198.5760040283203, 223.66400146484375], [31.920000076293945, 70.2239990234375, 74.0320053100586, 223.66400146484375], [124.8800048828125, 137.64801025390625, 163.1840057373047, 176.84800720214844], [81.20000457763672, 148.62400817871094, 99.34400177001953, 185.36000061035156], [149.96800231933594, 140.7840118408203, 169.0080108642578, 168.5600128173828]], 'labels': ['desk', 'person', 'person', 'person', 'person']}}"
0208,"{'<DENSE_REGION_CAPTION>': {'bboxes': [[77.39200592041016, 175.72801208496094, 198.5760040283203, 223.66400146484375], [34.15999984741211, 70.89600372314453, 74.0320053100586, 223.66400146484375], [124.656005859375, 137.1999969482422, 161.8400115966797, 176.62400817871094], [162.2880096435547, 174.16000366210938, 200.59201049804688, 192.3040008544922]], 'labels': ['desk', 'person', 'person', 'box']}}"
0209,"{'<DENSE_REGION_CAPTION>': {'bboxes': [[77.61600494384766, 175.95201110839844, 198.5760040283203, 223.66400146484375], [32.36800003051758, 70.44800567626953, 74.0320053100586, 223.66400146484375], [123.31200408935547, 142.1280059814453, 162.0640106201172, 176.62400817871094], [80.97600555419922, 149.07200622558594, 97.7760009765625, 184.91200256347656]], 'labels': ['desk', 'person', 'person', 'person']}}"
0210,"{'<DENSE_REGION_CAPTION>': {'bboxes': [[77.39200592041016, 175.72801208496094, 198.5760040283203, 223.66400146484375], [32.36800003051758, 70.44800567626953, 73.58399963378906, 223.66400146484375], [125.10400390625, 146.83200073242188, 161.6160125732422, 176.62400817871094], [81.64800262451172, 148.84800720214844, 99.12000274658203, 184.91200256347656]], 'labels': ['desk', 'person', 'person', 'person']}}"
0211,"{'<DENSE_REGION_CAPTION>': {'bboxes': [[77.39200592041016, 175.50399780273438, 198.1280059814453, 223.66400146484375], [33.93600082397461, 70.44800567626953, 73.80799865722656, 223.66400146484375], [66.41600036621094, 149.07200622558594, 98.67200469970703, 223.66400146484375], [124.8800048828125, 134.0640106201172, 161.39199829101562, 176.62400817871094], [162.0640106201172, 157.36000061035156, 200.81600952148438, 192.3040008544922]], 'labels': ['desk', 'person', 'person', 'person', 'picnic basket']}}"
0212,"{'<DENSE_REGION_CAPTION>': {'bboxes': [[77.39200592041016, 175.50399780273438, 198.1280059814453, 223.66400146484375], [33.93600082397461, 70.0, 73.58399963378906, 223.66400146484375], [118.60800170898438, 132.94400024414062, 223.66400146484375, 176.40000915527344], [118.60800170898438, 132.94400024414062, 149.74400329589844, 173.26400756835938], [80.97600555419922, 149.07200622558594, 98.22400665283203, 184.68800354003906]], 'labels': ['desk', 'person', 'person', 'person', 'person']}}"
0213,"{'<DENSE_REGION_CAPTION>': {'bboxes': [[77.39200592041016, 175.27999877929688, 198.1280059814453, 223.66400146484375], [111.66400146484375, 187.37600708007812, 160.04800415039062, 223.66400146484375], [169.6800079345703, 198.1280059814453, 219.4080047607422, 223.66400146484375], [125.7760009765625, 158.03199768066406, 162.7360076904297, 176.62400817871094], [0.1120000034570694, 215.37600708007812, 21.392000198364258, 223.66400146484375]], 'labels': ['desk', 'chair', 'chair', 'chair', 'chair']}}"
0214,"{'<DENSE_REGION_CAPTION>': {'bboxes': [[77.39200592041016, 175.27999877929688, 198.1280059814453, 223.66400146484375], [31.920000076293945, 70.44800567626953, 74.4800033569336, 223.66400146484375], [31.920000076293945, 70.44800567626953, 74.9280014038086, 173.71200561523438], [66.41600036621094, 149.07200622558594, 98.44800567626953, 223.66400146484375], [115.24800109863281, 137.1999969482422, 149.74400329589844, 173.26400756835938], [80.97600555419922, 149.07200622558594, 98.44800567626953, 185.36000061035156], [125.7760009765625, 137.1999969482422, 149.52000427246094, 161.39199829101562], [156.01600646972656, 144.1439971923828, 174.38400268554688, 175.05599975585938], [189.39199829101562, 132.27200317382812, 202.83200073242188, 162.0640106201172], [215.60000610351562, 144.81600952148438, 223.66400146484375, 167.21600341796875]], 'labels': ['desk', 'person', 'person', 'person', 'person', 'person', 'person', 'person', 'person', 'person']}}"
0215,"{'<DENSE_REGION_CAPTION>': {'bboxes': [[77.39200592041016, 175.72801208496094, 198.1280059814453, 223.66400146484375], [111.66400146484375, 187.37600708007812, 159.82400512695312, 223.66400146484375], [169.6800079345703, 198.1280059814453, 219.1840057373047, 223.66400146484375], [31.920000076293945, 89.71200561523438, 59.02400207519531, 150.19200134277344], [125.3280029296875, 137.1999969482422, 162.7360076904297, 176.84800720214844]], 'labels': ['desk', 'chair', 'chair', 'person', 'person']}}"
0216,"{'<DENSE_REGION_CAPTION>': {'bboxes': [[77.39200592041016, 175.72801208496094, 198.1280059814453, 223.66400146484375], [32.36800003051758, 70.89600372314453, 73.80799865722656, 223.66400146484375], [125.3280029296875, 136.9759979248047, 162.9600067138672, 176.62400817871094]], 'labels': ['desk', 'person', 'person']}}"
0217,"{'<DENSE_REGION_CAPTION>': {'bboxes': [[77.39200592041016, 175.50399780273438, 198.5760040283203, 223.66400146484375], [32.14400100708008, 70.67200469970703, 74.0320053100586, 223.66400146484375], [125.3280029296875, 136.9759979248047, 162.0640106201172, 176.62400817871094]], 'labels': ['desk', 'person', 'person']}}"
0218,"{'<DENSE_REGION_CAPTION>': {'bboxes': [[77.16799926757812, 175.50399780273438, 198.1280059814453, 223.66400146484375], [31.920000076293945, 70.67200469970703, 74.0320053100586, 223.66400146484375], [162.0640106201172, 156.91200256347656, 200.59201049804688, 192.0800018310547]], 'labels': ['desk', 'person', 'picnic basket']}}"
0219,"{'<DENSE_REGION_CAPTION>': {'bboxes': [[77.16799926757812, 175.27999877929688, 198.1280059814453, 223.66400146484375], [32.14400100708008, 70.89600372314453, 74.0320053100586, 223.66400146484375], [125.3280029296875, 137.42401123046875, 162.7360076904297, 176.84800720214844], [117.48800659179688, 137.1999969482422, 150.41600036621094, 173.04000854492188], [148.84800720214844, 141.9040069580078, 171.6959991455078, 170.8000030517578]], 'labels': ['desk', 'person', 'person', 'person', 'person']}}"
0220,"{'<DENSE_REGION_CAPTION>': {'bboxes': [[77.16799926757812, 175.27999877929688, 198.1280059814453, 223.66400146484375], [32.592002868652344, 70.89600372314453, 74.2560043334961, 223.66400146484375], [125.10400390625, 137.1999969482422, 163.1840057373047, 176.62400817871094], [185.13600158691406, 132.04800415039062, 219.4080047607422, 167.21600341796875], [149.29600524902344, 141.9040069580078, 172.59201049804688, 167.88800048828125]], 'labels': ['desk', 'person', 'person', 'person', 'person']}}"
0221,"{'<DENSE_REGION_CAPTION>': {'bboxes': [[77.39200592041016, 175.72801208496094, 198.1280059814453, 223.66400146484375], [33.48800277709961, 70.44800567626953, 74.0320053100586, 223.66400146484375], [125.3280029296875, 136.9759979248047, 162.7360076904297, 176.62400817871094], [192.0800018310547, 128.01600646972656, 223.66400146484375, 167.21600341796875], [117.26399993896484, 136.9759979248047, 149.52000427246094, 173.26400756835938], [149.52000427246094, 142.3520050048828, 172.36801147460938, 169.0080108642578]], 'labels': ['desk', 'person', 'person', 'person', 'person', 'person']}}"
0222,"{'<DENSE_REGION_CAPTION>': {'bboxes': [[77.39200592041016, 175.72801208496094, 198.1280059814453, 223.66400146484375], [31.920000076293945, 70.0, 77.39200592041016, 223.66400146484375], [125.3280029296875, 135.1840057373047, 162.2880096435547, 176.40000915527344], [116.81600189208984, 135.1840057373047, 150.86399841308594, 173.26400756835938], [149.52000427246094, 142.3520050048828, 169.0080108642578, 169.0080108642578]], 'labels': ['desk', 'person', 'person', 'person', 'person']}}"
0223,"{'<DENSE_REGION_CAPTION>': {'bboxes': [[77.39200592041016, 175.50399780273438, 198.1280059814453, 223.66400146484375], [31.02400016784668, 70.2239990234375, 74.0320053100586, 223.66400146484375], [116.59200286865234, 129.58399963378906, 149.07200622558594, 173.04000854492188], [81.87200164794922, 148.84800720214844, 99.34400177001953, 184.68800354003906], [97.552001953125, 149.96800231933594, 110.99200439453125, 167.44000244140625]], 'labels': ['desk', 'person', 'person', 'person', 'person']}}"
0224,"{'<DENSE_REGION_CAPTION>': {'bboxes': [[77.39200592041016, 175.72801208496094, 198.1280059814453, 223.66400146484375], [111.66400146484375, 187.37600708007812, 159.82400512695312, 223.66400146484375], [169.6800079345703, 197.9040069580078, 219.6320037841797, 223.66400146484375], [125.7760009765625, 158.03199768066406, 162.0640106201172, 176.62400817871094], [48.944000244140625, 76.27200317382812, 57.68000030517578, 97.3280029296875]], 'labels': ['desk', 'chair', 'chair', 'chair', 'human face']}}"
0225,"{'<DENSE_REGION_CAPTION>': {'bboxes': [[77.39200592041016, 175.72801208496094, 198.1280059814453, 223.66400146484375], [33.48800277709961, 71.12000274658203, 74.0320053100586, 223.66400146484375], [115.69600677490234, 129.58399963378906, 142.1280059814453, 173.04000854492188], [82.09600067138672, 149.29600524902344, 99.12000274658203, 184.01600646972656], [97.7760009765625, 150.19200134277344, 112.33600616455078, 167.44000244140625]], 'labels': ['desk', 'person', 'person', 'person', 'person']}}"
0226,"{'<DENSE_REGION_CAPTION>': {'bboxes': [[77.39200592041016, 175.72801208496094, 198.1280059814453, 223.66400146484375], [111.66400146484375, 187.37600708007812, 159.82400512695312, 223.66400146484375], [169.6800079345703, 197.9040069580078, 219.6320037841797, 223.66400146484375], [125.7760009765625, 158.03199768066406, 162.7360076904297, 176.62400817871094], [0.1120000034570694, 215.60000610351562, 21.392000198364258, 223.66400146484375]], 'labels': ['desk', 'chair', 'chair', 'chair', 'chair']}}"
0227,"{'<DENSE_REGION_CAPTION>': {'bboxes': [[77.39200592041016, 175.50399780273438, 198.1280059814453, 223.66400146484375], [32.36800003051758, 70.67200469970703, 74.0320053100586, 223.66400146484375], [162.0640106201172, 156.01600646972656, 200.59201049804688, 192.0800018310547]], 'labels': ['desk', 'person', 'picnic basket']}}"
0228,"{'<DENSE_REGION_CAPTION>': {'bboxes': [[42.895999908447266, 20.272001266479492, 126.89600372314453, 159.37600708007812], [77.39200592041016, 175.50399780273438, 198.5760040283203, 223.66400146484375], [32.14400100708008, 70.89600372314453, 73.80799865722656, 223.66400146484375], [125.3280029296875, 137.1999969482422, 162.5120086669922, 176.62400817871094], [81.20000457763672, 149.74400329589844, 98.67200469970703, 184.68800354003906], [149.52000427246094, 141.6800079345703, 169.6800079345703, 164.7519989013672], [96.8800048828125, 150.86399841308594, 111.44000244140625, 167.66400146484375]], 'labels': ['whiteboard', 'desk', 'person', 'person', 'person', 'person', 'person']}}"
0229,"{'<DENSE_REGION_CAPTION>': {'bboxes': [[77.39200592041016, 175.72801208496094, 198.5760040283203, 223.66400146484375], [66.19200134277344, 167.21600341796875, 110.31999969482422, 223.66400146484375], [111.66400146484375, 187.37600708007812, 159.82400512695312, 223.66400146484375], [169.6800079345703, 198.1280059814453, 219.4080047607422, 223.66400146484375], [66.63999938964844, 167.21600341796875, 85.90399932861328, 223.66400146484375], [125.7760009765625, 158.03199768066406, 161.6160125732422, 176.84800720214844], [33.71200180053711, 71.12000274658203, 73.80799865722656, 199.2480010986328], [125.7760009765625, 137.64801025390625, 161.8400115966797, 176.84800720214844], [81.87200164794922, 148.84800720214844, 100.46400451660156, 185.36000061035156], [125.552001953125, 130.92800903320312, 141.2320098876953, 161.16799926757812]], 'labels': ['desk', 'chair', 'chair', 'chair', 'chair', 'chair', 'person', 'person', 'person', 'person']}}"
0230,"{'<DENSE_REGION_CAPTION>': {'bboxes': [[42.895999908447266, 20.272001266479492, 126.89600372314453, 172.81600952148438], [77.16799926757812, 175.72801208496094, 198.1280059814453, 223.66400146484375], [33.71200180053711, 70.89600372314453, 73.58399963378906, 223.66400146484375], [114.80000305175781, 130.92800903320312, 151.31201171875, 173.26400756835938], [125.3280029296875, 137.42401123046875, 162.7360076904297, 176.62400817871094], [191.4080047607422, 132.04800415039062, 223.66400146484375, 167.44000244140625]], 'labels': ['whiteboard', 'desk', 'person', 'person', 'person', 'person']}}"
0231,"{'<DENSE_REGION_CAPTION>': {'bboxes': [[77.39200592041016, 175.72801208496094, 198.5760040283203, 223.66400146484375], [33.93600082397461, 70.67200469970703, 76.04800415039062, 223.66400146484375], [115.92000579833984, 131.15200805664062, 151.08799743652344, 173.26400756835938], [125.7760009765625, 137.42401123046875, 163.1840057373047, 176.84800720214844], [162.2880096435547, 157.80799865722656, 200.59201049804688, 192.0800018310547], [197.6800079345703, 187.37600708007812, 223.66400146484375, 214.70401000976562]], 'labels': ['desk', 'person', 'person', 'person', 'box', 'box']}}"
0232,"{'<DENSE_REGION_CAPTION>': {'bboxes': [[77.39200592041016, 175.72801208496094, 198.5760040283203, 223.66400146484375], [33.71200180053711, 70.89600372314453, 74.0320053100586, 223.66400146484375], [162.0640106201172, 157.80799865722656, 200.59201049804688, 192.0800018310547]], 'labels': ['desk', 'person', 'picnic basket']}}"
0233,"{'<DENSE_REGION_CAPTION>': {'bboxes': [[77.39200592041016, 175.72801208496094, 198.5760040283203, 223.66400146484375], [34.608001708984375, 70.89600372314453, 74.0320053100586, 223.66400146484375], [162.0640106201172, 157.80799865722656, 200.59201049804688, 192.0800018310547]], 'labels': ['desk', 'person', 'picnic basket']}}"
0234,"{'<DENSE_REGION_CAPTION>': {'bboxes': [[77.39200592041016, 175.72801208496094, 198.5760040283203, 223.66400146484375], [33.93600082397461, 70.67200469970703, 73.80799865722656, 223.66400146484375], [114.35200500488281, 110.31999969482422, 158.70401000976562, 173.48800659179688], [125.7760009765625, 110.31999969482422, 158.70401000976562, 160.72000122070312], [82.76800537109375, 147.05599975585938, 106.73600006103516, 184.91200256347656], [162.0640106201172, 174.38400268554688, 200.14401245117188, 192.0800018310547]], 'labels': ['desk', 'person', 'person', 'person', 'person', 'picnic basket']}}"
0235,"{'<DENSE_REGION_CAPTION>': {'bboxes': [[77.39200592041016, 175.72801208496094, 198.5760040283203, 223.66400146484375], [33.71200180053711, 70.67200469970703, 74.0320053100586, 223.66400146484375], [124.4320068359375, 122.19200134277344, 168.5600128173828, 162.0640106201172], [162.0640106201172, 157.80799865722656, 200.36801147460938, 192.0800018310547]], 'labels': ['desk', 'person', 'person', 'picnic basket']}}"
0236,"{'<DENSE_REGION_CAPTION>': {'bboxes': [[77.39200592041016, 175.95201110839844, 198.1280059814453, 223.66400146484375], [33.93600082397461, 70.67200469970703, 73.80799865722656, 223.66400146484375], [113.68000030517578, 131.82400512695312, 161.16799926757812, 173.48800659179688], [125.7760009765625, 131.82400512695312, 160.72000122070312, 162.7360076904297], [80.08000183105469, 149.74400329589844, 97.7760009765625, 184.91200256347656]], 'labels': ['desk', 'person', 'person', 'person', 'person']}}"
0237,"{'<DENSE_REGION_CAPTION>': {'bboxes': [[77.39200592041016, 175.72801208496094, 198.1280059814453, 223.66400146484375], [33.93600082397461, 70.89600372314453, 73.58399963378906, 223.66400146484375], [113.68000030517578, 131.37600708007812, 148.17601013183594, 173.26400756835938], [184.68800354003906, 132.94400024414062, 223.66400146484375, 167.21600341796875], [125.7760009765625, 138.32000732421875, 162.2880096435547, 176.84800720214844], [161.8400115966797, 156.01600646972656, 200.81600952148438, 192.0800018310547]], 'labels': ['desk', 'person', 'person', 'person', 'person', 'picnic basket']}}"
0238,"{'<DENSE_REGION_CAPTION>': {'bboxes': [[77.39200592041016, 175.95201110839844, 198.1280059814453, 223.66400146484375], [32.14400100708008, 70.67200469970703, 73.58399963378906, 223.66400146484375], [66.63999938964844, 153.10400390625, 94.19200134277344, 223.66400146484375], [125.3280029296875, 131.15200805664062, 148.62400817871094, 161.6160125732422], [212.01600646972656, 138.54400634765625, 223.66400146484375, 167.44000244140625]], 'labels': ['desk', 'person', 'person', 'person', 'person']}}"
0239,"{'<DENSE_REGION_CAPTION>': {'bboxes': [[77.39200592041016, 175.95201110839844, 198.1280059814453, 223.66400146484375], [33.93600082397461, 70.67200469970703, 74.2560043334961, 223.66400146484375], [67.08800506591797, 150.63999938964844, 110.09600067138672, 223.66400146484375], [125.3280029296875, 131.37600708007812, 161.16799926757812, 177.07200622558594], [162.0640106201172, 157.58399963378906, 200.59201049804688, 192.0800018310547]], 'labels': ['desk', 'person', 'person', 'person', 'picnic basket']}}"
0240,"{'<DENSE_REGION_CAPTION>': {'bboxes': [[77.39200592041016, 175.95201110839844, 198.1280059814453, 223.66400146484375], [34.15999984741211, 70.67200469970703, 73.36000061035156, 223.66400146484375], [125.3280029296875, 131.15200805664062, 162.0640106201172, 176.84800720214844], [80.75199890136719, 149.29600524902344, 97.7760009765625, 185.36000061035156], [125.3280029296875, 131.15200805664062, 141.6800079345703, 161.39199829101562], [211.56800842285156, 143.9199981689453, 223.66400146484375, 167.21600341796875]], 'labels': ['desk', 'person', 'person', 'person', 'person', 'person']}}"
0241,"{'<DENSE_REGION_CAPTION>': {'bboxes': [[77.39200592041016, 175.95201110839844, 198.1280059814453, 223.66400146484375], [33.93600082397461, 70.67200469970703, 74.0320053100586, 223.66400146484375], [162.0640106201172, 157.36000061035156, 201.26400756835938, 192.0800018310547]], 'labels': ['desk', 'person', 'picnic basket']}}"
0242,"{'<DENSE_REGION_CAPTION>': {'bboxes': [[77.39200592041016, 175.95201110839844, 198.1280059814453, 223.66400146484375], [34.15999984741211, 70.67200469970703, 74.0320053100586, 223.66400146484375], [125.552001953125, 138.54400634765625, 162.5120086669922, 176.84800720214844], [125.552001953125, 130.92800903320312, 148.62400817871094, 161.16799926757812], [147.05599975585938, 143.0240020751953, 168.5600128173828, 167.88800048828125], [212.46400451660156, 143.0240020751953, 223.66400146484375, 167.21600341796875]], 'labels': ['desk', 'person', 'person', 'person', 'person', 'person']}}"
0243,"{'<DENSE_REGION_CAPTION>': {'bboxes': [[77.39200592041016, 175.95201110839844, 198.1280059814453, 223.66400146484375], [32.14400100708008, 70.67200469970703, 74.0320053100586, 223.66400146484375], [125.3280029296875, 138.76800537109375, 163.1840057373047, 176.84800720214844], [81.87200164794922, 147.95201110839844, 102.2560043334961, 184.91200256347656], [162.0640106201172, 157.36000061035156, 201.26400756835938, 192.0800018310547]], 'labels': ['desk', 'person', 'person', 'person', 'picnic basket']}}"
0244,"{'<DENSE_REGION_CAPTION>': {'bboxes': [[77.39200592041016, 175.95201110839844, 198.1280059814453, 223.66400146484375], [111.66400146484375, 187.37600708007812, 159.82400512695312, 223.66400146484375], [169.6800079345703, 198.1280059814453, 219.4080047607422, 223.66400146484375], [125.7760009765625, 158.03199768066406, 162.2880096435547, 176.84800720214844], [0.1120000034570694, 215.82400512695312, 21.168001174926758, 223.66400146484375]], 'labels': ['desk', 'chair', 'chair', 'chair', 'chair']}}"
0245,"{'<DENSE_REGION_CAPTION>': {'bboxes': [[77.39200592041016, 175.95201110839844, 198.1280059814453, 223.66400146484375], [66.86399841308594, 166.99200439453125, 109.87200164794922, 223.66400146484375], [111.66400146484375, 187.37600708007812, 159.82400512695312, 223.66400146484375], [169.6800079345703, 198.1280059814453, 219.6320037841797, 223.66400146484375], [125.7760009765625, 158.03199768066406, 162.7360076904297, 177.07200622558594], [0.1120000034570694, 215.82400512695312, 21.168001174926758, 223.66400146484375]], 'labels': ['desk', 'chair', 'chair', 'chair', 'chair', 'chair']}}"
0246,"{'<DENSE_REGION_CAPTION>': {'bboxes': [[77.39200592041016, 175.95201110839844, 198.1280059814453, 223.66400146484375], [111.66400146484375, 187.37600708007812, 159.82400512695312, 223.66400146484375], [169.6800079345703, 198.1280059814453, 219.6320037841797, 223.66400146484375], [125.7760009765625, 158.03199768066406, 162.5120086669922, 177.07200622558594], [0.1120000034570694, 215.82400512695312, 21.168001174926758, 223.66400146484375]], 'labels': ['desk', 'chair', 'chair', 'chair', 'chair']}}"
0247,"{'<DENSE_REGION_CAPTION>': {'bboxes': [[77.16799926757812, 175.95201110839844, 198.1280059814453, 223.66400146484375], [111.21600341796875, 187.37600708007812, 159.82400512695312, 223.66400146484375], [169.6800079345703, 198.1280059814453, 219.4080047607422, 223.66400146484375], [125.552001953125, 158.03199768066406, 162.2880096435547, 177.07200622558594], [0.1120000034570694, 215.82400512695312, 20.944000244140625, 223.66400146484375]], 'labels': ['desk', 'chair', 'chair', 'chair', 'chair']}}"
0248,"{'<DENSE_REGION_CAPTION>': {'bboxes': [[43.12000274658203, 20.272001266479492, 126.89600372314453, 160.27200317382812], [77.16799926757812, 175.72801208496094, 198.1280059814453, 223.66400146484375], [34.608001708984375, 70.67200469970703, 73.58399963378906, 223.66400146484375], [162.0640106201172, 174.38400268554688, 200.14401245117188, 192.0800018310547]], 'labels': ['whiteboard', 'desk', 'person', 'picnic basket']}}"
0249,"{'<DENSE_REGION_CAPTION>': {'bboxes': [[42.895999908447266, 20.272001266479492, 126.89600372314453, 170.3520050048828], [77.16799926757812, 175.72801208496094, 198.1280059814453, 223.66400146484375], [33.93600082397461, 70.89600372314453, 73.80799865722656, 223.66400146484375], [161.8400115966797, 174.38400268554688, 200.36801147460938, 192.0800018310547]], 'labels': ['whiteboard', 'desk', 'person', 'picnic basket']}}"
0250,"{'<DENSE_REGION_CAPTION>': {'bboxes': [[77.16799926757812, 175.72801208496094, 198.1280059814453, 223.66400146484375], [33.48800277709961, 71.12000274658203, 73.80799865722656, 223.66400146484375], [125.7760009765625, 136.5279998779297, 162.9600067138672, 176.84800720214844], [82.54400634765625, 148.17601013183594, 100.24000549316406, 184.46400451660156], [149.07200622558594, 142.5760040283203, 168.5600128173828, 164.7519989013672]], 'labels': ['desk', 'person', 'person', 'person', 'person']}}"
0251,"{'<DENSE_REGION_CAPTION>': {'bboxes': [[77.16799926757812, 175.72801208496094, 198.1280059814453, 223.66400146484375], [65.52000427246094, 166.99200439453125, 97.3280029296875, 223.66400146484375], [111.66400146484375, 187.60000610351562, 159.60000610351562, 223.66400146484375], [169.6800079345703, 198.1280059814453, 219.4080047607422, 223.66400146484375], [125.3280029296875, 158.03199768066406, 162.7360076904297, 177.07200622558594], [48.720001220703125, 77.39200592041016, 58.12800216674805, 98.0]], 'labels': ['desk', 'chair', 'chair', 'chair', 'chair', 'human face']}}"
0252,"{'<DENSE_REGION_CAPTION>': {'bboxes': [[77.16799926757812, 175.72801208496094, 198.1280059814453, 223.66400146484375], [111.66400146484375, 187.37600708007812, 159.82400512695312, 223.66400146484375], [169.9040069580078, 198.1280059814453, 219.6320037841797, 223.66400146484375], [125.552001953125, 158.03199768066406, 163.1840057373047, 177.07200622558594]], 'labels': ['desk', 'chair', 'chair', 'chair']}}"
0253,"{'<DENSE_REGION_CAPTION>': {'bboxes': [[77.16799926757812, 175.72801208496094, 198.1280059814453, 223.66400146484375], [33.93600082397461, 70.89600372314453, 73.58399963378906, 223.66400146484375], [125.7760009765625, 137.42401123046875, 163.1840057373047, 176.84800720214844], [162.2880096435547, 157.58399963378906, 200.59201049804688, 192.0800018310547]], 'labels': ['desk', 'person', 'person', 'picnic basket']}}"
0254,"{'<DENSE_REGION_CAPTION>': {'bboxes': [[77.16799926757812, 175.72801208496094, 198.1280059814453, 223.66400146484375], [33.48800277709961, 70.89600372314453, 73.58399963378906, 223.66400146484375], [125.3280029296875, 136.3040008544922, 162.5120086669922, 176.62400817871094], [82.09600067138672, 148.17601013183594, 101.13600158691406, 184.46400451660156], [162.0640106201172, 157.80799865722656, 200.36801147460938, 192.0800018310547]], 'labels': ['desk', 'person', 'person', 'person', 'picnic basket']}}"
0255,"{'<DENSE_REGION_CAPTION>': {'bboxes': [[77.16799926757812, 175.72801208496094, 198.1280059814453, 223.66400146484375], [33.93600082397461, 71.12000274658203, 73.58399963378906, 223.66400146484375], [162.2880096435547, 157.58399963378906, 200.59201049804688, 192.0800018310547]], 'labels': ['desk', 'person', 'picnic basket']}}"
0256,"{'<DENSE_REGION_CAPTION>': {'bboxes': [[42.895999908447266, 20.272001266479492, 127.34400177001953, 159.37600708007812], [76.94400024414062, 175.72801208496094, 198.1280059814453, 223.66400146484375], [111.21600341796875, 187.37600708007812, 159.82400512695312, 223.66400146484375], [169.6800079345703, 198.1280059814453, 219.4080047607422, 223.66400146484375], [125.10400390625, 158.03199768066406, 162.7360076904297, 176.84800720214844]], 'labels': ['whiteboard', 'desk', 'chair', 'chair', 'chair']}}"
0257,"{'<DENSE_REGION_CAPTION>': {'bboxes': [[77.16799926757812, 175.72801208496094, 198.1280059814453, 223.66400146484375], [111.66400146484375, 187.37600708007812, 159.82400512695312, 223.66400146484375], [169.9040069580078, 198.1280059814453, 219.6320037841797, 223.66400146484375], [66.41600036621094, 166.99200439453125, 86.12800598144531, 223.66400146484375], [125.7760009765625, 158.03199768066406, 162.7360076904297, 176.84800720214844]], 'labels': ['desk', 'chair', 'chair', 'chair', 'chair']}}"
0258,"{'<DENSE_REGION_CAPTION>': {'bboxes': [[77.16799926757812, 175.72801208496094, 198.1280059814453, 223.66400146484375], [33.93600082397461, 70.67200469970703, 73.80799865722656, 223.66400146484375], [162.2880096435547, 157.36000061035156, 200.59201049804688, 192.0800018310547]], 'labels': ['desk', 'person', 'picnic basket']}}"
0259,"{'<DENSE_REGION_CAPTION>': {'bboxes': [[43.12000274658203, 20.04800033569336, 126.89600372314453, 159.37600708007812], [77.16799926757812, 175.72801208496094, 198.1280059814453, 223.66400146484375], [34.15999984741211, 71.79199981689453, 74.0320053100586, 223.66400146484375], [125.552001953125, 137.64801025390625, 162.9600067138672, 176.62400817871094], [81.87200164794922, 148.62400817871094, 100.24000549316406, 184.46400451660156]], 'labels': ['whiteboard', 'desk', 'person', 'person', 'person']}}"
0260,"{'<DENSE_REGION_CAPTION>': {'bboxes': [[77.16799926757812, 176.17601013183594, 198.1280059814453, 223.66400146484375], [32.14400100708008, 71.34400177001953, 74.0320053100586, 223.66400146484375], [125.3280029296875, 136.9759979248047, 163.1840057373047, 176.84800720214844], [117.48800659179688, 123.98400115966797, 142.8000030517578, 172.81600952148438], [81.87200164794922, 148.17601013183594, 101.13600158691406, 185.13600158691406]], 'labels': ['desk', 'person', 'person', 'person', 'person']}}"
0261,"{'<DENSE_REGION_CAPTION>': {'bboxes': [[77.16799926757812, 175.72801208496094, 198.1280059814453, 223.66400146484375], [33.93600082397461, 70.2239990234375, 73.58399963378906, 223.66400146484375], [125.3280029296875, 137.1999969482422, 163.1840057373047, 176.62400817871094], [117.93600463867188, 131.15200805664062, 144.36801147460938, 173.26400756835938], [81.87200164794922, 147.95201110839844, 101.36000061035156, 184.01600646972656]], 'labels': ['desk', 'person', 'person', 'person', 'person']}}"
0262,"{'<DENSE_REGION_CAPTION>': {'bboxes': [[77.16799926757812, 166.09600830078125, 198.1280059814453, 223.66400146484375], [34.15999984741211, 70.67200469970703, 73.80799865722656, 223.66400146484375], [66.63999938964844, 152.656005859375, 93.96800231933594, 223.66400146484375], [162.0640106201172, 157.36000061035156, 200.36801147460938, 192.0800018310547]], 'labels': ['desk', 'person', 'person', 'picnic basket']}}"
0263,"{'<DENSE_REGION_CAPTION>': {'bboxes': [[77.16799926757812, 175.72801208496094, 198.1280059814453, 223.66400146484375], [31.920000076293945, 70.67200469970703, 73.80799865722656, 223.66400146484375], [67.08800506591797, 151.760009765625, 93.74400329589844, 223.66400146484375], [125.3280029296875, 137.64801025390625, 162.0640106201172, 177.07200622558594], [161.8400115966797, 155.34400939941406, 200.14401245117188, 192.0800018310547]], 'labels': ['desk', 'person', 'person', 'person', 'picnic basket']}}"
0264,"{'<DENSE_REGION_CAPTION>': {'bboxes': [[77.16799926757812, 175.72801208496094, 198.1280059814453, 223.66400146484375], [32.14400100708008, 70.67200469970703, 73.80799865722656, 223.66400146484375], [67.08800506591797, 154.2239990234375, 91.9520034790039, 223.66400146484375], [162.0640106201172, 155.12001037597656, 200.14401245117188, 192.0800018310547]], 'labels': ['desk', 'person', 'person', 'picnic basket']}}"
0265,"{'<DENSE_REGION_CAPTION>': {'bboxes': [[77.16799926757812, 175.72801208496094, 198.1280059814453, 223.66400146484375], [32.14400100708008, 70.0, 73.80799865722656, 223.66400146484375], [67.08800506591797, 153.7760009765625, 110.31999969482422, 223.66400146484375], [67.08800506591797, 153.552001953125, 92.6240005493164, 223.66400146484375], [125.3280029296875, 134.7360076904297, 161.8400115966797, 176.84800720214844], [159.15200805664062, 136.5279998779297, 181.3280029296875, 167.88800048828125], [187.82400512695312, 132.72000122070312, 201.93600463867188, 160.72000122070312], [213.58399963378906, 138.76800537109375, 223.66400146484375, 167.21600341796875]], 'labels': ['desk', 'person', 'person', 'person', 'person', 'person', 'person', 'person']}}"
0266,"{'<DENSE_REGION_CAPTION>': {'bboxes': [[77.16799926757812, 176.17601013183594, 198.1280059814453, 223.66400146484375], [32.14400100708008, 70.0, 74.0320053100586, 223.66400146484375], [66.86399841308594, 153.10400390625, 91.9520034790039, 223.66400146484375], [125.552001953125, 137.64801025390625, 162.0640106201172, 177.07200622558594], [117.48800659179688, 129.58399963378906, 140.33599853515625, 173.26400756835938], [162.0640106201172, 157.58399963378906, 200.36801147460938, 192.0800018310547]], 'labels': ['desk', 'person', 'person', 'person', 'person', 'picnic basket']}}"
0267,"{'<DENSE_REGION_CAPTION>': {'bboxes': [[77.16799926757812, 175.95201110839844, 198.1280059814453, 223.66400146484375], [32.14400100708008, 70.0, 74.0320053100586, 223.66400146484375], [66.63999938964844, 154.447998046875, 91.9520034790039, 223.66400146484375], [125.552001953125, 136.9759979248047, 161.6160125732422, 176.84800720214844], [117.48800659179688, 129.13600158691406, 142.1280059814453, 173.26400756835938], [161.8400115966797, 136.5279998779297, 182.0, 170.3520050048828], [75.3759994506836, 154.447998046875, 91.7280044555664, 186.03201293945312], [214.25601196289062, 138.99200439453125, 223.66400146484375, 166.99200439453125]], 'labels': ['desk', 'person', 'person', 'person', 'person', 'person', 'person', 'person']}}"
0268,"{'<DENSE_REGION_CAPTION>': {'bboxes': [[77.16799926757812, 175.95201110839844, 198.1280059814453, 223.66400146484375], [32.14400100708008, 70.0, 74.0320053100586, 223.66400146484375], [161.6160125732422, 119.0560073852539, 200.14401245117188, 176.17601013183594], [117.48800659179688, 130.92800903320312, 147.05599975585938, 173.26400756835938], [125.552001953125, 142.8000030517578, 161.39199829101562, 176.84800720214844], [162.0640106201172, 157.36000061035156, 200.36801147460938, 192.0800018310547]], 'labels': ['desk', 'person', 'person', 'person', 'person', 'picnic basket']}}"
0269,"{'<DENSE_REGION_CAPTION>': {'bboxes': [[77.16799926757812, 175.50399780273438, 198.1280059814453, 223.66400146484375], [66.19200134277344, 166.99200439453125, 109.87200164794922, 223.66400146484375], [111.66400146484375, 187.37600708007812, 159.60000610351562, 223.66400146484375], [169.6800079345703, 198.1280059814453, 218.9600067138672, 223.66400146484375], [66.41600036621094, 166.99200439453125, 85.45600128173828, 223.66400146484375], [125.3280029296875, 158.03199768066406, 160.94400024414062, 177.07200622558594], [0.1120000034570694, 215.60000610351562, 20.944000244140625, 223.66400146484375]], 'labels': ['desk', 'chair', 'chair', 'chair', 'chair', 'chair', 'chair']}}"
0270,"{'<DENSE_REGION_CAPTION>': {'bboxes': [[77.16799926757812, 175.95201110839844, 198.1280059814453, 223.66400146484375], [33.48800277709961, 70.67200469970703, 74.0320053100586, 223.66400146484375], [162.0640106201172, 157.80799865722656, 200.81600952148438, 192.0800018310547]], 'labels': ['desk', 'person', 'picnic basket']}}"
0271,"{'<DENSE_REGION_CAPTION>': {'bboxes': [[77.16799926757812, 175.72801208496094, 198.1280059814453, 223.66400146484375], [32.14400100708008, 71.12000274658203, 74.0320053100586, 223.66400146484375], [162.0640106201172, 157.58399963378906, 200.81600952148438, 192.0800018310547]], 'labels': ['desk', 'person', 'picnic basket']}}"
0272,"{'<DENSE_REGION_CAPTION>': {'bboxes': [[77.16799926757812, 175.72801208496094, 198.1280059814453, 223.66400146484375], [32.14400100708008, 70.89600372314453, 74.2560043334961, 223.66400146484375], [125.552001953125, 139.66400146484375, 162.5120086669922, 176.84800720214844], [117.48800659179688, 130.48001098632812, 143.2480010986328, 173.26400756835938], [159.60000610351562, 136.5279998779297, 182.89601135253906, 168.7840118408203], [203.50401306152344, 141.0080108642578, 223.66400146484375, 167.44000244140625], [77.16799926757812, 156.68800354003906, 91.9520034790039, 184.91200256347656]], 'labels': ['desk', 'person', 'person', 'person', 'person', 'person', 'person']}}"
0273,"{'<DENSE_REGION_CAPTION>': {'bboxes': [[77.16799926757812, 175.72801208496094, 198.1280059814453, 223.66400146484375], [31.02400016784668, 72.46400451660156, 74.0320053100586, 223.66400146484375], [31.02400016784668, 72.46400451660156, 73.80799865722656, 175.72801208496094], [125.3280029296875, 139.44000244140625, 161.16799926757812, 176.84800720214844], [117.26399993896484, 130.03199768066406, 143.0240020751953, 173.26400756835938], [158.03199768066406, 136.7519989013672, 182.447998046875, 169.9040069580078], [77.61600494384766, 154.0, 93.29600524902344, 184.91200256347656]], 'labels': ['desk', 'person', 'person', 'person', 'person', 'person', 'person']}}"
0274,"{'<DENSE_REGION_CAPTION>': {'bboxes': [[77.16799926757812, 175.72801208496094, 198.5760040283203, 223.66400146484375], [31.02400016784668, 72.46400451660156, 73.58399963378906, 223.66400146484375], [125.552001953125, 141.0080108642578, 162.5120086669922, 176.84800720214844], [117.48800659179688, 130.48001098632812, 143.6959991455078, 173.26400756835938], [203.50401306152344, 140.11199951171875, 223.66400146484375, 167.21600341796875], [78.28800201416016, 154.2239990234375, 93.52000427246094, 184.91200256347656]], 'labels': ['desk', 'person', 'person', 'person', 'person', 'person']}}"
0275,"{'<DENSE_REGION_CAPTION>': {'bboxes': [[77.16799926757812, 175.72801208496094, 198.5760040283203, 223.66400146484375], [31.02400016784668, 72.68800354003906, 73.58399963378906, 223.66400146484375], [30.80000114440918, 72.46400451660156, 72.46400451660156, 175.05599975585938], [117.48800659179688, 130.48001098632812, 163.1840057373047, 172.81600952148438], [125.3280029296875, 141.4560089111328, 162.7360076904297, 176.84800720214844], [162.0640106201172, 157.80799865722656, 200.59201049804688, 192.0800018310547]], 'labels': ['desk', 'person', 'person', 'person', 'person', 'picnic basket']}}"
0276,"{'<DENSE_REGION_CAPTION>': {'bboxes': [[77.16799926757812, 175.95201110839844, 198.5760040283203, 223.66400146484375], [31.02400016784668, 72.91200256347656, 73.80799865722656, 223.66400146484375], [31.02400016784668, 72.91200256347656, 73.58399963378906, 175.05599975585938], [66.63999938964844, 151.9840087890625, 96.656005859375, 223.66400146484375], [117.48800659179688, 130.25599670410156, 154.0, 172.81600952148438], [162.0640106201172, 157.80799865722656, 200.81600952148438, 192.3040008544922]], 'labels': ['desk', 'person', 'person', 'person', 'person', 'picnic basket']}}"
0277,"{'<DENSE_REGION_CAPTION>': {'bboxes': [[77.16799926757812, 175.95201110839844, 198.1280059814453, 223.66400146484375], [31.02400016784668, 72.91200256347656, 73.80799865722656, 223.66400146484375], [31.02400016784668, 72.68800354003906, 73.80799865722656, 174.83200073242188], [162.0640106201172, 157.80799865722656, 200.59201049804688, 192.0800018310547]], 'labels': ['desk', 'person', 'person', 'picnic basket']}}"
0278,"{'<DENSE_REGION_CAPTION>': {'bboxes': [[77.16799926757812, 176.17601013183594, 198.1280059814453, 223.66400146484375], [31.02400016784668, 72.91200256347656, 73.80799865722656, 223.66400146484375], [31.02400016784668, 72.68800354003906, 73.80799865722656, 175.05599975585938], [162.0640106201172, 157.36000061035156, 200.81600952148438, 192.0800018310547]], 'labels': ['desk', 'person', 'person', 'picnic basket']}}"
0279,"{'<DENSE_REGION_CAPTION>': {'bboxes': [[77.16799926757812, 176.17601013183594, 198.1280059814453, 223.66400146484375], [31.02400016784668, 72.91200256347656, 73.80799865722656, 223.66400146484375], [119.0560073852539, 128.68800354003906, 144.1439971923828, 173.26400756835938], [80.52799987792969, 150.63999938964844, 102.2560043334961, 184.46400451660156], [211.56800842285156, 146.83200073242188, 223.66400146484375, 167.21600341796875]], 'labels': ['desk', 'person', 'person', 'person', 'person']}}"
0280,"{'<DENSE_REGION_CAPTION>': {'bboxes': [[76.94400024414062, 175.72801208496094, 198.1280059814453, 223.66400146484375], [31.02400016784668, 72.91200256347656, 74.0320053100586, 223.66400146484375], [118.16000366210938, 128.01600646972656, 157.13600158691406, 172.81600952148438], [162.0640106201172, 174.16000366210938, 200.14401245117188, 192.0800018310547]], 'labels': ['desk', 'person', 'person', 'picnic basket']}}"
0281,"{'<DENSE_REGION_CAPTION>': {'bboxes': [[77.16799926757812, 175.72801208496094, 198.1280059814453, 223.66400146484375], [31.02400016784668, 72.91200256347656, 74.0320053100586, 223.66400146484375], [162.0640106201172, 157.80799865722656, 200.36801147460938, 192.0800018310547]], 'labels': ['desk', 'person', 'picnic basket']}}"
0282,"{'<DENSE_REGION_CAPTION>': {'bboxes': [[77.16799926757812, 175.72801208496094, 198.1280059814453, 223.66400146484375], [31.02400016784668, 73.13600158691406, 74.0320053100586, 223.66400146484375], [120.1760025024414, 131.82400512695312, 163.8560028076172, 174.38400268554688], [162.0640106201172, 157.80799865722656, 200.59201049804688, 192.0800018310547]], 'labels': ['desk', 'person', 'person', 'picnic basket']}}"
0283,"{'<DENSE_REGION_CAPTION>': {'bboxes': [[77.16799926757812, 175.72801208496094, 198.1280059814453, 223.66400146484375], [31.02400016784668, 73.36000061035156, 74.0320053100586, 223.66400146484375], [30.80000114440918, 72.91200256347656, 72.46400451660156, 174.83200073242188], [162.0640106201172, 157.36000061035156, 200.59201049804688, 192.0800018310547]], 'labels': ['desk', 'person', 'person', 'picnic basket']}}"
0284,"{'<DENSE_REGION_CAPTION>': {'bboxes': [[76.94400024414062, 175.72801208496094, 198.1280059814453, 223.66400146484375], [31.02400016784668, 72.91200256347656, 74.0320053100586, 223.66400146484375], [120.4000015258789, 133.16799926757812, 164.0800018310547, 173.93600463867188], [162.2880096435547, 174.38400268554688, 200.14401245117188, 192.0800018310547]], 'labels': ['desk', 'person', 'person', 'picnic basket']}}"
0285,"{'<DENSE_REGION_CAPTION>': {'bboxes': [[77.16799926757812, 175.72801208496094, 198.1280059814453, 223.66400146484375], [31.02400016784668, 72.91200256347656, 79.85600280761719, 223.66400146484375], [162.2880096435547, 157.36000061035156, 200.36801147460938, 192.0800018310547]], 'labels': ['desk', 'person', 'picnic basket']}}"
0286,"{'<DENSE_REGION_CAPTION>': {'bboxes': [[77.16799926757812, 175.72801208496094, 198.1280059814453, 223.66400146484375], [31.02400016784668, 73.13600158691406, 74.0320053100586, 223.66400146484375], [125.3280029296875, 138.09600830078125, 163.1840057373047, 176.84800720214844], [120.1760025024414, 133.39199829101562, 143.9199981689453, 173.48800659179688], [162.0640106201172, 137.64801025390625, 181.10400390625, 166.99200439453125], [185.36000061035156, 136.5279998779297, 203.72801208496094, 166.99200439453125]], 'labels': ['desk', 'person', 'person', 'person', 'person', 'person']}}"
0287,"{'<DENSE_REGION_CAPTION>': {'bboxes': [[77.16799926757812, 175.72801208496094, 198.1280059814453, 223.66400146484375], [31.02400016784668, 73.13600158691406, 76.72000122070312, 223.66400146484375], [162.2880096435547, 155.34400939941406, 200.36801147460938, 192.0800018310547]], 'labels': ['desk', 'person', 'picnic basket']}}"
0288,"{'<DENSE_REGION_CAPTION>': {'bboxes': [[77.16799926757812, 175.72801208496094, 198.1280059814453, 223.66400146484375], [31.02400016784668, 72.91200256347656, 74.0320053100586, 223.66400146484375], [120.6240005493164, 133.61599731445312, 160.72000122070312, 173.48800659179688], [162.0640106201172, 157.36000061035156, 200.59201049804688, 192.0800018310547]], 'labels': ['desk', 'person', 'person', 'picnic basket']}}"
0289,"{'<DENSE_REGION_CAPTION>': {'bboxes': [[77.16799926757812, 175.72801208496094, 198.1280059814453, 223.66400146484375], [31.02400016784668, 72.91200256347656, 74.2560043334961, 223.66400146484375], [66.41600036621094, 147.27999877929688, 92.6240005493164, 223.66400146484375], [125.3280029296875, 136.9759979248047, 162.0640106201172, 176.84800720214844], [162.0640106201172, 157.80799865722656, 200.59201049804688, 192.0800018310547]], 'labels': ['desk', 'person', 'person', 'person', 'picnic basket']}}"
0290,"{'<DENSE_REGION_CAPTION>': {'bboxes': [[76.94400024414062, 175.95201110839844, 198.1280059814453, 223.66400146484375], [31.02400016784668, 72.68800354003906, 74.4800033569336, 223.66400146484375], [65.96800231933594, 147.05599975585938, 92.8479995727539, 223.66400146484375], [125.3280029296875, 141.9040069580078, 164.3040008544922, 177.07200622558594], [121.74400329589844, 133.8400115966797, 146.83200073242188, 173.04000854492188], [162.2880096435547, 157.80799865722656, 200.59201049804688, 192.0800018310547]], 'labels': ['desk', 'person', 'person', 'person', 'person', 'picnic basket']}}"
0291,"{'<DENSE_REGION_CAPTION>': {'bboxes': [[77.16799926757812, 175.95201110839844, 198.1280059814453, 223.66400146484375], [33.48800277709961, 72.01599884033203, 74.2560043334961, 223.66400146484375], [125.7760009765625, 140.11199951171875, 161.6160125732422, 176.84800720214844], [121.52000427246094, 134.0640106201172, 145.71200561523438, 173.71200561523438], [185.13600158691406, 137.1999969482422, 204.62400817871094, 167.44000244140625], [75.82400512695312, 155.12001037597656, 91.7280044555664, 186.25601196289062], [163.1840057373047, 137.64801025390625, 179.0880126953125, 165.64801025390625], [213.36000061035156, 139.21600341796875, 223.66400146484375, 167.21600341796875]], 'labels': ['desk', 'person', 'person', 'person', 'person', 'person', 'person', 'person']}}"
0292,"{'<DENSE_REGION_CAPTION>': {'bboxes': [[42.895999908447266, 20.272001266479492, 126.89600372314453, 159.37600708007812], [76.94400024414062, 175.95201110839844, 198.1280059814453, 223.66400146484375], [65.52000427246094, 167.21600341796875, 110.31999969482422, 223.66400146484375], [111.66400146484375, 187.37600708007812, 159.82400512695312, 223.66400146484375], [169.6800079345703, 198.1280059814453, 219.1840057373047, 223.66400146484375], [125.3280029296875, 158.03199768066406, 159.60000610351562, 177.07200622558594]], 'labels': ['whiteboard', 'desk', 'chair', 'chair', 'chair', 'chair']}}"
0293,"{'<DENSE_REGION_CAPTION>': {'bboxes': [[77.16799926757812, 176.17601013183594, 198.1280059814453, 223.66400146484375], [33.040000915527344, 71.79199981689453, 74.4800033569336, 223.66400146484375], [66.41600036621094, 149.96800231933594, 110.76800537109375, 223.66400146484375], [125.3280029296875, 142.1280059814453, 163.1840057373047, 177.07200622558594], [120.6240005493164, 133.8400115966797, 146.60800170898438, 173.48800659179688], [155.12001037597656, 132.94400024414062, 175.50399780273438, 167.88800048828125], [190.9600067138672, 130.25599670410156, 205.74400329589844, 160.27200317382812], [211.34400939941406, 138.99200439453125, 223.66400146484375, 167.21600341796875]], 'labels': ['desk', 'person', 'person', 'person', 'person', 'person', 'person', 'person']}}"
0294,"{'<DENSE_REGION_CAPTION>': {'bboxes': [[77.16799926757812, 176.17601013183594, 198.1280059814453, 223.66400146484375], [32.14400100708008, 71.79199981689453, 74.4800033569336, 223.66400146484375], [66.41600036621094, 150.19200134277344, 92.4000015258789, 223.66400146484375], [125.3280029296875, 140.11199951171875, 161.8400115966797, 177.07200622558594], [117.93600463867188, 133.61599731445312, 145.48800659179688, 173.71200561523438], [73.58399963378906, 150.41600036621094, 91.7280044555664, 186.48001098632812], [188.49600219726562, 131.60000610351562, 203.27999877929688, 160.04800415039062], [211.12001037597656, 138.99200439453125, 223.66400146484375, 166.99200439453125]], 'labels': ['desk', 'person', 'person', 'person', 'person', 'person', 'person', 'person']}}"
0295,"{'<DENSE_REGION_CAPTION>': {'bboxes': [[76.94400024414062, 176.17601013183594, 198.1280059814453, 223.66400146484375], [31.920000076293945, 71.56800079345703, 74.4800033569336, 223.66400146484375], [66.41600036621094, 151.5360107421875, 91.9520034790039, 223.66400146484375], [125.3280029296875, 141.0080108642578, 162.0640106201172, 177.07200622558594], [118.83200073242188, 133.39199829101562, 148.62400817871094, 173.48800659179688], [73.58399963378906, 151.5360107421875, 91.7280044555664, 186.25601196289062], [144.81600952148438, 141.0080108642578, 166.09600830078125, 167.88800048828125], [164.7519989013672, 136.7519989013672, 180.2080078125, 166.99200439453125], [210.67201232910156, 138.99200439453125, 223.66400146484375, 167.21600341796875]], 'labels': ['desk', 'person', 'person', 'person', 'person', 'person', 'person', 'person', 'person']}}"
0296,"{'<DENSE_REGION_CAPTION>': {'bboxes': [[77.16799926757812, 176.17601013183594, 198.1280059814453, 223.66400146484375], [32.14400100708008, 71.79199981689453, 73.80799865722656, 223.66400146484375], [66.41600036621094, 151.9840087890625, 92.4000015258789, 223.66400146484375], [125.552001953125, 140.11199951171875, 163.1840057373047, 176.84800720214844], [118.38400268554688, 133.8400115966797, 147.95201110839844, 173.26400756835938], [143.9199981689453, 140.11199951171875, 166.09600830078125, 175.95201110839844], [125.3280029296875, 133.8400115966797, 147.95201110839844, 160.94400024414062], [144.1439971923828, 140.11199951171875, 164.5279998779297, 163.8560028076172], [210.67201232910156, 138.99200439453125, 223.66400146484375, 166.99200439453125]], 'labels': ['desk', 'person', 'person', 'person', 'person', 'person', 'person', 'person', 'person']}}"
0297,"{'<DENSE_REGION_CAPTION>': {'bboxes': [[76.94400024414062, 176.17601013183594, 198.1280059814453, 223.66400146484375], [31.02400016784668, 71.79199981689453, 74.4800033569336, 223.66400146484375], [66.41600036621094, 150.63999938964844, 92.8479995727539, 223.66400146484375], [125.3280029296875, 138.76800537109375, 162.0640106201172, 177.07200622558594]], 'labels': ['desk', 'person', 'person', 'person']}}"
0298,"{'<DENSE_REGION_CAPTION>': {'bboxes': [[76.94400024414062, 176.17601013183594, 198.1280059814453, 223.66400146484375], [31.02400016784668, 72.68800354003906, 74.0320053100586, 223.66400146484375], [65.96800231933594, 149.52000427246094, 92.4000015258789, 223.66400146484375], [125.3280029296875, 135.1840057373047, 161.8400115966797, 176.84800720214844], [162.7360076904297, 137.64801025390625, 178.63999938964844, 167.66400146484375]], 'labels': ['desk', 'person', 'person', 'person', 'person']}}"
0299,"{'<DENSE_REGION_CAPTION>': {'bboxes': [[77.16799926757812, 176.17601013183594, 198.1280059814453, 223.66400146484375], [34.608001708984375, 72.91200256347656, 73.58399963378906, 223.66400146484375], [119.0560073852539, 134.7360076904297, 161.39199829101562, 173.93600463867188], [80.75199890136719, 145.93600463867188, 105.39200592041016, 185.36000061035156], [188.49600219726562, 131.82400512695312, 214.25601196289062, 167.21600341796875], [81.20000457763672, 145.93600463867188, 98.67200469970703, 185.36000061035156], [188.72000122070312, 131.82400512695312, 201.93600463867188, 161.6160125732422], [212.68800354003906, 138.99200439453125, 223.66400146484375, 167.21600341796875]], 'labels': ['desk', 'person', 'person', 'person', 'person', 'person', 'person', 'person']}}"
0300,"{'<DENSE_REGION_CAPTION>': {'bboxes': [[77.16799926757812, 176.17601013183594, 198.1280059814453, 223.66400146484375], [34.608001708984375, 72.91200256347656, 73.58399963378906, 223.66400146484375], [118.83200073242188, 134.5120086669922, 147.27999877929688, 173.48800659179688], [80.75199890136719, 147.50399780273438, 95.31200408935547, 185.58399963378906], [144.36801147460938, 139.21600341796875, 162.7360076904297, 163.4080047607422], [189.8400115966797, 130.92800903320312, 203.05599975585938, 162.0640106201172], [212.46400451660156, 138.99200439453125, 223.66400146484375, 167.21600341796875]], 'labels': ['desk', 'person', 'person', 'person', 'person', 'person', 'person']}}"
0301,"{'<DENSE_REGION_CAPTION>': {'bboxes': [[77.16799926757812, 176.40000915527344, 197.9040069580078, 223.66400146484375], [33.93600082397461, 73.13600158691406, 73.58399963378906, 223.66400146484375], [67.08800506591797, 148.62400817871094, 110.76800537109375, 223.66400146484375], [118.38400268554688, 134.7360076904297, 161.16799926757812, 176.84800720214844], [162.2880096435547, 157.80799865722656, 200.36801147460938, 192.0800018310547]], 'labels': ['desk', 'person', 'person', 'person', 'picnic basket']}}"
0302,"{'<DENSE_REGION_CAPTION>': {'bboxes': [[77.16799926757812, 176.17601013183594, 198.1280059814453, 223.66400146484375], [32.14400100708008, 73.13600158691406, 73.58399963378906, 223.66400146484375], [66.63999938964844, 149.07200622558594, 110.31999969482422, 223.66400146484375], [66.86399841308594, 149.07200622558594, 92.6240005493164, 223.66400146484375], [162.2880096435547, 157.80799865722656, 200.59201049804688, 192.0800018310547]], 'labels': ['desk', 'person', 'person', 'person', 'picnic basket']}}"
0303,"{'<DENSE_REGION_CAPTION>': {'bboxes': [[77.16799926757812, 176.17601013183594, 198.1280059814453, 223.66400146484375], [31.02400016784668, 72.91200256347656, 74.0320053100586, 223.66400146484375], [67.08800506591797, 148.84800720214844, 110.76800537109375, 223.66400146484375], [67.31200408935547, 148.84800720214844, 93.52000427246094, 223.66400146484375], [118.38400268554688, 133.8400115966797, 150.63999938964844, 173.48800659179688], [162.2880096435547, 157.80799865722656, 200.59201049804688, 192.3040008544922]], 'labels': ['desk', 'person', 'person', 'person', 'person', 'picnic basket']}}"
0304,"{'<DENSE_REGION_CAPTION>': {'bboxes': [[77.16799926757812, 176.17601013183594, 198.1280059814453, 223.66400146484375], [33.48800277709961, 72.91200256347656, 73.58399963378906, 223.66400146484375], [67.08800506591797, 149.74400329589844, 110.31999969482422, 223.66400146484375], [125.552001953125, 138.32000732421875, 161.39199829101562, 177.07200622558594], [162.0640106201172, 158.03199768066406, 200.59201049804688, 192.3040008544922]], 'labels': ['desk', 'person', 'person', 'person', 'picnic basket']}}"
0305,"{'<DENSE_REGION_CAPTION>': {'bboxes': [[77.16799926757812, 176.17601013183594, 198.1280059814453, 223.66400146484375], [34.15999984741211, 72.46400451660156, 74.2560043334961, 223.66400146484375], [66.63999938964844, 154.0, 91.9520034790039, 223.66400146484375], [125.552001953125, 138.99200439453125, 161.6160125732422, 177.07200622558594], [118.60800170898438, 128.91200256347656, 143.2480010986328, 173.26400756835938], [162.2880096435547, 157.58399963378906, 200.59201049804688, 192.3040008544922]], 'labels': ['desk', 'person', 'person', 'person', 'person', 'picnic basket']}}"
0306,"{'<DENSE_REGION_CAPTION>': {'bboxes': [[77.16799926757812, 176.17601013183594, 198.1280059814453, 223.66400146484375], [33.93600082397461, 72.01599884033203, 74.4800033569336, 223.66400146484375], [67.08800506591797, 150.86399841308594, 110.76800537109375, 223.66400146484375], [67.08800506591797, 150.63999938964844, 93.07200622558594, 223.66400146484375], [125.3280029296875, 140.33599853515625, 161.8400115966797, 177.07200622558594], [118.38400268554688, 128.24000549316406, 142.5760040283203, 173.48800659179688], [162.5120086669922, 155.34400939941406, 200.36801147460938, 192.0800018310547]], 'labels': ['desk', 'person', 'person', 'person', 'person', 'person', 'picnic basket']}}"
0307,"{'<DENSE_REGION_CAPTION>': {'bboxes': [[77.16799926757812, 176.17601013183594, 198.1280059814453, 223.66400146484375], [32.14400100708008, 72.24000549316406, 74.4800033569336, 223.66400146484375], [66.63999938964844, 150.19200134277344, 93.29600524902344, 223.66400146484375], [125.3280029296875, 139.21600341796875, 161.39199829101562, 177.07200622558594], [118.38400268554688, 128.68800354003906, 139.88800048828125, 173.26400756835938], [184.24000549316406, 136.9759979248047, 204.17601013183594, 167.21600341796875], [208.8800048828125, 147.95201110839844, 223.66400146484375, 167.44000244140625]], 'labels': ['desk', 'person', 'person', 'person', 'person', 'person', 'person']}}"
0308,"{'<DENSE_REGION_CAPTION>': {'bboxes': [[77.16799926757812, 176.17601013183594, 198.1280059814453, 223.66400146484375], [33.48800277709961, 72.24000549316406, 74.2560043334961, 223.66400146484375], [67.31200408935547, 150.41600036621094, 110.76800537109375, 223.66400146484375], [67.08800506591797, 150.19200134277344, 93.96800231933594, 223.66400146484375], [125.552001953125, 139.21600341796875, 161.16799926757812, 177.07200622558594], [162.2880096435547, 157.80799865722656, 200.59201049804688, 192.0800018310547]], 'labels': ['desk', 'person', 'person', 'person', 'person', 'picnic basket']}}"
0309,"{'<DENSE_REGION_CAPTION>': {'bboxes': [[77.16799926757812, 176.17601013183594, 198.1280059814453, 223.66400146484375], [33.93600082397461, 72.01599884033203, 73.58399963378906, 223.66400146484375], [67.08800506591797, 151.31201171875, 110.31999969482422, 223.66400146484375], [125.7760009765625, 142.1280059814453, 161.6160125732422, 177.07200622558594], [125.3280029296875, 127.79200744628906, 146.60800170898438, 161.39199829101562], [160.72000122070312, 136.9759979248047, 181.10400390625, 171.0240020751953], [184.24000549316406, 136.9759979248047, 204.62400817871094, 167.44000244140625], [213.36000061035156, 139.66400146484375, 223.66400146484375, 166.76800537109375]], 'labels': ['desk', 'person', 'person', 'person', 'person', 'person', 'person', 'person']}}"
0310,"{'<DENSE_REGION_CAPTION>': {'bboxes': [[77.16799926757812, 175.95201110839844, 198.1280059814453, 223.66400146484375], [32.14400100708008, 71.34400177001953, 73.80799865722656, 223.66400146484375], [67.08800506591797, 151.08799743652344, 110.54400634765625, 223.66400146484375], [125.552001953125, 136.7519989013672, 161.8400115966797, 177.07200622558594], [118.38400268554688, 127.56800079345703, 143.0240020751953, 173.26400756835938], [163.1840057373047, 136.5279998779297, 182.447998046875, 167.66400146484375], [140.55999755859375, 136.7519989013672, 158.70401000976562, 162.7360076904297], [211.56800842285156, 139.88800048828125, 223.66400146484375, 167.21600341796875]], 'labels': ['desk', 'person', 'person', 'person', 'person', 'person', 'person', 'person']}}"
0311,"{'<DENSE_REGION_CAPTION>': {'bboxes': [[77.16799926757812, 176.17601013183594, 198.1280059814453, 223.66400146484375], [32.36800003051758, 71.12000274658203, 73.80799865722656, 223.66400146484375], [125.552001953125, 137.42401123046875, 161.6160125732422, 177.07200622558594], [117.26399993896484, 127.79200744628906, 142.8000030517578, 172.81600952148438], [162.7360076904297, 135.6320037841797, 184.24000549316406, 168.5600128173828], [74.2560043334961, 151.760009765625, 91.7280044555664, 185.80799865722656], [140.33599853515625, 137.42401123046875, 159.37600708007812, 163.1840057373047], [184.46400451660156, 136.9759979248047, 197.0080108642578, 158.25601196289062]], 'labels': ['desk', 'person', 'person', 'person', 'person', 'person', 'person', 'person']}}"
0312,"{'<DENSE_REGION_CAPTION>': {'bboxes': [[77.16799926757812, 175.72801208496094, 198.1280059814453, 223.66400146484375], [33.48800277709961, 71.34400177001953, 73.58399963378906, 223.66400146484375], [67.08800506591797, 151.9840087890625, 110.31999969482422, 223.66400146484375], [125.3280029296875, 139.21600341796875, 161.8400115966797, 177.07200622558594], [117.48800659179688, 128.01600646972656, 146.16000366210938, 172.81600952148438], [160.27200317382812, 136.0800018310547, 183.34400939941406, 170.3520050048828], [73.36000061035156, 151.9840087890625, 91.5040054321289, 186.03201293945312], [144.36801147460938, 137.87200927734375, 162.0640106201172, 163.4080047607422], [183.79200744628906, 136.9759979248047, 197.2320098876953, 158.70401000976562], [95.76000213623047, 150.86399841308594, 112.56000518798828, 168.11199951171875]], 'labels': ['desk', 'person', 'person', 'person', 'person', 'person', 'person', 'person', 'person', 'person']}}"
0313,"{'<DENSE_REGION_CAPTION>': {'bboxes': [[77.16799926757812, 175.72801208496094, 198.1280059814453, 223.66400146484375], [66.19200134277344, 167.21600341796875, 97.10400390625, 223.66400146484375], [111.66400146484375, 187.37600708007812, 159.60000610351562, 223.66400146484375], [169.6800079345703, 198.1280059814453, 219.1840057373047, 223.66400146484375], [32.36800003051758, 72.01599884033203, 74.4800033569336, 195.21600341796875], [125.7760009765625, 137.1999969482422, 162.2880096435547, 177.07200622558594], [117.26399993896484, 129.13600158691406, 142.1280059814453, 173.04000854492188], [74.4800033569336, 151.760009765625, 91.7280044555664, 185.80799865722656], [139.44000244140625, 137.1999969482422, 157.13600158691406, 159.82400512695312], [184.46400451660156, 136.9759979248047, 197.0080108642578, 158.25601196289062], [172.36801147460938, 137.1999969482422, 184.24000549316406, 158.70401000976562], [214.70401000976562, 139.44000244140625, 223.66400146484375, 166.99200439453125], [95.31200408935547, 152.8800048828125, 108.97600555419922, 167.88800048828125]], 'labels': ['desk', 'chair', 'chair', 'chair', 'person', 'person', 'person', 'person', 'person', 'person', 'person', 'person', 'person']}}"
0314,"{'<DENSE_REGION_CAPTION>': {'bboxes': [[77.16799926757812, 175.72801208496094, 198.1280059814453, 223.66400146484375], [33.48800277709961, 71.79199981689453, 74.2560043334961, 223.66400146484375], [67.08800506591797, 151.31201171875, 110.54400634765625, 223.66400146484375], [125.552001953125, 141.2320098876953, 162.2880096435547, 177.07200622558594], [115.69600677490234, 129.58399963378906, 143.9199981689453, 172.81600952148438], [74.4800033569336, 151.31201171875, 91.9520034790039, 185.80799865722656], [140.55999755859375, 141.2320098876953, 161.6160125732422, 163.4080047607422], [184.68800354003906, 136.9759979248047, 197.0080108642578, 158.70401000976562], [94.63999938964844, 152.8800048828125, 108.75200653076172, 168.33599853515625]], 'labels': ['desk', 'person', 'person', 'person', 'person', 'person', 'person', 'person', 'person']}}"
0315,"{'<DENSE_REGION_CAPTION>': {'bboxes': [[77.16799926757812, 175.72801208496094, 198.1280059814453, 223.66400146484375], [32.36800003051758, 71.56800079345703, 74.2560043334961, 223.66400146484375], [115.69600677490234, 128.91200256347656, 144.59201049804688, 173.26400756835938], [125.552001953125, 142.3520050048828, 163.1840057373047, 177.07200622558594], [74.4800033569336, 151.5360107421875, 91.7280044555664, 185.80799865722656], [139.88800048828125, 142.3520050048828, 158.48001098632812, 162.7360076904297], [93.74400329589844, 152.4320068359375, 108.30400085449219, 168.33599853515625]], 'labels': ['desk', 'person', 'person', 'person', 'person', 'person', 'person']}}"
0316,"{'<DENSE_REGION_CAPTION>': {'bboxes': [[77.16799926757812, 175.72801208496094, 198.1280059814453, 223.66400146484375], [32.36800003051758, 71.34400177001953, 74.4800033569336, 223.66400146484375], [115.69600677490234, 128.24000549316406, 144.59201049804688, 173.26400756835938], [125.7760009765625, 142.3520050048828, 161.8400115966797, 177.07200622558594], [74.9280014038086, 151.08799743652344, 91.9520034790039, 185.58399963378906], [160.49600219726562, 141.2320098876953, 177.07200622558594, 168.33599853515625], [141.2320098876953, 142.3520050048828, 159.37600708007812, 162.7360076904297], [185.13600158691406, 137.64801025390625, 197.4560089111328, 158.70401000976562], [93.96800231933594, 151.5360107421875, 108.08000183105469, 168.33599853515625]], 'labels': ['desk', 'person', 'person', 'person', 'person', 'person', 'person', 'person', 'person']}}"
0317,"{'<DENSE_REGION_CAPTION>': {'bboxes': [[77.16799926757812, 175.72801208496094, 198.1280059814453, 223.66400146484375], [32.36800003051758, 71.34400177001953, 73.80799865722656, 223.66400146484375], [115.69600677490234, 128.24000549316406, 144.59201049804688, 173.26400756835938], [125.7760009765625, 142.3520050048828, 161.8400115966797, 177.07200622558594], [74.9280014038086, 151.08799743652344, 91.9520034790039, 185.80799865722656], [162.2880096435547, 174.38400268554688, 200.36801147460938, 192.0800018310547]], 'labels': ['desk', 'person', 'person', 'person', 'person', 'picnic basket']}}"
0318,"{'<DENSE_REGION_CAPTION>': {'bboxes': [[77.16799926757812, 175.72801208496094, 198.1280059814453, 223.66400146484375], [32.14400100708008, 71.56800079345703, 74.0320053100586, 223.66400146484375], [66.86399841308594, 151.31201171875, 110.31999969482422, 223.66400146484375], [115.24800109863281, 127.56800079345703, 144.1439971923828, 172.81600952148438], [125.552001953125, 141.2320098876953, 161.8400115966797, 177.07200622558594], [159.60000610351562, 134.9600067138672, 182.447998046875, 167.88800048828125], [74.2560043334961, 151.31201171875, 91.9520034790039, 185.80799865722656], [191.4080047607422, 132.27200317382812, 204.17601013183594, 160.04800415039062], [213.36000061035156, 139.88800048828125, 223.66400146484375, 166.99200439453125]], 'labels': ['desk', 'person', 'person', 'person', 'person', 'person', 'person', 'person', 'person']}}"
0319,"{'<DENSE_REGION_CAPTION>': {'bboxes': [[77.16799926757812, 175.72801208496094, 198.1280059814453, 223.66400146484375], [32.36800003051758, 71.79199981689453, 74.0320053100586, 223.66400146484375], [67.08800506591797, 149.52000427246094, 93.29600524902344, 223.66400146484375], [115.02400207519531, 127.79200744628906, 144.1439971923828, 172.81600952148438], [125.7760009765625, 140.33599853515625, 161.8400115966797, 177.07200622558594], [159.15200805664062, 135.4080047607422, 182.89601135253906, 168.33599853515625], [191.6320037841797, 131.37600708007812, 205.74400329589844, 160.27200317382812], [213.13600158691406, 138.99200439453125, 223.66400146484375, 167.21600341796875]], 'labels': ['desk', 'person', 'person', 'person', 'person', 'person', 'person', 'person']}}"
0320,"{'<DENSE_REGION_CAPTION>': {'bboxes': [[77.16799926757812, 176.40000915527344, 198.1280059814453, 223.66400146484375], [32.14400100708008, 72.68800354003906, 74.2560043334961, 223.66400146484375], [67.08800506591797, 149.07200622558594, 95.08800506591797, 223.66400146484375], [125.552001953125, 140.11199951171875, 163.4080047607422, 177.29600524902344], [114.12800598144531, 127.79200744628906, 143.4720001220703, 172.81600952148438], [161.16799926757812, 135.1840057373047, 181.7760009765625, 167.21600341796875], [213.36000061035156, 139.21600341796875, 223.66400146484375, 166.99200439453125]], 'labels': ['desk', 'person', 'person', 'person', 'person', 'person', 'person']}}"
0321,"{'<DENSE_REGION_CAPTION>': {'bboxes': [[77.16799926757812, 176.40000915527344, 198.1280059814453, 223.66400146484375], [32.14400100708008, 72.01599884033203, 74.2560043334961, 223.66400146484375], [67.08800506591797, 149.29600524902344, 94.19200134277344, 223.66400146484375], [125.552001953125, 140.11199951171875, 162.9600067138672, 177.29600524902344], [114.35200500488281, 127.79200744628906, 143.2480010986328, 173.26400756835938], [160.27200317382812, 133.8400115966797, 180.2080078125, 167.88800048828125], [77.61600494384766, 149.29600524902344, 93.96800231933594, 185.80799865722656], [213.13600158691406, 140.7840118408203, 223.66400146484375, 166.99200439453125]], 'labels': ['desk', 'person', 'person', 'person', 'person', 'person', 'person', 'person']}}"
0322,"{'<DENSE_REGION_CAPTION>': {'bboxes': [[77.16799926757812, 176.17601013183594, 198.1280059814453, 223.66400146484375], [31.920000076293945, 72.01599884033203, 74.0320053100586, 223.66400146484375], [67.08800506591797, 149.74400329589844, 93.96800231933594, 223.66400146484375], [125.552001953125, 139.66400146484375, 162.7360076904297, 177.29600524902344], [114.80000305175781, 127.79200744628906, 143.6959991455078, 173.26400756835938], [162.5120086669922, 157.58399963378906, 200.59201049804688, 192.3040008544922]], 'labels': ['desk', 'person', 'person', 'person', 'person', 'picnic basket']}}"
0323,"{'<DENSE_REGION_CAPTION>': {'bboxes': [[77.16799926757812, 176.17601013183594, 198.1280059814453, 223.66400146484375], [31.248001098632812, 72.01599884033203, 74.0320053100586, 223.66400146484375], [67.08800506591797, 149.74400329589844, 93.74400329589844, 223.66400146484375], [125.3280029296875, 139.88800048828125, 162.5120086669922, 177.07200622558594], [114.80000305175781, 129.13600158691406, 144.36801147460938, 172.81600952148438], [159.82400512695312, 136.7519989013672, 176.40000915527344, 168.33599853515625], [143.0240020751953, 140.11199951171875, 158.70401000976562, 162.0640106201172], [213.58399963378906, 139.21600341796875, 223.66400146484375, 166.76800537109375], [95.08800506591797, 151.31201171875, 110.09600067138672, 168.11199951171875]], 'labels': ['desk', 'person', 'person', 'person', 'person', 'person', 'person', 'person', 'person']}}"
0324,"{'<DENSE_REGION_CAPTION>': {'bboxes': [[77.16799926757812, 176.40000915527344, 198.1280059814453, 223.66400146484375], [31.02400016784668, 72.68800354003906, 74.2560043334961, 223.66400146484375], [67.08800506591797, 150.19200134277344, 93.74400329589844, 223.66400146484375], [125.3280029296875, 140.7840118408203, 163.1840057373047, 177.29600524902344], [114.35200500488281, 129.80799865722656, 143.9199981689453, 173.26400756835938], [142.5760040283203, 141.0080108642578, 165.20001220703125, 169.0080108642578], [160.04800415039062, 138.32000732421875, 176.17601013183594, 166.99200439453125]], 'labels': ['desk', 'person', 'person', 'person', 'person', 'person', 'person']}}"
0325,"{'<DENSE_REGION_CAPTION>': {'bboxes': [[77.16799926757812, 176.17601013183594, 198.1280059814453, 223.66400146484375], [31.248001098632812, 72.68800354003906, 74.2560043334961, 223.66400146484375], [66.86399841308594, 150.86399841308594, 93.07200622558594, 223.66400146484375], [125.3280029296875, 142.1280059814453, 162.7360076904297, 177.07200622558594], [114.35200500488281, 129.80799865722656, 143.4720001220703, 172.81600952148438], [142.5760040283203, 142.1280059814453, 166.32000732421875, 169.4560089111328], [159.82400512695312, 138.76800537109375, 176.40000915527344, 165.64801025390625], [95.31200408935547, 151.5360107421875, 110.31999969482422, 167.88800048828125]], 'labels': ['desk', 'person', 'person', 'person', 'person', 'person', 'person', 'person']}}"
0326,"{'<DENSE_REGION_CAPTION>': {'bboxes': [[77.16799926757812, 176.17601013183594, 198.1280059814453, 223.66400146484375], [31.02400016784668, 72.01599884033203, 74.2560043334961, 223.66400146484375], [67.08800506591797, 150.41600036621094, 110.76800537109375, 223.66400146484375], [67.31200408935547, 150.41600036621094, 93.29600524902344, 223.66400146484375], [125.3280029296875, 142.1280059814453, 162.0640106201172, 177.07200622558594], [114.80000305175781, 129.80799865722656, 143.9199981689453, 172.81600952148438], [156.46400451660156, 136.9759979248047, 177.96800231933594, 169.4560089111328], [204.17601013183594, 139.21600341796875, 223.66400146484375, 167.21600341796875], [142.5760040283203, 142.1280059814453, 158.92800903320312, 161.16799926757812], [95.31200408935547, 151.760009765625, 110.31999969482422, 167.88800048828125]], 'labels': ['desk', 'person', 'person', 'person', 'person', 'person', 'person', 'person', 'person', 'person']}}"
0327,"{'<DENSE_REGION_CAPTION>': {'bboxes': [[77.16799926757812, 176.40000915527344, 198.1280059814453, 223.66400146484375], [31.248001098632812, 72.24000549316406, 74.2560043334961, 223.66400146484375], [67.31200408935547, 149.74400329589844, 93.52000427246094, 223.66400146484375], [125.3280029296875, 142.1280059814453, 162.0640106201172, 177.07200622558594], [114.80000305175781, 129.80799865722656, 143.6959991455078, 173.04000854492188], [156.46400451660156, 136.9759979248047, 176.84800720214844, 169.9040069580078], [206.63999938964844, 139.21600341796875, 223.66400146484375, 167.21600341796875], [141.6800079345703, 142.1280059814453, 158.48001098632812, 161.39199829101562], [95.53600311279297, 151.5360107421875, 111.21600341796875, 168.11199951171875]], 'labels': ['desk', 'person', 'person', 'person', 'person', 'person', 'person', 'person', 'person']}}"
0328,"{'<DENSE_REGION_CAPTION>': {'bboxes': [[77.16799926757812, 176.40000915527344, 198.1280059814453, 223.66400146484375], [31.02400016784668, 72.46400451660156, 74.2560043334961, 223.66400146484375], [67.08800506591797, 149.96800231933594, 93.96800231933594, 223.66400146484375], [125.3280029296875, 142.3520050048828, 162.5120086669922, 177.29600524902344], [114.80000305175781, 128.24000549316406, 143.9199981689453, 173.26400756835938], [156.46400451660156, 136.9759979248047, 177.52000427246094, 169.9040069580078], [207.31201171875, 139.44000244140625, 223.66400146484375, 167.21600341796875], [95.53600311279297, 151.08799743652344, 110.99200439453125, 168.11199951171875]], 'labels': ['desk', 'person', 'person', 'person', 'person', 'person', 'person', 'person']}}"
0329,"{'<DENSE_REGION_CAPTION>': {'bboxes': [[77.16799926757812, 176.40000915527344, 198.1280059814453, 223.66400146484375], [31.248001098632812, 72.01599884033203, 74.0320053100586, 223.66400146484375], [67.08800506591797, 149.52000427246094, 94.19200134277344, 223.66400146484375], [125.3280029296875, 142.5760040283203, 162.7360076904297, 177.29600524902344], [114.80000305175781, 128.68800354003906, 143.4720001220703, 173.26400756835938], [191.6320037841797, 135.6320037841797, 223.66400146484375, 167.21600341796875], [158.03199768066406, 137.1999969482422, 178.19200134277344, 168.5600128173828], [191.6320037841797, 135.6320037841797, 208.4320068359375, 166.76800537109375], [207.31201171875, 139.44000244140625, 223.66400146484375, 167.21600341796875], [95.53600311279297, 151.31201171875, 110.09600067138672, 167.88800048828125]], 'labels': ['desk', 'person', 'person', 'person', 'person', 'person', 'person', 'person', 'person', 'person']}}"
0330,"{'<DENSE_REGION_CAPTION>': {'bboxes': [[77.16799926757812, 176.17601013183594, 198.1280059814453, 223.66400146484375], [31.02400016784668, 72.01599884033203, 74.2560043334961, 223.66400146484375], [67.08800506591797, 150.19200134277344, 93.74400329589844, 223.66400146484375], [125.3280029296875, 142.1280059814453, 161.8400115966797, 177.29600524902344], [191.6320037841797, 135.6320037841797, 214.70401000976562, 167.21600341796875], [126.22400665283203, 128.91200256347656, 146.38400268554688, 160.49600219726562], [160.72000122070312, 138.09600830078125, 178.19200134277344, 167.88800048828125], [213.36000061035156, 138.99200439453125, 223.66400146484375, 166.99200439453125]], 'labels': ['desk', 'person', 'person', 'person', 'person', 'person', 'person', 'person']}}"
0331,"{'<DENSE_REGION_CAPTION>': {'bboxes': [[77.16799926757812, 176.17601013183594, 198.1280059814453, 223.66400146484375], [31.02400016784668, 72.46400451660156, 74.4800033569336, 223.66400146484375], [67.08800506591797, 150.41600036621094, 93.29600524902344, 223.66400146484375], [125.3280029296875, 142.8000030517578, 162.5120086669922, 177.07200622558594], [162.0640106201172, 155.34400939941406, 200.59201049804688, 192.3040008544922]], 'labels': ['desk', 'person', 'person', 'person', 'picnic basket']}}"
0332,"{'<DENSE_REGION_CAPTION>': {'bboxes': [[76.94400024414062, 176.40000915527344, 197.6800079345703, 223.66400146484375], [31.02400016784668, 72.01599884033203, 74.0320053100586, 223.66400146484375], [67.08800506591797, 149.96800231933594, 93.74400329589844, 223.66400146484375], [125.3280029296875, 142.5760040283203, 162.5120086669922, 177.07200622558594], [117.26399993896484, 129.36000061035156, 146.16000366210938, 173.26400756835938], [190.5120086669922, 135.8560028076172, 211.34400939941406, 167.21600341796875]], 'labels': ['desk', 'person', 'person', 'person', 'person', 'person']}}"
0333,"{'<DENSE_REGION_CAPTION>': {'bboxes': [[77.16799926757812, 176.40000915527344, 197.6800079345703, 223.66400146484375], [31.02400016784668, 72.01599884033203, 74.0320053100586, 223.66400146484375], [67.08800506591797, 150.19200134277344, 93.29600524902344, 223.66400146484375], [125.3280029296875, 142.3520050048828, 162.2880096435547, 177.07200622558594], [116.36800384521484, 130.03199768066406, 146.83200073242188, 172.81600952148438], [190.9600067138672, 136.0800018310547, 212.68800354003906, 167.21600341796875], [76.27200317382812, 150.19200134277344, 93.07200622558594, 186.25601196289062], [160.49600219726562, 138.76800537109375, 178.41600036621094, 167.88800048828125], [95.98400115966797, 149.96800231933594, 110.99200439453125, 168.11199951171875]], 'labels': ['desk', 'person', 'person', 'person', 'person', 'person', 'person', 'person', 'person']}}"
0334,"{'<DENSE_REGION_CAPTION>': {'bboxes': [[76.94400024414062, 176.40000915527344, 198.1280059814453, 223.66400146484375], [31.02400016784668, 72.01599884033203, 74.0320053100586, 223.66400146484375], [66.63999938964844, 151.08799743652344, 92.8479995727539, 223.66400146484375], [125.3280029296875, 142.3520050048828, 162.5120086669922, 177.07200622558594], [113.90400695800781, 133.16799926757812, 146.38400268554688, 173.26400756835938], [162.0640106201172, 157.36000061035156, 200.36801147460938, 192.3040008544922]], 'labels': ['desk', 'person', 'person', 'person', 'person', 'picnic basket']}}"
0335,"{'<DENSE_REGION_CAPTION>': {'bboxes': [[76.94400024414062, 176.40000915527344, 198.1280059814453, 223.66400146484375], [31.696001052856445, 72.01599884033203, 74.4800033569336, 197.2320098876953], [66.63999938964844, 149.74400329589844, 96.20800018310547, 223.66400146484375], [125.3280029296875, 142.8000030517578, 163.6320037841797, 177.07200622558594]], 'labels': ['desk', 'person', 'person', 'person']}}"
0336,"{'<DENSE_REGION_CAPTION>': {'bboxes': [[76.94400024414062, 176.40000915527344, 198.1280059814453, 223.66400146484375], [32.14400100708008, 72.24000549316406, 74.2560043334961, 223.66400146484375], [117.48800659179688, 129.13600158691406, 147.27999877929688, 173.26400756835938], [125.7760009765625, 142.3520050048828, 162.9600067138672, 177.07200622558594], [190.9600067138672, 135.6320037841797, 212.01600646972656, 167.21600341796875], [82.09600067138672, 147.72801208496094, 98.89600372314453, 184.01600646972656], [209.3280029296875, 140.7840118408203, 223.66400146484375, 167.21600341796875], [97.3280029296875, 150.63999938964844, 112.11200714111328, 167.88800048828125]], 'labels': ['desk', 'person', 'person', 'person', 'person', 'person', 'person', 'person']}}"
0337,"{'<DENSE_REGION_CAPTION>': {'bboxes': [[76.94400024414062, 175.95201110839844, 198.1280059814453, 223.66400146484375], [31.248001098632812, 72.24000549316406, 74.7040023803711, 223.66400146484375], [117.04000091552734, 128.91200256347656, 156.24000549316406, 172.81600952148438], [73.13600158691406, 153.552001953125, 91.7280044555664, 185.36000061035156], [208.2080078125, 139.66400146484375, 223.66400146484375, 167.21600341796875], [159.60000610351562, 140.33599853515625, 175.72801208496094, 166.54400634765625], [96.20800018310547, 150.63999938964844, 111.88800048828125, 167.88800048828125]], 'labels': ['desk', 'person', 'person', 'person', 'person', 'person', 'person']}}"
0338,"{'<DENSE_REGION_CAPTION>': {'bboxes': [[77.16799926757812, 176.17601013183594, 198.1280059814453, 223.66400146484375], [31.920000076293945, 72.24000549316406, 74.4800033569336, 223.66400146484375], [115.02400207519531, 128.68800354003906, 146.16000366210938, 173.26400756835938], [72.68800354003906, 154.89601135253906, 91.7280044555664, 185.80799865722656], [208.4320068359375, 138.76800537109375, 223.66400146484375, 167.21600341796875]], 'labels': ['desk', 'person', 'person', 'person', 'person']}}"
0339,"{'<DENSE_REGION_CAPTION>': {'bboxes': [[76.94400024414062, 175.95201110839844, 198.1280059814453, 223.66400146484375], [66.19200134277344, 167.21600341796875, 97.10400390625, 223.66400146484375], [111.66400146484375, 187.60000610351562, 159.82400512695312, 223.66400146484375], [169.4560089111328, 198.3520050048828, 218.9600067138672, 223.66400146484375], [125.552001953125, 158.25601196289062, 162.0640106201172, 177.07200622558594], [0.1120000034570694, 215.82400512695312, 20.944000244140625, 223.66400146484375]], 'labels': ['desk', 'chair', 'chair', 'chair', 'chair', 'chair']}}"
0340,"{'<DENSE_REGION_CAPTION>': {'bboxes': [[77.16799926757812, 176.62400817871094, 197.9040069580078, 223.66400146484375], [31.920000076293945, 72.24000549316406, 74.2560043334961, 223.66400146484375], [118.60800170898438, 128.68800354003906, 147.27999877929688, 173.26400756835938], [125.7760009765625, 143.0240020751953, 163.1840057373047, 177.29600524902344], [81.64800262451172, 148.62400817871094, 100.24000549316406, 186.25601196289062], [126.44800567626953, 128.68800354003906, 147.05599975585938, 160.27200317382812], [208.2080078125, 140.55999755859375, 223.66400146484375, 167.44000244140625]], 'labels': ['desk', 'person', 'person', 'person', 'person', 'person', 'person']}}"
0341,"{'<DENSE_REGION_CAPTION>': {'bboxes': [[76.94400024414062, 176.40000915527344, 197.9040069580078, 223.66400146484375], [31.920000076293945, 72.24000549316406, 74.2560043334961, 223.66400146484375], [119.7280044555664, 130.03199768066406, 157.58399963378906, 173.71200561523438], [162.0640106201172, 157.58399963378906, 200.59201049804688, 192.0800018310547]], 'labels': ['desk', 'person', 'person', 'picnic basket']}}"
0342,"{'<DENSE_REGION_CAPTION>': {'bboxes': [[76.94400024414062, 176.40000915527344, 197.9040069580078, 223.66400146484375], [31.02400016784668, 72.01599884033203, 74.4800033569336, 199.92001342773438], [116.81600189208984, 129.80799865722656, 157.58399963378906, 173.26400756835938], [125.3280029296875, 143.0240020751953, 162.2880096435547, 177.07200622558594], [85.23200225830078, 146.16000366210938, 107.85600280761719, 170.8000030517578], [163.4080047607422, 138.32000732421875, 181.3280029296875, 165.64801025390625]], 'labels': ['desk', 'person', 'person', 'person', 'person', 'person']}}"
0343,"{'<DENSE_REGION_CAPTION>': {'bboxes': [[76.94400024414062, 176.40000915527344, 198.1280059814453, 223.66400146484375], [31.02400016784668, 72.01599884033203, 74.4800033569336, 200.14401245117188], [118.60800170898438, 130.03199768066406, 147.27999877929688, 173.48800659179688], [125.7760009765625, 143.2480010986328, 162.2880096435547, 177.29600524902344], [84.56000518798828, 146.83200073242188, 110.54400634765625, 171.6959991455078], [163.4080047607422, 137.64801025390625, 182.0, 165.20001220703125], [207.760009765625, 140.7840118408203, 223.66400146484375, 167.21600341796875]], 'labels': ['desk', 'person', 'person', 'person', 'person', 'person', 'person']}}"
0344,"{'<DENSE_REGION_CAPTION>': {'bboxes': [[76.94400024414062, 176.40000915527344, 198.1280059814453, 223.66400146484375], [31.02400016784668, 71.79199981689453, 74.0320053100586, 223.66400146484375], [118.60800170898438, 129.80799865722656, 156.68800354003906, 173.26400756835938], [125.3280029296875, 143.0240020751953, 161.8400115966797, 177.07200622558594], [162.2880096435547, 157.80799865722656, 200.36801147460938, 192.0800018310547], [162.5120086669922, 174.83200073242188, 200.14401245117188, 192.0800018310547]], 'labels': ['desk', 'person', 'person', 'person', 'picnic basket', 'picnic basket']}}"
0345,"{'<DENSE_REGION_CAPTION>': {'bboxes': [[76.94400024414062, 176.40000915527344, 198.1280059814453, 223.66400146484375], [32.14400100708008, 71.12000274658203, 74.2560043334961, 200.14401245117188], [119.0560073852539, 128.46400451660156, 146.83200073242188, 173.48800659179688], [125.552001953125, 143.0240020751953, 163.8560028076172, 177.07200622558594], [162.5120086669922, 174.83200073242188, 200.36801147460938, 192.3040008544922]], 'labels': ['desk', 'person', 'person', 'person', 'picnic basket']}}"
0346,"{'<DENSE_REGION_CAPTION>': {'bboxes': [[77.16799926757812, 176.62400817871094, 197.6800079345703, 223.66400146484375], [66.19200134277344, 167.21600341796875, 109.87200164794922, 223.66400146484375], [111.66400146484375, 187.60000610351562, 159.60000610351562, 223.66400146484375], [169.6800079345703, 198.1280059814453, 219.4080047607422, 223.66400146484375], [125.552001953125, 158.03199768066406, 161.6160125732422, 177.29600524902344], [45.80800247192383, 77.16799926757812, 54.992000579833984, 98.0]], 'labels': ['desk', 'chair', 'chair', 'chair', 'chair', 'human face']}}"
0347,"{'<DENSE_REGION_CAPTION>': {'bboxes': [[76.94400024414062, 176.40000915527344, 197.6800079345703, 223.66400146484375], [31.02400016784668, 71.79199981689453, 74.2560043334961, 223.66400146484375], [118.60800170898438, 128.68800354003906, 146.83200073242188, 173.26400756835938], [125.3280029296875, 143.2480010986328, 162.2880096435547, 177.29600524902344], [162.5120086669922, 174.83200073242188, 200.14401245117188, 192.3040008544922]], 'labels': ['desk', 'person', 'person', 'person', 'picnic basket']}}"
0348,"{'<DENSE_REGION_CAPTION>': {'bboxes': [[76.94400024414062, 176.62400817871094, 197.6800079345703, 223.66400146484375], [32.14400100708008, 71.79199981689453, 74.0320053100586, 223.66400146484375], [119.0560073852539, 128.91200256347656, 146.60800170898438, 173.48800659179688], [125.7760009765625, 143.2480010986328, 162.2880096435547, 177.29600524902344], [82.76800537109375, 147.05599975585938, 102.0320053100586, 173.93600463867188], [163.4080047607422, 137.64801025390625, 182.0, 164.5279998779297], [207.760009765625, 147.72801208496094, 223.66400146484375, 167.44000244140625]], 'labels': ['desk', 'person', 'person', 'person', 'person', 'person', 'person']}}"
0349,"{'<DENSE_REGION_CAPTION>': {'bboxes': [[76.94400024414062, 176.40000915527344, 197.6800079345703, 223.66400146484375], [32.14400100708008, 71.79199981689453, 74.2560043334961, 223.66400146484375], [117.93600463867188, 128.91200256347656, 146.38400268554688, 173.48800659179688], [125.552001953125, 143.0240020751953, 162.2880096435547, 177.29600524902344], [80.75199890136719, 147.95201110839844, 98.67200469970703, 185.36000061035156], [142.8000030517578, 143.0240020751953, 165.64801025390625, 167.88800048828125], [208.2080078125, 141.0080108642578, 223.66400146484375, 167.21600341796875], [166.76800537109375, 137.64801025390625, 179.0880126953125, 162.2880096435547], [96.656005859375, 150.86399841308594, 110.99200439453125, 167.88800048828125]], 'labels': ['desk', 'person', 'person', 'person', 'person', 'person', 'person', 'person', 'person']}}"
0350,"{'<DENSE_REGION_CAPTION>': {'bboxes': [[76.94400024414062, 176.17601013183594, 198.1280059814453, 223.66400146484375], [32.14400100708008, 71.34400177001953, 74.0320053100586, 223.66400146484375], [66.86399841308594, 148.17601013183594, 96.656005859375, 223.66400146484375], [125.3280029296875, 142.8000030517578, 161.8400115966797, 177.07200622558594], [119.7280044555664, 128.91200256347656, 146.60800170898438, 173.48800659179688], [95.31200408935547, 125.10400390625, 118.16000366210938, 166.99200439453125], [79.18400573730469, 148.17601013183594, 96.656005859375, 184.91200256347656], [161.8400115966797, 138.76800537109375, 182.2239990234375, 166.09600830078125], [210.2239990234375, 141.6800079345703, 223.66400146484375, 167.21600341796875], [94.86400604248047, 150.86399841308594, 110.09600067138672, 168.11199951171875]], 'labels': ['desk', 'person', 'person', 'person', 'person', 'person', 'person', 'person', 'person', 'person']}}"
0351,"{'<DENSE_REGION_CAPTION>': {'bboxes': [[76.94400024414062, 175.95201110839844, 197.6800079345703, 223.66400146484375], [31.02400016784668, 71.79199981689453, 74.0320053100586, 223.66400146484375], [125.3280029296875, 143.0240020751953, 163.1840057373047, 177.07200622558594], [120.1760025024414, 128.91200256347656, 147.72801208496094, 173.48800659179688], [97.10400390625, 127.79200744628906, 118.60800170898438, 167.21600341796875], [81.42400360107422, 147.50399780273438, 100.68800354003906, 175.50399780273438], [208.8800048828125, 141.6800079345703, 223.66400146484375, 167.21600341796875]], 'labels': ['desk', 'person', 'person', 'person', 'person', 'person', 'person']}}"
0352,"{'<DENSE_REGION_CAPTION>': {'bboxes': [[76.94400024414062, 176.17601013183594, 197.6800079345703, 223.66400146484375], [31.02400016784668, 72.01599884033203, 74.0320053100586, 223.66400146484375], [125.3280029296875, 142.8000030517578, 162.9600067138672, 177.07200622558594], [120.6240005493164, 128.91200256347656, 147.72801208496094, 173.26400756835938], [97.3280029296875, 128.24000549316406, 119.7280044555664, 167.88800048828125], [82.09600067138672, 147.05599975585938, 100.01600646972656, 184.91200256347656], [125.7760009765625, 128.91200256347656, 147.50399780273438, 160.72000122070312], [208.4320068359375, 141.9040069580078, 223.66400146484375, 167.21600341796875]], 'labels': ['desk', 'person', 'person', 'person', 'person', 'person', 'person', 'person']}}"
0353,"{'<DENSE_REGION_CAPTION>': {'bboxes': [[76.94400024414062, 176.17601013183594, 197.6800079345703, 223.66400146484375], [31.02400016784668, 72.01599884033203, 74.0320053100586, 223.66400146484375], [66.41600036621094, 151.760009765625, 91.9520034790039, 223.66400146484375], [125.3280029296875, 143.0240020751953, 162.9600067138672, 177.07200622558594], [119.7280044555664, 128.91200256347656, 147.50399780273438, 173.26400756835938], [96.20800018310547, 128.68800354003906, 119.7280044555664, 167.88800048828125], [157.13600158691406, 142.8000030517578, 178.41600036621094, 167.88800048828125], [208.2080078125, 141.9040069580078, 223.66400146484375, 167.21600341796875], [96.43199920654297, 151.08799743652344, 112.33600616455078, 168.11199951171875]], 'labels': ['desk', 'person', 'person', 'person', 'person', 'person', 'person', 'person', 'person']}}"
0354,"{'<DENSE_REGION_CAPTION>': {'bboxes': [[76.94400024414062, 175.95201110839844, 197.6800079345703, 223.66400146484375], [31.02400016784668, 71.79199981689453, 74.0320053100586, 223.66400146484375], [66.41600036621094, 152.2080078125, 91.9520034790039, 223.66400146484375], [125.3280029296875, 142.8000030517578, 162.7360076904297, 177.07200622558594], [118.38400268554688, 129.13600158691406, 147.72801208496094, 172.81600952148438], [95.76000213623047, 128.68800354003906, 119.2800064086914, 167.88800048828125], [207.760009765625, 140.7840118408203, 223.66400146484375, 167.21600341796875]], 'labels': ['desk', 'person', 'person', 'person', 'person', 'person', 'person']}}"
0355,"{'<DENSE_REGION_CAPTION>': {'bboxes': [[76.94400024414062, 175.72801208496094, 198.1280059814453, 223.66400146484375], [31.02400016784668, 72.01599884033203, 74.0320053100586, 223.66400146484375], [66.41600036621094, 151.31201171875, 92.4000015258789, 223.66400146484375], [125.3280029296875, 142.8000030517578, 163.1840057373047, 177.07200622558594], [96.20800018310547, 128.91200256347656, 119.2800064086914, 167.88800048828125], [125.3280029296875, 129.36000061035156, 147.72801208496094, 161.6160125732422], [207.760009765625, 141.0080108642578, 223.66400146484375, 167.21600341796875]], 'labels': ['desk', 'person', 'person', 'person', 'person', 'person', 'person']}}"
0356,"{'<DENSE_REGION_CAPTION>': {'bboxes': [[76.94400024414062, 175.95201110839844, 198.1280059814453, 223.66400146484375], [34.15999984741211, 73.80799865722656, 74.2560043334961, 223.66400146484375], [66.63999938964844, 150.19200134277344, 93.29600524902344, 223.66400146484375], [125.3280029296875, 142.8000030517578, 162.7360076904297, 177.07200622558594], [117.93600463867188, 129.58399963378906, 147.50399780273438, 173.26400756835938], [95.53600311279297, 119.5040054321289, 117.26399993896484, 166.76800537109375], [162.2880096435547, 157.58399963378906, 200.36801147460938, 192.3040008544922], [162.5120086669922, 174.83200073242188, 199.92001342773438, 192.3040008544922]], 'labels': ['desk', 'person', 'person', 'person', 'person', 'person', 'picnic basket', 'picnic basket']}}"
0357,"{'<DENSE_REGION_CAPTION>': {'bboxes': [[76.94400024414062, 175.95201110839844, 198.1280059814453, 223.66400146484375], [31.02400016784668, 72.68800354003906, 74.0320053100586, 223.66400146484375], [66.63999938964844, 149.52000427246094, 94.63999938964844, 223.66400146484375], [95.31200408935547, 106.06400299072266, 118.83200073242188, 168.11199951171875], [125.3280029296875, 143.0240020751953, 162.7360076904297, 177.07200622558594], [118.60800170898438, 128.91200256347656, 147.72801208496094, 173.26400756835938], [162.2880096435547, 174.83200073242188, 199.92001342773438, 192.3040008544922]], 'labels': ['desk', 'person', 'person', 'person', 'person', 'person', 'picnic basket']}}"
0358,"{'<DENSE_REGION_CAPTION>': {'bboxes': [[76.94400024414062, 176.17601013183594, 198.1280059814453, 223.66400146484375], [32.36800003051758, 72.01599884033203, 74.0320053100586, 223.66400146484375], [125.3280029296875, 142.8000030517578, 162.7360076904297, 177.07200622558594], [96.656005859375, 126.44800567626953, 121.07200622558594, 167.21600341796875], [81.42400360107422, 147.50399780273438, 100.01600646972656, 184.91200256347656]], 'labels': ['desk', 'person', 'person', 'person', 'person']}}"
0359,"{'<DENSE_REGION_CAPTION>': {'bboxes': [[76.94400024414062, 176.17601013183594, 198.1280059814453, 223.66400146484375], [33.48800277709961, 72.01599884033203, 74.0320053100586, 223.66400146484375], [125.3280029296875, 142.8000030517578, 163.1840057373047, 177.07200622558594], [120.1760025024414, 128.68800354003906, 147.72801208496094, 173.26400756835938], [162.5120086669922, 157.36000061035156, 200.36801147460938, 192.3040008544922], [162.5120086669922, 174.83200073242188, 200.14401245117188, 192.3040008544922]], 'labels': ['desk', 'person', 'person', 'person', 'picnic basket', 'picnic basket']}}"
0360,"{'<DENSE_REGION_CAPTION>': {'bboxes': [[76.94400024414062, 176.40000915527344, 197.9040069580078, 223.66400146484375], [32.36800003051758, 72.46400451660156, 74.0320053100586, 223.66400146484375], [125.3280029296875, 142.8000030517578, 162.2880096435547, 177.07200622558594], [125.3280029296875, 128.91200256347656, 148.17601013183594, 160.94400024414062], [159.60000610351562, 143.9199981689453, 177.96800231933594, 169.0080108642578], [208.8800048828125, 147.50399780273438, 223.66400146484375, 167.21600341796875]], 'labels': ['desk', 'person', 'person', 'person', 'person', 'person']}}"
0361,"{'<DENSE_REGION_CAPTION>': {'bboxes': [[76.94400024414062, 176.40000915527344, 198.1280059814453, 223.66400146484375], [32.36800003051758, 71.34400177001953, 74.0320053100586, 223.66400146484375], [125.3280029296875, 142.8000030517578, 162.7360076904297, 177.29600524902344], [96.656005859375, 128.01600646972656, 118.60800170898438, 167.88800048828125], [125.7760009765625, 128.91200256347656, 147.72801208496094, 160.72000122070312], [158.70401000976562, 144.81600952148438, 176.17601013183594, 169.4560089111328], [208.8800048828125, 147.27999877929688, 223.66400146484375, 167.44000244140625]], 'labels': ['desk', 'person', 'person', 'person', 'person', 'person', 'person']}}"
0362,"{'<DENSE_REGION_CAPTION>': {'bboxes': [[43.12000274658203, 20.272001266479492, 126.67200469970703, 159.37600708007812], [125.3280029296875, 40.656002044677734, 200.36801147460938, 118.38400268554688], [66.19200134277344, 167.44000244140625, 97.7760009765625, 223.66400146484375], [111.66400146484375, 187.60000610351562, 159.82400512695312, 223.66400146484375], [169.2320098876953, 198.1280059814453, 219.4080047607422, 223.66400146484375], [125.3280029296875, 158.03199768066406, 162.0640106201172, 177.29600524902344], [0.1120000034570694, 215.82400512695312, 20.944000244140625, 223.66400146484375]], 'labels': ['whiteboard', 'whiteboard', 'chair', 'chair', 'chair', 'chair', 'chair']}}"
0363,"{'<DENSE_REGION_CAPTION>': {'bboxes': [[76.94400024414062, 176.17601013183594, 198.1280059814453, 223.66400146484375], [31.02400016784668, 71.79199981689453, 74.4800033569336, 223.66400146484375], [125.3280029296875, 144.1439971923828, 163.1840057373047, 177.29600524902344], [118.83200073242188, 128.68800354003906, 143.9199981689453, 173.26400756835938], [74.7040023803711, 152.4320068359375, 92.1760025024414, 185.36000061035156], [157.36000061035156, 144.81600952148438, 175.72801208496094, 169.0080108642578], [208.8800048828125, 147.72801208496094, 223.66400146484375, 167.44000244140625]], 'labels': ['desk', 'person', 'person', 'person', 'person', 'person', 'person']}}"
0364,"{'<DENSE_REGION_CAPTION>': {'bboxes': [[76.94400024414062, 175.95201110839844, 198.1280059814453, 223.66400146484375], [31.02400016784668, 72.91200256347656, 74.2560043334961, 223.66400146484375], [66.63999938964844, 151.9840087890625, 94.19200134277344, 223.66400146484375], [125.3280029296875, 144.1439971923828, 162.7360076904297, 177.29600524902344], [125.10400390625, 129.36000061035156, 148.17601013183594, 160.72000122070312], [157.13600158691406, 143.0240020751953, 176.84800720214844, 169.6800079345703], [210.67201232910156, 145.93600463867188, 223.66400146484375, 167.21600341796875]], 'labels': ['desk', 'person', 'person', 'person', 'person', 'person', 'person']}}"
0365,"{'<DENSE_REGION_CAPTION>': {'bboxes': [[43.12000274658203, 20.272001266479492, 126.67200469970703, 169.0080108642578], [76.94400024414062, 176.17601013183594, 198.1280059814453, 223.66400146484375], [31.02400016784668, 72.01599884033203, 74.4800033569336, 223.66400146484375], [66.63999938964844, 151.760009765625, 94.41600036621094, 223.66400146484375], [125.3280029296875, 143.0240020751953, 162.7360076904297, 177.29600524902344], [157.13600158691406, 139.44000244140625, 176.84800720214844, 169.4560089111328]], 'labels': ['whiteboard', 'desk', 'person', 'person', 'person', 'person']}}"
0366,"{'<DENSE_REGION_CAPTION>': {'bboxes': [[76.94400024414062, 175.95201110839844, 198.1280059814453, 223.66400146484375], [31.248001098632812, 72.01599884033203, 74.4800033569336, 223.66400146484375], [66.63999938964844, 150.41600036621094, 95.53600311279297, 223.66400146484375], [125.3280029296875, 143.2480010986328, 162.5120086669922, 177.29600524902344], [124.8800048828125, 128.91200256347656, 146.38400268554688, 161.16799926757812], [157.58399963378906, 139.66400146484375, 177.29600524902344, 168.5600128173828]], 'labels': ['desk', 'person', 'person', 'person', 'person', 'person']}}"
0367,"{'<DENSE_REGION_CAPTION>': {'bboxes': [[42.895999908447266, 20.272001266479492, 126.89600372314453, 168.5600128173828], [76.94400024414062, 175.72801208496094, 198.1280059814453, 223.66400146484375], [31.02400016784668, 72.01599884033203, 74.4800033569336, 223.66400146484375], [66.63999938964844, 152.2080078125, 93.29600524902344, 223.66400146484375], [99.12000274658203, 107.18400573730469, 124.8800048828125, 166.09600830078125], [125.3280029296875, 143.2480010986328, 162.0640106201172, 177.29600524902344], [124.8800048828125, 129.13600158691406, 146.38400268554688, 161.16799926757812], [158.03199768066406, 141.0080108642578, 178.41600036621094, 169.0080108642578], [206.63999938964844, 147.27999877929688, 223.66400146484375, 167.44000244140625]], 'labels': ['whiteboard', 'desk', 'person', 'person', 'person', 'person', 'person', 'person', 'person']}}"
0368,"{'<DENSE_REGION_CAPTION>': {'bboxes': [[43.12000274658203, 20.272001266479492, 126.67200469970703, 159.60000610351562], [76.94400024414062, 176.17601013183594, 198.1280059814453, 223.66400146484375], [31.02400016784668, 72.01599884033203, 74.2560043334961, 223.66400146484375], [125.3280029296875, 143.6959991455078, 162.5120086669922, 177.07200622558594], [94.86400604248047, 128.68800354003906, 123.53600311279297, 167.44000244140625], [125.10400390625, 129.36000061035156, 146.60800170898438, 161.16799926757812], [78.06400299072266, 150.86399841308594, 95.08800506591797, 186.25601196289062], [158.03199768066406, 141.2320098876953, 179.0880126953125, 168.5600128173828], [209.10400390625, 146.83200073242188, 223.66400146484375, 167.44000244140625]], 'labels': ['whiteboard', 'desk', 'person', 'person', 'person', 'person', 'person', 'person', 'person']}}"
0369,"{'<DENSE_REGION_CAPTION>': {'bboxes': [[43.12000274658203, 20.04800033569336, 126.89600372314453, 159.37600708007812], [125.3280029296875, 40.656002044677734, 200.59201049804688, 118.60800170898438], [66.19200134277344, 166.09600830078125, 110.31999969482422, 223.66400146484375], [110.99200439453125, 187.37600708007812, 160.27200317382812, 223.66400146484375], [169.2320098876953, 198.1280059814453, 219.6320037841797, 223.66400146484375], [125.3280029296875, 143.4720001220703, 162.5120086669922, 177.29600524902344]], 'labels': ['whiteboard', 'whiteboard', 'chair', 'chair', 'chair', 'person']}}"
0370,"{'<DENSE_REGION_CAPTION>': {'bboxes': [[42.895999908447266, 20.272001266479492, 126.67200469970703, 159.37600708007812], [76.94400024414062, 176.17601013183594, 198.1280059814453, 223.66400146484375], [32.14400100708008, 72.46400451660156, 74.4800033569336, 223.66400146484375], [125.3280029296875, 143.6959991455078, 162.7360076904297, 177.29600524902344]], 'labels': ['whiteboard', 'desk', 'person', 'person']}}"
0371,"{'<DENSE_REGION_CAPTION>': {'bboxes': [[42.895999908447266, 20.272001266479492, 126.67200469970703, 172.81600952148438], [76.94400024414062, 176.17601013183594, 198.1280059814453, 223.66400146484375], [32.14400100708008, 72.46400451660156, 74.2560043334961, 223.66400146484375], [125.3280029296875, 143.6959991455078, 161.6160125732422, 177.29600524902344], [162.0640106201172, 174.83200073242188, 200.14401245117188, 192.3040008544922]], 'labels': ['whiteboard', 'desk', 'person', 'person', 'picnic basket']}}"
0372,"{'<DENSE_REGION_CAPTION>': {'bboxes': [[77.16799926757812, 176.17601013183594, 198.1280059814453, 223.66400146484375], [33.93600082397461, 72.01599884033203, 74.0320053100586, 223.66400146484375], [125.3280029296875, 143.2480010986328, 161.8400115966797, 177.07200622558594], [80.30400085449219, 147.27999877929688, 97.7760009765625, 184.46400451660156], [125.10400390625, 128.91200256347656, 144.1439971923828, 160.94400024414062], [161.16799926757812, 141.0080108642578, 181.10400390625, 167.88800048828125], [208.8800048828125, 147.50399780273438, 223.66400146484375, 167.21600341796875]], 'labels': ['desk', 'person', 'person', 'person', 'person', 'person', 'person']}}"
0373,"{'<DENSE_REGION_CAPTION>': {'bboxes': [[43.12000274658203, 20.04800033569336, 126.67200469970703, 159.15200805664062], [76.94400024414062, 176.17601013183594, 198.1280059814453, 223.66400146484375], [33.040000915527344, 72.01599884033203, 73.58399963378906, 223.66400146484375], [125.3280029296875, 143.2480010986328, 162.0640106201172, 177.07200622558594], [125.10400390625, 128.91200256347656, 146.83200073242188, 161.16799926757812], [208.8800048828125, 147.27999877929688, 223.66400146484375, 167.21600341796875]], 'labels': ['whiteboard', 'desk', 'person', 'person', 'person', 'person']}}"
0374,"{'<DENSE_REGION_CAPTION>': {'bboxes': [[42.895999908447266, 19.82400131225586, 127.12000274658203, 172.36801147460938], [76.94400024414062, 175.95201110839844, 198.1280059814453, 223.66400146484375], [32.14400100708008, 71.34400177001953, 73.58399963378906, 223.66400146484375], [82.76800537109375, 105.61600494384766, 119.9520034790039, 172.81600952148438], [125.3280029296875, 128.91200256347656, 158.25601196289062, 162.0640106201172], [162.2880096435547, 175.27999877929688, 200.14401245117188, 192.0800018310547]], 'labels': ['whiteboard', 'desk', 'person', 'person', 'person', 'picnic basket']}}"
0375,"{'<DENSE_REGION_CAPTION>': {'bboxes': [[43.34400177001953, 19.82400131225586, 126.67200469970703, 170.3520050048828], [125.7760009765625, 40.20800018310547, 200.81600952148438, 118.38400268554688], [18.928001403808594, 147.95201110839844, 52.52799987792969, 215.37600708007812], [111.66400146484375, 187.60000610351562, 159.82400512695312, 223.66400146484375], [170.1280059814453, 198.1280059814453, 219.4080047607422, 223.66400146484375], [67.08800506591797, 167.66400146484375, 85.68000030517578, 223.66400146484375], [162.7360076904297, 175.27999877929688, 200.14401245117188, 192.3040008544922], [32.14400100708008, 70.89600372314453, 74.2560043334961, 195.21600341796875], [82.09600067138672, 105.39200592041016, 122.86400604248047, 173.48800659179688], [125.3280029296875, 143.2480010986328, 162.7360076904297, 177.07200622558594], [102.9280014038086, 105.39200592041016, 122.86400604248047, 166.09600830078125], [125.10400390625, 129.13600158691406, 146.83200073242188, 161.8400115966797], [158.70401000976562, 138.54400634765625, 177.07200622558594, 165.64801025390625], [191.4080047607422, 137.1999969482422, 207.5360107421875, 166.76800537109375], [142.1280059814453, 143.2480010986328, 159.37600708007812, 162.0640106201172], [211.34400939941406, 146.16000366210938, 223.66400146484375, 167.21600341796875], [219.4080047607422, 138.99200439453125, 223.66400146484375, 166.54400634765625]], 'labels': ['whiteboard', 'whiteboard', 'chair', 'chair', 'chair', 'chair', 'box', 'person', 'person', 'person', 'person', 'person', 'person', 'person', 'person', 'person', 'person']}}"
0376,"{'<DENSE_REGION_CAPTION>': {'bboxes': [[80.52799987792969, 22.288000106811523, 165.42401123046875, 160.72000122070312], [114.12800598144531, 177.29600524902344, 223.66400146484375, 223.66400146484375], [70.67200469970703, 74.9280014038086, 111.66400146484375, 223.66400146484375], [70.89600372314453, 74.9280014038086, 111.66400146484375, 174.83200073242188], [151.08799743652344, 131.60000610351562, 185.58399963378906, 175.05599975585938]], 'labels': ['whiteboard', 'desk', 'person', 'person', 'person']}}"
0377,"{'<DENSE_REGION_CAPTION>': {'bboxes': [[63.50400161743164, 0.1120000034570694, 210.67201232910156, 223.66400146484375], [1.4560000896453857, 0.1120000034570694, 47.82400131225586, 62.384002685546875], [56.784000396728516, 72.01599884033203, 88.14400482177734, 135.8560028076172], [72.46400451660156, 56.112003326416016, 88.36800384521484, 92.1760025024414]], 'labels': ['whiteboard', 'poster', 'scarf', 'human face']}}"
0378,"{'<DENSE_REGION_CAPTION>': {'bboxes': [[99.56800079345703, 0.1120000034570694, 223.66400146484375, 223.66400146484375], [22.96000099182129, 0.1120000034570694, 129.58399963378906, 223.66400146484375], [64.6240005493164, 17.13599967956543, 85.90399932861328, 75.3759994506836]], 'labels': ['whiteboard', 'woman', 'human face']}}"
0379,"{'<DENSE_REGION_CAPTION>': {'bboxes': [[108.30400085449219, 0.1120000034570694, 223.66400146484375, 223.66400146484375], [31.02400016784668, 5.712000370025635, 138.76800537109375, 223.66400146484375], [73.13600158691406, 20.272001266479492, 95.31200408935547, 78.95999908447266]], 'labels': ['whiteboard', 'woman', 'human face']}}"
0380,"{'<DENSE_REGION_CAPTION>': {'bboxes': [[0.1120000034570694, 0.1120000034570694, 223.66400146484375, 223.66400146484375], [31.02400016784668, 5.263999938964844, 138.32000732421875, 223.66400146484375], [73.58399963378906, 19.152000427246094, 93.52000427246094, 73.13600158691406]], 'labels': ['whiteboard', 'woman', 'human face']}}"
0381,"{'<DENSE_REGION_CAPTION>': {'bboxes': [[107.63200378417969, 0.1120000034570694, 223.66400146484375, 223.66400146484375], [31.02400016784668, 6.6080002784729, 138.32000732421875, 223.66400146484375], [72.46400451660156, 18.48000144958496, 92.8479995727539, 76.72000122070312]], 'labels': ['whiteboard', 'woman', 'human face']}}"
0382,"{'<DENSE_REGION_CAPTION>': {'bboxes': [[106.73600006103516, 0.1120000034570694, 223.66400146484375, 223.66400146484375], [30.576000213623047, 8.848000526428223, 137.87200927734375, 223.66400146484375], [73.13600158691406, 20.944000244140625, 94.41600036621094, 78.51200103759766]], 'labels': ['whiteboard', 'woman', 'human face']}}"
0383,"{'<DENSE_REGION_CAPTION>': {'bboxes': [[154.89601135253906, 0.1120000034570694, 217.3920135498047, 98.22400665283203], [51.85600280761719, 36.176002502441406, 131.15200805664062, 223.66400146484375], [182.2239990234375, 111.66400146484375, 223.66400146484375, 223.66400146484375], [65.0719985961914, 70.0, 89.93600463867188, 141.0080108642578]], 'labels': ['whiteboard', 'person', 'person', 'scarf']}}"
0384,"{'<DENSE_REGION_CAPTION>': {'bboxes': [[78.51200103759766, 0.1120000034570694, 223.66400146484375, 223.66400146484375], [58.12800216674805, 44.2400016784668, 129.13600158691406, 223.66400146484375], [88.36800384521484, 54.768001556396484, 101.8080062866211, 90.38400268554688]], 'labels': ['whiteboard', 'woman', 'human face']}}"
0385,"{'<DENSE_REGION_CAPTION>': {'bboxes': [[66.19200134277344, 0.1120000034570694, 209.7760009765625, 223.66400146484375], [45.58399963378906, 43.56800079345703, 116.14400482177734, 223.66400146484375], [179.31201171875, 95.53600311279297, 206.19200134277344, 209.3280029296875], [186.70401000976562, 147.72801208496094, 223.66400146484375, 223.66400146484375], [132.27200317382812, 174.16000366210938, 163.6320037841797, 223.66400146484375], [158.03199768066406, 182.67201232910156, 177.29600524902344, 210.2239990234375]], 'labels': ['whiteboard', 'person', 'person', 'person', 'person', 'person']}}"
0386,"{'<DENSE_REGION_CAPTION>': {'bboxes': [[57.00800323486328, 0.1120000034570694, 199.6959991455078, 223.66400146484375], [37.29600143432617, 43.56800079345703, 107.40800476074219, 223.66400146484375], [168.33599853515625, 98.0, 197.2320098876953, 212.24000549316406], [184.24000549316406, 148.17601013183594, 223.66400146484375, 222.54400634765625], [123.08800506591797, 173.71200561523438, 168.11199951171875, 223.66400146484375], [65.0719985961914, 55.21600341796875, 79.85600280761719, 91.2800064086914], [201.93600463867188, 154.447998046875, 219.1840057373047, 182.67201232910156], [123.31200408935547, 182.447998046875, 135.6320037841797, 213.58399963378906]], 'labels': ['whiteboard', 'woman', 'woman', 'woman', 'woman', 'human face', 'human face', 'human face']}}"
0387,"{'<DENSE_REGION_CAPTION>': {'bboxes': [[57.45600128173828, 0.1120000034570694, 201.04000854492188, 223.66400146484375], [9.968000411987305, 104.72000122070312, 68.8800048828125, 223.66400146484375], [201.04000854492188, 153.3280029296875, 219.8560028076172, 182.67201232910156], [66.41600036621094, 54.544002532958984, 81.42400360107422, 87.47200012207031], [124.4320068359375, 182.67201232910156, 136.5279998779297, 214.03201293945312]], 'labels': ['whiteboard', 'chair', 'human face', 'human face', 'human face']}}"
0388,"{'<DENSE_REGION_CAPTION>': {'bboxes': [[58.12800216674805, 0.1120000034570694, 199.6959991455078, 192.97601318359375], [9.968000411987305, 104.72000122070312, 68.8800048828125, 223.66400146484375], [202.60800170898438, 153.552001953125, 223.66400146484375, 184.24000549316406], [67.53600311279297, 61.040000915527344, 82.76800537109375, 94.63999938964844], [118.38400268554688, 202.16000366210938, 129.58399963378906, 223.66400146484375], [145.04000854492188, 195.44000244140625, 155.79200744628906, 209.7760009765625]], 'labels': ['whiteboard', 'chair', 'human face', 'human face', 'human face', 'human face']}}"
0389,"{'<DENSE_REGION_CAPTION>': {'bboxes': [[58.12800216674805, 0.1120000034570694, 200.59201049804688, 192.0800018310547], [9.968000411987305, 105.39200592041016, 85.23200225830078, 223.66400146484375], [65.52000427246094, 63.50400161743164, 82.09600067138672, 97.3280029296875], [207.0880126953125, 151.760009765625, 223.66400146484375, 182.67201232910156], [117.26399993896484, 203.72801208496094, 129.13600158691406, 223.66400146484375], [144.81600952148438, 194.54400634765625, 156.01600646972656, 209.7760009765625]], 'labels': ['whiteboard', 'chair', 'human face', 'human face', 'human face', 'human face']}}"
0390,"{'<DENSE_REGION_CAPTION>': {'bboxes': [[0.1120000034570694, 52.30400085449219, 108.30400085449219, 223.66400146484375], [183.79200744628906, 143.2480010986328, 223.66400146484375, 222.09600830078125], [164.7519989013672, 104.72000122070312, 195.21600341796875, 210.67201232910156], [100.68800354003906, 177.74400329589844, 144.59201049804688, 223.66400146484375], [116.14400482177734, 177.74400329589844, 144.81600952148438, 223.66400146484375], [144.81600952148438, 181.10400390625, 166.99200439453125, 209.3280029296875]], 'labels': ['person', 'person', 'person', 'person', 'person', 'person']}}"
0391,"{'<DENSE_REGION_CAPTION>': {'bboxes': [[58.12800216674805, 0.1120000034570694, 200.14401245117188, 191.6320037841797], [9.968000411987305, 104.27200317382812, 85.90399932861328, 223.66400146484375], [33.040000915527344, 47.152000427246094, 108.30400085449219, 223.66400146484375], [180.656005859375, 143.9199981689453, 223.66400146484375, 222.32000732421875], [168.7840118408203, 100.24000549316406, 193.42401123046875, 208.656005859375], [117.71200561523438, 176.17601013183594, 146.60800170898438, 223.66400146484375], [143.2480010986328, 180.8800048828125, 164.5279998779297, 209.552001953125], [100.24000549316406, 206.864013671875, 123.76000213623047, 223.66400146484375]], 'labels': ['whiteboard', 'chair', 'person', 'person', 'person', 'person', 'person', 'person']}}"
0392,"{'<DENSE_REGION_CAPTION>': {'bboxes': [[58.12800216674805, 0.1120000034570694, 199.6959991455078, 191.8560028076172], [10.416000366210938, 104.72000122070312, 68.8800048828125, 223.66400146484375], [40.432003021240234, 43.79199981689453, 108.30400085449219, 223.66400146484375], [162.7360076904297, 83.44000244140625, 196.11199951171875, 208.656005859375], [181.10400390625, 143.9199981689453, 223.66400146484375, 222.09600830078125], [100.46400451660156, 174.60800170898438, 149.96800231933594, 223.66400146484375], [122.19200134277344, 174.60800170898438, 150.19200134277344, 223.66400146484375], [147.95201110839844, 179.0880126953125, 176.84800720214844, 208.8800048828125], [52.97600173950195, 177.29600524902344, 80.08000183105469, 219.1840057373047]], 'labels': ['whiteboard', 'chair', 'person', 'person', 'person', 'person', 'person', 'person', 'sneakers']}}"
0393,"{'<DENSE_REGION_CAPTION>': {'bboxes': [[58.12800216674805, 0.1120000034570694, 200.14401245117188, 191.8560028076172], [9.968000411987305, 104.72000122070312, 84.78400421142578, 223.66400146484375], [66.41600036621094, 54.768001556396484, 80.97600555419922, 91.2800064086914], [201.93600463867188, 149.52000427246094, 215.37600708007812, 179.760009765625], [122.64000701904297, 192.0800018310547, 133.39199829101562, 223.66400146484375]], 'labels': ['whiteboard', 'chair', 'human face', 'human face', 'human face']}}"
0394,"{'<DENSE_REGION_CAPTION>': {'bboxes': [[57.45600128173828, 0.1120000034570694, 200.59201049804688, 192.0800018310547], [38.41600036621094, 43.12000274658203, 108.75200653076172, 223.66400146484375], [157.13600158691406, 89.26399993896484, 199.4720001220703, 210.67201232910156], [184.91200256347656, 143.9199981689453, 223.66400146484375, 221.64801025390625], [123.76000213623047, 173.71200561523438, 154.67201232910156, 223.66400146484375], [150.41600036621094, 179.760009765625, 172.36801147460938, 208.656005859375]], 'labels': ['whiteboard', 'woman', 'person', 'person', 'person', 'person']}}"
0395,"{'<DENSE_REGION_CAPTION>': {'bboxes': [[57.45600128173828, 0.1120000034570694, 200.14401245117188, 218.9600067138672], [38.41600036621094, 43.56800079345703, 107.40800476074219, 223.66400146484375], [168.11199951171875, 92.1760025024414, 195.88800048828125, 211.12001037597656], [185.13600158691406, 145.26400756835938, 223.66400146484375, 222.54400634765625], [125.552001953125, 172.81600952148438, 156.46400451660156, 223.66400146484375], [151.31201171875, 180.8800048828125, 169.0080108642578, 208.4320068359375]], 'labels': ['whiteboard', 'person', 'person', 'person', 'person', 'person']}}"
0396,"{'<DENSE_REGION_CAPTION>': {'bboxes': [[58.12800216674805, 0.1120000034570694, 200.14401245117188, 218.7360076904297], [10.416000366210938, 105.61600494384766, 86.12800598144531, 223.66400146484375], [202.38400268554688, 149.74400329589844, 223.66400146484375, 180.656005859375], [67.08800506591797, 54.544002532958984, 80.97600555419922, 88.36800384521484], [125.3280029296875, 180.8800048828125, 136.7519989013672, 219.4080047607422]], 'labels': ['whiteboard', 'chair', 'human face', 'human face', 'human face']}}"
0397,"{'<DENSE_REGION_CAPTION>': {'bboxes': [[57.00800323486328, 0.1120000034570694, 201.04000854492188, 192.0800018310547], [9.968000411987305, 105.39200592041016, 86.80000305175781, 223.66400146484375], [125.10400390625, 180.8800048828125, 137.1999969482422, 219.8560028076172], [201.93600463867188, 150.19200134277344, 216.72000122070312, 181.7760009765625], [66.41600036621094, 58.57600021362305, 80.30400085449219, 86.35200500488281], [216.04800415039062, 170.8000030517578, 223.66400146484375, 196.33599853515625]], 'labels': ['whiteboard', 'chair', 'human face', 'human face', 'human face', 'human face']}}"
0398,"{'<DENSE_REGION_CAPTION>': {'bboxes': [[57.45600128173828, 0.1120000034570694, 200.36801147460938, 192.0800018310547], [9.968000411987305, 105.39200592041016, 85.90399932861328, 223.66400146484375], [62.832000732421875, 59.02400207519531, 81.87200164794922, 94.19200134277344], [126.67200469970703, 178.19200134277344, 138.76800537109375, 219.4080047607422], [202.16000366210938, 150.63999938964844, 216.27200317382812, 181.552001953125]], 'labels': ['whiteboard', 'chair', 'human face', 'human face', 'human face']}}"
0399,"{'<DENSE_REGION_CAPTION>': {'bboxes': [[57.45600128173828, 0.1120000034570694, 200.14401245117188, 218.0640106201172], [10.416000366210938, 105.39200592041016, 85.23200225830078, 223.66400146484375], [67.76000213623047, 54.992000579833984, 82.76800537109375, 91.7280044555664], [199.2480010986328, 149.74400329589844, 213.36000061035156, 180.2080078125]], 'labels': ['whiteboard', 'chair', 'human face', 'human face']}}"
0400,"{'<DENSE_REGION_CAPTION>': {'bboxes': [[58.12800216674805, 0.1120000034570694, 199.6959991455078, 164.5279998779297], [10.416000366210938, 105.39200592041016, 86.12800598144531, 223.66400146484375], [64.6240005493164, 55.21600341796875, 80.52799987792969, 91.9520034790039], [124.4320068359375, 179.9840087890625, 135.1840057373047, 221.42401123046875], [202.60800170898438, 152.656005859375, 215.37600708007812, 182.89601135253906]], 'labels': ['whiteboard', 'chair', 'human face', 'human face', 'human face']}}"
0401,"{'<DENSE_REGION_CAPTION>': {'bboxes': [[58.57600021362305, 0.1120000034570694, 199.6959991455078, 192.0800018310547], [38.8640022277832, 44.4640007019043, 130.25599670410156, 223.66400146484375], [84.33600616455078, 153.10400390625, 152.656005859375, 223.66400146484375], [152.8800048828125, 99.34400177001953, 190.2880096435547, 212.01600646972656], [187.60000610351562, 146.60800170898438, 223.66400146484375, 221.42401123046875], [52.75200271606445, 182.89601135253906, 73.80799865722656, 219.4080047607422]], 'labels': ['whiteboard', 'person', 'person', 'person', 'person', 'walking shoe']}}"
0402,"{'<DENSE_REGION_CAPTION>': {'bboxes': [[58.12800216674805, 0.1120000034570694, 199.92001342773438, 191.8560028076172], [38.8640022277832, 50.96000289916992, 108.30400085449219, 223.66400146484375], [76.27200317382812, 159.60000610351562, 147.05599975585938, 223.66400146484375], [149.52000427246094, 108.52799987792969, 183.56800842285156, 210.44801330566406], [184.68800354003906, 143.9199981689453, 223.66400146484375, 221.87200927734375], [148.62400817871094, 184.01600646972656, 174.83200073242188, 209.10400390625], [52.75200271606445, 179.31201171875, 79.40800476074219, 219.4080047607422]], 'labels': ['whiteboard', 'person', 'person', 'person', 'person', 'person', 'walking shoe']}}"
0403,"{'<DENSE_REGION_CAPTION>': {'bboxes': [[58.12800216674805, 0.1120000034570694, 199.6959991455078, 191.8560028076172], [10.416000366210938, 103.60000610351562, 68.43199920654297, 223.66400146484375], [65.52000427246094, 67.76000213623047, 84.78400421142578, 100.24000549316406], [199.4720001220703, 149.96800231933594, 212.46400451660156, 180.4320068359375], [118.16000366210938, 180.2080078125, 129.13600158691406, 209.3280029296875], [148.17601013183594, 197.6800079345703, 161.16799926757812, 208.8800048828125]], 'labels': ['whiteboard', 'chair', 'human face', 'human face', 'human face', 'human face']}}"
0404,"{'<DENSE_REGION_CAPTION>': {'bboxes': [[58.12800216674805, 0.1120000034570694, 199.6959991455078, 191.8560028076172], [10.416000366210938, 103.3759994506836, 68.43199920654297, 223.66400146484375], [67.08800506591797, 53.42399978637695, 81.87200164794922, 91.2800064086914], [200.81600952148438, 150.19200134277344, 213.80801391601562, 180.8800048828125], [116.81600189208984, 180.2080078125, 128.01600646972656, 207.9840087890625], [146.38400268554688, 195.44000244140625, 160.72000122070312, 209.10400390625]], 'labels': ['whiteboard', 'chair', 'human face', 'human face', 'human face', 'human face']}}"
0405,"{'<DENSE_REGION_CAPTION>': {'bboxes': [[58.12800216674805, 0.1120000034570694, 199.6959991455078, 217.3920135498047], [0.1120000034570694, 0.1120000034570694, 42.224002838134766, 60.592002868652344], [197.6800079345703, 121.07200622558594, 223.66400146484375, 184.91200256347656], [52.75200271606445, 177.29600524902344, 79.85600280761719, 218.5120086669922], [66.41600036621094, 60.14400100708008, 81.64800262451172, 94.63999938964844], [200.59201049804688, 150.19200134277344, 212.91200256347656, 180.4320068359375], [147.27999877929688, 186.25601196289062, 158.48001098632812, 204.84800720214844]], 'labels': ['whiteboard', 'poster', 'poster', 'sneakers', 'human face', 'human face', 'human face']}}"
0406,"{'<DENSE_REGION_CAPTION>': {'bboxes': [[58.12800216674805, 0.1120000034570694, 199.6959991455078, 223.66400146484375], [10.416000366210938, 103.60000610351562, 68.43199920654297, 223.66400146484375], [67.08800506591797, 56.560001373291016, 82.09600067138672, 93.07200622558594], [199.4720001220703, 150.41600036621094, 212.24000549316406, 181.7760009765625], [144.36801147460938, 188.94400024414062, 156.46400451660156, 208.8800048828125]], 'labels': ['whiteboard', 'chair', 'human face', 'human face', 'human face']}}"
0407,"{'<DENSE_REGION_CAPTION>': {'bboxes': [[58.12800216674805, 0.1120000034570694, 199.6959991455078, 223.66400146484375], [37.52000045776367, 45.58399963378906, 108.52799987792969, 223.66400146484375], [151.08799743652344, 129.58399963378906, 199.92001342773438, 221.42401123046875], [196.7840118408203, 144.1439971923828, 223.66400146484375, 223.66400146484375], [99.56800079345703, 187.15200805664062, 138.54400634765625, 223.66400146484375], [142.3520050048828, 180.656005859375, 168.11199951171875, 209.7760009765625]], 'labels': ['whiteboard', 'woman', 'person', 'person', 'person', 'person']}}"
0408,"{'<DENSE_REGION_CAPTION>': {'bboxes': [[58.12800216674805, 0.1120000034570694, 199.6959991455078, 216.04800415039062], [38.8640022277832, 47.152000427246094, 108.30400085449219, 223.66400146484375], [198.3520050048828, 145.48800659179688, 223.66400146484375, 223.66400146484375], [100.01600646972656, 187.15200805664062, 138.54400634765625, 223.66400146484375], [142.8000030517578, 181.10400390625, 168.11199951171875, 210.0]], 'labels': ['whiteboard', 'person', 'person', 'person', 'person']}}"
0409,"{'<DENSE_REGION_CAPTION>': {'bboxes': [[58.12800216674805, 0.1120000034570694, 199.92001342773438, 215.15200805664062], [33.71200180053711, 43.12000274658203, 107.40800476074219, 223.66400146484375], [196.33599853515625, 143.4720001220703, 223.66400146484375, 201.48800659179688], [61.48800277709961, 53.42399978637695, 79.40800476074219, 90.38400268554688], [201.48800659179688, 150.19200134277344, 210.0, 181.7760009765625]], 'labels': ['whiteboard', 'woman', 'woman', 'human face', 'human face']}}"
0410,"{'<DENSE_REGION_CAPTION>': {'bboxes': [[58.12800216674805, 0.1120000034570694, 199.6959991455078, 209.7760009765625], [34.608001708984375, 42.895999908447266, 108.08000183105469, 223.66400146484375], [181.10400390625, 143.4720001220703, 223.66400146484375, 221.42401123046875], [146.16000366210938, 125.7760009765625, 181.10400390625, 208.656005859375], [61.26400375366211, 48.720001220703125, 76.27200317382812, 83.21600341796875]], 'labels': ['whiteboard', 'woman', 'woman', 'woman', 'human face']}}"
0411,"{'<DENSE_REGION_CAPTION>': {'bboxes': [[48.496002197265625, 0.1120000034570694, 199.92001342773438, 218.2880096435547], [33.71200180053711, 42.448001861572266, 108.08000183105469, 223.66400146484375], [184.68800354003906, 143.4720001220703, 223.66400146484375, 221.64801025390625], [61.26400375366211, 48.720001220703125, 74.7040023803711, 83.44000244140625], [199.2480010986328, 150.63999938964844, 208.8800048828125, 180.8800048828125]], 'labels': ['whiteboard', 'woman', 'woman', 'human face', 'human face']}}"
0412,"{'<DENSE_REGION_CAPTION>': {'bboxes': [[58.12800216674805, 0.1120000034570694, 199.92001342773438, 218.7360076904297], [9.968000411987305, 103.82400512695312, 85.23200225830078, 223.66400146484375], [38.41600036621094, 42.0, 108.30400085449219, 223.66400146484375], [180.656005859375, 143.6959991455078, 223.66400146484375, 221.87200927734375], [153.7760009765625, 127.34400177001953, 183.56800842285156, 207.9840087890625], [123.76000213623047, 171.0240020751953, 146.60800170898438, 223.66400146484375], [145.48800659179688, 179.5360107421875, 170.1280059814453, 209.10400390625], [53.20000076293945, 181.7760009765625, 73.58399963378906, 219.4080047607422]], 'labels': ['whiteboard', 'chair', 'person', 'person', 'person', 'person', 'person', 'walking shoe']}}"
0413,"{'<DENSE_REGION_CAPTION>': {'bboxes': [[58.57600021362305, 0.1120000034570694, 201.04000854492188, 218.9600067138672], [33.71200180053711, 44.4640007019043, 108.75200653076172, 223.66400146484375], [187.82400512695312, 147.95201110839844, 223.66400146484375, 220.75201416015625], [161.6160125732422, 110.76800537109375, 181.10400390625, 207.5360107421875], [122.19200134277344, 171.6959991455078, 145.71200561523438, 223.66400146484375], [143.6959991455078, 178.86399841308594, 166.54400634765625, 209.10400390625]], 'labels': ['whiteboard', 'woman', 'person', 'person', 'person', 'person']}}"
0414,"{'<DENSE_REGION_CAPTION>': {'bboxes': [[58.57600021362305, 0.1120000034570694, 199.6959991455078, 218.0640106201172], [37.74399948120117, 45.36000061035156, 108.30400085449219, 223.66400146484375], [139.21600341796875, 120.84800720214844, 223.66400146484375, 221.20001220703125], [121.74400329589844, 120.84800720214844, 177.74400329589844, 223.66400146484375], [46.25600051879883, 76.94400024414062, 79.85600280761719, 152.2080078125], [0.1120000034570694, 0.1120000034570694, 42.448001861572266, 60.816001892089844], [198.5760040283203, 120.84800720214844, 223.66400146484375, 170.5760040283203], [52.97600173950195, 180.2080078125, 80.30400085449219, 220.5279998779297]], 'labels': ['whiteboard', 'person', 'person', 'person', 'scarf', 'poster', 'poster', 'walking shoe']}}"
0415,"{'<DENSE_REGION_CAPTION>': {'bboxes': [[58.57600021362305, 0.1120000034570694, 199.6959991455078, 192.0800018310547], [9.968000411987305, 104.27200317382812, 86.57600402832031, 223.66400146484375], [38.41600036621094, 46.03200149536133, 108.30400085449219, 223.66400146484375], [142.8000030517578, 149.07200622558594, 192.97601318359375, 207.760009765625], [191.4080047607422, 150.19200134277344, 223.66400146484375, 223.66400146484375], [121.96800231933594, 172.81600952148438, 144.81600952148438, 223.66400146484375], [143.9199981689453, 179.31201171875, 167.66400146484375, 209.552001953125]], 'labels': ['whiteboard', 'chair', 'person', 'person', 'person', 'person', 'person']}}"
0416,"{'<DENSE_REGION_CAPTION>': {'bboxes': [[58.12800216674805, 0.1120000034570694, 199.6959991455078, 191.8560028076172], [9.968000411987305, 104.27200317382812, 85.90399932861328, 223.66400146484375], [0.1120000034570694, 0.1120000034570694, 42.224002838134766, 60.592002868652344], [197.6800079345703, 120.4000015258789, 223.66400146484375, 185.36000061035156], [53.64800262451172, 178.41600036621094, 80.30400085449219, 219.1840057373047]], 'labels': ['whiteboard', 'chair', 'poster', 'poster', 'walking shoe']}}"
0417,"{'<DENSE_REGION_CAPTION>': {'bboxes': [[58.12800216674805, 0.1120000034570694, 199.6959991455078, 191.8560028076172], [9.968000411987305, 104.27200317382812, 86.12800598144531, 223.66400146484375], [63.50400161743164, 50.736000061035156, 78.06400299072266, 90.38400268554688], [206.63999938964844, 152.2080078125, 220.0800018310547, 183.34400939941406]], 'labels': ['whiteboard', 'chair', 'human face', 'human face']}}"
0418,"{'<DENSE_REGION_CAPTION>': {'bboxes': [[58.12800216674805, 0.1120000034570694, 200.59201049804688, 217.8400115966797], [0.1120000034570694, 0.1120000034570694, 42.224002838134766, 60.592002868652344], [197.6800079345703, 120.4000015258789, 223.66400146484375, 185.80799865722656], [66.41600036621094, 50.064002990722656, 84.11199951171875, 85.45600128173828], [204.62400817871094, 151.5360107421875, 215.82400512695312, 181.10400390625]], 'labels': ['whiteboard', 'poster', 'poster', 'human face', 'human face']}}"
0419,"{'<DENSE_REGION_CAPTION>': {'bboxes': [[58.12800216674805, 0.1120000034570694, 200.36801147460938, 217.8400115966797], [0.1120000034570694, 0.1120000034570694, 42.224002838134766, 60.592002868652344], [197.6800079345703, 120.6240005493164, 223.66400146484375, 185.80799865722656], [54.992000579833984, 177.96800231933594, 81.64800262451172, 219.8560028076172]], 'labels': ['whiteboard', 'poster', 'poster', 'walking shoe']}}"
0420,"{'<DENSE_REGION_CAPTION>': {'bboxes': [[58.12800216674805, 0.1120000034570694, 200.14401245117188, 217.8400115966797], [10.416000366210938, 103.82400512695312, 68.656005859375, 223.66400146484375], [67.08800506591797, 56.112003326416016, 81.64800262451172, 92.1760025024414], [203.05599975585938, 152.4320068359375, 213.80801391601562, 182.0]], 'labels': ['whiteboard', 'chair', 'human face', 'human face']}}"
0421,"{'<DENSE_REGION_CAPTION>': {'bboxes': [[58.12800216674805, 0.1120000034570694, 199.6959991455078, 217.8400115966797], [38.41600036621094, 43.79199981689453, 109.42400360107422, 223.66400146484375], [126.67200469970703, 123.53600311279297, 188.72000122070312, 223.66400146484375], [185.36000061035156, 143.6959991455078, 223.66400146484375, 221.87200927734375]], 'labels': ['whiteboard', 'woman', 'person', 'person']}}"
0422,"{'<DENSE_REGION_CAPTION>': {'bboxes': [[57.45600128173828, 0.1120000034570694, 200.59201049804688, 217.8400115966797], [9.968000411987305, 103.82400512695312, 68.8800048828125, 223.66400146484375], [205.52000427246094, 151.760009765625, 223.66400146484375, 176.40000915527344], [137.64801025390625, 189.39199829101562, 150.63999938964844, 210.0], [182.0, 196.5600128173828, 194.99200439453125, 216.49600219726562], [70.67200469970703, 70.0, 80.30400085449219, 93.07200622558594]], 'labels': ['whiteboard', 'chair', 'human face', 'human face', 'human face', 'human face']}}"
0423,"{'<DENSE_REGION_CAPTION>': {'bboxes': [[57.45600128173828, 0.1120000034570694, 201.04000854492188, 218.0640106201172], [9.968000411987305, 103.82400512695312, 68.656005859375, 223.66400146484375], [64.6240005493164, 58.35200119018555, 80.75199890136719, 92.1760025024414], [202.16000366210938, 150.86399841308594, 216.49600219726562, 180.4320068359375]], 'labels': ['whiteboard', 'chair', 'human face', 'human face']}}"
0424,"{'<DENSE_REGION_CAPTION>': {'bboxes': [[58.12800216674805, 0.1120000034570694, 199.6959991455078, 223.66400146484375], [9.968000411987305, 104.27200317382812, 68.656005859375, 223.66400146484375], [65.0719985961914, 53.64800262451172, 80.30400085449219, 90.83200073242188], [197.9040069580078, 150.19200134277344, 212.91200256347656, 180.8800048828125], [152.656005859375, 189.8400115966797, 163.4080047607422, 206.41600036621094]], 'labels': ['whiteboard', 'chair', 'human face', 'human face', 'human face']}}"
0425,"{'<DENSE_REGION_CAPTION>': {'bboxes': [[58.12800216674805, 0.1120000034570694, 201.04000854492188, 217.8400115966797], [9.968000411987305, 104.27200317382812, 68.656005859375, 223.66400146484375], [65.52000427246094, 52.08000183105469, 79.85600280761719, 88.81600189208984], [202.38400268554688, 149.74400329589844, 217.3920135498047, 179.31201171875], [155.56800842285156, 175.27999877929688, 168.33599853515625, 203.27999877929688]], 'labels': ['whiteboard', 'chair', 'human face', 'human face', 'human face']}}"
0426,"{'<DENSE_REGION_CAPTION>': {'bboxes': [[58.12800216674805, 0.1120000034570694, 200.14401245117188, 218.0640106201172], [9.968000411987305, 103.82400512695312, 68.656005859375, 223.66400146484375], [65.96800231933594, 52.08000183105469, 80.97600555419922, 89.26399993896484], [201.93600463867188, 150.19200134277344, 216.72000122070312, 180.4320068359375], [155.56800842285156, 173.26400756835938, 168.11199951171875, 199.92001342773438], [146.83200073242188, 144.36801147460938, 160.49600219726562, 166.54400634765625]], 'labels': ['whiteboard', 'chair', 'human face', 'human face', 'human face', 'human face']}}"
0427,"{'<DENSE_REGION_CAPTION>': {'bboxes': [[58.12800216674805, 0.1120000034570694, 199.6959991455078, 217.8400115966797], [10.416000366210938, 104.04800415039062, 68.43199920654297, 223.66400146484375], [38.8640022277832, 43.12000274658203, 108.97600555419922, 223.66400146484375], [140.7840118408203, 86.80000305175781, 187.15200805664062, 210.0], [184.46400451660156, 147.05599975585938, 223.66400146484375, 221.87200927734375], [155.79200744628906, 164.7519989013672, 183.34400939941406, 210.0], [56.560001373291016, 178.41600036621094, 82.99200439453125, 219.8560028076172]], 'labels': ['whiteboard', 'chair', 'person', 'person', 'person', 'person', 'sneakers']}}"
0428,"{'<DENSE_REGION_CAPTION>': {'bboxes': [[58.12800216674805, 0.1120000034570694, 200.59201049804688, 217.8400115966797], [10.416000366210938, 103.82400512695312, 68.8800048828125, 223.66400146484375], [64.6240005493164, 54.992000579833984, 83.21600341796875, 88.36800384521484], [160.94400024414062, 132.72000122070312, 177.07200622558594, 163.8560028076172], [202.60800170898438, 148.62400817871094, 216.72000122070312, 179.5360107421875], [72.24000549316406, 54.992000579833984, 83.21600341796875, 87.92000579833984], [153.3280029296875, 174.60800170898438, 164.9759979248047, 201.71200561523438], [153.3280029296875, 181.10400390625, 165.42401123046875, 201.71200561523438]], 'labels': ['whiteboard', 'chair', 'human face', 'human face', 'human face', 'human face', 'human face', 'human face']}}"
0429,"{'<DENSE_REGION_CAPTION>': {'bboxes': [[58.57600021362305, 0.1120000034570694, 199.6959991455078, 223.66400146484375], [10.416000366210938, 103.82400512695312, 68.43199920654297, 223.66400146484375], [38.8640022277832, 44.0160026550293, 108.97600555419922, 223.66400146484375], [160.49600219726562, 95.08800506591797, 188.27200317382812, 210.44801330566406], [184.68800354003906, 145.93600463867188, 223.66400146484375, 222.54400634765625], [149.74400329589844, 177.74400329589844, 175.50399780273438, 208.4320068359375]], 'labels': ['whiteboard', 'chair', 'person', 'person', 'person', 'person']}}"
0430,"{'<DENSE_REGION_CAPTION>': {'bboxes': [[58.12800216674805, 0.1120000034570694, 200.59201049804688, 217.8400115966797], [10.416000366210938, 103.82400512695312, 68.8800048828125, 223.66400146484375], [67.98400115966797, 55.21600341796875, 82.76800537109375, 93.07200622558594]], 'labels': ['whiteboard', 'chair', 'human face']}}"
0431,"{'<DENSE_REGION_CAPTION>': {'bboxes': [[58.12800216674805, 0.1120000034570694, 200.14401245117188, 217.8400115966797], [10.86400032043457, 104.27200317382812, 68.656005859375, 223.66400146484375], [69.7760009765625, 56.784000396728516, 84.11199951171875, 93.52000427246094], [201.48800659179688, 148.84800720214844, 215.82400512695312, 179.0880126953125], [148.84800720214844, 190.2880096435547, 161.16799926757812, 207.760009765625]], 'labels': ['whiteboard', 'chair', 'human face', 'human face', 'human face']}}"
0432,"{'<DENSE_REGION_CAPTION>': {'bboxes': [[58.12800216674805, 0.1120000034570694, 201.04000854492188, 217.8400115966797], [38.41600036621094, 44.0160026550293, 109.87200164794922, 223.66400146484375], [182.67201232910156, 142.8000030517578, 223.66400146484375, 219.8560028076172], [163.8560028076172, 103.82400512695312, 194.32000732421875, 209.552001953125], [147.05599975585938, 180.4320068359375, 173.04000854492188, 209.3280029296875], [68.656005859375, 53.87200164794922, 83.21600341796875, 91.05599975585938], [199.6959991455078, 150.63999938964844, 211.79200744628906, 181.10400390625], [147.50399780273438, 193.64801025390625, 158.48001098632812, 208.8800048828125]], 'labels': ['whiteboard', 'woman', 'woman', 'woman', 'woman', 'human face', 'human face', 'human face']}}"
0433,"{'<DENSE_REGION_CAPTION>': {'bboxes': [[58.12800216674805, 0.1120000034570694, 201.04000854492188, 218.2880096435547], [38.41600036621094, 45.58399963378906, 109.87200164794922, 223.66400146484375], [183.79200744628906, 146.16000366210938, 223.66400146484375, 221.42401123046875], [147.27999877929688, 178.86399841308594, 173.48800659179688, 209.10400390625], [204.40000915527344, 153.552001953125, 223.66400146484375, 183.56800842285156], [147.95201110839844, 192.97601318359375, 159.60000610351562, 208.4320068359375]], 'labels': ['whiteboard', 'woman', 'woman', 'woman', 'human face', 'human face']}}"
0434,"{'<DENSE_REGION_CAPTION>': {'bboxes': [[58.12800216674805, 0.1120000034570694, 201.04000854492188, 217.8400115966797], [9.968000411987305, 104.27200317382812, 68.43199920654297, 223.66400146484375], [42.0, 41.3280029296875, 108.97600555419922, 223.66400146484375], [156.91200256347656, 93.29600524902344, 185.36000061035156, 209.552001953125], [183.12001037597656, 143.4720001220703, 223.66400146484375, 221.64801025390625], [198.8000030517578, 143.4720001220703, 223.66400146484375, 200.36801147460938], [149.07200622558594, 179.5360107421875, 173.93600463867188, 208.656005859375]], 'labels': ['whiteboard', 'chair', 'person', 'person', 'person', 'person', 'person']}}"
0435,"{'<DENSE_REGION_CAPTION>': {'bboxes': [[58.12800216674805, 0.1120000034570694, 199.6959991455078, 217.8400115966797], [9.968000411987305, 104.72000122070312, 68.43199920654297, 223.66400146484375], [63.952003479003906, 49.39200210571289, 78.95999908447266, 87.92000579833984], [204.62400817871094, 155.79200744628906, 223.66400146484375, 181.552001953125], [149.52000427246094, 188.94400024414062, 160.72000122070312, 206.864013671875]], 'labels': ['whiteboard', 'chair', 'human face', 'human face', 'human face']}}"
0436,"{'<DENSE_REGION_CAPTION>': {'bboxes': [[58.12800216674805, 0.1120000034570694, 199.6959991455078, 217.8400115966797], [9.968000411987305, 104.27200317382812, 68.43199920654297, 223.66400146484375], [68.20800018310547, 52.97600173950195, 82.31999969482422, 89.71200561523438], [197.6800079345703, 152.656005859375, 212.68800354003906, 182.2239990234375], [148.84800720214844, 190.5120086669922, 160.04800415039062, 208.2080078125]], 'labels': ['whiteboard', 'chair', 'human face', 'human face', 'human face']}}"
0437,"{'<DENSE_REGION_CAPTION>': {'bboxes': [[58.12800216674805, 0.1120000034570694, 199.92001342773438, 209.3280029296875], [9.968000411987305, 104.27200317382812, 68.43199920654297, 223.66400146484375], [69.7760009765625, 52.97600173950195, 83.21600341796875, 89.71200561523438], [204.17601013183594, 147.27999877929688, 218.2880096435547, 170.8000030517578], [163.6320037841797, 144.1439971923828, 177.74400329589844, 161.8400115966797], [144.36801147460938, 191.1840057373047, 154.89601135253906, 208.656005859375]], 'labels': ['whiteboard', 'chair', 'human face', 'human face', 'human face', 'human face']}}"
0438,"{'<DENSE_REGION_CAPTION>': {'bboxes': [[58.57600021362305, 0.1120000034570694, 199.6959991455078, 192.0800018310547], [40.432003021240234, 43.12000274658203, 109.20000457763672, 223.66400146484375], [146.60800170898438, 132.94400024414062, 181.7760009765625, 207.9840087890625], [186.25601196289062, 162.0640106201172, 223.66400146484375, 221.64801025390625], [100.01600646972656, 194.99200439453125, 138.54400634765625, 223.66400146484375], [145.93600463867188, 180.2080078125, 171.0240020751953, 208.8800048828125], [56.560001373291016, 179.0880126953125, 83.21600341796875, 220.0800018310547]], 'labels': ['whiteboard', 'person', 'person', 'person', 'person', 'person', 'walking shoe']}}"
0439,"{'<DENSE_REGION_CAPTION>': {'bboxes': [[58.12800216674805, 0.1120000034570694, 200.14401245117188, 211.34400939941406], [39.76000213623047, 44.91200256347656, 109.20000457763672, 223.66400146484375], [152.2080078125, 132.27200317382812, 180.656005859375, 207.9840087890625], [187.15200805664062, 161.6160125732422, 223.66400146484375, 221.42401123046875], [198.8000030517578, 170.5760040283203, 223.66400146484375, 223.66400146484375], [100.24000549316406, 194.99200439453125, 138.54400634765625, 223.66400146484375], [148.17601013183594, 179.9840087890625, 174.83200073242188, 208.656005859375]], 'labels': ['whiteboard', 'person', 'person', 'person', 'person', 'person', 'person']}}"
0440,"{'<DENSE_REGION_CAPTION>': {'bboxes': [[58.57600021362305, 0.1120000034570694, 199.6959991455078, 192.0800018310547], [10.416000366210938, 103.82400512695312, 87.02400207519531, 223.66400146484375], [68.656005859375, 50.512001037597656, 83.44000244140625, 86.35200500488281]], 'labels': ['whiteboard', 'chair', 'human face']}}"
0441,"{'<DENSE_REGION_CAPTION>': {'bboxes': [[58.12800216674805, 0.1120000034570694, 199.6959991455078, 192.0800018310547], [38.41600036621094, 42.672000885009766, 109.20000457763672, 223.66400146484375], [183.12001037597656, 151.760009765625, 223.66400146484375, 221.20001220703125], [159.15200805664062, 133.16799926757812, 190.2880096435547, 207.9840087890625], [121.07200622558594, 169.4560089111328, 148.84800720214844, 223.66400146484375], [57.45600128173828, 180.2080078125, 84.11199951171875, 220.5279998779297]], 'labels': ['whiteboard', 'person', 'person', 'person', 'person', 'sneakers']}}"
0442,"{'<DENSE_REGION_CAPTION>': {'bboxes': [[58.12800216674805, 0.1120000034570694, 199.6959991455078, 210.67201232910156], [9.968000411987305, 104.04800415039062, 68.656005859375, 223.66400146484375], [66.41600036621094, 50.96000289916992, 80.30400085449219, 87.24800109863281], [160.72000122070312, 130.92800903320312, 174.16000366210938, 155.56800842285156]], 'labels': ['whiteboard', 'chair', 'human face', 'human face']}}"
0443,"{'<DENSE_REGION_CAPTION>': {'bboxes': [[58.57600021362305, 0.1120000034570694, 199.6959991455078, 209.552001953125], [9.968000411987305, 104.04800415039062, 65.0719985961914, 223.66400146484375], [38.8640022277832, 46.47999954223633, 108.75200653076172, 223.66400146484375], [180.656005859375, 146.83200073242188, 223.66400146484375, 221.64801025390625], [154.67201232910156, 126.44800567626953, 183.34400939941406, 208.4320068359375], [100.24000549316406, 175.50399780273438, 139.21600341796875, 223.66400146484375], [198.1280059814453, 146.83200073242188, 223.66400146484375, 199.92001342773438], [146.83200073242188, 177.74400329589844, 172.14401245117188, 209.10400390625]], 'labels': ['whiteboard', 'chair', 'person', 'person', 'person', 'person', 'person', 'person']}}"
0444,"{'<DENSE_REGION_CAPTION>': {'bboxes': [[58.12800216674805, 0.1120000034570694, 199.92001342773438, 179.5360107421875], [9.968000411987305, 103.82400512695312, 65.0719985961914, 223.66400146484375], [66.41600036621094, 52.30400085449219, 80.75199890136719, 88.36800384521484], [202.38400268554688, 152.656005859375, 216.27200317382812, 180.4320068359375], [162.0640106201172, 136.5279998779297, 175.27999877929688, 158.25601196289062], [147.50399780273438, 192.7519989013672, 157.58399963378906, 208.656005859375]], 'labels': ['whiteboard', 'chair', 'human face', 'human face', 'human face', 'human face']}}"
0445,"{'<DENSE_REGION_CAPTION>': {'bboxes': [[58.12800216674805, 0.1120000034570694, 200.14401245117188, 210.67201232910156], [38.41600036621094, 45.58399963378906, 109.42400360107422, 223.66400146484375], [159.15200805664062, 131.60000610351562, 187.37600708007812, 210.2239990234375], [193.64801025390625, 150.19200134277344, 223.66400146484375, 218.7360076904297], [99.79199981689453, 180.4320068359375, 138.99200439453125, 223.66400146484375], [146.83200073242188, 178.86399841308594, 172.36801147460938, 209.10400390625]], 'labels': ['whiteboard', 'woman', 'woman', 'woman', 'woman', 'woman']}}"
0446,"{'<DENSE_REGION_CAPTION>': {'bboxes': [[58.12800216674805, 0.1120000034570694, 199.6959991455078, 179.5360107421875], [9.968000411987305, 103.60000610351562, 64.8479995727539, 223.66400146484375], [63.50400161743164, 52.08000183105469, 78.51200103759766, 89.71200561523438], [204.84800720214844, 155.12001037597656, 220.5279998779297, 177.07200622558594], [162.0640106201172, 144.36801147460938, 176.84800720214844, 160.94400024414062], [146.16000366210938, 191.8560028076172, 156.01600646972656, 208.656005859375]], 'labels': ['whiteboard', 'chair', 'human face', 'human face', 'human face', 'human face']}}"
0447,"{'<DENSE_REGION_CAPTION>': {'bboxes': [[57.45600128173828, 0.1120000034570694, 200.36801147460938, 210.67201232910156], [9.968000411987305, 104.72000122070312, 65.0719985961914, 223.66400146484375], [37.07200241088867, 45.58399963378906, 109.20000457763672, 223.66400146484375], [135.4080047607422, 178.19200134277344, 200.59201049804688, 223.66400146484375], [192.97601318359375, 152.2080078125, 223.66400146484375, 223.66400146484375], [158.70401000976562, 131.82400512695312, 184.24000549316406, 210.0], [100.24000549316406, 177.74400329589844, 138.32000732421875, 223.66400146484375], [144.81600952148438, 178.41600036621094, 168.7840118408203, 209.10400390625]], 'labels': ['whiteboard', 'chair', 'person', 'person', 'person', 'person', 'person', 'person']}}"
0448,"{'<DENSE_REGION_CAPTION>': {'bboxes': [[57.45600128173828, 0.1120000034570694, 200.36801147460938, 192.0800018310547], [36.847999572753906, 43.34400177001953, 109.64800262451172, 223.66400146484375], [100.24000549316406, 175.95201110839844, 201.48800659179688, 223.66400146484375], [155.79200744628906, 130.92800903320312, 185.13600158691406, 208.2080078125], [100.24000549316406, 175.95201110839844, 139.66400146484375, 223.66400146484375], [192.97601318359375, 162.7360076904297, 223.66400146484375, 223.66400146484375], [147.05599975585938, 178.41600036621094, 171.4720001220703, 209.3280029296875]], 'labels': ['whiteboard', 'woman', 'person', 'person', 'person', 'person', 'person']}}"
0449,"{'<DENSE_REGION_CAPTION>': {'bboxes': [[57.45600128173828, 0.1120000034570694, 200.59201049804688, 191.8560028076172], [33.71200180053711, 42.0, 108.97600555419922, 223.66400146484375], [156.46400451660156, 135.4080047607422, 185.58399963378906, 209.552001953125], [188.94400024414062, 168.5600128173828, 218.0640106201172, 220.5279998779297], [121.96800231933594, 173.26400756835938, 149.96800231933594, 223.66400146484375], [147.95201110839844, 178.41600036621094, 174.60800170898438, 209.10400390625], [64.6240005493164, 54.09600067138672, 79.85600280761719, 91.7280044555664], [192.3040008544922, 176.40000915527344, 204.17601013183594, 199.0240020751953], [213.80801391601562, 170.3520050048828, 223.66400146484375, 194.54400634765625]], 'labels': ['whiteboard', 'woman', 'woman', 'woman', 'woman', 'woman', 'human face', 'human face', 'human face']}}"
0450,"{'<DENSE_REGION_CAPTION>': {'bboxes': [[57.45600128173828, 0.1120000034570694, 200.59201049804688, 192.0800018310547], [35.28000259399414, 41.3280029296875, 108.97600555419922, 223.66400146484375], [67.76000213623047, 55.21600341796875, 80.97600555419922, 89.26399993896484]], 'labels': ['whiteboard', 'woman', 'human face']}}"
0451,"{'<DENSE_REGION_CAPTION>': {'bboxes': [[58.12800216674805, 0.1120000034570694, 199.6959991455078, 217.3920135498047], [39.76000213623047, 43.12000274658203, 109.64800262451172, 223.66400146484375], [139.66400146484375, 120.4000015258789, 169.2320098876953, 186.48001098632812], [123.08800506591797, 173.71200561523438, 149.74400329589844, 223.66400146484375], [147.95201110839844, 179.0880126953125, 171.9199981689453, 208.656005859375]], 'labels': ['whiteboard', 'person', 'person', 'person', 'person']}}"
0452,"{'<DENSE_REGION_CAPTION>': {'bboxes': [[58.12800216674805, 0.1120000034570694, 199.6959991455078, 191.8560028076172], [10.416000366210938, 104.04800415039062, 68.8800048828125, 223.66400146484375], [39.3120002746582, 43.34400177001953, 109.20000457763672, 223.66400146484375], [138.76800537109375, 116.59200286865234, 173.93600463867188, 209.10400390625], [121.74400329589844, 173.48800659179688, 146.16000366210938, 223.66400146484375], [147.27999877929688, 180.4320068359375, 172.36801147460938, 209.10400390625]], 'labels': ['whiteboard', 'chair', 'person', 'person', 'person', 'person']}}"
0453,"{'<DENSE_REGION_CAPTION>': {'bboxes': [[58.57600021362305, 0.1120000034570694, 200.14401245117188, 152.2080078125], [38.8640022277832, 44.6879997253418, 109.20000457763672, 223.66400146484375], [136.9759979248047, 89.48799896240234, 182.67201232910156, 207.760009765625], [100.01600646972656, 176.84800720214844, 139.44000244140625, 223.66400146484375], [185.80799865722656, 172.14401245117188, 219.8560028076172, 221.64801025390625], [198.5760040283203, 163.1840057373047, 223.66400146484375, 223.66400146484375], [145.04000854492188, 180.8800048828125, 170.1280059814453, 209.3280029296875]], 'labels': ['whiteboard', 'person', 'person', 'person', 'person', 'person', 'person']}}"
0454,"{'<DENSE_REGION_CAPTION>': {'bboxes': [[58.57600021362305, 0.1120000034570694, 199.92001342773438, 217.16799926757812], [38.41600036621094, 45.36000061035156, 109.20000457763672, 223.66400146484375], [134.9600067138672, 82.76800537109375, 181.3280029296875, 207.9840087890625], [198.8000030517578, 163.6320037841797, 223.66400146484375, 223.66400146484375], [100.01600646972656, 188.04800415039062, 133.39199829101562, 223.66400146484375], [142.8000030517578, 181.10400390625, 168.33599853515625, 209.7760009765625], [56.112003326416016, 186.03201293945312, 74.2560043334961, 216.27200317382812]], 'labels': ['whiteboard', 'person', 'person', 'person', 'person', 'person', 'walking shoe']}}"
0455,"{'<DENSE_REGION_CAPTION>': {'bboxes': [[58.57600021362305, 0.1120000034570694, 199.6959991455078, 217.16799926757812], [38.8640022277832, 44.91200256347656, 109.20000457763672, 223.66400146484375], [138.09600830078125, 107.63200378417969, 181.3280029296875, 207.760009765625], [51.63199996948242, 71.56800079345703, 82.09600067138672, 145.71200561523438], [65.52000427246094, 56.784000396728516, 81.64800262451172, 93.07200622558594], [191.4080047607422, 180.8800048828125, 202.60800170898438, 206.864013671875], [162.5120086669922, 125.552001953125, 175.72801208496094, 146.16000366210938]], 'labels': ['whiteboard', 'person', 'person', 'scarf', 'human face', 'human face', 'human face']}}"
0456,"{'<DENSE_REGION_CAPTION>': {'bboxes': [[58.57600021362305, 0.1120000034570694, 200.14401245117188, 216.94400024414062], [38.8640022277832, 44.0160026550293, 109.20000457763672, 223.66400146484375], [131.82400512695312, 117.48800659179688, 175.27999877929688, 207.760009765625], [178.41600036621094, 175.72801208496094, 217.16799926757812, 220.75201416015625], [198.5760040283203, 163.8560028076172, 223.66400146484375, 223.66400146484375], [100.24000549316406, 189.39199829101562, 138.32000732421875, 223.66400146484375], [144.81600952148438, 180.4320068359375, 170.8000030517578, 209.552001953125], [213.36000061035156, 163.8560028076172, 223.66400146484375, 196.7840118408203]], 'labels': ['whiteboard', 'person', 'person', 'person', 'person', 'person', 'person', 'person']}}"
0457,"{'<DENSE_REGION_CAPTION>': {'bboxes': [[58.12800216674805, 0.1120000034570694, 200.14401245117188, 217.16799926757812], [38.8640022277832, 45.58399963378906, 109.20000457763672, 223.66400146484375], [143.0240020751953, 102.4800033569336, 189.8400115966797, 206.864013671875], [175.05599975585938, 175.50399780273438, 216.94400024414062, 220.5279998779297], [198.3520050048828, 163.1840057373047, 223.66400146484375, 223.66400146484375], [100.24000549316406, 190.5120086669922, 129.13600158691406, 223.66400146484375], [149.52000427246094, 173.04000854492188, 174.83200073242188, 208.656005859375], [213.13600158691406, 163.1840057373047, 223.66400146484375, 197.0080108642578]], 'labels': ['whiteboard', 'person', 'person', 'person', 'person', 'person', 'person', 'person']}}"
0458,"{'<DENSE_REGION_CAPTION>': {'bboxes': [[58.12800216674805, 0.1120000034570694, 201.04000854492188, 223.66400146484375], [37.29600143432617, 43.79199981689453, 115.24800109863281, 223.66400146484375], [67.76000213623047, 57.00800323486328, 81.42400360107422, 91.5040054321289], [192.0800018310547, 180.656005859375, 202.38400268554688, 205.74400329589844], [213.58399963378906, 171.0240020751953, 223.66400146484375, 195.88800048828125], [146.60800170898438, 185.36000061035156, 156.24000549316406, 203.50401306152344]], 'labels': ['whiteboard', 'woman', 'human face', 'human face', 'human face', 'human face']}}"
0459,"{'<DENSE_REGION_CAPTION>': {'bboxes': [[58.57600021362305, 0.1120000034570694, 199.6959991455078, 191.6320037841797], [9.520000457763672, 103.82400512695312, 68.656005859375, 223.66400146484375], [69.7760009765625, 57.00800323486328, 82.09600067138672, 92.1760025024414], [146.38400268554688, 187.82400512695312, 158.70401000976562, 207.9840087890625]], 'labels': ['whiteboard', 'chair', 'human face', 'human face']}}"
0460,"{'<DENSE_REGION_CAPTION>': {'bboxes': [[58.12800216674805, 0.1120000034570694, 200.14401245117188, 191.8560028076172], [9.968000411987305, 104.27200317382812, 68.656005859375, 223.66400146484375], [39.0880012512207, 44.91200256347656, 109.20000457763672, 223.66400146484375], [140.7840118408203, 99.79199981689453, 176.40000915527344, 208.4320068359375], [122.19200134277344, 173.04000854492188, 146.83200073242188, 223.66400146484375], [191.6320037841797, 175.95201110839844, 216.94400024414062, 209.10400390625], [213.36000061035156, 163.4080047607422, 223.66400146484375, 197.0080108642578]], 'labels': ['whiteboard', 'chair', 'person', 'person', 'person', 'person', 'person']}}"
0461,"{'<DENSE_REGION_CAPTION>': {'bboxes': [[58.12800216674805, 0.1120000034570694, 200.14401245117188, 191.8560028076172], [9.968000411987305, 104.27200317382812, 68.8800048828125, 223.66400146484375], [63.952003479003906, 54.544002532958984, 82.54400634765625, 91.2800064086914]], 'labels': ['whiteboard', 'chair', 'human face']}}"
0462,"{'<DENSE_REGION_CAPTION>': {'bboxes': [[58.12800216674805, 0.1120000034570694, 199.6959991455078, 191.8560028076172], [9.968000411987305, 104.72000122070312, 68.8800048828125, 223.66400146484375], [65.52000427246094, 52.97600173950195, 82.76800537109375, 90.83200073242188], [117.48800659179688, 194.76800537109375, 126.22400665283203, 218.5120086669922]], 'labels': ['whiteboard', 'chair', 'human face', 'human face']}}"
0463,"{'<DENSE_REGION_CAPTION>': {'bboxes': [[58.57600021362305, 0.1120000034570694, 199.6959991455078, 191.6320037841797], [10.416000366210938, 103.60000610351562, 68.43199920654297, 223.66400146484375], [39.3120002746582, 40.20800018310547, 109.20000457763672, 223.66400146484375], [135.4080047607422, 132.27200317382812, 189.39199829101562, 208.656005859375], [100.01600646972656, 176.17601013183594, 143.0240020751953, 223.66400146484375], [198.5760040283203, 163.6320037841797, 223.66400146484375, 223.66400146484375], [139.88800048828125, 181.10400390625, 162.9600067138672, 209.7760009765625]], 'labels': ['whiteboard', 'chair', 'person', 'person', 'person', 'person', 'person']}}"
0464,"{'<DENSE_REGION_CAPTION>': {'bboxes': [[58.12800216674805, 0.1120000034570694, 199.6959991455078, 191.1840057373047], [9.968000411987305, 103.82400512695312, 68.8800048828125, 223.66400146484375], [39.3120002746582, 39.98400115966797, 109.20000457763672, 223.66400146484375], [136.9759979248047, 132.72000122070312, 188.27200317382812, 208.8800048828125], [100.01600646972656, 176.40000915527344, 141.9040069580078, 223.66400146484375], [198.5760040283203, 162.9600067138672, 223.66400146484375, 223.66400146484375], [182.67201232910156, 176.17601013183594, 216.49600219726562, 222.09600830078125], [139.44000244140625, 179.9840087890625, 162.7360076904297, 209.7760009765625]], 'labels': ['whiteboard', 'chair', 'person', 'person', 'person', 'person', 'person', 'person']}}"
0465,"{'<DENSE_REGION_CAPTION>': {'bboxes': [[48.496002197265625, 0.1120000034570694, 200.59201049804688, 209.552001953125], [39.76000213623047, 39.98400115966797, 109.20000457763672, 223.66400146484375], [134.9600067138672, 132.49600219726562, 188.49600219726562, 210.0], [100.24000549316406, 177.29600524902344, 141.0080108642578, 223.66400146484375], [198.8000030517578, 163.1840057373047, 223.66400146484375, 223.66400146484375], [185.36000061035156, 176.17601013183594, 216.72000122070312, 221.42401123046875], [145.04000854492188, 184.91200256347656, 169.2320098876953, 209.7760009765625], [58.35200119018555, 184.46400451660156, 80.52799987792969, 220.0800018310547]], 'labels': ['whiteboard', 'person', 'person', 'person', 'person', 'person', 'person', 'walking shoe']}}"
0466,"{'<DENSE_REGION_CAPTION>': {'bboxes': [[58.12800216674805, 0.1120000034570694, 199.92001342773438, 191.6320037841797], [9.968000411987305, 103.82400512695312, 68.8800048828125, 223.66400146484375], [39.3120002746582, 39.76000213623047, 109.42400360107422, 223.66400146484375], [132.94400024414062, 131.82400512695312, 186.70401000976562, 209.552001953125], [100.24000549316406, 177.29600524902344, 144.36801147460938, 223.66400146484375], [198.8000030517578, 162.5120086669922, 223.66400146484375, 223.66400146484375], [116.14400482177734, 177.29600524902344, 144.36801147460938, 219.6320037841797], [145.93600463867188, 186.25601196289062, 170.8000030517578, 209.552001953125]], 'labels': ['whiteboard', 'chair', 'person', 'person', 'person', 'person', 'person', 'person']}}"
0467,"{'<DENSE_REGION_CAPTION>': {'bboxes': [[58.12800216674805, 0.1120000034570694, 199.6959991455078, 217.3920135498047], [9.968000411987305, 103.82400512695312, 69.10400390625, 223.66400146484375], [40.432003021240234, 49.61600112915039, 110.31999969482422, 223.66400146484375], [134.9600067138672, 132.72000122070312, 189.39199829101562, 209.552001953125], [129.80799865722656, 174.83200073242188, 201.26400756835938, 223.66400146484375]], 'labels': ['whiteboard', 'chair', 'person', 'person', 'person']}}"
0468,"{'<DENSE_REGION_CAPTION>': {'bboxes': [[58.12800216674805, 0.1120000034570694, 199.6959991455078, 217.8400115966797], [9.968000411987305, 104.27200317382812, 69.3280029296875, 223.66400146484375], [59.92000198364258, 50.064002990722656, 75.1520004272461, 86.35200500488281]], 'labels': ['whiteboard', 'chair', 'human face']}}"
0469,"{'<DENSE_REGION_CAPTION>': {'bboxes': [[58.12800216674805, 0.1120000034570694, 199.6959991455078, 191.6320037841797], [9.968000411987305, 104.27200317382812, 69.3280029296875, 223.66400146484375], [69.3280029296875, 57.68000030517578, 82.76800537109375, 93.74400329589844]], 'labels': ['whiteboard', 'chair', 'human face']}}"
0470,"{'<DENSE_REGION_CAPTION>': {'bboxes': [[58.12800216674805, 0.1120000034570694, 199.6959991455078, 223.66400146484375], [35.28000259399414, 45.36000061035156, 109.42400360107422, 223.66400146484375], [69.3280029296875, 56.560001373291016, 82.76800537109375, 92.6240005493164]], 'labels': ['whiteboard', 'woman', 'human face']}}"
0471,"{'<DENSE_REGION_CAPTION>': {'bboxes': [[58.12800216674805, 0.1120000034570694, 199.6959991455078, 192.0800018310547], [36.176002502441406, 45.80800247192383, 109.87200164794922, 223.66400146484375], [68.8800048828125, 56.112003326416016, 82.09600067138672, 92.6240005493164]], 'labels': ['whiteboard', 'woman', 'human face']}}"
0472,"{'<DENSE_REGION_CAPTION>': {'bboxes': [[58.12800216674805, 0.1120000034570694, 199.6959991455078, 191.8560028076172], [10.416000366210938, 104.27200317382812, 69.3280029296875, 223.66400146484375], [69.3280029296875, 69.3280029296875, 86.35200500488281, 100.01600646972656]], 'labels': ['whiteboard', 'chair', 'human face']}}"
0473,"{'<DENSE_REGION_CAPTION>': {'bboxes': [[58.12800216674805, 0.1120000034570694, 199.6959991455078, 192.0800018310547], [10.416000366210938, 104.04800415039062, 68.43199920654297, 223.66400146484375], [69.3280029296875, 65.29600524902344, 85.23200225830078, 97.3280029296875]], 'labels': ['whiteboard', 'chair', 'human face']}}"
0474,"{'<DENSE_REGION_CAPTION>': {'bboxes': [[58.12800216674805, 0.1120000034570694, 199.6959991455078, 192.0800018310547], [9.968000411987305, 103.82400512695312, 68.656005859375, 223.66400146484375], [72.24000549316406, 49.61600112915039, 85.23200225830078, 86.35200500488281]], 'labels': ['whiteboard', 'chair', 'human face']}}"
0475,"{'<DENSE_REGION_CAPTION>': {'bboxes': [[54.09600067138672, 0.1120000034570694, 116.59200286865234, 223.66400146484375], [146.38400268554688, 143.0240020751953, 180.656005859375, 208.656005859375], [100.24000549316406, 188.94400024414062, 151.5360107421875, 223.66400146484375], [198.8000030517578, 164.3040008544922, 223.66400146484375, 223.66400146484375], [184.91200256347656, 176.62400817871094, 216.72000122070312, 221.20001220703125], [121.07200622558594, 188.94400024414062, 151.5360107421875, 223.44000244140625], [147.27999877929688, 180.656005859375, 168.7840118408203, 208.656005859375], [193.64801025390625, 176.62400817871094, 216.72000122070312, 200.14401245117188]], 'labels': ['person', 'person', 'person', 'person', 'person', 'person', 'person', 'person']}}"
0476,"{'<DENSE_REGION_CAPTION>': {'bboxes': [[80.08000183105469, 0.1120000034570694, 200.14401245117188, 191.8560028076172], [0.1120000034570694, 0.1120000034570694, 42.448001861572266, 60.592002868652344], [198.1280059814453, 120.84800720214844, 223.66400146484375, 187.37600708007812], [157.80799865722656, 149.74400329589844, 169.2320098876953, 170.8000030517578], [214.92800903320312, 172.14401245117188, 223.66400146484375, 195.88800048828125]], 'labels': ['whiteboard', 'whiteboard', 'whiteboard', 'human face', 'human face']}}"
0477,"{'<DENSE_REGION_CAPTION>': {'bboxes': [[0.1120000034570694, 0.1120000034570694, 61.040000915527344, 223.66400146484375], [145.93600463867188, 141.9040069580078, 179.9840087890625, 207.760009765625], [100.24000549316406, 188.04800415039062, 148.84800720214844, 223.66400146484375], [198.3520050048828, 164.0800018310547, 223.66400146484375, 223.66400146484375], [119.0560073852539, 188.04800415039062, 149.07200622558594, 223.66400146484375], [146.16000366210938, 178.86399841308594, 169.6800079345703, 209.10400390625]], 'labels': ['person', 'person', 'person', 'person', 'person', 'person']}}"
0478,"{'<DENSE_REGION_CAPTION>': {'bboxes': [[0.1120000034570694, 0.1120000034570694, 57.68000030517578, 223.66400146484375], [198.1280059814453, 120.6240005493164, 223.66400146484375, 186.92800903320312]], 'labels': ['person', 'poster']}}"
0479,"{'<DENSE_REGION_CAPTION>': {'bboxes': [[0.1120000034570694, 0.1120000034570694, 58.57600021362305, 223.66400146484375], [146.60800170898438, 149.74400329589844, 178.19200134277344, 208.4320068359375], [198.1280059814453, 164.0800018310547, 223.66400146484375, 223.66400146484375], [190.9600067138672, 177.07200622558594, 216.94400024414062, 221.87200927734375], [126.22400665283203, 186.03201293945312, 152.656005859375, 223.66400146484375], [145.26400756835938, 179.760009765625, 168.7840118408203, 209.3280029296875]], 'labels': ['person', 'person', 'person', 'person', 'person', 'person']}}"
0480,"{'<DENSE_REGION_CAPTION>': {'bboxes': [[0.1120000034570694, 0.1120000034570694, 223.66400146484375, 223.66400146484375], [198.3520050048828, 120.6240005493164, 223.66400146484375, 187.60000610351562]], 'labels': ['whiteboard', 'poster']}}"
0481,"{'<DENSE_REGION_CAPTION>': {'bboxes': [[50.96000289916992, 0.1120000034570694, 157.13600158691406, 174.83200073242188], [4.5920000076293945, 0.1120000034570694, 40.656002044677734, 76.04800415039062]], 'labels': ['whiteboard', 'poster']}}"
0482,"{'<DENSE_REGION_CAPTION>': {'bboxes': [[44.4640007019043, 22.288000106811523, 128.24000549316406, 162.7360076904297], [126.89600372314453, 42.672000885009766, 203.05599975585938, 121.07200622558594], [7.504000186920166, 21.61600112915039, 35.72800064086914, 83.44000244140625], [112.78400421142578, 190.0640106201172, 161.8400115966797, 223.66400146484375], [67.53600311279297, 169.2320098876953, 86.80000305175781, 223.66400146484375], [172.14401245117188, 201.71200561523438, 220.3040008544922, 223.66400146484375], [127.12000274658203, 160.72000122070312, 163.8560028076172, 179.9840087890625], [127.12000274658203, 142.3520050048828, 164.0800018310547, 179.9840087890625], [102.0320053100586, 141.4560089111328, 122.86400604248047, 171.6959991455078], [77.61600494384766, 159.82400512695312, 94.86400604248047, 189.16799926757812], [161.6160125732422, 144.36801147460938, 176.17601013183594, 170.8000030517578]], 'labels': ['whiteboard', 'whiteboard', 'whiteboard', 'chair', 'chair', 'chair', 'chair', 'person', 'person', 'person', 'person']}}"
0483,"{'<DENSE_REGION_CAPTION>': {'bboxes': [[43.79199981689453, 22.064001083374023, 128.01600646972656, 161.39199829101562], [126.89600372314453, 41.7760009765625, 203.05599975585938, 120.1760025024414], [112.78400421142578, 189.6160125732422, 162.0640106201172, 223.66400146484375], [67.31200408935547, 169.0080108642578, 87.47200012207031, 223.66400146484375], [171.9199981689453, 201.26400756835938, 220.5279998779297, 223.66400146484375], [126.89600372314453, 141.9040069580078, 163.6320037841797, 179.31201171875], [201.71200561523438, 135.1840057373047, 223.66400146484375, 169.9040069580078], [162.2880096435547, 138.76800537109375, 182.89601135253906, 170.8000030517578], [101.36000061035156, 138.09600830078125, 119.5040054321289, 169.4560089111328], [77.16799926757812, 161.8400115966797, 93.07200622558594, 187.60000610351562]], 'labels': ['whiteboard', 'whiteboard', 'chair', 'chair', 'chair', 'person', 'person', 'person', 'person', 'person']}}"
0484,"{'<DENSE_REGION_CAPTION>': {'bboxes': [[43.12000274658203, 20.04800033569336, 129.13600158691406, 160.94400024414062], [127.56800079345703, 40.880001068115234, 203.27999877929688, 119.2800064086914], [113.45600128173828, 188.72000122070312, 162.0640106201172, 223.66400146484375], [172.36801147460938, 200.14401245117188, 221.87200927734375, 223.66400146484375], [127.56800079345703, 159.82400512695312, 164.0800018310547, 178.41600036621094]], 'labels': ['whiteboard', 'whiteboard', 'chair', 'chair', 'chair']}}"
0485,"{'<DENSE_REGION_CAPTION>': {'bboxes': [[43.56800079345703, 19.82400131225586, 128.68800354003906, 174.83200073242188], [127.56800079345703, 40.656002044677734, 203.50401306152344, 119.2800064086914], [113.68000030517578, 188.72000122070312, 162.2880096435547, 223.66400146484375], [68.20800018310547, 168.33599853515625, 88.36800384521484, 223.66400146484375], [172.59201049804688, 200.14401245117188, 222.32000732421875, 223.66400146484375], [127.56800079345703, 159.82400512695312, 164.0800018310547, 178.41600036621094]], 'labels': ['whiteboard', 'whiteboard', 'chair', 'chair', 'chair', 'chair']}}"
0486,"{'<DENSE_REGION_CAPTION>': {'bboxes': [[43.56800079345703, 19.82400131225586, 128.68800354003906, 174.83200073242188], [127.56800079345703, 40.880001068115234, 203.50401306152344, 119.2800064086914], [113.68000030517578, 188.72000122070312, 162.0640106201172, 223.66400146484375], [172.36801147460938, 199.92001342773438, 222.09600830078125, 223.66400146484375], [68.43199920654297, 168.11199951171875, 88.14400482177734, 223.66400146484375], [127.56800079345703, 159.60000610351562, 163.6320037841797, 178.41600036621094]], 'labels': ['whiteboard', 'whiteboard', 'chair', 'chair', 'chair', 'chair']}}"
0487,"{'<DENSE_REGION_CAPTION>': {'bboxes': [[44.6879997253418, 20.04800033569336, 128.68800354003906, 174.16000366210938], [127.56800079345703, 40.880001068115234, 203.50401306152344, 119.0560073852539], [113.68000030517578, 188.72000122070312, 162.2880096435547, 223.66400146484375], [172.59201049804688, 199.92001342773438, 222.54400634765625, 223.66400146484375], [68.43199920654297, 167.88800048828125, 87.92000579833984, 223.66400146484375], [127.56800079345703, 159.15200805664062, 164.0800018310547, 178.41600036621094]], 'labels': ['whiteboard', 'whiteboard', 'chair', 'chair', 'chair', 'chair']}}"
0488,"{'<DENSE_REGION_CAPTION>': {'bboxes': [[61.48800277709961, 21.84000015258789, 147.50399780273438, 174.16000366210938], [11.984000205993652, 22.736000061035156, 56.112003326416016, 223.66400146484375]], 'labels': ['whiteboard', 'person']}}"
0489,"{'<DENSE_REGION_CAPTION>': {'bboxes': [[0.1120000034570694, 0.1120000034570694, 49.84000015258789, 223.66400146484375]], 'labels': ['person']}}"
0490,"{'<DENSE_REGION_CAPTION>': {'bboxes': [[0.1120000034570694, 0.1120000034570694, 223.66400146484375, 223.66400146484375]], 'labels': ['whiteboard']}}"
0491,"{'<DENSE_REGION_CAPTION>': {'bboxes': [[0.1120000034570694, 0.1120000034570694, 223.66400146484375, 223.66400146484375]], 'labels': ['whiteboard']}}"
0492,"{'<DENSE_REGION_CAPTION>': {'bboxes': [[68.656005859375, 0.1120000034570694, 183.12001037597656, 202.38400268554688], [11.312000274658203, 7.728000164031982, 63.952003479003906, 223.66400146484375]], 'labels': ['whiteboard', 'person']}}"
0493,"{'<DENSE_REGION_CAPTION>': {'bboxes': [[108.75200653076172, 171.6959991455078, 223.66400146484375, 223.66400146484375], [150.63999938964844, 51.85600280761719, 219.8560028076172, 122.41600036621094], [99.12000274658203, 162.5120086669922, 138.32000732421875, 223.66400146484375], [138.76800537109375, 181.7760009765625, 182.447998046875, 223.66400146484375], [5.936000347137451, 123.53600311279297, 31.920000076293945, 184.68800354003906], [183.56800842285156, 195.66400146484375, 223.66400146484375, 223.66400146484375], [150.41600036621094, 156.91200256347656, 183.12001037597656, 174.16000366210938], [180.4320068359375, 0.1120000034570694, 193.42401123046875, 8.176000595092773]], 'labels': ['desk', 'whiteboard', 'chair', 'chair', 'chair', 'chair', 'chair', 'clock']}}"
0494,"{'<DENSE_REGION_CAPTION>': {'bboxes': [[76.04800415039062, 34.832000732421875, 151.5360107421875, 155.34400939941406], [149.96800231933594, 50.96000289916992, 218.7360076904297, 121.29600524902344], [98.22400665283203, 160.94400024414062, 137.42401123046875, 223.66400146484375], [137.64801025390625, 180.4320068359375, 181.552001953125, 223.66400146484375], [5.263999938964844, 122.86400604248047, 31.02400016784668, 184.68800354003906], [181.3280029296875, 194.32000732421875, 223.66400146484375, 223.66400146484375], [149.74400329589844, 155.56800842285156, 183.12001037597656, 172.81600952148438], [179.5360107421875, 0.1120000034570694, 192.0800018310547, 7.28000020980835]], 'labels': ['whiteboard', 'whiteboard', 'chair', 'chair', 'chair', 'chair', 'chair', 'clock']}}"
0495,"{'<DENSE_REGION_CAPTION>': {'bboxes': [[108.30400085449219, 169.6800079345703, 217.3920135498047, 223.66400146484375], [202.16000366210938, 56.112003326416016, 216.72000122070312, 99.79199981689453], [28.112001419067383, 104.94400024414062, 89.93600463867188, 192.7519989013672], [46.704002380371094, 33.93600082397461, 76.49600219726562, 200.36801147460938], [9.296000480651855, 181.10400390625, 39.3120002746582, 220.0800018310547], [184.01600646972656, 170.8000030517578, 218.9600067138672, 186.92800903320312], [0.1120000034570694, 199.2480010986328, 12.656000137329102, 223.66400146484375], [0.1120000034570694, 105.61600494384766, 4.144000053405762, 120.84800720214844]], 'labels': ['desk', 'scissors', 'desk', 'person', 'picnic basket', 'picnic basket', 'picnic basket', 'picnic basket']}}"
0496,"{'<DENSE_REGION_CAPTION>': {'bboxes': [[49.39200210571289, 33.48800277709961, 151.9840087890625, 154.0], [108.08000183105469, 159.82400512695312, 217.3920135498047, 223.66400146484375], [201.93600463867188, 55.44000244140625, 216.49600219726562, 100.01600646972656], [63.952003479003906, 30.128000259399414, 93.52000427246094, 220.97601318359375], [8.848000526428223, 180.8800048828125, 39.3120002746582, 220.0800018310547], [183.79200744628906, 169.9040069580078, 218.9600067138672, 186.92800903320312], [73.13600158691406, 208.4320068359375, 91.5040054321289, 220.97601318359375], [58.57600021362305, 190.7360076904297, 68.43199920654297, 212.24000549316406]], 'labels': ['whiteboard', 'desk', 'scissors', 'person', 'picnic basket', 'picnic basket', 'walking shoe', 'walking shoe']}}"
0497,"{'<DENSE_REGION_CAPTION>': {'bboxes': [[108.08000183105469, 159.82400512695312, 217.3920135498047, 223.66400146484375], [201.93600463867188, 55.44000244140625, 216.72000122070312, 99.79199981689453], [71.56800079345703, 30.80000114440918, 105.16800689697266, 221.20001220703125], [8.848000526428223, 180.656005859375, 39.3120002746582, 220.0800018310547], [183.79200744628906, 169.9040069580078, 219.1840057373047, 186.92800903320312]], 'labels': ['desk', 'scissors', 'person', 'picnic basket', 'picnic basket']}}"
0498,"{'<DENSE_REGION_CAPTION>': {'bboxes': [[108.08000183105469, 168.7840118408203, 217.3920135498047, 223.66400146484375], [71.79199981689453, 31.248001098632812, 98.67200469970703, 221.42401123046875], [8.848000526428223, 180.656005859375, 39.3120002746582, 219.8560028076172], [183.79200744628906, 169.6800079345703, 218.9600067138672, 186.70401000976562]], 'labels': ['desk', 'person', 'picnic basket', 'picnic basket']}}"
0499,"{'<DENSE_REGION_CAPTION>': {'bboxes': [[108.08000183105469, 159.82400512695312, 217.3920135498047, 223.66400146484375], [201.93600463867188, 55.44000244140625, 216.72000122070312, 100.01600646972656], [71.12000274658203, 31.248001098632812, 97.7760009765625, 194.32000732421875], [8.848000526428223, 180.656005859375, 39.3120002746582, 220.0800018310547], [183.56800842285156, 169.9040069580078, 218.5120086669922, 186.48001098632812]], 'labels': ['desk', 'scissors', 'person', 'picnic basket', 'picnic basket']}}"
0500,"{'<DENSE_REGION_CAPTION>': {'bboxes': [[108.08000183105469, 168.7840118408203, 217.3920135498047, 223.66400146484375], [27.88800048828125, 104.72000122070312, 69.552001953125, 193.20001220703125], [201.93600463867188, 55.44000244140625, 216.49600219726562, 100.46400451660156], [59.69600296020508, 157.80799865722656, 101.36000061035156, 188.94400024414062], [8.848000526428223, 180.656005859375, 39.3120002746582, 219.8560028076172], [183.56800842285156, 166.54400634765625, 218.5120086669922, 186.48001098632812]], 'labels': ['desk', 'desk', 'scissors', 'desk', 'picnic basket', 'picnic basket']}}"
0501,"{'<DENSE_REGION_CAPTION>': {'bboxes': [[107.85600280761719, 168.7840118408203, 217.3920135498047, 223.66400146484375], [70.67200469970703, 31.248001098632812, 96.20800018310547, 221.42401123046875], [8.848000526428223, 180.8800048828125, 39.3120002746582, 220.0800018310547], [183.79200744628906, 169.6800079345703, 218.9600067138672, 186.70401000976562], [201.71200561523438, 55.66400146484375, 216.27200317382812, 100.24000549316406]], 'labels': ['desk', 'person', 'picnic basket', 'picnic basket', 'scissors']}}"
0502,"{'<DENSE_REGION_CAPTION>': {'bboxes': [[108.08000183105469, 169.0080108642578, 217.16799926757812, 223.66400146484375], [27.88800048828125, 104.72000122070312, 69.7760009765625, 147.95201110839844], [201.93600463867188, 55.44000244140625, 216.72000122070312, 100.01600646972656], [59.69600296020508, 156.91200256347656, 101.36000061035156, 189.8400115966797], [9.072000503540039, 180.656005859375, 39.3120002746582, 219.6320037841797], [183.79200744628906, 169.6800079345703, 218.9600067138672, 186.48001098632812], [0.1120000034570694, 198.3520050048828, 12.656000137329102, 223.66400146484375]], 'labels': ['desk', 'desk', 'scissors', 'desk', 'picnic basket', 'picnic basket', 'picnic basket']}}"
0503,"{'<DENSE_REGION_CAPTION>': {'bboxes': [[107.85600280761719, 168.5600128173828, 217.3920135498047, 223.66400146484375], [70.67200469970703, 31.696001052856445, 95.31200408935547, 220.97601318359375], [8.848000526428223, 180.656005859375, 39.3120002746582, 219.4080047607422], [183.79200744628906, 169.9040069580078, 218.9600067138672, 186.48001098632812]], 'labels': ['desk', 'person', 'picnic basket', 'picnic basket']}}"
0504,"{'<DENSE_REGION_CAPTION>': {'bboxes': [[107.85600280761719, 168.7840118408203, 217.3920135498047, 223.66400146484375], [70.67200469970703, 31.696001052856445, 95.53600311279297, 220.97601318359375], [183.79200744628906, 169.6800079345703, 218.7360076904297, 186.48001098632812], [201.93600463867188, 55.44000244140625, 216.27200317382812, 99.79199981689453]], 'labels': ['desk', 'person', 'picnic basket', 'scissors']}}"
0505,"{'<DENSE_REGION_CAPTION>': {'bboxes': [[107.85600280761719, 168.7840118408203, 217.3920135498047, 223.66400146484375], [70.67200469970703, 31.696001052856445, 95.53600311279297, 220.97601318359375], [8.848000526428223, 180.656005859375, 39.3120002746582, 220.3040008544922], [183.79200744628906, 169.9040069580078, 218.7360076904297, 186.92800903320312]], 'labels': ['desk', 'person', 'picnic basket', 'picnic basket']}}"
0506,"{'<DENSE_REGION_CAPTION>': {'bboxes': [[107.85600280761719, 168.7840118408203, 217.3920135498047, 223.66400146484375], [70.67200469970703, 31.696001052856445, 98.22400665283203, 220.97601318359375], [9.072000503540039, 180.656005859375, 39.3120002746582, 220.3040008544922], [183.79200744628906, 169.9040069580078, 218.7360076904297, 186.92800903320312]], 'labels': ['desk', 'person', 'picnic basket', 'picnic basket']}}"
0507,"{'<DENSE_REGION_CAPTION>': {'bboxes': [[107.85600280761719, 168.7840118408203, 217.3920135498047, 223.66400146484375], [69.7760009765625, 32.36800003051758, 98.67200469970703, 220.97601318359375], [8.848000526428223, 180.8800048828125, 39.3120002746582, 220.3040008544922], [183.56800842285156, 169.9040069580078, 218.7360076904297, 186.92800903320312]], 'labels': ['desk', 'person', 'picnic basket', 'picnic basket']}}"
0508,"{'<DENSE_REGION_CAPTION>': {'bboxes': [[79.63200378417969, 33.48800277709961, 151.31201171875, 153.3280029296875], [149.96800231933594, 48.720001220703125, 218.7360076904297, 119.2800064086914], [98.44800567626953, 159.60000610351562, 140.33599853515625, 223.66400146484375], [137.64801025390625, 178.63999938964844, 181.552001953125, 223.66400146484375], [5.039999961853027, 121.52000427246094, 30.80000114440918, 182.67201232910156], [177.74400329589844, 192.0800018310547, 223.66400146484375, 223.66400146484375], [201.71200561523438, 55.21600341796875, 216.49600219726562, 100.01600646972656], [107.85600280761719, 168.7840118408203, 217.3920135498047, 223.66400146484375], [27.88800048828125, 104.72000122070312, 63.952003479003906, 194.32000732421875], [68.8800048828125, 36.176002502441406, 95.98400115966797, 220.75201416015625], [179.760009765625, 131.15200805664062, 198.8000030517578, 166.09600830078125], [117.93600463867188, 131.82400512695312, 136.9759979248047, 160.94400024414062], [152.8800048828125, 133.39199829101562, 174.60800170898438, 154.67201232910156], [202.16000366210938, 140.7840118408203, 222.09600830078125, 163.8560028076172], [111.21600341796875, 147.50399780273438, 124.4320068359375, 176.62400817871094]], 'labels': ['whiteboard', 'whiteboard', 'chair', 'chair', 'chair', 'chair', 'scissors', 'desk', 'desk', 'person', 'person', 'person', 'person', 'person', 'person']}}"
0509,"{'<DENSE_REGION_CAPTION>': {'bboxes': [[79.63200378417969, 33.71200180053711, 151.31201171875, 165.42401123046875], [107.85600280761719, 168.7840118408203, 217.3920135498047, 223.66400146484375], [68.8800048828125, 36.176002502441406, 95.53600311279297, 220.97601318359375], [8.848000526428223, 180.8800048828125, 39.3120002746582, 220.3040008544922], [183.56800842285156, 169.9040069580078, 218.9600067138672, 186.92800903320312]], 'labels': ['whiteboard', 'desk', 'person', 'picnic basket', 'picnic basket']}}"
0510,"{'<DENSE_REGION_CAPTION>': {'bboxes': [[85.23200225830078, 33.263999938964844, 151.08799743652344, 165.42401123046875], [149.96800231933594, 48.720001220703125, 218.7360076904297, 119.2800064086914], [98.44800567626953, 159.60000610351562, 141.0080108642578, 223.66400146484375], [137.64801025390625, 178.63999938964844, 181.552001953125, 223.66400146484375], [5.039999961853027, 121.52000427246094, 30.80000114440918, 182.447998046875], [177.74400329589844, 192.0800018310547, 223.66400146484375, 223.66400146484375], [149.96800231933594, 153.552001953125, 182.67201232910156, 171.0240020751953], [194.99200439453125, 139.66400146484375, 222.09600830078125, 164.0800018310547], [120.1760025024414, 135.4080047607422, 137.87200927734375, 161.39199829101562]], 'labels': ['whiteboard', 'whiteboard', 'chair', 'chair', 'chair', 'chair', 'chair', 'person', 'person']}}"
0511,"{'<DENSE_REGION_CAPTION>': {'bboxes': [[84.56000518798828, 33.48800277709961, 151.08799743652344, 165.20001220703125], [149.96800231933594, 48.720001220703125, 218.7360076904297, 119.2800064086914], [98.44800567626953, 159.60000610351562, 140.55999755859375, 223.66400146484375], [137.64801025390625, 178.63999938964844, 181.552001953125, 223.66400146484375], [5.039999961853027, 121.52000427246094, 30.80000114440918, 182.447998046875], [177.74400329589844, 192.0800018310547, 223.66400146484375, 223.66400146484375], [149.96800231933594, 153.552001953125, 182.67201232910156, 171.0240020751953]], 'labels': ['whiteboard', 'whiteboard', 'chair', 'chair', 'chair', 'chair', 'chair']}}"
0512,"{'<DENSE_REGION_CAPTION>': {'bboxes': [[85.23200225830078, 33.263999938964844, 150.86399841308594, 164.9759979248047], [149.96800231933594, 48.720001220703125, 218.7360076904297, 119.2800064086914], [98.44800567626953, 159.82400512695312, 140.55999755859375, 223.66400146484375], [137.64801025390625, 178.63999938964844, 182.0, 223.66400146484375], [5.039999961853027, 121.52000427246094, 30.80000114440918, 182.447998046875], [177.74400329589844, 192.0800018310547, 223.66400146484375, 223.66400146484375], [149.96800231933594, 153.552001953125, 182.67201232910156, 170.8000030517578]], 'labels': ['whiteboard', 'whiteboard', 'chair', 'chair', 'chair', 'chair', 'chair']}}"
0513,"{'<DENSE_REGION_CAPTION>': {'bboxes': [[84.56000518798828, 33.71200180053711, 151.760009765625, 165.42401123046875], [107.85600280761719, 168.11199951171875, 217.3920135498047, 223.66400146484375], [69.7760009765625, 32.592002868652344, 98.0, 220.97601318359375], [8.848000526428223, 180.656005859375, 39.3120002746582, 219.4080047607422], [183.56800842285156, 169.6800079345703, 218.5120086669922, 186.03201293945312], [180.4320068359375, 0.1120000034570694, 191.1840057373047, 5.712000370025635]], 'labels': ['whiteboard', 'desk', 'person', 'picnic basket', 'picnic basket', 'picture frame']}}"
0514,"{'<DENSE_REGION_CAPTION>': {'bboxes': [[107.85600280761719, 167.66400146484375, 217.3920135498047, 223.66400146484375], [69.7760009765625, 32.816001892089844, 101.13600158691406, 220.97601318359375], [8.848000526428223, 180.656005859375, 39.3120002746582, 219.6320037841797], [183.56800842285156, 169.4560089111328, 218.5120086669922, 186.48001098632812]], 'labels': ['desk', 'person', 'picnic basket', 'picnic basket']}}"
0515,"{'<DENSE_REGION_CAPTION>': {'bboxes': [[84.56000518798828, 33.48800277709961, 151.760009765625, 153.552001953125], [107.85600280761719, 159.60000610351562, 217.3920135498047, 223.66400146484375], [69.7760009765625, 32.36800003051758, 104.04800415039062, 221.20001220703125], [99.12000274658203, 144.59201049804688, 140.55999755859375, 223.66400146484375], [99.12000274658203, 144.59201049804688, 124.656005859375, 223.66400146484375], [99.34400177001953, 144.59201049804688, 124.20800018310547, 196.5600128173828], [180.4320068359375, 137.87200927734375, 199.92001342773438, 164.7519989013672], [146.38400268554688, 141.6800079345703, 163.6320037841797, 165.64801025390625], [121.74400329589844, 136.7519989013672, 136.9759979248047, 160.94400024414062], [162.0640106201172, 134.9600067138672, 177.74400329589844, 155.12001037597656], [204.17601013183594, 140.33599853515625, 215.37600708007812, 156.46400451660156]], 'labels': ['whiteboard', 'desk', 'person', 'person', 'person', 'person', 'person', 'person', 'person', 'person', 'person']}}"
0516,"{'<DENSE_REGION_CAPTION>': {'bboxes': [[107.85600280761719, 168.5600128173828, 217.3920135498047, 223.66400146484375], [69.7760009765625, 31.920000076293945, 97.3280029296875, 221.20001220703125], [99.12000274658203, 143.9199981689453, 140.55999755859375, 223.66400146484375], [99.12000274658203, 143.9199981689453, 124.20800018310547, 223.66400146484375], [8.624000549316406, 180.8800048828125, 39.3120002746582, 219.6320037841797], [183.34400939941406, 169.6800079345703, 218.7360076904297, 186.70401000976562]], 'labels': ['desk', 'person', 'person', 'person', 'picnic basket', 'picnic basket']}}"
0517,"{'<DENSE_REGION_CAPTION>': {'bboxes': [[84.56000518798828, 33.71200180053711, 151.760009765625, 153.7760009765625], [107.85600280761719, 159.60000610351562, 217.3920135498047, 223.66400146484375], [69.7760009765625, 32.36800003051758, 95.31200408935547, 220.97601318359375], [99.12000274658203, 144.81600952148438, 136.0800018310547, 223.66400146484375], [99.12000274658203, 144.81600952148438, 121.29600524902344, 223.66400146484375], [99.34400177001953, 144.81600952148438, 121.07200622558594, 196.5600128173828], [0.1120000034570694, 175.05599975585938, 13.32800006866455, 223.66400146484375], [203.05599975585938, 140.7840118408203, 223.66400146484375, 164.3040008544922], [183.12001037597656, 137.1999969482422, 198.3520050048828, 164.0800018310547], [121.52000427246094, 137.87200927734375, 138.09600830078125, 161.39199829101562], [147.50399780273438, 140.55999755859375, 165.20001220703125, 161.39199829101562], [163.8560028076172, 135.6320037841797, 180.2080078125, 157.36000061035156]], 'labels': ['whiteboard', 'desk', 'person', 'person', 'person', 'person', 'person', 'person', 'person', 'person', 'person', 'person']}}"
0518,"{'<DENSE_REGION_CAPTION>': {'bboxes': [[96.43199920654297, 168.7840118408203, 203.50401306152344, 223.66400146484375], [57.68000030517578, 32.36800003051758, 85.68000030517578, 222.32000732421875], [0.1120000034570694, 182.89601135253906, 26.54400062561035, 222.54400634765625], [170.8000030517578, 169.2320098876953, 205.96800231933594, 185.58399963378906]], 'labels': ['desk', 'person', 'picnic basket', 'picnic basket']}}"
0519,"{'<DENSE_REGION_CAPTION>': {'bboxes': [[59.69600296020508, 32.592002868652344, 126.67200469970703, 161.6160125732422], [73.80799865722656, 181.10400390625, 113.00800323486328, 223.66400146484375], [42.672000885009766, 32.36800003051758, 77.39200592041016, 191.8560028076172], [74.4800033569336, 141.6800079345703, 99.12000274658203, 223.66400146484375], [74.4800033569336, 141.6800079345703, 98.44800567626953, 205.96800231933594], [123.31200408935547, 140.55999755859375, 157.36000061035156, 169.0080108642578], [194.76800537109375, 136.5279998779297, 218.2880096435547, 160.94400024414062], [154.0, 135.6320037841797, 172.14401245117188, 162.0640106201172], [172.59201049804688, 138.09600830078125, 193.64801025390625, 160.72000122070312], [214.70401000976562, 133.8400115966797, 223.66400146484375, 176.40000915527344], [97.3280029296875, 145.48800659179688, 111.66400146484375, 161.39199829101562]], 'labels': ['whiteboard', 'chair', 'person', 'person', 'person', 'person', 'person', 'person', 'person', 'person', 'person']}}"
0520,"{'<DENSE_REGION_CAPTION>': {'bboxes': [[55.21600341796875, 33.040000915527344, 122.64000701904297, 163.8560028076172], [190.9600067138672, 26.768001556396484, 223.66400146484375, 151.5360107421875], [69.3280029296875, 162.7360076904297, 113.23200225830078, 223.66400146484375], [50.288002014160156, 43.12000274658203, 61.26400375366211, 60.36800003051758]], 'labels': ['whiteboard', 'whiteboard', 'chair', 'human face']}}"
0521,"{'<DENSE_REGION_CAPTION>': {'bboxes': [[54.544002532958984, 32.816001892089844, 121.96800231933594, 154.89601135253906], [120.6240005493164, 50.288002014160156, 186.03201293945312, 118.38400268554688], [68.8800048828125, 159.82400512695312, 109.20000457763672, 223.66400146484375]], 'labels': ['whiteboard', 'whiteboard', 'chair']}}"
0522,"{'<DENSE_REGION_CAPTION>': {'bboxes': [[52.97600173950195, 32.816001892089844, 121.74400329589844, 154.0], [120.6240005493164, 50.512001037597656, 185.80799865722656, 118.38400268554688], [189.8400115966797, 26.54400062561035, 223.66400146484375, 149.29600524902344], [69.3280029296875, 160.04800415039062, 108.08000183105469, 223.66400146484375], [146.83200073242188, 187.82400512695312, 203.50401306152344, 223.66400146484375], [108.75200653076172, 178.19200134277344, 151.31201171875, 223.66400146484375], [183.79200744628906, 177.52000427246094, 223.66400146484375, 202.83200073242188], [184.68800354003906, 205.29600524902344, 223.66400146484375, 223.66400146484375], [5.039999961853027, 203.27999877929688, 31.02400016784668, 223.66400146484375], [120.84800720214844, 152.8800048828125, 152.4320068359375, 169.4560089111328]], 'labels': ['whiteboard', 'whiteboard', 'whiteboard', 'chair', 'chair', 'chair', 'chair', 'chair', 'chair', 'chair']}}"
0523,"{'<DENSE_REGION_CAPTION>': {'bboxes': [[46.47999954223633, 33.040000915527344, 121.96800231933594, 164.5279998779297], [189.8400115966797, 26.768001556396484, 223.66400146484375, 150.86399841308594], [16.687999725341797, 32.592002868652344, 42.224002838134766, 85.68000030517578], [69.3280029296875, 160.27200317382812, 111.88800048828125, 223.66400146484375], [146.83200073242188, 187.82400512695312, 203.95201110839844, 223.66400146484375], [108.97600555419922, 178.19200134277344, 151.08799743652344, 223.66400146484375], [188.49600219726562, 177.74400329589844, 223.66400146484375, 203.05599975585938], [184.46400451660156, 205.29600524902344, 223.66400146484375, 223.66400146484375], [5.039999961853027, 203.05599975585938, 31.02400016784668, 223.66400146484375], [120.6240005493164, 152.8800048828125, 151.760009765625, 169.2320098876953]], 'labels': ['whiteboard', 'whiteboard', 'whiteboard', 'chair', 'chair', 'chair', 'chair', 'chair', 'chair', 'chair']}}"
0524,"{'<DENSE_REGION_CAPTION>': {'bboxes': [[78.95999908447266, 168.5600128173828, 184.24000549316406, 223.66400146484375], [69.3280029296875, 160.72000122070312, 112.11200714111328, 223.66400146484375], [146.83200073242188, 188.04800415039062, 203.50401306152344, 223.66400146484375], [108.97600555419922, 177.96800231933594, 151.31201171875, 223.66400146484375], [188.49600219726562, 177.96800231933594, 223.66400146484375, 216.27200317382812], [184.46400451660156, 205.29600524902344, 223.66400146484375, 223.66400146484375], [0.1120000034570694, 202.83200073242188, 26.32000160217285, 223.66400146484375], [120.6240005493164, 152.8800048828125, 151.9840087890625, 169.4560089111328], [0.1120000034570694, 39.53600311279297, 34.608001708984375, 223.66400146484375], [86.12800598144531, 133.39199829101562, 101.36000061035156, 164.7519989013672], [151.760009765625, 135.1840057373047, 168.11199951171875, 162.7360076904297], [132.04800415039062, 134.0640106201172, 151.760009765625, 156.91200256347656]], 'labels': ['desk', 'chair', 'chair', 'chair', 'chair', 'chair', 'chair', 'chair', 'person', 'person', 'person', 'person']}}"
0525,"{'<DENSE_REGION_CAPTION>': {'bboxes': [[46.03200149536133, 33.040000915527344, 121.96800231933594, 154.0], [189.8400115966797, 26.768001556396484, 223.66400146484375, 151.760009765625], [22.064001083374023, 32.592002868652344, 42.0, 85.90399932861328], [0.1120000034570694, 30.80000114440918, 38.8640022277832, 223.66400146484375], [0.1120000034570694, 30.128000259399414, 30.128000259399414, 223.66400146484375], [85.23200225830078, 132.49600219726562, 108.30400085449219, 164.9759979248047], [146.60800170898438, 134.9600067138672, 167.21600341796875, 162.9600067138672]], 'labels': ['whiteboard', 'whiteboard', 'whiteboard', 'person', 'person', 'person', 'person']}}"
0526,"{'<DENSE_REGION_CAPTION>': {'bboxes': [[0.1120000034570694, 27.88800048828125, 20.720001220703125, 207.9840087890625], [201.04000854492188, 134.5120086669922, 223.66400146484375, 179.9840087890625], [84.56000518798828, 132.27200317382812, 106.06400299072266, 164.5279998779297], [149.96800231933594, 134.7360076904297, 167.88800048828125, 159.15200805664062]], 'labels': ['person', 'person', 'person', 'person']}}"
0527,"{'<DENSE_REGION_CAPTION>': {'bboxes': [[78.95999908447266, 168.7840118408203, 184.68800354003906, 223.66400146484375], [69.3280029296875, 159.82400512695312, 111.88800048828125, 223.66400146484375], [147.05599975585938, 187.82400512695312, 203.72801208496094, 223.66400146484375], [109.20000457763672, 177.96800231933594, 151.5360107421875, 223.66400146484375], [184.46400451660156, 177.52000427246094, 223.66400146484375, 217.16799926757812], [184.91200256347656, 205.29600524902344, 223.66400146484375, 223.66400146484375], [0.1120000034570694, 203.72801208496094, 23.856000900268555, 223.66400146484375], [121.29600524902344, 153.10400390625, 152.656005859375, 169.2320098876953]], 'labels': ['desk', 'chair', 'chair', 'chair', 'chair', 'chair', 'chair', 'chair']}}"
0528,"{'<DENSE_REGION_CAPTION>': {'bboxes': [[47.60000228881836, 33.040000915527344, 122.19200134277344, 154.0], [189.8400115966797, 26.768001556396484, 223.66400146484375, 151.5360107421875], [68.8800048828125, 159.82400512695312, 110.76800537109375, 223.66400146484375], [146.60800170898438, 187.82400512695312, 203.72801208496094, 223.66400146484375], [108.52799987792969, 177.52000427246094, 151.5360107421875, 223.66400146484375], [184.24000549316406, 177.07200622558594, 223.66400146484375, 216.94400024414062], [184.46400451660156, 205.07200622558594, 223.66400146484375, 223.66400146484375], [0.1120000034570694, 203.27999877929688, 23.631999969482422, 223.66400146484375], [120.84800720214844, 152.656005859375, 152.4320068359375, 169.2320098876953]], 'labels': ['whiteboard', 'whiteboard', 'chair', 'chair', 'chair', 'chair', 'chair', 'chair', 'chair']}}"
0529,"{'<DENSE_REGION_CAPTION>': {'bboxes': [[78.95999908447266, 168.5600128173828, 184.68800354003906, 223.66400146484375], [69.3280029296875, 160.04800415039062, 109.64800262451172, 223.66400146484375], [146.83200073242188, 187.82400512695312, 203.50401306152344, 223.66400146484375], [108.52799987792969, 177.96800231933594, 151.31201171875, 223.66400146484375], [184.46400451660156, 177.52000427246094, 223.66400146484375, 216.94400024414062], [184.46400451660156, 205.29600524902344, 223.66400146484375, 223.66400146484375], [0.1120000034570694, 203.27999877929688, 23.631999969482422, 223.66400146484375], [120.84800720214844, 152.8800048828125, 152.4320068359375, 169.2320098876953]], 'labels': ['desk', 'chair', 'chair', 'chair', 'chair', 'chair', 'chair', 'chair']}}"
0530,"{'<DENSE_REGION_CAPTION>': {'bboxes': [[78.95999908447266, 168.33599853515625, 184.68800354003906, 223.66400146484375], [0.1120000034570694, 35.055999755859375, 35.50400161743164, 223.66400146484375], [0.1120000034570694, 35.055999755859375, 24.97599983215332, 204.40000915527344], [81.20000457763672, 132.49600219726562, 107.63200378417969, 175.50399780273438], [201.26400756835938, 134.0640106201172, 223.66400146484375, 180.2080078125], [81.20000457763672, 144.59201049804688, 104.04800415039062, 175.72801208496094], [151.08799743652344, 135.6320037841797, 170.3520050048828, 162.9600067138672]], 'labels': ['desk', 'person', 'person', 'person', 'person', 'person', 'person']}}"
0531,"{'<DENSE_REGION_CAPTION>': {'bboxes': [[0.1120000034570694, 35.28000259399414, 44.2400016784668, 223.66400146484375], [0.1120000034570694, 35.28000259399414, 32.592002868652344, 204.17601013183594], [77.84000396728516, 144.59201049804688, 106.96000671386719, 223.66400146484375], [122.41600036621094, 138.09600830078125, 158.70401000976562, 166.09600830078125], [90.16000366210938, 134.5120086669922, 114.57600402832031, 164.5279998779297], [122.41600036621094, 138.09600830078125, 145.26400756835938, 165.64801025390625], [158.03199768066406, 137.1999969482422, 174.38400268554688, 167.88800048828125], [98.22400665283203, 134.5120086669922, 114.80000305175781, 161.16799926757812], [209.552001953125, 136.7519989013672, 223.66400146484375, 162.0640106201172]], 'labels': ['person', 'person', 'person', 'person', 'person', 'person', 'person', 'person', 'person']}}"
0532,"{'<DENSE_REGION_CAPTION>': {'bboxes': [[0.1120000034570694, 35.055999755859375, 51.63199996948242, 218.9600067138672], [0.1120000034570694, 34.832000732421875, 39.76000213623047, 203.05599975585938], [83.21600341796875, 159.60000610351562, 123.76000213623047, 223.66400146484375], [161.16799926757812, 189.6160125732422, 223.66400146484375, 223.66400146484375], [122.64000701904297, 178.19200134277344, 166.76800537109375, 223.66400146484375], [134.0640106201172, 136.9759979248047, 166.76800537109375, 169.4560089111328], [14.223999977111816, 200.59201049804688, 39.53600311279297, 223.66400146484375]], 'labels': ['person', 'person', 'chair', 'chair', 'chair', 'chair', 'chair']}}"
0533,"{'<DENSE_REGION_CAPTION>': {'bboxes': [[61.48800277709961, 33.263999938964844, 136.3040008544922, 153.552001953125], [83.44000244140625, 160.04800415039062, 126.22400665283203, 223.66400146484375], [0.1120000034570694, 34.608001708984375, 39.3120002746582, 204.17601013183594], [138.32000732421875, 54.768001556396484, 166.32000732421875, 117.04000091552734], [96.20800018310547, 133.8400115966797, 120.84800720214844, 170.3520050048828], [165.42401123046875, 135.8560028076172, 182.67201232910156, 162.9600067138672]], 'labels': ['whiteboard', 'chair', 'person', 'person', 'person', 'person']}}"
0534,"{'<DENSE_REGION_CAPTION>': {'bboxes': [[60.592002868652344, 33.48800277709961, 135.8560028076172, 154.0], [83.21600341796875, 159.82400512695312, 126.22400665283203, 223.66400146484375], [161.16799926757812, 189.8400115966797, 223.66400146484375, 223.66400146484375], [14.44800090789795, 201.04000854492188, 39.3120002746582, 223.66400146484375], [134.5120086669922, 152.8800048828125, 166.99200439453125, 169.6800079345703]], 'labels': ['whiteboard', 'chair', 'chair', 'chair', 'chair']}}"
0535,"{'<DENSE_REGION_CAPTION>': {'bboxes': [[61.48800277709961, 33.48800277709961, 135.8560028076172, 154.0], [1.4560000896453857, 35.055999755859375, 50.288002014160156, 214.70401000976562], [84.33600616455078, 146.83200073242188, 110.09600067138672, 223.66400146484375], [84.56000518798828, 146.83200073242188, 106.06400299072266, 196.5600128173828], [164.5279998779297, 136.7519989013672, 183.12001037597656, 163.6320037841797], [103.1520004272461, 133.61599731445312, 120.84800720214844, 162.2880096435547]], 'labels': ['whiteboard', 'person', 'person', 'person', 'person', 'person']}}"
0536,"{'<DENSE_REGION_CAPTION>': {'bboxes': [[61.48800277709961, 33.48800277709961, 135.8560028076172, 154.0], [83.44000244140625, 160.27200317382812, 120.6240005493164, 223.66400146484375], [161.6160125732422, 189.8400115966797, 220.0800018310547, 223.66400146484375], [14.44800090789795, 201.04000854492188, 39.53600311279297, 223.66400146484375], [134.5120086669922, 152.8800048828125, 167.21600341796875, 169.6800079345703]], 'labels': ['whiteboard', 'chair', 'chair', 'chair', 'chair']}}"
0537,"{'<DENSE_REGION_CAPTION>': {'bboxes': [[60.816001892089844, 33.48800277709961, 136.0800018310547, 154.0], [83.44000244140625, 160.27200317382812, 124.656005859375, 223.66400146484375], [0.1120000034570694, 35.28000259399414, 52.30400085449219, 213.58399963378906], [84.11199951171875, 149.29600524902344, 105.84000396728516, 223.66400146484375], [163.8560028076172, 136.7519989013672, 184.01600646972656, 164.5279998779297], [103.3759994506836, 135.6320037841797, 119.2800064086914, 163.1840057373047]], 'labels': ['whiteboard', 'chair', 'person', 'person', 'person', 'person']}}"
0538,"{'<DENSE_REGION_CAPTION>': {'bboxes': [[61.48800277709961, 33.71200180053711, 135.8560028076172, 154.0], [83.21600341796875, 160.27200317382812, 125.7760009765625, 223.66400146484375], [161.6160125732422, 189.8400115966797, 223.66400146484375, 223.66400146484375], [14.44800090789795, 201.04000854492188, 39.53600311279297, 223.66400146484375], [134.5120086669922, 152.8800048828125, 166.76800537109375, 169.6800079345703], [0.1120000034570694, 35.055999755859375, 42.224002838134766, 204.84800720214844], [85.00800323486328, 145.71200561523438, 105.61600494384766, 176.84800720214844], [165.87200927734375, 136.7519989013672, 183.79200744628906, 164.0800018310547], [103.3759994506836, 135.1840057373047, 119.7280044555664, 162.9600067138672]], 'labels': ['whiteboard', 'chair', 'chair', 'chair', 'chair', 'person', 'person', 'person', 'person']}}"
0539,"{'<DENSE_REGION_CAPTION>': {'bboxes': [[61.48800277709961, 33.48800277709961, 135.8560028076172, 153.552001953125], [0.1120000034570694, 34.832000732421875, 43.79199981689453, 206.19200134277344], [84.33600616455078, 132.27200317382812, 119.2800064086914, 223.66400146484375], [134.2880096435547, 135.6320037841797, 166.99200439453125, 169.4560089111328], [94.86400604248047, 132.27200317382812, 119.0560073852539, 176.17601013183594], [166.32000732421875, 136.7519989013672, 183.79200744628906, 167.88800048828125]], 'labels': ['whiteboard', 'person', 'person', 'person', 'person', 'person']}}"
0540,"{'<DENSE_REGION_CAPTION>': {'bboxes': [[61.48800277709961, 33.71200180053711, 135.8560028076172, 153.552001953125], [83.21600341796875, 159.82400512695312, 124.4320068359375, 223.66400146484375], [0.1120000034570694, 35.50400161743164, 39.76000213623047, 202.60800170898438], [105.84000396728516, 124.4320068359375, 128.91200256347656, 161.6160125732422], [165.42401123046875, 136.7519989013672, 183.34400939941406, 168.5600128173828]], 'labels': ['whiteboard', 'chair', 'person', 'person', 'person']}}"
0541,"{'<DENSE_REGION_CAPTION>': {'bboxes': [[60.592002868652344, 33.48800277709961, 135.8560028076172, 165.42401123046875], [83.44000244140625, 160.49600219726562, 122.19200134277344, 223.66400146484375], [14.44800090789795, 201.04000854492188, 39.53600311279297, 223.66400146484375], [134.5120086669922, 152.8800048828125, 166.99200439453125, 169.6800079345703]], 'labels': ['whiteboard', 'chair', 'chair', 'chair']}}"
0542,"{'<DENSE_REGION_CAPTION>': {'bboxes': [[92.8479995727539, 168.7840118408203, 199.6959991455078, 223.66400146484375], [83.66400146484375, 160.27200317382812, 122.19200134277344, 223.66400146484375], [161.6160125732422, 189.8400115966797, 219.8560028076172, 223.66400146484375], [14.672000885009766, 201.04000854492188, 49.84000015258789, 223.66400146484375], [134.9600067138672, 152.8800048828125, 166.99200439453125, 169.4560089111328], [201.04000854492188, 210.44801330566406, 223.66400146484375, 223.66400146484375]], 'labels': ['desk', 'chair', 'chair', 'chair', 'chair', 'chair']}}"
0543,"{'<DENSE_REGION_CAPTION>': {'bboxes': [[60.816001892089844, 33.48800277709961, 135.8560028076172, 165.42401123046875], [134.2880096435547, 49.84000015258789, 202.16000366210938, 118.83200073242188], [83.44000244140625, 160.04800415039062, 123.76000213623047, 223.66400146484375], [134.5120086669922, 152.8800048828125, 166.99200439453125, 169.6800079345703]], 'labels': ['whiteboard', 'whiteboard', 'chair', 'chair']}}"
0544,"{'<DENSE_REGION_CAPTION>': {'bboxes': [[60.816001892089844, 33.48800277709961, 135.8560028076172, 165.42401123046875], [134.2880096435547, 49.84000015258789, 202.16000366210938, 118.60800170898438], [83.44000244140625, 160.04800415039062, 123.98400115966797, 223.66400146484375]], 'labels': ['whiteboard', 'whiteboard', 'chair']}}"
0545,"{'<DENSE_REGION_CAPTION>': {'bboxes': [[60.816001892089844, 33.48800277709961, 136.0800018310547, 165.42401123046875], [83.44000244140625, 160.04800415039062, 123.53600311279297, 223.66400146484375], [14.44800090789795, 201.04000854492188, 39.3120002746582, 223.66400146484375], [134.5120086669922, 152.8800048828125, 166.99200439453125, 169.6800079345703]], 'labels': ['whiteboard', 'chair', 'chair', 'chair']}}"
0546,"{'<DENSE_REGION_CAPTION>': {'bboxes': [[60.816001892089844, 33.263999938964844, 136.0800018310547, 165.64801025390625], [134.2880096435547, 49.84000015258789, 202.16000366210938, 118.83200073242188], [83.44000244140625, 160.04800415039062, 123.53600311279297, 223.66400146484375], [14.223999977111816, 201.04000854492188, 39.3120002746582, 223.66400146484375], [134.5120086669922, 152.8800048828125, 166.99200439453125, 169.6800079345703]], 'labels': ['whiteboard', 'whiteboard', 'chair', 'chair', 'chair']}}"
0547,"{'<DENSE_REGION_CAPTION>': {'bboxes': [[60.816001892089844, 33.263999938964844, 136.0800018310547, 165.42401123046875], [83.44000244140625, 159.82400512695312, 123.98400115966797, 223.66400146484375], [14.44800090789795, 200.81600952148438, 39.53600311279297, 223.66400146484375], [134.5120086669922, 152.656005859375, 167.21600341796875, 169.4560089111328]], 'labels': ['whiteboard', 'chair', 'chair', 'chair']}}"
0548,"{'<DENSE_REGION_CAPTION>': {'bboxes': [[60.816001892089844, 33.48800277709961, 136.0800018310547, 165.64801025390625], [83.44000244140625, 160.04800415039062, 123.53600311279297, 223.66400146484375], [14.44800090789795, 201.04000854492188, 39.53600311279297, 223.66400146484375], [134.5120086669922, 152.8800048828125, 166.99200439453125, 169.6800079345703]], 'labels': ['whiteboard', 'chair', 'chair', 'chair']}}"
0549,"{'<DENSE_REGION_CAPTION>': {'bboxes': [[60.816001892089844, 33.48800277709961, 136.0800018310547, 165.64801025390625], [134.2880096435547, 49.84000015258789, 201.93600463867188, 118.60800170898438], [83.44000244140625, 160.04800415039062, 123.53600311279297, 223.66400146484375], [14.44800090789795, 201.04000854492188, 39.3120002746582, 223.66400146484375], [134.5120086669922, 152.8800048828125, 167.44000244140625, 169.6800079345703], [163.6320037841797, 0.1120000034570694, 175.72801208496094, 6.6080002784729]], 'labels': ['whiteboard', 'whiteboard', 'chair', 'chair', 'chair', 'clock']}}"
0550,"{'<DENSE_REGION_CAPTION>': {'bboxes': [[60.816001892089844, 33.263999938964844, 136.3040008544922, 165.64801025390625], [83.44000244140625, 160.49600219726562, 123.53600311279297, 223.66400146484375], [14.44800090789795, 201.04000854492188, 39.53600311279297, 223.66400146484375], [134.7360076904297, 152.8800048828125, 167.21600341796875, 169.6800079345703]], 'labels': ['whiteboard', 'chair', 'chair', 'chair']}}"
0551,"{'<DENSE_REGION_CAPTION>': {'bboxes': [[60.816001892089844, 33.48800277709961, 136.0800018310547, 165.42401123046875], [0.1120000034570694, 35.50400161743164, 42.224002838134766, 204.84800720214844], [91.2800064086914, 167.44000244140625, 201.26400756835938, 223.66400146484375]], 'labels': ['whiteboard', 'person', 'table']}}"
0552,"{'<DENSE_REGION_CAPTION>': {'bboxes': [[0.1120000034570694, 35.28000259399414, 50.064002990722656, 218.9600067138672], [0.1120000034570694, 32.36800003051758, 37.52000045776367, 208.4320068359375], [162.0640106201172, 137.87200927734375, 180.8800048828125, 162.2880096435547], [186.70401000976562, 135.8560028076172, 201.26400756835938, 156.91200256347656]], 'labels': ['person', 'person', 'person', 'person']}}"
0553,"{'<DENSE_REGION_CAPTION>': {'bboxes': [[92.6240005493164, 168.7840118408203, 199.6959991455078, 223.66400146484375], [83.21600341796875, 160.27200317382812, 122.86400604248047, 223.66400146484375], [161.6160125732422, 189.8400115966797, 223.66400146484375, 223.66400146484375], [14.44800090789795, 201.04000854492188, 39.53600311279297, 223.66400146484375], [134.5120086669922, 152.8800048828125, 167.66400146484375, 169.6800079345703], [163.6320037841797, 0.1120000034570694, 175.72801208496094, 6.832000255584717]], 'labels': ['desk', 'chair', 'chair', 'chair', 'chair', 'clock']}}"
0554,"{'<DENSE_REGION_CAPTION>': {'bboxes': [[74.4800033569336, 168.33599853515625, 223.66400146484375, 223.66400146484375], [65.96800231933594, 160.94400024414062, 105.61600494384766, 223.66400146484375]], 'labels': ['desk', 'chair']}}"
