image_num,bboxes,labels
0001,"{'<DENSE_REGION_CAPTION>': {'bboxes': [[0.1120000034570694, 15.568000793457031, 79.85600280761719, 223.66400146484375], [0.1120000034570694, 15.344000816345215, 79.85600280761719, 175.72801208496094], [150.41600036621094, 125.552001953125, 223.66400146484375, 223.66400146484375], [149.07200622558594, 49.61600112915039, 200.81600952148438, 144.81600952148438], [200.59201049804688, 56.560001373291016, 223.66400146484375, 223.66400146484375]], 'labels': ['person', 'person', 'person', 'person', 'person']}}"
0002,"{'<DENSE_REGION_CAPTION>': {'bboxes': [[0.1120000034570694, 16.239999771118164, 80.97600555419922, 223.66400146484375], [0.1120000034570694, 16.239999771118164, 80.75199890136719, 176.40000915527344], [152.2080078125, 121.74400329589844, 199.92001342773438, 223.66400146484375], [194.32000732421875, 54.320003509521484, 223.66400146484375, 223.66400146484375], [153.3280029296875, 50.064002990722656, 202.16000366210938, 141.0080108642578]], 'labels': ['person', 'person', 'person', 'person', 'person']}}"
0003,"{'<DENSE_REGION_CAPTION>': {'bboxes': [[0.1120000034570694, 14.672000885009766, 78.51200103759766, 223.66400146484375], [0.1120000034570694, 14.672000885009766, 78.28800201416016, 173.71200561523438], [151.760009765625, 124.656005859375, 203.72801208496094, 223.66400146484375], [154.447998046875, 48.720001220703125, 198.3520050048828, 141.6800079345703], [200.59201049804688, 63.72800064086914, 223.66400146484375, 223.66400146484375]], 'labels': ['person', 'person', 'person', 'person', 'person']}}"
0004,"{'<DENSE_REGION_CAPTION>': {'bboxes': [[0.1120000034570694, 14.896000862121582, 81.87200164794922, 223.66400146484375], [0.1120000034570694, 14.896000862121582, 81.64800262451172, 158.25601196289062], [143.6959991455078, 120.4000015258789, 194.76800537109375, 223.66400146484375], [192.97601318359375, 64.8479995727539, 223.66400146484375, 223.66400146484375], [155.12001037597656, 50.512001037597656, 199.4720001220703, 143.4720001220703]], 'labels': ['person', 'person', 'person', 'person', 'person']}}"
0005,"{'<DENSE_REGION_CAPTION>': {'bboxes': [[0.1120000034570694, 14.672000885009766, 82.31999969482422, 223.66400146484375], [0.1120000034570694, 14.672000885009766, 81.87200164794922, 154.2239990234375], [18.48000144958496, 27.440000534057617, 35.95199966430664, 68.8800048828125]], 'labels': ['woman', 'woman', 'human face']}}"
0006,"{'<DENSE_REGION_CAPTION>': {'bboxes': [[0.1120000034570694, 14.896000862121582, 81.87200164794922, 223.66400146484375], [0.1120000034570694, 14.672000885009766, 81.87200164794922, 150.19200134277344], [134.9600067138672, 117.71200561523438, 190.0640106201172, 223.66400146484375], [194.32000732421875, 59.47200012207031, 223.66400146484375, 223.66400146484375], [157.13600158691406, 50.064002990722656, 198.5760040283203, 137.64801025390625]], 'labels': ['person', 'person', 'person', 'person', 'person']}}"
0007,"{'<DENSE_REGION_CAPTION>': {'bboxes': [[0.1120000034570694, 14.44800090789795, 82.31999969482422, 223.66400146484375], [0.1120000034570694, 14.44800090789795, 81.87200164794922, 174.16000366210938], [18.256000518798828, 26.32000160217285, 35.72800064086914, 67.76000213623047]], 'labels': ['woman', 'woman', 'human face']}}"
0008,"{'<DENSE_REGION_CAPTION>': {'bboxes': [[0.1120000034570694, 14.44800090789795, 82.31999969482422, 223.66400146484375], [0.1120000034570694, 14.44800090789795, 82.09600067138672, 173.71200561523438], [143.0240020751953, 127.56800079345703, 204.17601013183594, 223.66400146484375], [159.15200805664062, 46.03200149536133, 204.17601013183594, 147.95201110839844], [197.6800079345703, 58.35200119018555, 223.66400146484375, 223.66400146484375]], 'labels': ['person', 'person', 'person', 'person', 'person']}}"
0009,"{'<DENSE_REGION_CAPTION>': {'bboxes': [[0.1120000034570694, 14.44800090789795, 80.75199890136719, 223.66400146484375], [0.1120000034570694, 14.44800090789795, 80.52799987792969, 150.19200134277344], [182.2239990234375, 54.768001556396484, 223.66400146484375, 223.66400146484375], [118.38400268554688, 118.38400268554688, 183.79200744628906, 223.66400146484375], [154.2239990234375, 46.47999954223633, 197.6800079345703, 137.87200927734375], [16.91200065612793, 25.200000762939453, 34.608001708984375, 67.31200408935547], [206.19200134277344, 67.98400115966797, 223.66400146484375, 108.75200653076172]], 'labels': ['person', 'person', 'person', 'person', 'person', 'human face', 'human face']}}"
0010,"{'<DENSE_REGION_CAPTION>': {'bboxes': [[0.1120000034570694, 14.44800090789795, 83.66400146484375, 223.66400146484375], [0.1120000034570694, 14.44800090789795, 83.44000244140625, 151.08799743652344], [111.21600341796875, 120.6240005493164, 188.72000122070312, 223.66400146484375], [183.56800842285156, 58.80000305175781, 223.66400146484375, 223.66400146484375], [15.792000770568848, 26.09600067138672, 34.15999984741211, 66.19200134277344], [204.62400817871094, 69.7760009765625, 220.0800018310547, 110.54400634765625]], 'labels': ['woman', 'woman', 'woman', 'woman', 'human face', 'human face']}}"
0011,"{'<DENSE_REGION_CAPTION>': {'bboxes': [[0.1120000034570694, 14.44800090789795, 84.33600616455078, 223.66400146484375], [0.1120000034570694, 14.44800090789795, 84.11199951171875, 176.84800720214844], [183.56800842285156, 55.66400146484375, 223.66400146484375, 223.66400146484375], [133.8400115966797, 118.16000366210938, 190.5120086669922, 223.66400146484375], [152.4320068359375, 47.37600326538086, 198.3520050048828, 138.76800537109375], [17.13599967956543, 27.440000534057617, 35.50400161743164, 67.53600311279297]], 'labels': ['woman', 'woman', 'woman', 'woman', 'woman', 'human face']}}"
0012,"{'<DENSE_REGION_CAPTION>': {'bboxes': [[0.1120000034570694, 13.776000022888184, 84.33600616455078, 223.66400146484375], [0.1120000034570694, 13.776000022888184, 84.11199951171875, 151.08799743652344], [16.239999771118164, 24.527999877929688, 34.608001708984375, 66.63999938964844], [206.41600036621094, 69.552001953125, 223.66400146484375, 110.31999969482422]], 'labels': ['woman', 'woman', 'human face', 'human face']}}"
0013,"{'<DENSE_REGION_CAPTION>': {'bboxes': [[0.1120000034570694, 14.44800090789795, 84.33600616455078, 223.66400146484375], [0.1120000034570694, 14.44800090789795, 84.11199951171875, 175.27999877929688], [16.464000701904297, 25.87200164794922, 34.832000732421875, 66.63999938964844]], 'labels': ['woman', 'woman', 'human face']}}"
0014,"{'<DENSE_REGION_CAPTION>': {'bboxes': [[0.1120000034570694, 14.0, 81.42400360107422, 223.66400146484375], [0.1120000034570694, 14.0, 80.97600555419922, 174.83200073242188], [15.792000770568848, 26.32000160217285, 34.608001708984375, 66.63999938964844], [206.41600036621094, 70.44800567626953, 223.66400146484375, 113.90400695800781]], 'labels': ['woman', 'woman', 'human face', 'human face']}}"
0015,"{'<DENSE_REGION_CAPTION>': {'bboxes': [[0.1120000034570694, 13.552000045776367, 78.51200103759766, 223.66400146484375], [0.1120000034570694, 13.32800006866455, 78.51200103759766, 176.84800720214844], [100.01600646972656, 108.52799987792969, 181.7760009765625, 223.66400146484375], [188.27200317382812, 54.544002532958984, 223.66400146484375, 223.66400146484375], [132.04800415039062, 39.53600311279297, 192.3040008544922, 137.42401123046875], [15.792000770568848, 26.54400062561035, 33.93600082397461, 68.43199920654297]], 'labels': ['person', 'woman', 'woman', 'woman', 'woman', 'human face']}}"
0016,"{'<DENSE_REGION_CAPTION>': {'bboxes': [[0.1120000034570694, 13.32800006866455, 77.84000396728516, 223.66400146484375], [0.1120000034570694, 13.32800006866455, 77.39200592041016, 151.760009765625], [187.37600708007812, 54.544002532958984, 223.66400146484375, 223.66400146484375], [127.79200744628906, 110.54400634765625, 180.8800048828125, 223.66400146484375], [141.2320098876953, 42.0, 188.94400024414062, 133.16799926757812]], 'labels': ['person', 'person', 'person', 'person', 'person']}}"
0017,"{'<DENSE_REGION_CAPTION>': {'bboxes': [[0.1120000034570694, 13.32800006866455, 78.95999908447266, 223.66400146484375], [0.1120000034570694, 13.32800006866455, 78.73600006103516, 153.10400390625], [121.52000427246094, 108.52799987792969, 181.7760009765625, 223.66400146484375], [187.37600708007812, 58.35200119018555, 223.66400146484375, 223.66400146484375], [144.81600952148438, 35.72800064086914, 190.2880096435547, 134.7360076904297]], 'labels': ['person', 'person', 'person', 'person', 'person']}}"
0018,"{'<DENSE_REGION_CAPTION>': {'bboxes': [[0.1120000034570694, 13.32800006866455, 78.95999908447266, 223.66400146484375], [0.1120000034570694, 13.32800006866455, 78.73600006103516, 176.84800720214844], [186.70401000976562, 59.69600296020508, 223.66400146484375, 223.66400146484375], [123.08800506591797, 112.56000518798828, 180.656005859375, 223.66400146484375], [160.04800415039062, 39.3120002746582, 202.83200073242188, 137.1999969482422]], 'labels': ['person', 'person', 'person', 'person', 'person']}}"
0019,"{'<DENSE_REGION_CAPTION>': {'bboxes': [[0.1120000034570694, 13.552000045776367, 79.40800476074219, 223.66400146484375], [0.1120000034570694, 13.552000045776367, 79.18400573730469, 176.84800720214844], [15.568000793457031, 25.648000717163086, 33.48800277709961, 67.53600311279297]], 'labels': ['woman', 'woman', 'human face']}}"
0020,"{'<DENSE_REGION_CAPTION>': {'bboxes': [[0.1120000034570694, 13.32800006866455, 80.08000183105469, 223.66400146484375], [0.1120000034570694, 13.552000045776367, 79.85600280761719, 154.2239990234375], [14.223999977111816, 26.32000160217285, 33.040000915527344, 67.53600311279297]], 'labels': ['woman', 'woman', 'human face']}}"
0021,"{'<DENSE_REGION_CAPTION>': {'bboxes': [[0.1120000034570694, 13.552000045776367, 80.30400085449219, 223.66400146484375], [0.1120000034570694, 13.552000045776367, 80.08000183105469, 176.84800720214844], [14.223999977111816, 25.648000717163086, 32.36800003051758, 67.53600311279297]], 'labels': ['woman', 'woman', 'human face']}}"
0022,"{'<DENSE_REGION_CAPTION>': {'bboxes': [[0.1120000034570694, 13.32800006866455, 68.43199920654297, 223.66400146484375], [0.1120000034570694, 13.32800006866455, 68.20800018310547, 174.16000366210938], [196.11199951171875, 88.59200286865234, 220.0800018310547, 128.91200256347656], [11.984000205993652, 26.09600067138672, 30.352001190185547, 67.53600311279297]], 'labels': ['person', 'woman', 'human face', 'human face']}}"
0023,"{'<DENSE_REGION_CAPTION>': {'bboxes': [[0.1120000034570694, 12.208000183105469, 66.86399841308594, 223.66400146484375], [172.59201049804688, 65.52000427246094, 223.66400146484375, 223.66400146484375], [125.3280029296875, 114.35200500488281, 178.86399841308594, 223.66400146484375], [8.848000526428223, 23.18400001525879, 27.216001510620117, 66.63999938964844]], 'labels': ['person', 'person', 'person', 'human face']}}"
0024,"{'<DENSE_REGION_CAPTION>': {'bboxes': [[0.1120000034570694, 12.432000160217285, 68.8800048828125, 223.66400146484375], [0.1120000034570694, 12.432000160217285, 67.53600311279297, 176.84800720214844], [172.59201049804688, 58.80000305175781, 223.66400146484375, 223.66400146484375], [123.76000213623047, 114.35200500488281, 178.19200134277344, 223.66400146484375], [7.728000164031982, 23.631999969482422, 26.32000160217285, 66.19200134277344]], 'labels': ['woman', 'woman', 'woman', 'woman', 'human face']}}"
0025,"{'<DENSE_REGION_CAPTION>': {'bboxes': [[0.1120000034570694, 11.984000205993652, 66.86399841308594, 223.66400146484375], [172.59201049804688, 60.816001892089844, 223.66400146484375, 223.66400146484375], [122.41600036621094, 113.90400695800781, 179.0880126953125, 223.66400146484375], [5.039999961853027, 24.079999923706055, 25.424001693725586, 66.19200134277344]], 'labels': ['person', 'person', 'person', 'human face']}}"
0026,"{'<DENSE_REGION_CAPTION>': {'bboxes': [[0.1120000034570694, 12.880000114440918, 66.86399841308594, 223.66400146484375], [199.92001342773438, 71.12000274658203, 223.66400146484375, 113.68000030517578], [11.53600025177002, 26.768001556396484, 30.128000259399414, 69.552001953125]], 'labels': ['woman', 'human face', 'human face']}}"
0027,"{'<DENSE_REGION_CAPTION>': {'bboxes': [[0.1120000034570694, 12.208000183105469, 63.952003479003906, 223.66400146484375], [0.1120000034570694, 12.432000160217285, 63.50400161743164, 161.6160125732422], [173.71200561523438, 61.71200180053711, 223.66400146484375, 223.66400146484375], [120.4000015258789, 99.56800079345703, 187.82400512695312, 223.66400146484375], [10.86400032043457, 24.75200080871582, 29.45600128173828, 67.08800506591797]], 'labels': ['woman', 'woman', 'person', 'woman', 'human face']}}"
0028,"{'<DENSE_REGION_CAPTION>': {'bboxes': [[0.1120000034570694, 12.432000160217285, 67.76000213623047, 223.66400146484375], [0.1120000034570694, 12.432000160217285, 67.53600311279297, 176.84800720214844], [120.4000015258789, 98.67200469970703, 185.80799865722656, 223.66400146484375], [9.296000480651855, 22.96000099182129, 26.992000579833984, 63.72800064086914]], 'labels': ['woman', 'woman', 'woman', 'human face']}}"
0029,"{'<DENSE_REGION_CAPTION>': {'bboxes': [[0.1120000034570694, 12.432000160217285, 67.53600311279297, 223.66400146484375], [0.1120000034570694, 12.432000160217285, 66.86399841308594, 159.82400512695312], [120.6240005493164, 96.656005859375, 187.15200805664062, 223.66400146484375], [173.48800659179688, 59.47200012207031, 223.66400146484375, 223.66400146484375], [10.192000389099121, 24.304000854492188, 28.112001419067383, 66.19200134277344]], 'labels': ['woman', 'woman', 'woman', 'woman', 'human face']}}"
0030,"{'<DENSE_REGION_CAPTION>': {'bboxes': [[0.1120000034570694, 12.432000160217285, 67.76000213623047, 223.66400146484375], [0.1120000034570694, 12.432000160217285, 67.53600311279297, 176.40000915527344], [113.68000030517578, 103.82400512695312, 176.62400817871094, 223.66400146484375], [187.37600708007812, 59.47200012207031, 223.66400146484375, 223.66400146484375], [153.7760009765625, 43.56800079345703, 203.05599975585938, 131.82400512695312]], 'labels': ['person', 'person', 'person', 'person', 'person']}}"
0031,"{'<DENSE_REGION_CAPTION>': {'bboxes': [[0.1120000034570694, 12.432000160217285, 74.7040023803711, 223.66400146484375], [10.192000389099121, 23.18400001525879, 28.784000396728516, 65.52000427246094]], 'labels': ['woman', 'human face']}}"
0032,"{'<DENSE_REGION_CAPTION>': {'bboxes': [[0.1120000034570694, 14.44800090789795, 87.47200012207031, 223.66400146484375], [0.1120000034570694, 14.44800090789795, 87.02400207519531, 154.2239990234375], [114.57600402832031, 101.36000061035156, 192.0800018310547, 223.66400146484375], [170.8000030517578, 58.35200119018555, 223.66400146484375, 223.66400146484375], [152.2080078125, 41.552001953125, 202.16000366210938, 142.8000030517578], [18.70400047302246, 22.736000061035156, 36.847999572753906, 66.19200134277344], [203.05599975585938, 71.12000274658203, 218.9600067138672, 113.00800323486328]], 'labels': ['woman', 'woman', 'woman', 'woman', 'woman', 'human face', 'human face']}}"
0033,"{'<DENSE_REGION_CAPTION>': {'bboxes': [[0.1120000034570694, 17.583999633789062, 115.24800109863281, 223.66400146484375], [6.160000324249268, 17.583999633789062, 115.24800109863281, 151.31201171875], [120.4000015258789, 95.98400115966797, 187.82400512695312, 223.66400146484375], [39.76000213623047, 27.88800048828125, 56.112003326416016, 70.0]], 'labels': ['person', 'woman', 'woman', 'human face']}}"
0034,"{'<DENSE_REGION_CAPTION>': {'bboxes': [[0.1120000034570694, 16.464000701904297, 116.14400482177734, 223.66400146484375], [37.29600143432617, 26.768001556396484, 54.544002532958984, 69.552001953125], [203.27999877929688, 73.13600158691406, 218.9600067138672, 113.68000030517578]], 'labels': ['woman', 'human face', 'human face']}}"
0035,"{'<DENSE_REGION_CAPTION>': {'bboxes': [[0.1120000034570694, 16.464000701904297, 115.24800109863281, 223.66400146484375], [4.5920000076293945, 16.687999725341797, 115.02400207519531, 176.84800720214844], [122.41600036621094, 100.46400451660156, 188.27200317382812, 223.66400146484375], [178.86399841308594, 59.69600296020508, 223.66400146484375, 223.66400146484375], [204.84800720214844, 74.2560043334961, 223.66400146484375, 115.92000579833984], [39.76000213623047, 27.216001510620117, 56.336002349853516, 68.43199920654297]], 'labels': ['person', 'woman', 'woman', 'woman', 'human face', 'human face']}}"
0036,"{'<DENSE_REGION_CAPTION>': {'bboxes': [[0.1120000034570694, 16.239999771118164, 110.76800537109375, 223.66400146484375], [171.6959991455078, 60.816001892089844, 223.66400146484375, 223.66400146484375], [117.48800659179688, 102.2560043334961, 173.93600463867188, 223.66400146484375], [150.86399841308594, 42.672000885009766, 200.59201049804688, 144.1439971923828], [37.96800231933594, 26.992000579833984, 54.768001556396484, 68.8800048828125]], 'labels': ['person', 'person', 'person', 'person', 'human face']}}"
0037,"{'<DENSE_REGION_CAPTION>': {'bboxes': [[25.424001693725586, 90.16000366210938, 203.05599975585938, 223.66400146484375], [36.847999572753906, 27.88800048828125, 53.42399978637695, 69.3280029296875]], 'labels': ['desk', 'human face']}}"
0038,"{'<DENSE_REGION_CAPTION>': {'bboxes': [[0.1120000034570694, 16.016000747680664, 100.68800354003906, 223.66400146484375], [4.5920000076293945, 16.239999771118164, 100.24000549316406, 150.41600036621094], [123.76000213623047, 107.63200378417969, 201.71200561523438, 223.66400146484375], [178.86399841308594, 61.71200180053711, 223.66400146484375, 223.66400146484375], [165.87200927734375, 34.15999984741211, 200.59201049804688, 143.4720001220703], [36.176002502441406, 27.440000534057617, 52.52799987792969, 70.89600372314453]], 'labels': ['person', 'woman', 'woman', 'woman', 'woman', 'human face']}}"
0039,"{'<DENSE_REGION_CAPTION>': {'bboxes': [[25.424001693725586, 91.2800064086914, 203.50401306152344, 223.66400146484375], [36.847999572753906, 26.09600067138672, 54.09600067138672, 69.3280029296875]], 'labels': ['desk', 'human face']}}"
0040,"{'<DENSE_REGION_CAPTION>': {'bboxes': [[24.97599983215332, 90.83200073242188, 203.50401306152344, 223.66400146484375], [36.624000549316406, 28.112001419067383, 53.87200164794922, 70.89600372314453], [201.93600463867188, 70.89600372314453, 218.5120086669922, 110.31999969482422]], 'labels': ['desk', 'human face', 'human face']}}"
0041,"{'<DENSE_REGION_CAPTION>': {'bboxes': [[0.1120000034570694, 17.808000564575195, 114.57600402832031, 223.66400146484375], [123.08800506591797, 103.82400512695312, 200.59201049804688, 223.66400146484375], [176.84800720214844, 61.71200180053711, 223.66400146484375, 223.66400146484375], [168.5600128173828, 33.71200180053711, 202.83200073242188, 142.3520050048828]], 'labels': ['person', 'person', 'person', 'person']}}"
0042,"{'<DENSE_REGION_CAPTION>': {'bboxes': [[0.1120000034570694, 18.70400047302246, 117.04000091552734, 223.66400146484375], [117.04000091552734, 101.36000061035156, 186.70401000976562, 223.66400146484375], [174.16000366210938, 62.832000732421875, 223.66400146484375, 223.66400146484375], [159.15200805664062, 44.91200256347656, 201.93600463867188, 142.1280059814453]], 'labels': ['person', 'person', 'person', 'person']}}"
0043,"{'<DENSE_REGION_CAPTION>': {'bboxes': [[0.1120000034570694, 18.48000144958496, 117.48800659179688, 223.66400146484375], [9.968000411987305, 18.48000144958496, 117.26399993896484, 149.52000427246094], [116.36800384521484, 98.67200469970703, 187.82400512695312, 223.66400146484375], [174.60800170898438, 60.816001892089844, 223.66400146484375, 223.66400146484375], [165.87200927734375, 48.496002197265625, 202.16000366210938, 142.3520050048828], [42.672000885009766, 29.23200035095215, 59.02400207519531, 71.56800079345703]], 'labels': ['person', 'woman', 'woman', 'woman', 'woman', 'human face']}}"
0044,"{'<DENSE_REGION_CAPTION>': {'bboxes': [[0.1120000034570694, 16.687999725341797, 84.33600616455078, 223.66400146484375], [115.69600677490234, 95.76000213623047, 195.66400146484375, 223.66400146484375], [136.9759979248047, 48.720001220703125, 199.92001342773438, 169.9040069580078], [189.39199829101562, 60.816001892089844, 223.66400146484375, 223.66400146484375]], 'labels': ['person', 'person', 'person', 'person']}}"
0045,"{'<DENSE_REGION_CAPTION>': {'bboxes': [[0.1120000034570694, 20.272001266479492, 119.0560073852539, 223.66400146484375], [107.85600280761719, 93.74400329589844, 203.27999877929688, 223.66400146484375]], 'labels': ['person', 'person']}}"
0046,"{'<DENSE_REGION_CAPTION>': {'bboxes': [[0.1120000034570694, 34.608001708984375, 134.0640106201172, 223.66400146484375], [106.28800201416016, 94.63999938964844, 198.1280059814453, 223.66400146484375], [192.0800018310547, 58.35200119018555, 223.66400146484375, 223.66400146484375]], 'labels': ['person', 'person', 'person']}}"
0047,"{'<DENSE_REGION_CAPTION>': {'bboxes': [[0.1120000034570694, 40.880001068115234, 137.42401123046875, 223.66400146484375], [106.28800201416016, 94.86400604248047, 197.0080108642578, 223.66400146484375], [189.8400115966797, 63.50400161743164, 223.66400146484375, 223.66400146484375]], 'labels': ['person', 'person', 'person']}}"
0048,"{'<DENSE_REGION_CAPTION>': {'bboxes': [[0.1120000034570694, 37.52000045776367, 138.32000732421875, 223.66400146484375], [106.28800201416016, 94.86400604248047, 197.2320098876953, 223.66400146484375], [189.16799926757812, 61.26400375366211, 223.66400146484375, 223.66400146484375]], 'labels': ['person', 'person', 'person']}}"
0049,"{'<DENSE_REGION_CAPTION>': {'bboxes': [[0.1120000034570694, 9.520000457763672, 80.08000183105469, 223.66400146484375], [106.28800201416016, 94.86400604248047, 196.5600128173828, 223.66400146484375], [189.8400115966797, 60.816001892089844, 223.66400146484375, 223.66400146484375]], 'labels': ['person', 'person', 'person']}}"
0050,"{'<DENSE_REGION_CAPTION>': {'bboxes': [[0.1120000034570694, 12.880000114440918, 71.12000274658203, 223.66400146484375], [108.75200653076172, 85.45600128173828, 185.13600158691406, 223.66400146484375], [0.1120000034570694, 12.880000114440918, 70.67200469970703, 159.82400512695312], [176.40000915527344, 61.040000915527344, 223.66400146484375, 223.66400146484375], [166.76800537109375, 42.895999908447266, 201.93600463867188, 142.5760040283203]], 'labels': ['person', 'person', 'person', 'person', 'person']}}"
0051,"{'<DENSE_REGION_CAPTION>': {'bboxes': [[0.1120000034570694, 11.984000205993652, 67.76000213623047, 223.66400146484375], [0.1120000034570694, 11.984000205993652, 67.53600311279297, 176.40000915527344], [109.42400360107422, 88.36800384521484, 184.68800354003906, 223.66400146484375], [0.1120000034570694, 12.208000183105469, 43.79199981689453, 223.66400146484375], [0.1120000034570694, 12.432000160217285, 43.56800079345703, 159.82400512695312], [194.32000732421875, 54.768001556396484, 223.66400146484375, 223.66400146484375], [157.58399963378906, 44.91200256347656, 203.27999877929688, 141.6800079345703]], 'labels': ['woman', 'woman', 'woman', 'woman', 'woman', 'woman', 'woman']}}"
0052,"{'<DENSE_REGION_CAPTION>': {'bboxes': [[0.1120000034570694, 12.432000160217285, 67.98400115966797, 223.66400146484375], [0.1120000034570694, 12.432000160217285, 67.76000213623047, 176.84800720214844], [108.30400085449219, 88.36800384521484, 184.24000549316406, 223.66400146484375], [0.1120000034570694, 12.656000137329102, 43.79199981689453, 223.66400146484375], [0.1120000034570694, 12.880000114440918, 43.56800079345703, 162.2880096435547], [187.15200805664062, 61.26400375366211, 223.66400146484375, 223.66400146484375], [163.8560028076172, 41.3280029296875, 202.16000366210938, 139.21600341796875]], 'labels': ['woman', 'woman', 'woman', 'woman', 'woman', 'woman', 'woman']}}"
0053,"{'<DENSE_REGION_CAPTION>': {'bboxes': [[0.1120000034570694, 12.432000160217285, 67.76000213623047, 223.66400146484375], [0.1120000034570694, 12.432000160217285, 67.98400115966797, 176.84800720214844], [0.1120000034570694, 12.432000160217285, 38.8640022277832, 223.66400146484375], [0.1120000034570694, 12.656000137329102, 38.41600036621094, 162.2880096435547], [8.176000595092773, 23.631999969482422, 26.54400062561035, 66.19200134277344]], 'labels': ['woman', 'woman', 'woman', 'woman', 'human face']}}"
0054,"{'<DENSE_REGION_CAPTION>': {'bboxes': [[0.1120000034570694, 12.432000160217285, 67.53600311279297, 223.66400146484375], [104.27200317382812, 89.48799896240234, 184.91200256347656, 223.66400146484375], [0.1120000034570694, 12.432000160217285, 67.76000213623047, 176.84800720214844], [0.1120000034570694, 12.432000160217285, 43.79199981689453, 223.66400146484375], [0.1120000034570694, 12.656000137329102, 43.79199981689453, 162.7360076904297], [9.296000480651855, 22.512001037597656, 27.216001510620117, 64.4000015258789]], 'labels': ['woman', 'woman', 'woman', 'woman', 'woman', 'human face']}}"
0055,"{'<DENSE_REGION_CAPTION>': {'bboxes': [[0.1120000034570694, 12.432000160217285, 67.76000213623047, 223.66400146484375], [0.1120000034570694, 12.432000160217285, 67.98400115966797, 176.84800720214844], [181.7760009765625, 54.544002532958984, 223.66400146484375, 223.66400146484375], [0.1120000034570694, 12.208000183105469, 43.12000274658203, 175.95201110839844], [106.96000671386719, 116.36800384521484, 156.91200256347656, 223.66400146484375], [157.13600158691406, 42.895999908447266, 204.62400817871094, 138.54400634765625], [9.072000503540039, 22.512001037597656, 27.216001510620117, 63.72800064086914]], 'labels': ['woman', 'woman', 'woman', 'woman', 'woman', 'woman', 'human face']}}"
0056,"{'<DENSE_REGION_CAPTION>': {'bboxes': [[0.1120000034570694, 12.656000137329102, 67.76000213623047, 223.66400146484375], [0.1120000034570694, 12.656000137329102, 67.98400115966797, 176.40000915527344], [0.1120000034570694, 12.656000137329102, 40.880001068115234, 223.66400146484375], [186.92800903320312, 61.26400375366211, 223.66400146484375, 223.66400146484375], [111.21600341796875, 116.36800384521484, 160.49600219726562, 223.66400146484375], [161.8400115966797, 44.4640007019043, 205.74400329589844, 140.11199951171875]], 'labels': ['woman', 'woman', 'woman', 'person', 'person', 'person']}}"
0057,"{'<DENSE_REGION_CAPTION>': {'bboxes': [[0.1120000034570694, 12.432000160217285, 67.76000213623047, 223.66400146484375], [0.1120000034570694, 12.432000160217285, 48.04800033569336, 223.66400146484375], [0.1120000034570694, 12.656000137329102, 46.704002380371094, 163.8560028076172], [191.6320037841797, 65.74400329589844, 223.66400146484375, 223.66400146484375], [115.69600677490234, 113.00800323486328, 164.5279998779297, 223.66400146484375]], 'labels': ['woman', 'woman', 'woman', 'person', 'woman']}}"
0058,"{'<DENSE_REGION_CAPTION>': {'bboxes': [[0.1120000034570694, 12.432000160217285, 67.53600311279297, 223.66400146484375], [0.1120000034570694, 12.432000160217285, 45.58399963378906, 223.66400146484375], [112.78400421142578, 121.29600524902344, 163.1840057373047, 223.66400146484375], [165.20001220703125, 45.58399963378906, 208.656005859375, 141.0080108642578], [10.192000389099121, 24.079999923706055, 28.784000396728516, 65.52000427246094]], 'labels': ['person', 'person', 'person', 'person', 'human face']}}"
0059,"{'<DENSE_REGION_CAPTION>': {'bboxes': [[0.1120000034570694, 12.432000160217285, 67.53600311279297, 223.66400146484375], [0.1120000034570694, 12.432000160217285, 45.58399963378906, 223.66400146484375], [101.58399963378906, 120.84800720214844, 162.5120086669922, 223.66400146484375], [162.7360076904297, 45.80800247192383, 204.40000915527344, 145.93600463867188]], 'labels': ['person', 'person', 'person', 'person']}}"
0060,"{'<DENSE_REGION_CAPTION>': {'bboxes': [[0.1120000034570694, 12.432000160217285, 67.53600311279297, 223.66400146484375], [0.1120000034570694, 12.432000160217285, 48.04800033569336, 209.3280029296875], [99.56800079345703, 120.1760025024414, 161.16799926757812, 223.66400146484375], [194.32000732421875, 65.29600524902344, 223.66400146484375, 223.66400146484375], [163.8560028076172, 44.6879997253418, 203.95201110839844, 141.6800079345703], [9.968000411987305, 24.304000854492188, 28.560001373291016, 66.63999938964844]], 'labels': ['woman', 'woman', 'woman', 'woman', 'woman', 'human face']}}"
0061,"{'<DENSE_REGION_CAPTION>': {'bboxes': [[0.1120000034570694, 12.432000160217285, 67.76000213623047, 223.66400146484375], [0.1120000034570694, 12.432000160217285, 48.944000244140625, 223.66400146484375], [0.1120000034570694, 12.208000183105469, 48.944000244140625, 162.2880096435547], [99.79199981689453, 118.16000366210938, 160.94400024414062, 223.66400146484375], [192.97601318359375, 64.4000015258789, 223.66400146484375, 223.66400146484375], [162.5120086669922, 44.6879997253418, 209.3280029296875, 139.88800048828125], [10.640000343322754, 24.527999877929688, 29.00800132751465, 66.19200134277344]], 'labels': ['woman', 'woman', 'woman', 'woman', 'woman', 'woman', 'human face']}}"
0062,"{'<DENSE_REGION_CAPTION>': {'bboxes': [[0.1120000034570694, 13.552000045776367, 68.20800018310547, 223.66400146484375], [0.1120000034570694, 13.552000045776367, 67.76000213623047, 162.2880096435547], [99.12000274658203, 118.16000366210938, 161.39199829101562, 223.66400146484375], [7.728000164031982, 24.75200080871582, 26.54400062561035, 67.76000213623047]], 'labels': ['woman', 'woman', 'woman', 'human face']}}"
0063,"{'<DENSE_REGION_CAPTION>': {'bboxes': [[0.1120000034570694, 13.776000022888184, 70.67200469970703, 223.66400146484375], [0.1120000034570694, 13.776000022888184, 70.2239990234375, 161.6160125732422], [98.67200469970703, 119.2800064086914, 161.8400115966797, 223.66400146484375], [193.42401123046875, 63.28000259399414, 223.66400146484375, 223.66400146484375], [161.16799926757812, 44.91200256347656, 208.8800048828125, 140.55999755859375]], 'labels': ['person', 'person', 'person', 'person', 'person']}}"
0064,"{'<DENSE_REGION_CAPTION>': {'bboxes': [[0.1120000034570694, 13.32800006866455, 68.43199920654297, 223.66400146484375], [0.1120000034570694, 13.552000045776367, 67.76000213623047, 163.6320037841797], [7.728000164031982, 24.75200080871582, 26.32000160217285, 67.08800506591797]], 'labels': ['woman', 'woman', 'human face']}}"
0065,"{'<DENSE_REGION_CAPTION>': {'bboxes': [[0.1120000034570694, 12.432000160217285, 70.67200469970703, 223.66400146484375], [0.1120000034570694, 12.432000160217285, 68.8800048828125, 176.84800720214844], [100.46400451660156, 121.29600524902344, 161.16799926757812, 223.66400146484375], [193.42401123046875, 63.952003479003906, 223.66400146484375, 223.66400146484375], [159.15200805664062, 44.91200256347656, 203.95201110839844, 140.11199951171875], [8.176000595092773, 24.079999923706055, 26.992000579833984, 66.63999938964844]], 'labels': ['woman', 'woman', 'woman', 'woman', 'woman', 'human face']}}"
0066,"{'<DENSE_REGION_CAPTION>': {'bboxes': [[0.1120000034570694, 12.880000114440918, 71.12000274658203, 223.66400146484375], [0.1120000034570694, 12.880000114440918, 68.43199920654297, 164.3040008544922], [103.3759994506836, 122.64000701904297, 162.5120086669922, 223.66400146484375], [192.7519989013672, 67.31200408935547, 223.66400146484375, 223.66400146484375], [160.72000122070312, 45.58399963378906, 209.3280029296875, 139.66400146484375]], 'labels': ['person', 'person', 'person', 'person', 'person']}}"
0067,"{'<DENSE_REGION_CAPTION>': {'bboxes': [[0.1120000034570694, 13.776000022888184, 71.34400177001953, 223.66400146484375], [0.1120000034570694, 13.776000022888184, 62.608001708984375, 162.7360076904297], [100.68800354003906, 140.33599853515625, 168.33599853515625, 223.66400146484375], [193.42401123046875, 66.19200134277344, 223.66400146484375, 223.66400146484375], [165.42401123046875, 46.704002380371094, 203.50401306152344, 140.11199951171875]], 'labels': ['person', 'person', 'person', 'person', 'person']}}"
0068,"{'<DENSE_REGION_CAPTION>': {'bboxes': [[0.1120000034570694, 15.344000816345215, 67.76000213623047, 223.66400146484375], [0.1120000034570694, 15.344000816345215, 50.96000289916992, 223.66400146484375], [96.656005859375, 109.87200164794922, 169.6800079345703, 223.66400146484375], [191.4080047607422, 64.8479995727539, 223.66400146484375, 223.66400146484375], [163.8560028076172, 45.58399963378906, 204.17601013183594, 139.66400146484375], [6.384000301361084, 29.00800132751465, 26.54400062561035, 72.01599884033203], [210.2239990234375, 77.39200592041016, 223.66400146484375, 118.38400268554688]], 'labels': ['woman', 'woman', 'woman', 'woman', 'woman', 'human face', 'human face']}}"
0069,"{'<DENSE_REGION_CAPTION>': {'bboxes': [[66.86399841308594, 0.1120000034570694, 101.13600158691406, 37.29600143432617], [8.176000595092773, 25.648000717163086, 27.440000534057617, 68.8800048828125], [211.56800842285156, 77.39200592041016, 223.66400146484375, 118.83200073242188]], 'labels': ['poster', 'human face', 'human face']}}"
0070,"{'<DENSE_REGION_CAPTION>': {'bboxes': [[0.1120000034570694, 13.104000091552734, 67.53600311279297, 223.66400146484375], [94.41600036621094, 127.12000274658203, 158.92800903320312, 223.66400146484375], [190.5120086669922, 66.86399841308594, 223.66400146484375, 223.66400146484375], [162.5120086669922, 45.80800247192383, 204.62400817871094, 139.21600341796875], [6.832000255584717, 24.75200080871582, 25.87200164794922, 67.53600311279297]], 'labels': ['person', 'person', 'person', 'person', 'human face']}}"
0071,"{'<DENSE_REGION_CAPTION>': {'bboxes': [[0.1120000034570694, 12.432000160217285, 67.53600311279297, 223.66400146484375], [0.1120000034570694, 12.432000160217285, 57.90400314331055, 162.2880096435547], [189.16799926757812, 67.08800506591797, 223.66400146484375, 223.66400146484375], [93.52000427246094, 147.95201110839844, 168.7840118408203, 223.66400146484375], [164.3040008544922, 45.36000061035156, 203.50401306152344, 139.44000244140625], [7.504000186920166, 24.079999923706055, 26.09600067138672, 66.19200134277344]], 'labels': ['person', 'person', 'person', 'person', 'person', 'human face']}}"
0072,"{'<DENSE_REGION_CAPTION>': {'bboxes': [[0.1120000034570694, 12.432000160217285, 67.98400115966797, 223.66400146484375], [0.1120000034570694, 12.432000160217285, 67.76000213623047, 178.41600036621094], [85.00800323486328, 128.01600646972656, 158.70401000976562, 223.66400146484375], [158.25601196289062, 45.13600158691406, 201.26400756835938, 139.66400146484375]], 'labels': ['person', 'person', 'person', 'person']}}"
0073,"{'<DENSE_REGION_CAPTION>': {'bboxes': [[0.1120000034570694, 12.432000160217285, 67.76000213623047, 223.66400146484375], [0.1120000034570694, 12.432000160217285, 67.53600311279297, 162.7360076904297], [85.68000030517578, 126.22400665283203, 155.79200744628906, 223.66400146484375], [189.8400115966797, 84.33600616455078, 223.66400146484375, 223.66400146484375], [159.60000610351562, 45.13600158691406, 201.93600463867188, 139.44000244140625]], 'labels': ['person', 'person', 'person', 'person', 'person']}}"
0074,"{'<DENSE_REGION_CAPTION>': {'bboxes': [[0.1120000034570694, 12.432000160217285, 67.53600311279297, 223.66400146484375], [0.1120000034570694, 12.432000160217285, 67.31200408935547, 176.84800720214844], [189.8400115966797, 64.1760025024414, 223.66400146484375, 223.66400146484375], [106.51200103759766, 130.48001098632812, 158.03199768066406, 223.66400146484375], [163.6320037841797, 44.6879997253418, 207.760009765625, 140.33599853515625]], 'labels': ['person', 'person', 'person', 'person', 'person']}}"
0075,"{'<DENSE_REGION_CAPTION>': {'bboxes': [[0.1120000034570694, 12.208000183105469, 67.76000213623047, 223.66400146484375], [0.1120000034570694, 12.208000183105469, 67.53600311279297, 176.84800720214844], [183.56800842285156, 55.44000244140625, 223.66400146484375, 223.66400146484375], [108.30400085449219, 127.34400177001953, 156.24000549316406, 223.66400146484375], [5.488000392913818, 21.168001174926758, 24.304000854492188, 62.832000732421875]], 'labels': ['person', 'person', 'person', 'person', 'human face']}}"
0076,"{'<DENSE_REGION_CAPTION>': {'bboxes': [[0.1120000034570694, 13.552000045776367, 67.53600311279297, 223.66400146484375], [0.1120000034570694, 13.552000045776367, 60.592002868652344, 158.25601196289062], [181.3280029296875, 54.544002532958984, 223.66400146484375, 223.66400146484375], [110.09600067138672, 126.67200469970703, 156.46400451660156, 223.66400146484375], [5.936000347137451, 19.82400131225586, 24.97599983215332, 61.71200180053711]], 'labels': ['person', 'person', 'person', 'person', 'human face']}}"
0077,"{'<DENSE_REGION_CAPTION>': {'bboxes': [[0.1120000034570694, 13.552000045776367, 68.8800048828125, 223.66400146484375], [0.1120000034570694, 13.552000045776367, 68.656005859375, 151.08799743652344], [182.2239990234375, 53.87200164794922, 223.66400146484375, 223.66400146484375], [111.66400146484375, 126.89600372314453, 156.91200256347656, 223.66400146484375], [164.7519989013672, 46.25600051879883, 202.16000366210938, 136.5279998779297], [7.28000020980835, 21.61600112915039, 25.648000717163086, 63.72800064086914]], 'labels': ['person', 'person', 'person', 'person', 'person', 'human face']}}"
0078,"{'<DENSE_REGION_CAPTION>': {'bboxes': [[0.1120000034570694, 12.432000160217285, 67.98400115966797, 223.66400146484375], [180.656005859375, 52.97600173950195, 223.66400146484375, 223.66400146484375], [100.01600646972656, 128.24000549316406, 155.12001037597656, 223.66400146484375], [162.5120086669922, 46.47999954223633, 201.04000854492188, 135.4080047607422]], 'labels': ['person', 'person', 'person', 'person']}}"
0079,"{'<DENSE_REGION_CAPTION>': {'bboxes': [[0.1120000034570694, 11.984000205993652, 67.76000213623047, 223.66400146484375], [0.1120000034570694, 11.984000205993652, 50.96000289916992, 223.66400146484375], [182.0, 55.88800048828125, 223.66400146484375, 223.66400146484375], [103.1520004272461, 128.01600646972656, 151.760009765625, 223.66400146484375], [162.0640106201172, 46.03200149536133, 203.05599975585938, 136.5279998779297], [6.6080002784729, 23.631999969482422, 24.304000854492188, 65.52000427246094]], 'labels': ['person', 'person', 'person', 'person', 'person', 'human face']}}"
0080,"{'<DENSE_REGION_CAPTION>': {'bboxes': [[0.1120000034570694, 12.432000160217285, 67.76000213623047, 223.66400146484375], [0.1120000034570694, 12.432000160217285, 67.53600311279297, 176.84800720214844], [173.26400756835938, 61.71200180053711, 223.66400146484375, 223.66400146484375], [105.84000396728516, 128.91200256347656, 154.0, 223.66400146484375], [9.296000480651855, 24.527999877929688, 27.216001510620117, 63.72800064086914]], 'labels': ['person', 'person', 'person', 'person', 'human face']}}"
0081,"{'<DENSE_REGION_CAPTION>': {'bboxes': [[0.1120000034570694, 15.344000816345215, 87.69599914550781, 223.66400146484375], [179.31201171875, 67.98400115966797, 223.66400146484375, 223.66400146484375], [100.24000549316406, 126.67200469970703, 151.5360107421875, 223.66400146484375], [169.0080108642578, 41.3280029296875, 212.01600646972656, 152.656005859375]], 'labels': ['person', 'person', 'person', 'person']}}"
0082,"{'<DENSE_REGION_CAPTION>': {'bboxes': [[0.1120000034570694, 14.0, 71.12000274658203, 223.66400146484375], [0.1120000034570694, 14.0, 70.89600372314453, 176.84800720214844], [182.0, 63.72800064086914, 223.66400146484375, 223.66400146484375], [157.13600158691406, 45.36000061035156, 209.552001953125, 147.27999877929688], [99.79199981689453, 124.20800018310547, 144.59201049804688, 223.66400146484375]], 'labels': ['person', 'woman', 'person', 'person', 'person']}}"
0083,"{'<DENSE_REGION_CAPTION>': {'bboxes': [[0.1120000034570694, 13.32800006866455, 73.58399963378906, 223.66400146484375], [0.1120000034570694, 13.32800006866455, 73.36000061035156, 176.84800720214844], [15.792000770568848, 26.09600067138672, 33.48800277709961, 64.4000015258789]], 'labels': ['woman', 'woman', 'human face']}}"
0084,"{'<DENSE_REGION_CAPTION>': {'bboxes': [[0.1120000034570694, 14.44800090789795, 78.51200103759766, 223.66400146484375], [0.1120000034570694, 14.44800090789795, 78.73600006103516, 176.40000915527344], [168.7840118408203, 63.72800064086914, 223.66400146484375, 223.66400146484375], [102.0320053100586, 118.38400268554688, 164.5279998779297, 223.66400146484375], [17.583999633789062, 28.560001373291016, 35.95199966430664, 63.72800064086914]], 'labels': ['person', 'woman', 'woman', 'woman', 'human face']}}"
0085,"{'<DENSE_REGION_CAPTION>': {'bboxes': [[0.1120000034570694, 14.896000862121582, 78.06400299072266, 223.66400146484375], [171.6959991455078, 64.1760025024414, 223.66400146484375, 223.66400146484375], [110.31999969482422, 126.00000762939453, 171.6959991455078, 223.66400146484375], [159.82400512695312, 44.91200256347656, 202.16000366210938, 139.44000244140625]], 'labels': ['person', 'person', 'person', 'person']}}"
0086,"{'<DENSE_REGION_CAPTION>': {'bboxes': [[0.1120000034570694, 14.896000862121582, 78.06400299072266, 223.66400146484375], [108.97600555419922, 123.31200408935547, 204.17601013183594, 223.66400146484375], [173.26400756835938, 87.47200012207031, 223.66400146484375, 223.66400146484375], [162.7360076904297, 51.85600280761719, 212.01600646972656, 133.8400115966797]], 'labels': ['person', 'person', 'person', 'person']}}"
0087,"{'<DENSE_REGION_CAPTION>': {'bboxes': [[0.1120000034570694, 15.792000770568848, 78.06400299072266, 223.66400146484375], [0.1120000034570694, 15.792000770568848, 78.28800201416016, 176.40000915527344], [18.928001403808594, 31.696001052856445, 37.29600143432617, 67.76000213623047]], 'labels': ['person', 'woman', 'human face']}}"
0088,"{'<DENSE_REGION_CAPTION>': {'bboxes': [[0.1120000034570694, 14.672000885009766, 79.63200378417969, 223.66400146484375], [0.1120000034570694, 14.672000885009766, 79.40800476074219, 176.84800720214844], [170.5760040283203, 99.34400177001953, 223.66400146484375, 223.66400146484375], [101.8080062866211, 123.08800506591797, 167.88800048828125, 223.66400146484375], [163.6320037841797, 51.63199996948242, 212.91200256347656, 134.5120086669922]], 'labels': ['person', 'person', 'person', 'person', 'person']}}"
0089,"{'<DENSE_REGION_CAPTION>': {'bboxes': [[0.1120000034570694, 14.896000862121582, 77.39200592041016, 223.66400146484375], [0.1120000034570694, 14.896000862121582, 77.16799926757812, 176.84800720214844], [170.1280059814453, 104.27200317382812, 223.66400146484375, 223.66400146484375], [98.89600372314453, 122.19200134277344, 168.11199951171875, 223.66400146484375], [163.8560028076172, 55.44000244140625, 212.01600646972656, 135.6320037841797]], 'labels': ['person', 'person', 'person', 'person', 'person']}}"
0090,"{'<DENSE_REGION_CAPTION>': {'bboxes': [[0.1120000034570694, 14.44800090789795, 78.06400299072266, 223.66400146484375], [0.1120000034570694, 14.44800090789795, 77.84000396728516, 176.84800720214844], [170.5760040283203, 95.08800506591797, 223.66400146484375, 223.66400146484375], [100.01600646972656, 124.4320068359375, 168.11199951171875, 223.66400146484375], [168.5600128173828, 55.21600341796875, 212.01600646972656, 127.12000274658203]], 'labels': ['person', 'person', 'person', 'person', 'person']}}"
0091,"{'<DENSE_REGION_CAPTION>': {'bboxes': [[0.1120000034570694, 14.44800090789795, 77.84000396728516, 223.66400146484375], [171.2480010986328, 102.9280014038086, 223.66400146484375, 223.66400146484375], [113.23200225830078, 128.68800354003906, 161.8400115966797, 223.66400146484375], [169.0080108642578, 53.42399978637695, 212.24000549316406, 122.41600036621094], [16.464000701904297, 28.336000442504883, 34.608001708984375, 66.63999938964844]], 'labels': ['person', 'person', 'person', 'person', 'human face']}}"
0092,"{'<DENSE_REGION_CAPTION>': {'bboxes': [[0.1120000034570694, 14.672000885009766, 76.49600219726562, 223.66400146484375], [0.1120000034570694, 14.672000885009766, 76.27200317382812, 176.40000915527344], [171.6959991455078, 102.4800033569336, 223.66400146484375, 223.66400146484375], [101.8080062866211, 125.3280029296875, 171.6959991455078, 223.66400146484375], [161.16799926757812, 51.63199996948242, 212.01600646972656, 129.13600158691406]], 'labels': ['person', 'person', 'person', 'person', 'person']}}"
0093,"{'<DENSE_REGION_CAPTION>': {'bboxes': [[0.1120000034570694, 15.344000816345215, 77.39200592041016, 223.66400146484375], [0.1120000034570694, 15.344000816345215, 77.16799926757812, 158.25601196289062], [177.29600524902344, 84.33600616455078, 223.66400146484375, 223.66400146484375], [102.0320053100586, 128.24000549316406, 170.5760040283203, 223.66400146484375], [18.256000518798828, 29.23200035095215, 35.95199966430664, 67.08800506591797]], 'labels': ['person', 'person', 'person', 'person', 'human face']}}"
0094,"{'<DENSE_REGION_CAPTION>': {'bboxes': [[0.1120000034570694, 15.344000816345215, 75.1520004272461, 223.66400146484375], [0.1120000034570694, 15.344000816345215, 75.3759994506836, 176.84800720214844], [101.8080062866211, 128.01600646972656, 170.3520050048828, 223.66400146484375], [194.54400634765625, 62.384002685546875, 223.66400146484375, 223.66400146484375], [168.5600128173828, 56.336002349853516, 209.7760009765625, 139.66400146484375], [17.808000564575195, 29.45600128173828, 35.72800064086914, 67.76000213623047]], 'labels': ['person', 'person', 'person', 'person', 'person', 'human face']}}"
0095,"{'<DENSE_REGION_CAPTION>': {'bboxes': [[0.1120000034570694, 14.0, 86.57600402832031, 223.66400146484375], [0.1120000034570694, 14.0, 86.35200500488281, 167.88800048828125], [0.1120000034570694, 14.0, 49.84000015258789, 128.24000549316406], [16.016000747680664, 25.648000717163086, 33.48800277709961, 65.52000427246094]], 'labels': ['person', 'person', 'woman', 'human face']}}"
0096,"{'<DENSE_REGION_CAPTION>': {'bboxes': [[0.1120000034570694, 13.552000045776367, 64.8479995727539, 223.66400146484375], [173.04000854492188, 54.544002532958984, 223.66400146484375, 223.66400146484375], [105.39200592041016, 124.656005859375, 150.41600036621094, 223.66400146484375], [12.432000160217285, 25.648000717163086, 30.352001190185547, 65.52000427246094]], 'labels': ['person', 'person', 'person', 'human face']}}"
0097,"{'<DENSE_REGION_CAPTION>': {'bboxes': [[0.1120000034570694, 12.656000137329102, 69.7760009765625, 223.66400146484375], [0.1120000034570694, 12.656000137329102, 69.552001953125, 158.70401000976562], [168.5600128173828, 55.44000244140625, 223.66400146484375, 223.66400146484375], [98.22400665283203, 125.3280029296875, 167.66400146484375, 223.66400146484375], [173.04000854492188, 45.58399963378906, 201.93600463867188, 123.31200408935547]], 'labels': ['person', 'person', 'person', 'person', 'person']}}"
0098,"{'<DENSE_REGION_CAPTION>': {'bboxes': [[0.1120000034570694, 13.776000022888184, 70.67200469970703, 223.66400146484375], [0.1120000034570694, 13.776000022888184, 70.44800567626953, 160.27200317382812], [170.1280059814453, 54.768001556396484, 223.66400146484375, 223.66400146484375], [0.1120000034570694, 14.0, 46.03200149536133, 223.66400146484375], [96.43199920654297, 130.03199768066406, 158.92800903320312, 223.66400146484375], [174.16000366210938, 46.47999954223633, 202.16000366210938, 111.44000244140625]], 'labels': ['person', 'person', 'person', 'person', 'person', 'person']}}"
0099,"{'<DENSE_REGION_CAPTION>': {'bboxes': [[0.1120000034570694, 14.44800090789795, 70.67200469970703, 223.66400146484375], [0.1120000034570694, 14.44800090789795, 70.44800567626953, 160.27200317382812], [171.2480010986328, 62.384002685546875, 223.66400146484375, 223.66400146484375], [109.87200164794922, 135.8560028076172, 158.92800903320312, 223.66400146484375], [171.6959991455078, 47.152000427246094, 203.05599975585938, 122.19200134277344]], 'labels': ['person', 'person', 'person', 'person', 'person']}}"
0100,"{'<DENSE_REGION_CAPTION>': {'bboxes': [[0.1120000034570694, 13.104000091552734, 68.8800048828125, 223.66400146484375], [0.1120000034570694, 13.104000091552734, 68.20800018310547, 161.16799926757812], [169.6800079345703, 60.36800003051758, 223.66400146484375, 223.66400146484375], [109.42400360107422, 131.60000610351562, 157.58399963378906, 223.66400146484375], [171.0240020751953, 47.60000228881836, 203.72801208496094, 123.53600311279297], [10.416000366210938, 25.648000717163086, 29.23200035095215, 68.43199920654297]], 'labels': ['person', 'person', 'person', 'person', 'person', 'human face']}}"
0101,"{'<DENSE_REGION_CAPTION>': {'bboxes': [[0.1120000034570694, 13.776000022888184, 90.60800170898438, 223.66400146484375], [169.0080108642578, 58.35200119018555, 223.66400146484375, 223.66400146484375], [108.97600555419922, 130.03199768066406, 163.4080047607422, 223.66400146484375]], 'labels': ['person', 'person', 'person']}}"
0102,"{'<DENSE_REGION_CAPTION>': {'bboxes': [[0.1120000034570694, 17.583999633789062, 95.31200408935547, 223.66400146484375], [154.89601135253906, 56.560001373291016, 223.66400146484375, 223.66400146484375], [107.85600280761719, 135.6320037841797, 152.656005859375, 223.66400146484375], [169.6800079345703, 37.74399948120117, 200.36801147460938, 132.04800415039062]], 'labels': ['person', 'person', 'person', 'person']}}"
0103,"{'<DENSE_REGION_CAPTION>': {'bboxes': [[0.1120000034570694, 76.94400024414062, 203.50401306152344, 223.66400146484375], [200.59201049804688, 67.08800506591797, 219.4080047607422, 107.18400573730469], [36.176002502441406, 26.09600067138672, 52.30400085449219, 68.8800048828125]], 'labels': ['desk', 'human face', 'human face']}}"
0104,"{'<DENSE_REGION_CAPTION>': {'bboxes': [[0.1120000034570694, 76.94400024414062, 203.50401306152344, 223.66400146484375], [197.9040069580078, 69.552001953125, 217.3920135498047, 110.09600067138672], [35.055999755859375, 25.648000717163086, 52.08000183105469, 67.76000213623047]], 'labels': ['desk', 'human face', 'human face']}}"
0105,"{'<DENSE_REGION_CAPTION>': {'bboxes': [[0.1120000034570694, 16.687999725341797, 114.12800598144531, 223.66400146484375], [82.76800537109375, 87.92000579833984, 162.5120086669922, 223.66400146484375], [173.26400756835938, 55.44000244140625, 223.66400146484375, 223.66400146484375], [160.49600219726562, 43.79199981689453, 199.2480010986328, 133.8400115966797]], 'labels': ['person', 'person', 'person', 'person']}}"
0106,"{'<DENSE_REGION_CAPTION>': {'bboxes': [[0.1120000034570694, 76.94400024414062, 203.50401306152344, 223.66400146484375], [37.29600143432617, 27.440000534057617, 54.09600067138672, 69.3280029296875]], 'labels': ['desk', 'human face']}}"
0107,"{'<DENSE_REGION_CAPTION>': {'bboxes': [[0.1120000034570694, 78.51200103759766, 203.50401306152344, 223.66400146484375], [37.96800231933594, 29.00800132751465, 55.21600341796875, 70.44800567626953]], 'labels': ['desk', 'human face']}}"
0108,"{'<DENSE_REGION_CAPTION>': {'bboxes': [[0.1120000034570694, 78.95999908447266, 203.50401306152344, 223.66400146484375], [36.847999572753906, 30.352001190185547, 55.66400146484375, 71.79199981689453]], 'labels': ['desk', 'human face']}}"
0109,"{'<DENSE_REGION_CAPTION>': {'bboxes': [[0.1120000034570694, 79.85600280761719, 203.50401306152344, 223.66400146484375], [37.29600143432617, 31.472000122070312, 55.44000244140625, 71.79199981689453]], 'labels': ['desk', 'human face']}}"
0110,"{'<DENSE_REGION_CAPTION>': {'bboxes': [[0.1120000034570694, 80.75199890136719, 203.50401306152344, 223.66400146484375], [37.96800231933594, 32.14400100708008, 55.66400146484375, 71.79199981689453]], 'labels': ['desk', 'human face']}}"
0111,"{'<DENSE_REGION_CAPTION>': {'bboxes': [[0.1120000034570694, 17.583999633789062, 106.96000671386719, 223.66400146484375], [132.94400024414062, 55.44000244140625, 223.66400146484375, 223.66400146484375], [172.59201049804688, 55.44000244140625, 223.66400146484375, 223.44000244140625], [99.79199981689453, 124.4320068359375, 167.88800048828125, 223.66400146484375]], 'labels': ['person', 'person', 'person', 'person']}}"
0112,"{'<DENSE_REGION_CAPTION>': {'bboxes': [[0.1120000034570694, 20.272001266479492, 123.31200408935547, 223.66400146484375], [174.83200073242188, 53.20000076293945, 223.66400146484375, 223.66400146484375], [102.7040023803711, 120.1760025024414, 166.99200439453125, 223.66400146484375]], 'labels': ['person', 'person', 'person']}}"
0113,"{'<DENSE_REGION_CAPTION>': {'bboxes': [[0.1120000034570694, 28.112001419067383, 134.0640106201172, 223.66400146484375], [175.50399780273438, 55.44000244140625, 223.66400146484375, 223.66400146484375], [104.49600219726562, 118.38400268554688, 166.99200439453125, 223.66400146484375], [141.6800079345703, 38.63999938964844, 193.42401123046875, 123.31200408935547]], 'labels': ['person', 'person', 'person', 'person']}}"
0114,"{'<DENSE_REGION_CAPTION>': {'bboxes': [[0.1120000034570694, 27.216001510620117, 130.48001098632812, 223.66400146484375], [0.1120000034570694, 27.216001510620117, 100.68800354003906, 223.66400146484375], [61.26400375366211, 43.56800079345703, 76.27200317382812, 80.52799987792969]], 'labels': ['person', 'woman', 'human face']}}"
0115,"{'<DENSE_REGION_CAPTION>': {'bboxes': [[0.1120000034570694, 27.66400146484375, 132.49600219726562, 223.66400146484375], [159.15200805664062, 54.992000579833984, 223.66400146484375, 223.66400146484375], [100.01600646972656, 113.68000030517578, 167.66400146484375, 223.66400146484375], [143.0240020751953, 39.3120002746582, 198.1280059814453, 131.15200805664062]], 'labels': ['person', 'person', 'person', 'person']}}"
0116,"{'<DENSE_REGION_CAPTION>': {'bboxes': [[0.1120000034570694, 28.560001373291016, 120.84800720214844, 223.66400146484375], [159.15200805664062, 59.24800109863281, 223.66400146484375, 223.66400146484375], [103.3759994506836, 110.31999969482422, 167.66400146484375, 223.66400146484375], [142.5760040283203, 39.53600311279297, 196.5600128173828, 128.01600646972656]], 'labels': ['person', 'person', 'person', 'person']}}"
0117,"{'<DENSE_REGION_CAPTION>': {'bboxes': [[0.1120000034570694, 29.45600128173828, 134.0640106201172, 223.66400146484375], [103.82400512695312, 116.14400482177734, 171.4720001220703, 223.66400146484375], [142.3520050048828, 39.53600311279297, 196.5600128173828, 147.72801208496094], [187.15200805664062, 64.4000015258789, 223.66400146484375, 223.66400146484375]], 'labels': ['person', 'person', 'person', 'person']}}"
0118,"{'<DENSE_REGION_CAPTION>': {'bboxes': [[0.1120000034570694, 19.82400131225586, 114.12800598144531, 223.66400146484375], [101.58399963378906, 116.59200286865234, 173.48800659179688, 223.66400146484375], [187.37600708007812, 59.92000198364258, 223.66400146484375, 223.66400146484375], [141.6800079345703, 39.3120002746582, 194.54400634765625, 147.72801208496094]], 'labels': ['person', 'person', 'person', 'person']}}"
0119,"{'<DENSE_REGION_CAPTION>': {'bboxes': [[0.1120000034570694, 15.120000839233398, 111.66400146484375, 223.66400146484375], [103.1520004272461, 117.48800659179688, 173.26400756835938, 223.66400146484375], [138.32000732421875, 39.53600311279297, 195.66400146484375, 145.93600463867188], [195.21600341796875, 60.816001892089844, 223.66400146484375, 223.66400146484375]], 'labels': ['person', 'person', 'person', 'person']}}"
0120,"{'<DENSE_REGION_CAPTION>': {'bboxes': [[0.1120000034570694, 13.552000045776367, 70.67200469970703, 223.66400146484375], [171.2480010986328, 57.45600128173828, 223.66400146484375, 223.66400146484375], [98.67200469970703, 117.04000091552734, 174.16000366210938, 223.66400146484375], [149.52000427246094, 39.53600311279297, 196.33599853515625, 134.5120086669922], [0.1120000034570694, 22.512001037597656, 20.720001220703125, 65.52000427246094]], 'labels': ['person', 'person', 'person', 'person', 'human face']}}"
0121,"{'<DENSE_REGION_CAPTION>': {'bboxes': [[0.1120000034570694, 12.432000160217285, 67.76000213623047, 223.66400146484375], [0.1120000034570694, 12.432000160217285, 67.53600311279297, 159.60000610351562], [162.0640106201172, 59.92000198364258, 223.66400146484375, 223.66400146484375], [101.8080062866211, 116.81600189208984, 172.14401245117188, 223.66400146484375], [152.4320068359375, 40.880001068115234, 199.92001342773438, 138.32000732421875]], 'labels': ['woman', 'woman', 'person', 'person', 'person']}}"
0122,"{'<DENSE_REGION_CAPTION>': {'bboxes': [[0.1120000034570694, 12.432000160217285, 67.53600311279297, 223.66400146484375], [169.6800079345703, 60.36800003051758, 223.66400146484375, 223.66400146484375], [149.74400329589844, 38.8640022277832, 201.93600463867188, 141.6800079345703], [117.04000091552734, 121.29600524902344, 160.27200317382812, 223.66400146484375]], 'labels': ['person', 'person', 'person', 'person']}}"
0123,"{'<DENSE_REGION_CAPTION>': {'bboxes': [[0.1120000034570694, 13.776000022888184, 63.05600357055664, 223.66400146484375], [163.8560028076172, 59.24800109863281, 223.66400146484375, 223.66400146484375], [101.58399963378906, 121.96800231933594, 171.0240020751953, 223.66400146484375], [149.96800231933594, 40.880001068115234, 201.04000854492188, 141.9040069580078]], 'labels': ['person', 'person', 'person', 'person']}}"
0124,"{'<DENSE_REGION_CAPTION>': {'bboxes': [[0.1120000034570694, 13.776000022888184, 70.44800567626953, 223.66400146484375], [0.1120000034570694, 13.776000022888184, 69.7760009765625, 158.25601196289062], [177.07200622558594, 62.160003662109375, 223.66400146484375, 223.66400146484375], [100.68800354003906, 119.7280044555664, 171.2480010986328, 223.66400146484375], [145.26400756835938, 42.448001861572266, 203.95201110839844, 144.36801147460938], [10.86400032043457, 24.527999877929688, 29.68000030517578, 66.19200134277344]], 'labels': ['person', 'person', 'person', 'person', 'person', 'human face']}}"
0125,"{'<DENSE_REGION_CAPTION>': {'bboxes': [[0.1120000034570694, 12.880000114440918, 67.53600311279297, 223.66400146484375], [0.1120000034570694, 12.880000114440918, 67.31200408935547, 159.82400512695312], [104.72000122070312, 121.74400329589844, 170.8000030517578, 223.66400146484375], [145.48800659179688, 39.3120002746582, 202.83200073242188, 142.5760040283203], [9.520000457763672, 24.527999877929688, 28.112001419067383, 64.8479995727539]], 'labels': ['woman', 'woman', 'woman', 'woman', 'human face']}}"
0126,"{'<DENSE_REGION_CAPTION>': {'bboxes': [[0.1120000034570694, 13.32800006866455, 67.31200408935547, 223.66400146484375], [0.1120000034570694, 13.32800006866455, 47.152000427246094, 223.66400146484375], [120.6240005493164, 105.39200592041016, 187.60000610351562, 223.66400146484375], [187.82400512695312, 68.656005859375, 223.66400146484375, 223.66400146484375], [158.03199768066406, 47.82400131225586, 204.40000915527344, 135.8560028076172]], 'labels': ['person', 'person', 'person', 'person', 'person']}}"
0127,"{'<DENSE_REGION_CAPTION>': {'bboxes': [[0.1120000034570694, 13.32800006866455, 70.44800567626953, 223.66400146484375], [0.1120000034570694, 13.32800006866455, 70.2239990234375, 160.04800415039062], [103.82400512695312, 113.45600128173828, 171.6959991455078, 223.66400146484375], [183.12001037597656, 63.72800064086914, 223.66400146484375, 223.66400146484375], [147.27999877929688, 48.720001220703125, 203.27999877929688, 144.36801147460938]], 'labels': ['person', 'person', 'person', 'person', 'person']}}"
0128,"{'<DENSE_REGION_CAPTION>': {'bboxes': [[0.1120000034570694, 13.776000022888184, 67.08800506591797, 223.66400146484375], [0.1120000034570694, 13.776000022888184, 43.12000274658203, 223.66400146484375], [175.72801208496094, 65.29600524902344, 223.66400146484375, 223.66400146484375], [106.51200103759766, 113.45600128173828, 169.2320098876953, 223.66400146484375], [143.9199981689453, 50.512001037597656, 206.19200134277344, 145.04000854492188]], 'labels': ['person', 'person', 'person', 'person', 'person']}}"
0129,"{'<DENSE_REGION_CAPTION>': {'bboxes': [[0.1120000034570694, 12.656000137329102, 67.53600311279297, 223.66400146484375], [0.1120000034570694, 12.656000137329102, 50.512001037597656, 223.66400146484375], [180.2080078125, 65.0719985961914, 223.66400146484375, 223.66400146484375], [0.1120000034570694, 12.656000137329102, 50.288002014160156, 160.72000122070312], [100.01600646972656, 114.35200500488281, 166.99200439453125, 223.66400146484375], [153.3280029296875, 46.928001403808594, 207.5360107421875, 146.83200073242188]], 'labels': ['person', 'person', 'person', 'woman', 'person', 'person']}}"
0130,"{'<DENSE_REGION_CAPTION>': {'bboxes': [[0.1120000034570694, 12.432000160217285, 60.592002868652344, 223.66400146484375], [71.12000274658203, 111.21600341796875, 168.5600128173828, 223.66400146484375], [0.1120000034570694, 12.432000160217285, 44.6879997253418, 207.9840087890625], [145.71200561523438, 45.58399963378906, 207.31201171875, 149.52000427246094], [189.16799926757812, 65.52000427246094, 223.66400146484375, 223.66400146484375], [11.312000274658203, 24.079999923706055, 30.128000259399414, 67.76000213623047]], 'labels': ['woman', 'woman', 'woman', 'woman', 'woman', 'human face']}}"
0131,"{'<DENSE_REGION_CAPTION>': {'bboxes': [[0.1120000034570694, 12.880000114440918, 68.8800048828125, 223.66400146484375], [0.1120000034570694, 12.880000114440918, 68.43199920654297, 160.04800415039062], [74.4800033569336, 108.97600555419922, 169.0080108642578, 223.66400146484375], [186.70401000976562, 65.52000427246094, 223.66400146484375, 223.66400146484375], [145.48800659179688, 45.80800247192383, 206.19200134277344, 136.0800018310547]], 'labels': ['woman', 'woman', 'person', 'person', 'person']}}"
0132,"{'<DENSE_REGION_CAPTION>': {'bboxes': [[0.1120000034570694, 13.552000045776367, 70.67200469970703, 223.66400146484375], [0.1120000034570694, 13.552000045776367, 59.69600296020508, 161.6160125732422], [90.16000366210938, 113.23200225830078, 168.5600128173828, 223.66400146484375], [187.15200805664062, 55.21600341796875, 223.66400146484375, 223.66400146484375], [13.776000022888184, 25.200000762939453, 31.920000076293945, 69.10400390625], [202.60800170898438, 72.01599884033203, 220.0800018310547, 111.66400146484375]], 'labels': ['woman', 'woman', 'woman', 'woman', 'human face', 'human face']}}"
0133,"{'<DENSE_REGION_CAPTION>': {'bboxes': [[0.1120000034570694, 13.552000045776367, 70.67200469970703, 223.66400146484375], [0.1120000034570694, 13.552000045776367, 54.09600067138672, 223.66400146484375], [91.9520034790039, 114.57600402832031, 170.8000030517578, 223.66400146484375], [0.1120000034570694, 13.776000022888184, 52.97600173950195, 159.82400512695312], [189.8400115966797, 60.36800003051758, 223.66400146484375, 223.66400146484375], [152.8800048828125, 47.60000228881836, 204.62400817871094, 144.81600952148438], [13.776000022888184, 26.09600067138672, 31.920000076293945, 67.53600311279297]], 'labels': ['woman', 'woman', 'woman', 'woman', 'woman', 'woman', 'human face']}}"
0134,"{'<DENSE_REGION_CAPTION>': {'bboxes': [[0.1120000034570694, 13.552000045776367, 69.552001953125, 223.66400146484375], [0.1120000034570694, 13.552000045776367, 69.3280029296875, 160.94400024414062], [92.6240005493164, 114.57600402832031, 171.0240020751953, 223.66400146484375], [13.776000022888184, 26.54400062561035, 32.36800003051758, 68.43199920654297]], 'labels': ['woman', 'woman', 'woman', 'human face']}}"
0135,"{'<DENSE_REGION_CAPTION>': {'bboxes': [[0.1120000034570694, 13.552000045776367, 70.67200469970703, 223.66400146484375], [0.1120000034570694, 13.552000045776367, 70.44800567626953, 160.94400024414062], [93.29600524902344, 114.35200500488281, 169.9040069580078, 223.66400146484375], [194.76800537109375, 66.63999938964844, 223.66400146484375, 223.66400146484375], [165.20001220703125, 46.25600051879883, 213.80801391601562, 127.12000274658203]], 'labels': ['person', 'person', 'person', 'person', 'person']}}"
0136,"{'<DENSE_REGION_CAPTION>': {'bboxes': [[0.1120000034570694, 13.552000045776367, 70.67200469970703, 223.66400146484375], [0.1120000034570694, 13.552000045776367, 54.320003509521484, 162.2880096435547], [13.776000022888184, 27.440000534057617, 31.920000076293945, 69.10400390625]], 'labels': ['woman', 'woman', 'human face']}}"
0137,"{'<DENSE_REGION_CAPTION>': {'bboxes': [[0.1120000034570694, 13.552000045776367, 67.53600311279297, 223.66400146484375], [0.1120000034570694, 13.552000045776367, 56.112003326416016, 161.6160125732422], [13.776000022888184, 27.88800048828125, 32.36800003051758, 70.0]], 'labels': ['woman', 'woman', 'human face']}}"
0138,"{'<DENSE_REGION_CAPTION>': {'bboxes': [[0.1120000034570694, 13.776000022888184, 69.552001953125, 223.66400146484375], [0.1120000034570694, 13.776000022888184, 69.10400390625, 160.94400024414062], [0.1120000034570694, 13.776000022888184, 50.96000289916992, 160.72000122070312], [111.88800048828125, 120.6240005493164, 168.7840118408203, 223.66400146484375], [13.776000022888184, 27.88800048828125, 32.592002868652344, 69.3280029296875]], 'labels': ['woman', 'woman', 'woman', 'woman', 'human face']}}"
0139,"{'<DENSE_REGION_CAPTION>': {'bboxes': [[0.1120000034570694, 13.552000045776367, 70.67200469970703, 223.66400146484375], [0.1120000034570694, 13.552000045776367, 70.2239990234375, 160.94400024414062], [0.1120000034570694, 11.088000297546387, 48.04800033569336, 223.66400146484375], [105.84000396728516, 118.38400268554688, 171.0240020751953, 223.66400146484375], [14.223999977111816, 27.440000534057617, 32.592002868652344, 68.8800048828125]], 'labels': ['woman', 'woman', 'woman', 'woman', 'human face']}}"
0140,"{'<DENSE_REGION_CAPTION>': {'bboxes': [[0.1120000034570694, 14.0, 67.98400115966797, 223.66400146484375], [0.1120000034570694, 14.0, 54.320003509521484, 168.11199951171875], [104.49600219726562, 119.2800064086914, 170.1280059814453, 223.66400146484375], [14.672000885009766, 28.336000442504883, 32.816001892089844, 70.0]], 'labels': ['woman', 'woman', 'woman', 'human face']}}"
0141,"{'<DENSE_REGION_CAPTION>': {'bboxes': [[0.1120000034570694, 13.32800006866455, 68.8800048828125, 223.66400146484375], [0.1120000034570694, 13.32800006866455, 57.23200225830078, 160.04800415039062], [92.1760025024414, 118.38400268554688, 170.1280059814453, 223.66400146484375], [12.880000114440918, 24.304000854492188, 31.02400016784668, 66.63999938964844]], 'labels': ['woman', 'woman', 'woman', 'human face']}}"
0142,"{'<DENSE_REGION_CAPTION>': {'bboxes': [[0.1120000034570694, 12.432000160217285, 67.76000213623047, 223.66400146484375], [0.1120000034570694, 12.432000160217285, 67.53600311279297, 159.82400512695312], [108.97600555419922, 118.16000366210938, 170.8000030517578, 223.66400146484375]], 'labels': ['woman', 'woman', 'person']}}"
0143,"{'<DENSE_REGION_CAPTION>': {'bboxes': [[0.1120000034570694, 13.104000091552734, 69.7760009765625, 223.66400146484375], [0.1120000034570694, 13.104000091552734, 69.552001953125, 159.82400512695312], [10.640000343322754, 23.631999969482422, 29.23200035095215, 65.0719985961914]], 'labels': ['woman', 'woman', 'human face']}}"
0144,"{'<DENSE_REGION_CAPTION>': {'bboxes': [[0.1120000034570694, 13.32800006866455, 67.53600311279297, 223.66400146484375], [0.1120000034570694, 13.32800006866455, 54.992000579833984, 160.04800415039062], [110.99200439453125, 119.2800064086914, 173.04000854492188, 223.66400146484375], [10.192000389099121, 24.304000854492188, 29.00800132751465, 65.74400329589844]], 'labels': ['woman', 'woman', 'woman', 'human face']}}"
0145,"{'<DENSE_REGION_CAPTION>': {'bboxes': [[0.1120000034570694, 13.32800006866455, 67.76000213623047, 223.66400146484375], [0.1120000034570694, 13.32800006866455, 67.53600311279297, 160.94400024414062], [109.42400360107422, 113.68000030517578, 171.4720001220703, 223.66400146484375], [10.86400032043457, 24.97599983215332, 30.128000259399414, 66.86399841308594]], 'labels': ['woman', 'woman', 'woman', 'human face']}}"
0146,"{'<DENSE_REGION_CAPTION>': {'bboxes': [[0.1120000034570694, 15.568000793457031, 76.49600219726562, 223.66400146484375], [0.1120000034570694, 15.568000793457031, 76.27200317382812, 178.41600036621094], [118.60800170898438, 112.56000518798828, 173.04000854492188, 223.66400146484375], [16.239999771118164, 28.336000442504883, 34.608001708984375, 69.3280029296875]], 'labels': ['person', 'woman', 'woman', 'human face']}}"
0147,"{'<DENSE_REGION_CAPTION>': {'bboxes': [[0.1120000034570694, 14.44800090789795, 67.76000213623047, 223.66400146484375], [0.1120000034570694, 14.44800090789795, 44.91200256347656, 223.66400146484375], [0.1120000034570694, 14.672000885009766, 44.91200256347656, 160.94400024414062], [11.760000228881836, 27.440000534057617, 30.80000114440918, 69.10400390625]], 'labels': ['woman', 'woman', 'woman', 'human face']}}"
0148,"{'<DENSE_REGION_CAPTION>': {'bboxes': [[0.1120000034570694, 14.672000885009766, 67.76000213623047, 223.66400146484375], [0.1120000034570694, 14.672000885009766, 42.672000885009766, 223.66400146484375], [108.97600555419922, 113.68000030517578, 173.93600463867188, 223.66400146484375], [10.86400032043457, 30.80000114440918, 30.128000259399414, 70.44800567626953]], 'labels': ['woman', 'woman', 'woman', 'human face']}}"
0149,"{'<DENSE_REGION_CAPTION>': {'bboxes': [[0.1120000034570694, 14.44800090789795, 67.08800506591797, 223.66400146484375], [0.1120000034570694, 14.44800090789795, 40.880001068115234, 223.66400146484375], [111.66400146484375, 113.23200225830078, 173.04000854492188, 223.66400146484375], [189.39199829101562, 58.12800216674805, 223.66400146484375, 223.66400146484375], [11.312000274658203, 28.784000396728516, 30.128000259399414, 68.8800048828125]], 'labels': ['woman', 'woman', 'woman', 'woman', 'human face']}}"
0150,"{'<DENSE_REGION_CAPTION>': {'bboxes': [[0.1120000034570694, 14.223999977111816, 67.08800506591797, 223.66400146484375], [0.1120000034570694, 14.223999977111816, 44.2400016784668, 223.66400146484375], [0.1120000034570694, 14.44800090789795, 43.79199981689453, 158.03199768066406], [11.984000205993652, 27.88800048828125, 31.02400016784668, 70.44800567626953], [183.56800842285156, 65.52000427246094, 201.71200561523438, 87.47200012207031]], 'labels': ['woman', 'woman', 'woman', 'human face', 'human face']}}"
0151,"{'<DENSE_REGION_CAPTION>': {'bboxes': [[0.1120000034570694, 14.44800090789795, 68.8800048828125, 223.66400146484375], [0.1120000034570694, 14.44800090789795, 68.43199920654297, 179.760009765625], [13.104000091552734, 25.200000762939453, 31.696001052856445, 67.53600311279297]], 'labels': ['woman', 'woman', 'human face']}}"
0152,"{'<DENSE_REGION_CAPTION>': {'bboxes': [[0.1120000034570694, 14.0, 79.85600280761719, 223.66400146484375], [0.1120000034570694, 14.0, 79.63200378417969, 179.760009765625], [175.27999877929688, 61.26400375366211, 223.66400146484375, 223.66400146484375], [117.48800659179688, 117.93600463867188, 173.04000854492188, 223.66400146484375], [12.208000183105469, 22.736000061035156, 31.02400016784668, 63.72800064086914]], 'labels': ['person', 'person', 'person', 'person', 'human face']}}"
0153,"{'<DENSE_REGION_CAPTION>': {'bboxes': [[0.1120000034570694, 13.776000022888184, 71.56800079345703, 223.66400146484375], [174.83200073242188, 59.24800109863281, 223.66400146484375, 223.66400146484375], [108.97600555419922, 113.45600128173828, 167.44000244140625, 223.66400146484375], [203.50401306152344, 70.2239990234375, 223.66400146484375, 112.56000518798828], [14.0, 25.648000717163086, 31.920000076293945, 67.53600311279297]], 'labels': ['person', 'person', 'person', 'human face', 'human face']}}"
0154,"{'<DENSE_REGION_CAPTION>': {'bboxes': [[0.1120000034570694, 15.792000770568848, 76.94400024414062, 223.66400146484375], [177.52000427246094, 57.45600128173828, 223.66400146484375, 223.66400146484375], [101.36000061035156, 114.57600402832031, 164.3040008544922, 223.66400146484375], [18.928001403808594, 29.45600128173828, 36.624000549316406, 70.44800567626953]], 'labels': ['person', 'person', 'person', 'human face']}}"
0155,"{'<DENSE_REGION_CAPTION>': {'bboxes': [[0.1120000034570694, 14.672000885009766, 76.49600219726562, 223.66400146484375], [203.05599975585938, 68.43199920654297, 223.66400146484375, 110.54400634765625], [18.256000518798828, 27.440000534057617, 36.176002502441406, 69.3280029296875]], 'labels': ['woman', 'human face', 'human face']}}"
0156,"{'<DENSE_REGION_CAPTION>': {'bboxes': [[0.1120000034570694, 15.344000816345215, 76.49600219726562, 223.66400146484375], [0.1120000034570694, 15.344000816345215, 76.72000122070312, 176.84800720214844], [100.68800354003906, 111.21600341796875, 165.64801025390625, 223.66400146484375], [18.70400047302246, 28.112001419067383, 36.176002502441406, 68.8800048828125]], 'labels': ['person', 'woman', 'woman', 'human face']}}"
0157,"{'<DENSE_REGION_CAPTION>': {'bboxes': [[0.1120000034570694, 14.44800090789795, 70.67200469970703, 223.66400146484375], [0.1120000034570694, 14.44800090789795, 70.44800567626953, 178.41600036621094], [178.41600036621094, 61.26400375366211, 223.66400146484375, 223.66400146484375], [103.1520004272461, 110.54400634765625, 165.64801025390625, 223.66400146484375], [13.776000022888184, 22.736000061035156, 32.816001892089844, 65.29600524902344], [204.84800720214844, 74.7040023803711, 223.66400146484375, 114.80000305175781]], 'labels': ['woman', 'woman', 'woman', 'woman', 'human face', 'human face']}}"
0158,"{'<DENSE_REGION_CAPTION>': {'bboxes': [[0.1120000034570694, 13.32800006866455, 70.67200469970703, 223.66400146484375], [0.1120000034570694, 13.32800006866455, 56.112003326416016, 187.60000610351562], [9.968000411987305, 25.200000762939453, 29.45600128173828, 66.63999938964844]], 'labels': ['woman', 'woman', 'human face']}}"
0159,"{'<DENSE_REGION_CAPTION>': {'bboxes': [[0.1120000034570694, 13.32800006866455, 67.98400115966797, 223.66400146484375], [0.1120000034570694, 13.32800006866455, 67.53600311279297, 176.84800720214844], [179.31201171875, 58.35200119018555, 223.66400146484375, 223.66400146484375], [102.0320053100586, 117.93600463867188, 168.7840118408203, 223.66400146484375], [9.520000457763672, 24.75200080871582, 28.784000396728516, 67.53600311279297]], 'labels': ['woman', 'woman', 'woman', 'woman', 'human face']}}"
0160,"{'<DENSE_REGION_CAPTION>': {'bboxes': [[0.1120000034570694, 12.880000114440918, 69.10400390625, 223.66400146484375], [0.1120000034570694, 12.880000114440918, 68.8800048828125, 162.7360076904297], [175.27999877929688, 61.93600082397461, 223.66400146484375, 223.66400146484375], [112.33600616455078, 114.12800598144531, 169.9040069580078, 223.66400146484375], [10.192000389099121, 23.631999969482422, 28.336000442504883, 66.63999938964844]], 'labels': ['person', 'person', 'person', 'person', 'human face']}}"
0161,"{'<DENSE_REGION_CAPTION>': {'bboxes': [[0.1120000034570694, 12.880000114440918, 70.67200469970703, 223.66400146484375], [0.1120000034570694, 12.880000114440918, 70.2239990234375, 161.6160125732422], [9.520000457763672, 23.631999969482422, 28.112001419067383, 65.52000427246094]], 'labels': ['woman', 'woman', 'human face']}}"
0162,"{'<DENSE_REGION_CAPTION>': {'bboxes': [[0.1120000034570694, 16.464000701904297, 66.86399841308594, 223.66400146484375], [175.27999877929688, 59.24800109863281, 223.66400146484375, 223.66400146484375], [104.94400024414062, 113.00800323486328, 164.5279998779297, 223.66400146484375], [9.744000434875488, 36.176002502441406, 29.00800132751465, 76.27200317382812]], 'labels': ['person', 'person', 'person', 'human face']}}"
0163,"{'<DENSE_REGION_CAPTION>': {'bboxes': [[0.1120000034570694, 13.552000045776367, 68.8800048828125, 223.66400146484375], [0.1120000034570694, 13.552000045776367, 48.04800033569336, 223.66400146484375], [176.40000915527344, 59.47200012207031, 223.66400146484375, 223.66400146484375], [103.1520004272461, 113.68000030517578, 164.7519989013672, 223.66400146484375], [164.7519989013672, 48.272003173828125, 204.17601013183594, 151.08799743652344]], 'labels': ['person', 'person', 'person', 'person', 'person']}}"
0164,"{'<DENSE_REGION_CAPTION>': {'bboxes': [[0.1120000034570694, 13.552000045776367, 68.8800048828125, 223.66400146484375], [0.1120000034570694, 13.552000045776367, 47.152000427246094, 223.66400146484375], [174.60800170898438, 60.14400100708008, 223.66400146484375, 223.66400146484375], [87.69599914550781, 115.92000579833984, 155.79200744628906, 223.66400146484375], [8.176000595092773, 29.00800132751465, 26.992000579833984, 70.0]], 'labels': ['person', 'person', 'person', 'person', 'human face']}}"
0165,"{'<DENSE_REGION_CAPTION>': {'bboxes': [[0.1120000034570694, 13.32800006866455, 68.8800048828125, 223.66400146484375], [0.1120000034570694, 13.552000045776367, 46.704002380371094, 223.66400146484375], [8.176000595092773, 28.784000396728516, 27.216001510620117, 70.44800567626953]], 'labels': ['woman', 'woman', 'human face']}}"
0166,"{'<DENSE_REGION_CAPTION>': {'bboxes': [[0.1120000034570694, 13.552000045776367, 67.53600311279297, 223.66400146484375], [170.5760040283203, 54.768001556396484, 223.66400146484375, 223.66400146484375], [0.1120000034570694, 13.552000045776367, 48.04800033569336, 166.54400634765625], [124.8800048828125, 134.2880096435547, 181.552001953125, 223.66400146484375], [170.3520050048828, 49.61600112915039, 205.07200622558594, 151.5360107421875]], 'labels': ['person', 'person', 'person', 'person', 'person']}}"
0167,"{'<DENSE_REGION_CAPTION>': {'bboxes': [[0.1120000034570694, 13.32800006866455, 68.8800048828125, 223.66400146484375], [174.83200073242188, 58.80000305175781, 223.66400146484375, 223.66400146484375], [105.39200592041016, 120.4000015258789, 168.11199951171875, 223.66400146484375], [9.072000503540039, 26.992000579833984, 28.560001373291016, 70.0]], 'labels': ['person', 'person', 'person', 'human face']}}"
0168,"{'<DENSE_REGION_CAPTION>': {'bboxes': [[0.1120000034570694, 13.552000045776367, 67.31200408935547, 223.66400146484375], [174.16000366210938, 64.1760025024414, 223.66400146484375, 223.66400146484375], [87.69599914550781, 113.68000030517578, 167.44000244140625, 223.66400146484375], [9.296000480651855, 23.18400001525879, 27.88800048828125, 67.08800506591797]], 'labels': ['person', 'person', 'person', 'human face']}}"
0169,"{'<DENSE_REGION_CAPTION>': {'bboxes': [[0.1120000034570694, 14.44800090789795, 108.30400085449219, 223.66400146484375], [29.45600128173828, 24.079999923706055, 47.152000427246094, 67.76000213623047]], 'labels': ['woman', 'human face']}}"
0170,"{'<DENSE_REGION_CAPTION>': {'bboxes': [[0.1120000034570694, 16.687999725341797, 113.68000030517578, 223.66400146484375], [90.60800170898438, 114.57600402832031, 168.33599853515625, 223.66400146484375], [181.10400390625, 60.36800003051758, 223.66400146484375, 223.66400146484375], [159.60000610351562, 50.512001037597656, 202.38400268554688, 146.60800170898438]], 'labels': ['person', 'person', 'person', 'person']}}"
0171,"{'<DENSE_REGION_CAPTION>': {'bboxes': [[0.1120000034570694, 17.583999633789062, 116.59200286865234, 223.66400146484375], [90.60800170898438, 114.12800598144531, 168.5600128173828, 223.66400146484375], [186.03201293945312, 59.92000198364258, 223.66400146484375, 223.66400146484375], [160.27200317382812, 50.064002990722656, 204.17601013183594, 123.08800506591797]], 'labels': ['person', 'person', 'person', 'person']}}"
0172,"{'<DENSE_REGION_CAPTION>': {'bboxes': [[0.1120000034570694, 14.44800090789795, 74.7040023803711, 223.66400146484375], [170.1280059814453, 62.832000732421875, 223.66400146484375, 223.66400146484375], [103.60000610351562, 115.24800109863281, 167.21600341796875, 223.66400146484375], [35.50400161743164, 28.336000442504883, 52.97600173950195, 69.10400390625]], 'labels': ['person', 'woman', 'woman', 'human face']}}"
0173,"{'<DENSE_REGION_CAPTION>': {'bboxes': [[31.920000076293945, 26.992000579833984, 49.39200210571289, 70.44800567626953]], 'labels': ['human face']}}"
0174,"{'<DENSE_REGION_CAPTION>': {'bboxes': [[0.1120000034570694, 80.30400085449219, 203.50401306152344, 223.66400146484375], [52.52799987792969, 63.50400161743164, 71.79199981689453, 107.63200378417969]], 'labels': ['desk', 'human face']}}"
0175,"{'<DENSE_REGION_CAPTION>': {'bboxes': [[99.56800079345703, 114.35200500488281, 164.5279998779297, 223.66400146484375], [57.23200225830078, 68.43199920654297, 74.7040023803711, 111.44000244140625], [172.36801147460938, 49.39200210571289, 186.48001098632812, 74.2560043334961]], 'labels': ['girl', 'human face', 'human face']}}"
0176,"{'<DENSE_REGION_CAPTION>': {'bboxes': [[100.46400451660156, 115.47200012207031, 164.5279998779297, 223.66400146484375], [59.47200012207031, 74.0320053100586, 77.39200592041016, 116.36800384521484]], 'labels': ['girl', 'human face']}}"
0177,"{'<DENSE_REGION_CAPTION>': {'bboxes': [[0.1120000034570694, 46.03200149536133, 105.39200592041016, 223.66400146484375], [180.656005859375, 62.832000732421875, 223.66400146484375, 223.66400146484375], [102.7040023803711, 115.02400207519531, 160.27200317382812, 223.66400146484375], [159.15200805664062, 37.52000045776367, 201.48800659179688, 144.81600952148438]], 'labels': ['person', 'person', 'person', 'person']}}"
0178,"{'<DENSE_REGION_CAPTION>': {'bboxes': [[0.1120000034570694, 8.40000057220459, 73.13600158691406, 223.66400146484375], [0.1120000034570694, 8.40000057220459, 72.91200256347656, 161.6160125732422], [180.4320068359375, 59.69600296020508, 223.66400146484375, 223.66400146484375], [101.13600158691406, 115.02400207519531, 160.04800415039062, 223.66400146484375], [159.15200805664062, 36.624000549316406, 203.72801208496094, 139.66400146484375]], 'labels': ['person', 'person', 'person', 'person', 'person']}}"
0179,"{'<DENSE_REGION_CAPTION>': {'bboxes': [[0.1120000034570694, 12.432000160217285, 59.69600296020508, 223.66400146484375], [171.6959991455078, 66.19200134277344, 223.66400146484375, 223.66400146484375], [147.50399780273438, 37.07200241088867, 204.84800720214844, 143.6959991455078], [3.4720001220703125, 24.079999923706055, 21.392000198364258, 67.98400115966797]], 'labels': ['person', 'person', 'person', 'human face']}}"
0180,"{'<DENSE_REGION_CAPTION>': {'bboxes': [[0.1120000034570694, 12.432000160217285, 67.53600311279297, 223.66400146484375], [0.1120000034570694, 12.432000160217285, 54.768001556396484, 169.2320098876953], [97.3280029296875, 116.59200286865234, 159.15200805664062, 223.66400146484375], [4.815999984741211, 23.631999969482422, 23.408000946044922, 67.98400115966797], [192.0800018310547, 89.93600463867188, 214.25601196289062, 124.8800048828125]], 'labels': ['person', 'person', 'woman', 'human face', 'human face']}}"
0181,"{'<DENSE_REGION_CAPTION>': {'bboxes': [[0.1120000034570694, 12.432000160217285, 67.76000213623047, 223.66400146484375], [0.1120000034570694, 12.432000160217285, 67.53600311279297, 177.29600524902344], [88.81600189208984, 120.6240005493164, 156.01600646972656, 223.66400146484375], [184.01600646972656, 65.29600524902344, 223.66400146484375, 223.66400146484375], [4.815999984741211, 23.631999969482422, 24.079999923706055, 68.43199920654297]], 'labels': ['woman', 'woman', 'woman', 'woman', 'human face']}}"
0182,"{'<DENSE_REGION_CAPTION>': {'bboxes': [[0.1120000034570694, 14.44800090789795, 67.76000213623047, 223.66400146484375], [0.1120000034570694, 25.200000762939453, 19.82400131225586, 70.0]], 'labels': ['woman', 'human face']}}"
0183,"{'<DENSE_REGION_CAPTION>': {'bboxes': [[0.1120000034570694, 14.44800090789795, 68.43199920654297, 223.66400146484375], [171.2480010986328, 61.93600082397461, 223.66400146484375, 223.66400146484375], [74.0320053100586, 136.3040008544922, 146.16000366210938, 223.66400146484375], [153.3280029296875, 37.07200241088867, 206.63999938964844, 142.3520050048828], [5.039999961853027, 25.648000717163086, 24.304000854492188, 69.10400390625]], 'labels': ['person', 'person', 'person', 'person', 'human face']}}"
0184,"{'<DENSE_REGION_CAPTION>': {'bboxes': [[0.1120000034570694, 13.776000022888184, 70.67200469970703, 223.66400146484375], [0.1120000034570694, 13.552000045776367, 58.57600021362305, 169.2320098876953], [72.24000549316406, 139.88800048828125, 148.40000915527344, 223.66400146484375], [191.4080047607422, 64.1760025024414, 223.66400146484375, 223.66400146484375], [156.24000549316406, 37.29600143432617, 204.84800720214844, 143.4720001220703]], 'labels': ['person', 'person', 'person', 'person', 'person']}}"
0185,"{'<DENSE_REGION_CAPTION>': {'bboxes': [[0.1120000034570694, 12.432000160217285, 68.43199920654297, 223.66400146484375], [0.1120000034570694, 12.432000160217285, 68.20800018310547, 176.84800720214844], [5.039999961853027, 25.648000717163086, 23.408000946044922, 68.43199920654297]], 'labels': ['woman', 'woman', 'human face']}}"
0186,"{'<DENSE_REGION_CAPTION>': {'bboxes': [[0.1120000034570694, 13.552000045776367, 67.98400115966797, 223.66400146484375], [3.248000144958496, 24.75200080871582, 22.288000106811523, 68.43199920654297]], 'labels': ['woman', 'human face']}}"
0187,"{'<DENSE_REGION_CAPTION>': {'bboxes': [[0.1120000034570694, 13.552000045776367, 67.76000213623047, 223.66400146484375], [0.1120000034570694, 13.552000045776367, 43.12000274658203, 223.66400146484375], [5.936000347137451, 24.304000854492188, 24.97599983215332, 67.98400115966797], [195.88800048828125, 64.1760025024414, 214.25601196289062, 101.36000061035156]], 'labels': ['woman', 'woman', 'human face', 'human face']}}"
0188,"{'<DENSE_REGION_CAPTION>': {'bboxes': [[0.1120000034570694, 13.552000045776367, 67.53600311279297, 223.66400146484375], [170.5760040283203, 55.44000244140625, 223.66400146484375, 223.66400146484375], [91.7280044555664, 119.5040054321289, 164.7519989013672, 223.66400146484375], [149.07200622558594, 36.624000549316406, 199.2480010986328, 130.25599670410156]], 'labels': ['person', 'person', 'person', 'person']}}"
0189,"{'<DENSE_REGION_CAPTION>': {'bboxes': [[0.1120000034570694, 13.552000045776367, 67.76000213623047, 223.66400146484375], [0.1120000034570694, 13.552000045776367, 40.880001068115234, 223.66400146484375], [179.31201171875, 57.68000030517578, 223.66400146484375, 223.66400146484375], [111.66400146484375, 124.656005859375, 164.7519989013672, 223.66400146484375], [167.66400146484375, 43.79199981689453, 208.2080078125, 135.8560028076172]], 'labels': ['person', 'person', 'person', 'person', 'person']}}"
0190,"{'<DENSE_REGION_CAPTION>': {'bboxes': [[0.1120000034570694, 13.552000045776367, 67.53600311279297, 223.66400146484375], [0.1120000034570694, 13.552000045776367, 45.13600158691406, 223.66400146484375], [183.56800842285156, 54.544002532958984, 223.66400146484375, 223.66400146484375], [108.52799987792969, 123.76000213623047, 165.64801025390625, 223.66400146484375], [181.552001953125, 47.82400131225586, 209.10400390625, 123.31200408935547]], 'labels': ['person', 'person', 'person', 'person', 'person']}}"
0191,"{'<DENSE_REGION_CAPTION>': {'bboxes': [[0.1120000034570694, 13.552000045776367, 67.53600311279297, 223.66400146484375], [0.1120000034570694, 13.552000045776367, 46.03200149536133, 223.66400146484375], [183.12001037597656, 59.92000198364258, 223.66400146484375, 223.66400146484375], [94.19200134277344, 123.76000213623047, 163.6320037841797, 223.66400146484375], [6.384000301361084, 26.992000579833984, 24.75200080871582, 70.44800567626953]], 'labels': ['woman', 'woman', 'woman', 'woman', 'human face']}}"
0192,"{'<DENSE_REGION_CAPTION>': {'bboxes': [[0.1120000034570694, 13.552000045776367, 67.53600311279297, 223.66400146484375], [0.1120000034570694, 13.552000045776367, 45.58399963378906, 223.66400146484375], [181.10400390625, 54.992000579833984, 223.66400146484375, 223.66400146484375], [93.29600524902344, 123.53600311279297, 163.4080047607422, 223.66400146484375], [5.712000370025635, 25.648000717163086, 24.079999923706055, 70.44800567626953]], 'labels': ['woman', 'woman', 'person', 'person', 'human face']}}"
0193,"{'<DENSE_REGION_CAPTION>': {'bboxes': [[0.1120000034570694, 13.552000045776367, 67.53600311279297, 223.66400146484375], [0.1120000034570694, 13.552000045776367, 47.60000228881836, 223.66400146484375], [94.41600036621094, 122.86400604248047, 164.3040008544922, 223.66400146484375], [184.91200256347656, 53.64800262451172, 223.66400146484375, 223.66400146484375], [5.263999938964844, 24.304000854492188, 24.304000854492188, 70.44800567626953]], 'labels': ['woman', 'woman', 'woman', 'woman', 'human face']}}"
0194,"{'<DENSE_REGION_CAPTION>': {'bboxes': [[0.1120000034570694, 13.552000045776367, 67.76000213623047, 223.66400146484375], [0.1120000034570694, 13.552000045776367, 49.84000015258789, 223.66400146484375], [0.1120000034570694, 13.776000022888184, 49.61600112915039, 169.6800079345703], [195.66400146484375, 64.4000015258789, 215.15200805664062, 105.61600494384766], [6.832000255584717, 25.648000717163086, 24.97599983215332, 67.98400115966797]], 'labels': ['woman', 'woman', 'woman', 'human face', 'human face']}}"
0195,"{'<DENSE_REGION_CAPTION>': {'bboxes': [[0.1120000034570694, 12.432000160217285, 67.53600311279297, 223.66400146484375], [0.1120000034570694, 12.432000160217285, 47.152000427246094, 223.66400146484375], [178.86399841308594, 47.60000228881836, 223.66400146484375, 223.66400146484375], [90.60800170898438, 125.10400390625, 164.5279998779297, 223.66400146484375], [5.488000392913818, 24.079999923706055, 24.304000854492188, 67.76000213623047], [195.21600341796875, 62.832000732421875, 213.36000061035156, 102.0320053100586]], 'labels': ['person', 'person', 'person', 'person', 'human face', 'human face']}}"
0196,"{'<DENSE_REGION_CAPTION>': {'bboxes': [[0.1120000034570694, 13.32800006866455, 67.76000213623047, 223.66400146484375], [0.1120000034570694, 13.32800006866455, 49.84000015258789, 223.66400146484375], [181.7760009765625, 54.09600067138672, 223.66400146484375, 223.66400146484375], [105.84000396728516, 120.84800720214844, 165.87200927734375, 223.66400146484375], [5.936000347137451, 25.648000717163086, 24.75200080871582, 68.656005859375]], 'labels': ['woman', 'woman', 'woman', 'woman', 'human face']}}"
0197,"{'<DENSE_REGION_CAPTION>': {'bboxes': [[0.1120000034570694, 14.0, 67.76000213623047, 223.66400146484375], [0.1120000034570694, 14.0, 49.39200210571289, 223.66400146484375], [86.12800598144531, 113.68000030517578, 162.0640106201172, 223.66400146484375], [7.504000186920166, 24.97599983215332, 26.32000160217285, 67.76000213623047]], 'labels': ['woman', 'woman', 'woman', 'human face']}}"
0198,"{'<DENSE_REGION_CAPTION>': {'bboxes': [[0.1120000034570694, 14.44800090789795, 67.53600311279297, 223.66400146484375], [0.1120000034570694, 14.44800090789795, 49.84000015258789, 223.66400146484375], [89.48799896240234, 117.71200561523438, 165.87200927734375, 223.66400146484375], [7.056000232696533, 24.079999923706055, 26.54400062561035, 67.31200408935547]], 'labels': ['woman', 'woman', 'woman', 'human face']}}"
0199,"{'<DENSE_REGION_CAPTION>': {'bboxes': [[0.1120000034570694, 17.808000564575195, 67.53600311279297, 223.66400146484375], [0.1120000034570694, 17.808000564575195, 49.39200210571289, 223.66400146484375], [178.86399841308594, 54.09600067138672, 223.66400146484375, 223.66400146484375], [88.81600189208984, 118.38400268554688, 164.9759979248047, 223.66400146484375], [166.32000732421875, 47.152000427246094, 206.864013671875, 124.4320068359375]], 'labels': ['person', 'person', 'person', 'person', 'person']}}"
0200,"{'<DENSE_REGION_CAPTION>': {'bboxes': [[0.1120000034570694, 14.44800090789795, 67.76000213623047, 223.66400146484375], [0.1120000034570694, 14.44800090789795, 49.84000015258789, 223.66400146484375], [104.04800415039062, 118.83200073242188, 166.32000732421875, 223.66400146484375], [9.520000457763672, 29.45600128173828, 29.00800132751465, 71.79199981689453]], 'labels': ['woman', 'woman', 'woman', 'human face']}}"
0201,"{'<DENSE_REGION_CAPTION>': {'bboxes': [[0.1120000034570694, 14.44800090789795, 67.76000213623047, 223.66400146484375], [0.1120000034570694, 14.44800090789795, 48.04800033569336, 223.66400146484375], [178.63999938964844, 54.320003509521484, 223.66400146484375, 223.66400146484375], [0.1120000034570694, 14.223999977111816, 48.04800033569336, 166.54400634765625], [8.848000526428223, 28.560001373291016, 27.440000534057617, 71.79199981689453], [204.40000915527344, 66.19200134277344, 223.66400146484375, 105.84000396728516], [177.96800231933594, 59.69600296020508, 197.0080108642578, 87.24800109863281]], 'labels': ['woman', 'woman', 'person', 'woman', 'human face', 'human face', 'human face']}}"
0202,"{'<DENSE_REGION_CAPTION>': {'bboxes': [[0.1120000034570694, 14.44800090789795, 67.76000213623047, 223.66400146484375], [0.1120000034570694, 14.44800090789795, 48.04800033569336, 223.66400146484375], [175.50399780273438, 54.992000579833984, 223.66400146484375, 223.66400146484375], [72.68800354003906, 120.6240005493164, 160.49600219726562, 223.66400146484375], [6.160000324249268, 28.336000442504883, 25.648000717163086, 71.34400177001953]], 'labels': ['woman', 'woman', 'woman', 'woman', 'human face']}}"
0203,"{'<DENSE_REGION_CAPTION>': {'bboxes': [[0.1120000034570694, 15.568000793457031, 77.39200592041016, 223.66400146484375], [0.1120000034570694, 15.568000793457031, 64.8479995727539, 187.60000610351562], [74.0320053100586, 119.5040054321289, 160.94400024414062, 223.66400146484375], [175.27999877929688, 54.768001556396484, 223.66400146484375, 223.66400146484375], [16.016000747680664, 29.45600128173828, 34.15999984741211, 71.79199981689453]], 'labels': ['woman', 'woman', 'woman', 'woman', 'human face']}}"
0204,"{'<DENSE_REGION_CAPTION>': {'bboxes': [[0.1120000034570694, 14.672000885009766, 57.68000030517578, 223.66400146484375], [78.51200103759766, 119.5040054321289, 162.5120086669922, 223.66400146484375], [180.4320068359375, 55.88800048828125, 223.66400146484375, 223.66400146484375], [158.03199768066406, 50.064002990722656, 201.04000854492188, 122.19200134277344]], 'labels': ['person', 'person', 'person', 'person']}}"
0205,"{'<DENSE_REGION_CAPTION>': {'bboxes': [[0.1120000034570694, 13.552000045776367, 61.93600082397461, 223.66400146484375], [0.1120000034570694, 13.552000045776367, 61.71200180053711, 162.2880096435547], [177.29600524902344, 58.35200119018555, 223.66400146484375, 223.66400146484375], [111.88800048828125, 123.53600311279297, 165.64801025390625, 223.66400146484375], [157.36000061035156, 49.84000015258789, 199.6959991455078, 122.19200134277344]], 'labels': ['person', 'person', 'person', 'person', 'person']}}"
0206,"{'<DENSE_REGION_CAPTION>': {'bboxes': [[0.1120000034570694, 16.687999725341797, 76.04800415039062, 223.66400146484375], [29.904001235961914, 34.15999984741211, 47.82400131225586, 74.4800033569336]], 'labels': ['woman', 'human face']}}"
0207,"{'<DENSE_REGION_CAPTION>': {'bboxes': [[0.1120000034570694, 21.168001174926758, 76.49600219726562, 223.66400146484375], [0.1120000034570694, 21.168001174926758, 76.72000122070312, 176.40000915527344], [90.38400268554688, 119.9520034790039, 162.2880096435547, 223.66400146484375], [34.608001708984375, 40.432003021240234, 53.87200164794922, 78.06400299072266]], 'labels': ['person', 'woman', 'woman', 'human face']}}"
0208,"{'<DENSE_REGION_CAPTION>': {'bboxes': [[0.1120000034570694, 15.120000839233398, 75.60000610351562, 223.66400146484375], [28.784000396728516, 30.352001190185547, 46.25600051879883, 71.79199981689453]], 'labels': ['woman', 'human face']}}"
0209,"{'<DENSE_REGION_CAPTION>': {'bboxes': [[0.1120000034570694, 13.32800006866455, 73.13600158691406, 223.66400146484375], [0.1120000034570694, 13.32800006866455, 73.36000061035156, 176.84800720214844], [90.60800170898438, 118.38400268554688, 162.0640106201172, 223.66400146484375], [183.79200744628906, 62.832000732421875, 223.66400146484375, 223.66400146484375], [8.848000526428223, 21.392000198364258, 27.216001510620117, 64.8479995727539]], 'labels': ['woman', 'woman', 'woman', 'woman', 'human face']}}"
0210,"{'<DENSE_REGION_CAPTION>': {'bboxes': [[0.1120000034570694, 13.552000045776367, 63.50400161743164, 223.66400146484375], [5.712000370025635, 25.648000717163086, 26.54400062561035, 70.0]], 'labels': ['woman', 'human face']}}"
0211,"{'<DENSE_REGION_CAPTION>': {'bboxes': [[0.1120000034570694, 14.44800090789795, 65.52000427246094, 223.66400146484375], [0.1120000034570694, 14.44800090789795, 62.160003662109375, 156.68800354003906], [172.14401245117188, 60.816001892089844, 223.66400146484375, 223.66400146484375], [76.49600219726562, 119.5040054321289, 159.82400512695312, 223.66400146484375], [158.48001098632812, 51.85600280761719, 203.50401306152344, 142.1280059814453]], 'labels': ['person', 'woman', 'person', 'person', 'person']}}"
0212,"{'<DENSE_REGION_CAPTION>': {'bboxes': [[0.1120000034570694, 13.32800006866455, 62.160003662109375, 223.66400146484375], [0.1120000034570694, 13.32800006866455, 61.71200180053711, 156.68800354003906], [171.0240020751953, 64.6240005493164, 223.66400146484375, 223.66400146484375], [94.41600036621094, 118.16000366210938, 155.79200744628906, 223.66400146484375], [7.28000020980835, 23.18400001525879, 26.54400062561035, 67.76000213623047]], 'labels': ['woman', 'woman', 'person', 'person', 'human face']}}"
0213,"{'<DENSE_REGION_CAPTION>': {'bboxes': [[0.1120000034570694, 13.552000045776367, 61.040000915527344, 223.66400146484375], [7.28000020980835, 21.84000015258789, 26.09600067138672, 66.19200134277344]], 'labels': ['woman', 'human face']}}"
0214,"{'<DENSE_REGION_CAPTION>': {'bboxes': [[0.1120000034570694, 13.552000045776367, 63.50400161743164, 223.66400146484375], [7.728000164031982, 24.527999877929688, 27.216001510620117, 67.53600311279297]], 'labels': ['woman', 'human face']}}"
0215,"{'<DENSE_REGION_CAPTION>': {'bboxes': [[0.1120000034570694, 13.552000045776367, 62.832000732421875, 223.66400146484375], [183.79200744628906, 62.832000732421875, 223.66400146484375, 223.66400146484375], [104.94400024414062, 119.7280044555664, 163.6320037841797, 223.66400146484375], [157.13600158691406, 53.20000076293945, 204.40000915527344, 142.8000030517578]], 'labels': ['person', 'person', 'person', 'person']}}"
0216,"{'<DENSE_REGION_CAPTION>': {'bboxes': [[0.1120000034570694, 14.44800090789795, 66.63999938964844, 223.66400146484375], [0.1120000034570694, 14.44800090789795, 61.040000915527344, 159.82400512695312], [92.8479995727539, 119.2800064086914, 159.60000610351562, 223.66400146484375], [11.984000205993652, 30.128000259399414, 30.128000259399414, 71.12000274658203]], 'labels': ['woman', 'woman', 'woman', 'human face']}}"
0217,"{'<DENSE_REGION_CAPTION>': {'bboxes': [[0.1120000034570694, 14.672000885009766, 63.05600357055664, 223.66400146484375], [176.62400817871094, 64.1760025024414, 223.66400146484375, 223.66400146484375], [102.4800033569336, 119.7280044555664, 162.2880096435547, 223.66400146484375], [157.13600158691406, 53.87200164794922, 204.17601013183594, 143.4720001220703]], 'labels': ['person', 'person', 'person', 'person']}}"
0218,"{'<DENSE_REGION_CAPTION>': {'bboxes': [[0.1120000034570694, 13.552000045776367, 63.50400161743164, 223.66400146484375], [181.7760009765625, 64.6240005493164, 223.66400146484375, 223.66400146484375], [104.72000122070312, 116.14400482177734, 168.11199951171875, 223.66400146484375], [159.15200805664062, 50.064002990722656, 204.40000915527344, 143.9199981689453]], 'labels': ['person', 'person', 'person', 'person']}}"
0219,"{'<DENSE_REGION_CAPTION>': {'bboxes': [[0.1120000034570694, 14.44800090789795, 91.05599975585938, 223.66400146484375], [74.7040023803711, 55.21600341796875, 167.21600341796875, 223.66400146484375], [18.70400047302246, 25.648000717163086, 37.29600143432617, 70.89600372314453]], 'labels': ['woman', 'woman', 'human face']}}"
0220,"{'<DENSE_REGION_CAPTION>': {'bboxes': [[0.1120000034570694, 15.568000793457031, 111.66400146484375, 223.66400146484375], [115.69600677490234, 86.12800598144531, 198.5760040283203, 223.66400146484375], [35.28000259399414, 26.992000579833984, 52.52799987792969, 70.44800567626953]], 'labels': ['woman', 'woman', 'human face']}}"
0221,"{'<DENSE_REGION_CAPTION>': {'bboxes': [[0.1120000034570694, 79.40800476074219, 203.50401306152344, 223.66400146484375], [45.58399963378906, 30.80000114440918, 62.832000732421875, 73.36000061035156]], 'labels': ['desk', 'human face']}}"
0222,"{'<DENSE_REGION_CAPTION>': {'bboxes': [[0.1120000034570694, 91.5040054321289, 203.05599975585938, 223.66400146484375], [49.61600112915039, 31.02400016784668, 67.31200408935547, 76.27200317382812]], 'labels': ['desk', 'human face']}}"
0223,"{'<DENSE_REGION_CAPTION>': {'bboxes': [[115.02400207519531, 115.47200012207031, 203.72801208496094, 223.66400146484375], [69.7760009765625, 64.8479995727539, 87.92000579833984, 107.63200378417969]], 'labels': ['girl', 'human face']}}"
0224,"{'<DENSE_REGION_CAPTION>': {'bboxes': [[0.1120000034570694, 104.72000122070312, 24.75200080871582, 223.66400146484375], [23.631999969482422, 156.91200256347656, 45.13600158691406, 201.04000854492188], [71.12000274658203, 60.36800003051758, 89.48799896240234, 104.04800415039062], [44.0160026550293, 177.52000427246094, 67.31200408935547, 193.64801025390625]], 'labels': ['chair', 'coffee cup', 'human face', 'mobile phone']}}"
0225,"{'<DENSE_REGION_CAPTION>': {'bboxes': [[0.1120000034570694, 38.63999938964844, 117.93600463867188, 223.66400146484375], [70.67200469970703, 56.784000396728516, 89.04000091552734, 99.56800079345703]], 'labels': ['girl', 'human face']}}"
0226,"{'<DENSE_REGION_CAPTION>': {'bboxes': [[0.1120000034570694, 8.848000526428223, 78.51200103759766, 223.66400146484375], [102.9280014038086, 105.39200592041016, 190.9600067138672, 223.66400146484375], [185.36000061035156, 63.50400161743164, 223.66400146484375, 223.66400146484375], [154.67201232910156, 46.03200149536133, 206.41600036621094, 133.8400115966797]], 'labels': ['person', 'person', 'person', 'person']}}"
0227,"{'<DENSE_REGION_CAPTION>': {'bboxes': [[105.84000396728516, 52.08000183105469, 192.3040008544922, 223.66400146484375], [6.160000324249268, 5.712000370025635, 75.1520004272461, 176.84800720214844]], 'labels': ['person', 'woman']}}"
0228,"{'<DENSE_REGION_CAPTION>': {'bboxes': [[0.1120000034570694, 7.504000186920166, 85.23200225830078, 223.66400146484375], [0.1120000034570694, 7.504000186920166, 84.78400421142578, 160.94400024414062], [16.464000701904297, 18.256000518798828, 36.176002502441406, 62.832000732421875]], 'labels': ['woman', 'woman', 'human face']}}"
0229,"{'<DENSE_REGION_CAPTION>': {'bboxes': [[0.1120000034570694, 11.53600025177002, 67.76000213623047, 223.66400146484375], [0.1120000034570694, 11.53600025177002, 56.784000396728516, 223.66400146484375], [120.4000015258789, 104.27200317382812, 190.7360076904297, 223.66400146484375], [174.16000366210938, 55.66400146484375, 223.66400146484375, 223.66400146484375], [162.5120086669922, 49.16800308227539, 205.29600524902344, 123.08800506591797]], 'labels': ['woman', 'woman', 'woman', 'person', 'person']}}"
0230,"{'<DENSE_REGION_CAPTION>': {'bboxes': [[0.1120000034570694, 12.656000137329102, 72.91200256347656, 223.66400146484375], [119.5040054321289, 101.36000061035156, 192.0800018310547, 223.66400146484375], [3.4720001220703125, 24.527999877929688, 22.96000099182129, 67.53600311279297]], 'labels': ['woman', 'woman', 'human face']}}"
0231,"{'<DENSE_REGION_CAPTION>': {'bboxes': [[0.1120000034570694, 13.32800006866455, 76.04800415039062, 223.66400146484375], [0.1120000034570694, 13.552000045776367, 76.04800415039062, 179.760009765625], [124.4320068359375, 101.13600158691406, 193.42401123046875, 223.66400146484375], [6.384000301361084, 23.631999969482422, 25.648000717163086, 67.08800506591797]], 'labels': ['woman', 'woman', 'woman', 'human face']}}"
0232,"{'<DENSE_REGION_CAPTION>': {'bboxes': [[0.1120000034570694, 13.552000045776367, 66.86399841308594, 223.66400146484375], [0.1120000034570694, 13.552000045776367, 45.58399963378906, 223.66400146484375], [117.48800659179688, 114.12800598144531, 186.03201293945312, 223.66400146484375], [8.624000549316406, 23.631999969482422, 27.216001510620117, 68.43199920654297]], 'labels': ['woman', 'woman', 'woman', 'human face']}}"
0233,"{'<DENSE_REGION_CAPTION>': {'bboxes': [[0.1120000034570694, 13.32800006866455, 66.86399841308594, 223.66400146484375], [0.1120000034570694, 13.32800006866455, 38.8640022277832, 223.66400146484375], [6.832000255584717, 24.079999923706055, 26.32000160217285, 68.8800048828125], [174.16000366210938, 47.82400131225586, 191.8560028076172, 74.7040023803711]], 'labels': ['woman', 'woman', 'human face', 'human face']}}"
0234,"{'<DENSE_REGION_CAPTION>': {'bboxes': [[0.1120000034570694, 13.32800006866455, 66.41600036621094, 223.66400146484375], [0.1120000034570694, 13.32800006866455, 47.60000228881836, 223.66400146484375], [7.056000232696533, 24.079999923706055, 26.09600067138672, 70.44800567626953]], 'labels': ['woman', 'woman', 'human face']}}"
0235,"{'<DENSE_REGION_CAPTION>': {'bboxes': [[0.1120000034570694, 12.432000160217285, 66.86399841308594, 223.66400146484375], [0.1120000034570694, 12.432000160217285, 49.84000015258789, 223.66400146484375], [109.20000457763672, 107.40800476074219, 190.7360076904297, 223.66400146484375], [9.072000503540039, 25.200000762939453, 28.112001419067383, 67.98400115966797]], 'labels': ['woman', 'woman', 'woman', 'human face']}}"
0236,"{'<DENSE_REGION_CAPTION>': {'bboxes': [[0.1120000034570694, 12.432000160217285, 66.86399841308594, 223.66400146484375], [0.1120000034570694, 12.432000160217285, 51.85600280761719, 209.3280029296875], [109.42400360107422, 109.20000457763672, 190.5120086669922, 223.66400146484375], [9.296000480651855, 25.648000717163086, 28.112001419067383, 68.43199920654297]], 'labels': ['woman', 'woman', 'woman', 'human face']}}"
0237,"{'<DENSE_REGION_CAPTION>': {'bboxes': [[0.1120000034570694, 12.432000160217285, 66.86399841308594, 223.66400146484375], [0.1120000034570694, 12.432000160217285, 50.512001037597656, 223.66400146484375], [0.1120000034570694, 12.656000137329102, 50.064002990722656, 167.66400146484375], [135.8560028076172, 111.21600341796875, 189.16799926757812, 223.66400146484375], [9.296000480651855, 26.992000579833984, 28.560001373291016, 69.3280029296875]], 'labels': ['woman', 'woman', 'woman', 'woman', 'human face']}}"
0238,"{'<DENSE_REGION_CAPTION>': {'bboxes': [[0.1120000034570694, 12.432000160217285, 68.43199920654297, 223.66400146484375], [0.1120000034570694, 12.432000160217285, 67.98400115966797, 174.83200073242188], [164.0800018310547, 67.08800506591797, 223.66400146484375, 223.66400146484375], [102.4800033569336, 109.87200164794922, 185.58399963378906, 223.66400146484375]], 'labels': ['woman', 'woman', 'person', 'woman']}}"
0239,"{'<DENSE_REGION_CAPTION>': {'bboxes': [[0.1120000034570694, 11.984000205993652, 41.7760009765625, 223.66400146484375], [127.79200744628906, 110.31999969482422, 181.7760009765625, 223.66400146484375], [188.49600219726562, 65.0719985961914, 223.66400146484375, 223.66400146484375], [0.1120000034570694, 11.984000205993652, 26.768001556396484, 128.91200256347656], [170.5760040283203, 48.496002197265625, 199.6959991455078, 121.74400329589844]], 'labels': ['person', 'person', 'person', 'person', 'person']}}"
0240,"{'<DENSE_REGION_CAPTION>': {'bboxes': [[0.1120000034570694, 14.44800090789795, 61.48800277709961, 223.66400146484375], [0.1120000034570694, 14.44800090789795, 42.672000885009766, 223.66400146484375], [128.24000549316406, 111.21600341796875, 190.0640106201172, 223.66400146484375], [188.72000122070312, 58.80000305175781, 223.66400146484375, 223.66400146484375], [2.8000001907348633, 22.736000061035156, 21.61600112915039, 67.08800506591797]], 'labels': ['person', 'person', 'person', 'person', 'human face']}}"
0241,"{'<DENSE_REGION_CAPTION>': {'bboxes': [[0.1120000034570694, 16.687999725341797, 61.93600082397461, 223.66400146484375], [88.81600189208984, 104.72000122070312, 178.41600036621094, 223.66400146484375], [0.1120000034570694, 16.687999725341797, 51.85600280761719, 167.21600341796875], [185.58399963378906, 60.36800003051758, 223.66400146484375, 223.66400146484375], [3.4720001220703125, 30.80000114440918, 24.527999877929688, 74.7040023803711], [204.17601013183594, 72.01599884033203, 223.66400146484375, 112.78400421142578]], 'labels': ['woman', 'woman', 'woman', 'woman', 'human face', 'human face']}}"
0242,"{'<DENSE_REGION_CAPTION>': {'bboxes': [[0.1120000034570694, 23.631999969482422, 61.040000915527344, 223.66400146484375], [0.1120000034570694, 23.631999969482422, 42.224002838134766, 223.66400146484375], [117.71200561523438, 107.40800476074219, 176.84800720214844, 223.66400146484375], [189.8400115966797, 59.47200012207031, 223.66400146484375, 223.66400146484375], [161.39199829101562, 47.82400131225586, 200.36801147460938, 138.54400634765625]], 'labels': ['person', 'person', 'person', 'person', 'person']}}"
0243,"{'<DENSE_REGION_CAPTION>': {'bboxes': [[0.1120000034570694, 20.496000289916992, 61.26400375366211, 223.66400146484375], [0.1120000034570694, 20.496000289916992, 42.224002838134766, 223.66400146484375], [116.59200286865234, 106.28800201416016, 176.84800720214844, 223.66400146484375], [186.70401000976562, 58.80000305175781, 223.66400146484375, 223.66400146484375], [9.520000457763672, 32.816001892089844, 30.128000259399414, 74.7040023803711], [201.48800659179688, 69.3280029296875, 218.5120086669922, 110.31999969482422]], 'labels': ['woman', 'woman', 'woman', 'woman', 'human face', 'human face']}}"
0244,"{'<DENSE_REGION_CAPTION>': {'bboxes': [[0.1120000034570694, 17.360000610351562, 61.040000915527344, 223.66400146484375], [0.1120000034570694, 17.360000610351562, 40.880001068115234, 223.66400146484375], [114.12800598144531, 103.60000610351562, 176.84800720214844, 223.66400146484375], [183.79200744628906, 55.44000244140625, 223.66400146484375, 223.66400146484375], [0.1120000034570694, 17.13599967956543, 41.552001953125, 167.66400146484375], [171.0240020751953, 47.60000228881836, 200.81600952148438, 129.13600158691406], [7.056000232696533, 31.248001098632812, 27.216001510620117, 73.36000061035156], [202.38400268554688, 69.3280029296875, 223.66400146484375, 110.54400634765625]], 'labels': ['woman', 'woman', 'woman', 'woman', 'woman', 'woman', 'human face', 'human face']}}"
0245,"{'<DENSE_REGION_CAPTION>': {'bboxes': [[0.1120000034570694, 17.360000610351562, 61.26400375366211, 223.66400146484375], [96.43199920654297, 105.39200592041016, 176.84800720214844, 223.66400146484375], [0.1120000034570694, 17.360000610351562, 43.79199981689453, 223.66400146484375], [0.1120000034570694, 17.583999633789062, 43.56800079345703, 167.66400146484375], [7.056000232696533, 34.384002685546875, 26.992000579833984, 75.82400512695312]], 'labels': ['woman', 'woman', 'woman', 'woman', 'human face']}}"
0246,"{'<DENSE_REGION_CAPTION>': {'bboxes': [[0.1120000034570694, 17.583999633789062, 61.040000915527344, 223.66400146484375], [0.1120000034570694, 17.583999633789062, 46.704002380371094, 223.66400146484375], [160.27200317382812, 54.544002532958984, 223.66400146484375, 223.66400146484375], [92.1760025024414, 109.87200164794922, 175.27999877929688, 223.66400146484375], [0.1120000034570694, 17.808000564575195, 45.58399963378906, 167.21600341796875]], 'labels': ['woman', 'woman', 'person', 'person', 'person']}}"
0247,"{'<DENSE_REGION_CAPTION>': {'bboxes': [[0.1120000034570694, 13.552000045776367, 61.26400375366211, 223.66400146484375], [0.1120000034570694, 13.552000045776367, 61.040000915527344, 176.84800720214844], [5.936000347137451, 26.768001556396484, 24.304000854492188, 67.53600311279297]], 'labels': ['woman', 'woman', 'human face']}}"
0248,"{'<DENSE_REGION_CAPTION>': {'bboxes': [[0.1120000034570694, 14.672000885009766, 61.040000915527344, 223.66400146484375], [7.504000186920166, 26.992000579833984, 24.97599983215332, 70.44800567626953]], 'labels': ['girl', 'human face']}}"
0249,"{'<DENSE_REGION_CAPTION>': {'bboxes': [[0.1120000034570694, 14.672000885009766, 61.26400375366211, 223.66400146484375], [85.68000030517578, 90.83200073242188, 172.14401245117188, 223.66400146484375], [6.832000255584717, 30.352001190185547, 24.97599983215332, 72.91200256347656]], 'labels': ['woman', 'woman', 'human face']}}"
0250,"{'<DENSE_REGION_CAPTION>': {'bboxes': [[0.1120000034570694, 14.672000885009766, 61.26400375366211, 223.66400146484375], [112.33600616455078, 87.47200012207031, 180.2080078125, 223.66400146484375], [171.2480010986328, 56.336002349853516, 223.66400146484375, 223.66400146484375], [0.1120000034570694, 14.672000885009766, 45.58399963378906, 168.7840118408203], [169.9040069580078, 47.60000228881836, 196.11199951171875, 104.04800415039062]], 'labels': ['person', 'person', 'person', 'person', 'person']}}"
0251,"{'<DENSE_REGION_CAPTION>': {'bboxes': [[46.03200149536133, 78.06400299072266, 141.6800079345703, 223.66400146484375], [0.1120000034570694, 14.896000862121582, 61.040000915527344, 223.66400146484375], [171.6959991455078, 56.112003326416016, 223.66400146484375, 223.66400146484375], [0.1120000034570694, 14.672000885009766, 44.4640007019043, 223.66400146484375], [158.03199768066406, 48.496002197265625, 194.99200439453125, 129.58399963378906], [61.040000915527344, 0.1120000034570694, 95.76000213623047, 37.29600143432617]], 'labels': ['person', 'person', 'person', 'person', 'person', 'poster']}}"
0252,"{'<DENSE_REGION_CAPTION>': {'bboxes': [[0.1120000034570694, 14.44800090789795, 61.48800277709961, 223.66400146484375], [0.1120000034570694, 14.44800090789795, 45.13600158691406, 223.66400146484375], [171.2480010986328, 58.35200119018555, 223.66400146484375, 223.66400146484375], [110.76800537109375, 104.49600219726562, 176.17601013183594, 223.66400146484375]], 'labels': ['person', 'woman', 'person', 'person']}}"
0253,"{'<DENSE_REGION_CAPTION>': {'bboxes': [[0.1120000034570694, 13.552000045776367, 61.26400375366211, 223.66400146484375], [0.1120000034570694, 13.552000045776367, 60.592002868652344, 162.2880096435547], [120.4000015258789, 102.2560043334961, 185.80799865722656, 223.66400146484375], [176.40000915527344, 56.560001373291016, 223.66400146484375, 223.66400146484375], [168.11199951171875, 47.60000228881836, 196.7840118408203, 118.16000366210938]], 'labels': ['person', 'person', 'person', 'person', 'person']}}"
0254,"{'<DENSE_REGION_CAPTION>': {'bboxes': [[0.1120000034570694, 12.432000160217285, 59.69600296020508, 223.66400146484375], [0.1120000034570694, 12.432000160217285, 59.24800109863281, 166.76800537109375], [1.4560000896453857, 20.720001220703125, 20.04800033569336, 64.1760025024414]], 'labels': ['person', 'woman', 'human face']}}"
0255,"{'<DENSE_REGION_CAPTION>': {'bboxes': [[0.1120000034570694, 12.432000160217285, 55.66400146484375, 223.66400146484375], [0.1120000034570694, 12.432000160217285, 54.992000579833984, 167.88800048828125], [156.24000549316406, 118.38400268554688, 218.0640106201172, 223.66400146484375], [0.1120000034570694, 21.84000015258789, 19.152000427246094, 65.52000427246094]], 'labels': ['person', 'person', 'person', 'human face']}}"
0256,"{'<DENSE_REGION_CAPTION>': {'bboxes': [[0.1120000034570694, 14.672000885009766, 68.8800048828125, 223.66400146484375], [112.78400421142578, 108.08000183105469, 195.66400146484375, 223.66400146484375], [5.936000347137451, 25.648000717163086, 24.97599983215332, 71.12000274658203]], 'labels': ['person', 'person', 'human face']}}"
0257,"{'<DENSE_REGION_CAPTION>': {'bboxes': [[0.1120000034570694, 13.552000045776367, 61.26400375366211, 223.66400146484375], [0.1120000034570694, 13.552000045776367, 54.768001556396484, 163.8560028076172], [138.76800537109375, 110.54400634765625, 192.3040008544922, 223.66400146484375], [0.1120000034570694, 25.648000717163086, 20.944000244140625, 69.3280029296875]], 'labels': ['person', 'person', 'person', 'human face']}}"
0258,"{'<DENSE_REGION_CAPTION>': {'bboxes': [[0.1120000034570694, 14.44800090789795, 52.75200271606445, 223.66400146484375], [111.66400146484375, 110.54400634765625, 186.70401000976562, 223.66400146484375], [0.1120000034570694, 23.631999969482422, 18.928001403808594, 67.31200408935547]], 'labels': ['person', 'person', 'human face']}}"
0259,"{'<DENSE_REGION_CAPTION>': {'bboxes': [[0.1120000034570694, 12.880000114440918, 52.52799987792969, 223.66400146484375], [111.66400146484375, 108.52799987792969, 186.03201293945312, 223.66400146484375], [0.1120000034570694, 12.880000114440918, 52.08000183105469, 162.2880096435547], [178.41600036621094, 64.4000015258789, 223.66400146484375, 223.66400146484375], [171.2480010986328, 47.82400131225586, 198.5760040283203, 112.33600616455078]], 'labels': ['person', 'person', 'person', 'person', 'person']}}"
0260,"{'<DENSE_REGION_CAPTION>': {'bboxes': [[0.1120000034570694, 14.44800090789795, 61.26400375366211, 223.66400146484375], [111.88800048828125, 107.63200378417969, 187.15200805664062, 223.66400146484375], [179.760009765625, 56.112003326416016, 223.66400146484375, 223.66400146484375], [162.5120086669922, 40.20800018310547, 192.3040008544922, 100.91200256347656]], 'labels': ['person', 'person', 'person', 'person']}}"
0261,"{'<DENSE_REGION_CAPTION>': {'bboxes': [[0.1120000034570694, 14.896000862121582, 71.56800079345703, 223.66400146484375], [112.78400421142578, 109.20000457763672, 188.49600219726562, 223.66400146484375], [178.86399841308594, 55.66400146484375, 223.66400146484375, 223.66400146484375], [162.0640106201172, 40.20800018310547, 193.20001220703125, 120.1760025024414]], 'labels': ['person', 'person', 'person', 'person']}}"
0262,"{'<DENSE_REGION_CAPTION>': {'bboxes': [[0.1120000034570694, 14.44800090789795, 72.68800354003906, 223.66400146484375], [115.24800109863281, 107.63200378417969, 189.6160125732422, 223.66400146484375], [181.10400390625, 56.560001373291016, 223.66400146484375, 223.66400146484375], [9.520000457763672, 27.88800048828125, 27.216001510620117, 71.79199981689453]], 'labels': ['person', 'person', 'person', 'human face']}}"
0263,"{'<DENSE_REGION_CAPTION>': {'bboxes': [[0.1120000034570694, 14.44800090789795, 71.56800079345703, 223.66400146484375], [0.1120000034570694, 14.44800090789795, 71.12000274658203, 158.25601196289062], [132.04800415039062, 108.08000183105469, 189.6160125732422, 223.66400146484375], [189.8400115966797, 55.44000244140625, 223.66400146484375, 223.66400146484375], [164.3040008544922, 38.41600036621094, 198.1280059814453, 121.74400329589844]], 'labels': ['person', 'person', 'person', 'person', 'person']}}"
0264,"{'<DENSE_REGION_CAPTION>': {'bboxes': [[0.1120000034570694, 14.44800090789795, 72.24000549316406, 223.66400146484375], [0.1120000034570694, 14.44800090789795, 72.01599884033203, 158.25601196289062], [110.76800537109375, 110.31999969482422, 190.5120086669922, 223.66400146484375], [180.8800048828125, 53.42399978637695, 223.66400146484375, 223.66400146484375], [159.15200805664062, 36.176002502441406, 197.0080108642578, 132.04800415039062], [197.6800079345703, 74.7040023803711, 219.6320037841797, 115.69600677490234], [10.86400032043457, 28.112001419067383, 28.560001373291016, 70.44800567626953]], 'labels': ['person', 'person', 'person', 'person', 'person', 'human face', 'human face']}}"
0265,"{'<DENSE_REGION_CAPTION>': {'bboxes': [[0.1120000034570694, 15.120000839233398, 72.46400451660156, 223.66400146484375], [0.1120000034570694, 15.120000839233398, 72.24000549316406, 158.70401000976562], [113.23200225830078, 110.76800537109375, 189.39199829101562, 223.66400146484375], [178.86399841308594, 57.90400314331055, 223.66400146484375, 223.66400146484375], [158.48001098632812, 37.74399948120117, 197.9040069580078, 133.8400115966797], [11.312000274658203, 29.00800132751465, 29.00800132751465, 70.44800567626953]], 'labels': ['person', 'person', 'person', 'person', 'person', 'human face']}}"
0266,"{'<DENSE_REGION_CAPTION>': {'bboxes': [[0.1120000034570694, 15.344000816345215, 71.56800079345703, 223.66400146484375], [0.1120000034570694, 15.344000816345215, 71.79199981689453, 158.25601196289062], [115.24800109863281, 110.76800537109375, 188.94400024414062, 223.66400146484375], [176.40000915527344, 59.24800109863281, 223.66400146484375, 223.66400146484375], [153.3280029296875, 36.847999572753906, 194.76800537109375, 130.70401000976562]], 'labels': ['person', 'person', 'person', 'person', 'person']}}"
0267,"{'<DENSE_REGION_CAPTION>': {'bboxes': [[0.1120000034570694, 15.344000816345215, 71.56800079345703, 223.66400146484375], [114.80000305175781, 110.76800537109375, 188.72000122070312, 223.66400146484375], [180.4320068359375, 63.05600357055664, 223.66400146484375, 223.66400146484375], [154.447998046875, 38.63999938964844, 195.21600341796875, 135.4080047607422]], 'labels': ['person', 'person', 'person', 'person']}}"
0268,"{'<DENSE_REGION_CAPTION>': {'bboxes': [[0.1120000034570694, 14.672000885009766, 71.56800079345703, 223.66400146484375], [0.1120000034570694, 14.672000885009766, 71.34400177001953, 158.25601196289062], [115.47200012207031, 110.76800537109375, 189.8400115966797, 223.66400146484375], [181.10400390625, 64.6240005493164, 223.66400146484375, 223.66400146484375], [11.312000274658203, 27.88800048828125, 28.784000396728516, 70.0]], 'labels': ['person', 'person', 'person', 'person', 'human face']}}"
0269,"{'<DENSE_REGION_CAPTION>': {'bboxes': [[0.1120000034570694, 14.44800090789795, 71.79199981689453, 223.66400146484375], [0.1120000034570694, 14.44800090789795, 71.56800079345703, 158.25601196289062], [117.48800659179688, 110.31999969482422, 188.94400024414062, 223.66400146484375], [179.0880126953125, 65.74400329589844, 223.66400146484375, 223.66400146484375], [153.3280029296875, 37.96800231933594, 196.33599853515625, 136.9759979248047], [10.192000389099121, 26.54400062561035, 27.66400146484375, 68.8800048828125]], 'labels': ['person', 'person', 'person', 'person', 'person', 'human face']}}"
0270,"{'<DENSE_REGION_CAPTION>': {'bboxes': [[0.1120000034570694, 14.44800090789795, 72.24000549316406, 223.66400146484375], [0.1120000034570694, 14.44800090789795, 72.01599884033203, 158.25601196289062], [120.4000015258789, 109.87200164794922, 188.94400024414062, 223.66400146484375], [179.760009765625, 75.1520004272461, 223.66400146484375, 223.66400146484375], [152.4320068359375, 38.8640022277832, 194.09600830078125, 134.2880096435547]], 'labels': ['person', 'person', 'person', 'person', 'person']}}"
0271,"{'<DENSE_REGION_CAPTION>': {'bboxes': [[0.1120000034570694, 13.552000045776367, 73.36000061035156, 223.66400146484375], [0.1120000034570694, 13.552000045776367, 73.13600158691406, 158.70401000976562], [0.1120000034570694, 13.552000045776367, 58.57600021362305, 223.66400146484375], [8.624000549316406, 25.648000717163086, 26.32000160217285, 68.656005859375]], 'labels': ['person', 'person', 'woman', 'human face']}}"
0272,"{'<DENSE_REGION_CAPTION>': {'bboxes': [[0.1120000034570694, 14.0, 67.76000213623047, 223.66400146484375], [0.1120000034570694, 14.0, 67.53600311279297, 176.84800720214844], [105.84000396728516, 111.88800048828125, 186.92800903320312, 223.66400146484375], [181.3280029296875, 76.94400024414062, 223.66400146484375, 223.66400146484375], [149.52000427246094, 37.52000045776367, 191.6320037841797, 133.8400115966797]], 'labels': ['person', 'woman', 'person', 'person', 'person']}}"
0273,"{'<DENSE_REGION_CAPTION>': {'bboxes': [[0.1120000034570694, 13.32800006866455, 56.560001373291016, 223.66400146484375], [0.1120000034570694, 13.32800006866455, 56.784000396728516, 166.76800537109375], [105.84000396728516, 110.76800537109375, 186.25601196289062, 223.66400146484375], [178.19200134277344, 78.73600006103516, 223.66400146484375, 223.66400146484375]], 'labels': ['person', 'woman', 'person', 'person']}}"
0274,"{'<DENSE_REGION_CAPTION>': {'bboxes': [[0.1120000034570694, 13.552000045776367, 67.08800506591797, 223.66400146484375], [0.1120000034570694, 13.552000045776367, 54.09600067138672, 166.54400634765625], [131.60000610351562, 110.99200439453125, 186.48001098632812, 223.66400146484375], [177.52000427246094, 89.04000091552734, 223.66400146484375, 223.66400146484375], [149.96800231933594, 37.74399948120117, 192.3040008544922, 128.01600646972656]], 'labels': ['person', 'person', 'person', 'person', 'person']}}"
0275,"{'<DENSE_REGION_CAPTION>': {'bboxes': [[0.1120000034570694, 13.552000045776367, 61.93600082397461, 223.66400146484375], [174.16000366210938, 74.9280014038086, 223.66400146484375, 223.66400146484375], [134.2880096435547, 110.54400634765625, 186.70401000976562, 223.66400146484375], [151.08799743652344, 41.7760009765625, 195.44000244140625, 150.63999938964844]], 'labels': ['person', 'person', 'person', 'person']}}"
0276,"{'<DENSE_REGION_CAPTION>': {'bboxes': [[0.1120000034570694, 15.792000770568848, 97.7760009765625, 223.66400146484375], [0.1120000034570694, 15.792000770568848, 61.93600082397461, 223.66400146484375], [130.48001098632812, 112.33600616455078, 189.39199829101562, 223.66400146484375], [187.15200805664062, 59.47200012207031, 223.66400146484375, 223.66400146484375], [148.84800720214844, 38.63999938964844, 191.4080047607422, 134.5120086669922]], 'labels': ['person', 'person', 'person', 'person', 'person']}}"
0277,"{'<DENSE_REGION_CAPTION>': {'bboxes': [[0.1120000034570694, 14.0, 105.39200592041016, 223.66400146484375], [0.1120000034570694, 14.0, 73.13600158691406, 223.66400146484375], [4.5920000076293945, 14.0, 105.84000396728516, 142.5760040283203], [179.31201171875, 54.992000579833984, 223.66400146484375, 223.66400146484375], [132.49600219726562, 110.76800537109375, 191.6320037841797, 223.66400146484375], [32.816001892089844, 27.216001510620117, 49.84000015258789, 70.0], [194.09600830078125, 67.98400115966797, 211.34400939941406, 107.18400573730469]], 'labels': ['woman', 'woman', 'woman', 'woman', 'woman', 'human face', 'human face']}}"
0278,"{'<DENSE_REGION_CAPTION>': {'bboxes': [[0.1120000034570694, 17.583999633789062, 116.59200286865234, 223.66400146484375], [42.895999908447266, 33.71200180053711, 61.26400375366211, 78.28800201416016], [192.0800018310547, 76.72000122070312, 210.44801330566406, 119.2800064086914], [166.32000732421875, 50.288002014160156, 183.34400939941406, 76.94400024414062]], 'labels': ['woman', 'human face', 'human face', 'human face']}}"
0279,"{'<DENSE_REGION_CAPTION>': {'bboxes': [[136.5279998779297, 113.23200225830078, 192.97601318359375, 223.66400146484375], [75.1520004272461, 68.43199920654297, 93.29600524902344, 110.09600067138672]], 'labels': ['girl', 'human face']}}"
0280,"{'<DENSE_REGION_CAPTION>': {'bboxes': [[9.968000411987305, 46.25600051879883, 153.10400390625, 192.3040008544922], [175.95201110839844, 52.97600173950195, 223.66400146484375, 223.66400146484375], [136.9759979248047, 39.0880012512207, 193.87200927734375, 123.98400115966797]], 'labels': ['person', 'woman', 'person']}}"
0281,"{'<DENSE_REGION_CAPTION>': {'bboxes': [[9.520000457763672, 50.064002990722656, 138.76800537109375, 218.5120086669922], [171.6959991455078, 59.47200012207031, 223.66400146484375, 223.66400146484375], [131.60000610351562, 116.81600189208984, 193.42401123046875, 223.66400146484375], [136.3040008544922, 38.63999938964844, 192.3040008544922, 131.60000610351562]], 'labels': ['person', 'person', 'person', 'person']}}"
0282,"{'<DENSE_REGION_CAPTION>': {'bboxes': [[0.1120000034570694, 91.5040054321289, 197.6800079345703, 223.66400146484375], [75.82400512695312, 70.44800567626953, 93.52000427246094, 113.00800323486328], [197.9040069580078, 77.39200592041016, 216.94400024414062, 113.45600128173828], [165.87200927734375, 56.560001373291016, 184.24000549316406, 79.18400573730469]], 'labels': ['desk', 'human face', 'human face', 'human face']}}"
0283,"{'<DENSE_REGION_CAPTION>': {'bboxes': [[3.248000144958496, 25.87200164794922, 133.61599731445312, 218.5120086669922], [173.04000854492188, 59.69600296020508, 223.66400146484375, 223.66400146484375], [133.61599731445312, 110.09600067138672, 184.01600646972656, 223.66400146484375], [135.8560028076172, 38.19200134277344, 192.7519989013672, 127.34400177001953]], 'labels': ['person', 'woman', 'woman', 'woman']}}"
0284,"{'<DENSE_REGION_CAPTION>': {'bboxes': [[4.815999984741211, 29.45600128173828, 130.70401000976562, 188.04800415039062], [89.93600463867188, 109.64800262451172, 179.31201171875, 223.66400146484375], [174.83200073242188, 58.12800216674805, 223.66400146484375, 223.66400146484375], [135.6320037841797, 38.19200134277344, 188.04800415039062, 134.5120086669922], [18.48000144958496, 157.13600158691406, 39.76000213623047, 201.48800659179688], [21.61600112915039, 194.09600830078125, 42.224002838134766, 223.66400146484375], [38.8640022277832, 177.29600524902344, 62.384002685546875, 193.64801025390625]], 'labels': ['person', 'person', 'person', 'person', 'coffee cup', 'coffee cup', 'mobile phone']}}"
0285,"{'<DENSE_REGION_CAPTION>': {'bboxes': [[4.5920000076293945, 33.263999938964844, 105.16800689697266, 218.5120086669922], [196.33599853515625, 74.7040023803711, 216.27200317382812, 113.90400695800781], [58.57600021362305, 48.720001220703125, 76.04800415039062, 90.60800170898438]], 'labels': ['girl', 'human face', 'human face']}}"
0286,"{'<DENSE_REGION_CAPTION>': {'bboxes': [[5.488000392913818, 35.28000259399414, 125.7760009765625, 218.9600067138672], [60.816001892089844, 51.18400192260742, 78.06400299072266, 93.96800231933594]], 'labels': ['girl', 'human face']}}"
0287,"{'<DENSE_REGION_CAPTION>': {'bboxes': [[6.160000324249268, 41.3280029296875, 111.66400146484375, 218.5120086669922], [197.6800079345703, 76.27200317382812, 218.7360076904297, 114.80000305175781], [65.52000427246094, 58.12800216674805, 82.76800537109375, 102.2560043334961]], 'labels': ['girl', 'human face', 'human face']}}"
0288,"{'<DENSE_REGION_CAPTION>': {'bboxes': [[6.832000255584717, 33.263999938964844, 130.48001098632812, 223.66400146484375], [89.93600463867188, 110.09600067138672, 175.50399780273438, 223.66400146484375], [173.93600463867188, 59.47200012207031, 223.66400146484375, 223.66400146484375], [159.60000610351562, 39.98400115966797, 202.83200073242188, 132.94400024414062], [18.48000144958496, 157.13600158691406, 39.53600311279297, 201.71200561523438], [28.112001419067383, 154.0, 31.920000076293945, 168.5600128173828]], 'labels': ['person', 'person', 'person', 'person', 'coffee cup', 'drinking straw']}}"
0289,"{'<DENSE_REGION_CAPTION>': {'bboxes': [[0.1120000034570694, 7.728000164031982, 89.48799896240234, 223.66400146484375], [88.14400482177734, 109.87200164794922, 177.52000427246094, 223.66400146484375], [177.29600524902344, 61.26400375366211, 223.66400146484375, 223.66400146484375], [130.25599670410156, 43.56800079345703, 188.49600219726562, 135.8560028076172]], 'labels': ['person', 'person', 'person', 'person']}}"
0290,"{'<DENSE_REGION_CAPTION>': {'bboxes': [[0.1120000034570694, 7.504000186920166, 67.76000213623047, 223.66400146484375], [0.1120000034570694, 7.504000186920166, 67.53600311279297, 176.40000915527344], [180.656005859375, 62.832000732421875, 223.66400146484375, 223.66400146484375], [114.12800598144531, 112.78400421142578, 174.38400268554688, 223.66400146484375], [136.3040008544922, 44.91200256347656, 182.0, 136.0800018310547]], 'labels': ['person', 'person', 'person', 'person', 'person']}}"
0291,"{'<DENSE_REGION_CAPTION>': {'bboxes': [[0.1120000034570694, 11.53600025177002, 59.69600296020508, 223.66400146484375], [0.1120000034570694, 11.53600025177002, 59.24800109863281, 162.7360076904297], [107.85600280761719, 116.36800384521484, 174.16000366210938, 223.66400146484375], [0.1120000034570694, 22.96000099182129, 19.152000427246094, 67.76000213623047]], 'labels': ['person', 'person', 'woman', 'human face']}}"
0292,"{'<DENSE_REGION_CAPTION>': {'bboxes': [[0.1120000034570694, 11.984000205993652, 63.952003479003906, 223.66400146484375], [0.1120000034570694, 11.984000205993652, 54.768001556396484, 165.64801025390625], [3.0240001678466797, 21.84000015258789, 21.392000198364258, 65.96800231933594]], 'labels': ['person', 'woman', 'human face']}}"
0293,"{'<DENSE_REGION_CAPTION>': {'bboxes': [[0.1120000034570694, 14.223999977111816, 86.12800598144531, 223.66400146484375], [136.9759979248047, 60.816001892089844, 223.66400146484375, 223.66400146484375], [99.56800079345703, 112.56000518798828, 179.5360107421875, 223.66400146484375]], 'labels': ['person', 'person', 'person']}}"
0294,"{'<DENSE_REGION_CAPTION>': {'bboxes': [[0.1120000034570694, 15.568000793457031, 59.24800109863281, 223.66400146484375], [0.1120000034570694, 15.568000793457031, 59.02400207519531, 168.7840118408203], [170.1280059814453, 52.97600173950195, 223.66400146484375, 223.66400146484375], [122.64000701904297, 113.68000030517578, 186.48001098632812, 223.66400146484375], [11.312000274658203, 31.472000122070312, 29.45600128173828, 74.9280014038086], [201.48800659179688, 70.0, 222.09600830078125, 106.73600006103516]], 'labels': ['person', 'person', 'woman', 'person', 'human face', 'human face']}}"
0295,"{'<DENSE_REGION_CAPTION>': {'bboxes': [[0.1120000034570694, 13.552000045776367, 62.160003662109375, 223.66400146484375], [0.1120000034570694, 13.552000045776367, 39.3120002746582, 223.66400146484375], [112.11200714111328, 114.57600402832031, 185.58399963378906, 223.66400146484375], [199.4720001220703, 72.01599884033203, 222.09600830078125, 109.87200164794922], [4.144000053405762, 25.200000762939453, 22.288000106811523, 68.8800048828125]], 'labels': ['person', 'person', 'woman', 'human face', 'human face']}}"
0296,"{'<DENSE_REGION_CAPTION>': {'bboxes': [[0.1120000034570694, 12.432000160217285, 44.4640007019043, 223.66400146484375], [0.1120000034570694, 23.631999969482422, 19.376001358032227, 68.656005859375]], 'labels': ['woman', 'human face']}}"
0297,"{'<DENSE_REGION_CAPTION>': {'bboxes': [[0.1120000034570694, 12.432000160217285, 52.52799987792969, 223.66400146484375], [156.46400451660156, 55.66400146484375, 223.66400146484375, 223.66400146484375], [99.12000274658203, 129.80799865722656, 173.04000854492188, 223.66400146484375], [0.1120000034570694, 23.18400001525879, 17.583999633789062, 67.76000213623047], [195.66400146484375, 71.79199981689453, 215.15200805664062, 108.08000183105469]], 'labels': ['person', 'person', 'person', 'human face', 'human face']}}"
0298,"{'<DENSE_REGION_CAPTION>': {'bboxes': [[0.1120000034570694, 12.432000160217285, 66.86399841308594, 223.66400146484375], [0.1120000034570694, 12.432000160217285, 48.944000244140625, 223.66400146484375], [173.48800659179688, 55.44000244140625, 223.66400146484375, 223.66400146484375], [99.12000274658203, 131.37600708007812, 173.04000854492188, 223.66400146484375], [0.1120000034570694, 23.18400001525879, 19.152000427246094, 68.43199920654297], [195.66400146484375, 66.41600036621094, 215.82400512695312, 106.06400299072266]], 'labels': ['person', 'person', 'person', 'person', 'human face', 'human face']}}"
0299,"{'<DENSE_REGION_CAPTION>': {'bboxes': [[0.1120000034570694, 11.088000297546387, 77.61600494384766, 223.66400146484375], [0.1120000034570694, 11.088000297546387, 77.39200592041016, 158.25601196289062], [163.6320037841797, 55.44000244140625, 223.66400146484375, 223.66400146484375], [105.39200592041016, 124.4320068359375, 176.40000915527344, 223.66400146484375], [138.76800537109375, 59.24800109863281, 194.09600830078125, 144.1439971923828], [61.040000915527344, 0.1120000034570694, 95.53600311279297, 37.29600143432617]], 'labels': ['person', 'person', 'person', 'person', 'person', 'poster']}}"
0300,"{'<DENSE_REGION_CAPTION>': {'bboxes': [[0.1120000034570694, 79.85600280761719, 197.6800079345703, 223.66400146484375], [47.152000427246094, 34.15999984741211, 64.1760025024414, 78.51200103759766]], 'labels': ['desk', 'human face']}}"
0301,"{'<DENSE_REGION_CAPTION>': {'bboxes': [[0.1120000034570694, 35.28000259399414, 123.31200408935547, 223.66400146484375], [89.93600463867188, 101.13600158691406, 172.59201049804688, 223.66400146484375], [171.2480010986328, 57.00800323486328, 223.66400146484375, 223.66400146484375], [168.5600128173828, 49.84000015258789, 199.4720001220703, 130.25599670410156], [61.26400375366211, 0.1120000034570694, 95.53600311279297, 37.29600143432617]], 'labels': ['person', 'person', 'person', 'person', 'poster']}}"
0302,"{'<DENSE_REGION_CAPTION>': {'bboxes': [[0.1120000034570694, 36.847999572753906, 124.8800048828125, 223.66400146484375], [7.728000164031982, 36.624000549316406, 100.24000549316406, 185.13600158691406], [109.20000457763672, 100.01600646972656, 180.2080078125, 223.66400146484375]], 'labels': ['person', 'woman', 'woman']}}"
0303,"{'<DENSE_REGION_CAPTION>': {'bboxes': [[0.1120000034570694, 42.448001861572266, 144.1439971923828, 223.66400146484375], [131.82400512695312, 106.73600006103516, 203.05599975585938, 223.66400146484375], [185.58399963378906, 55.21600341796875, 223.66400146484375, 223.66400146484375], [165.20001220703125, 49.61600112915039, 198.5760040283203, 123.08800506591797]], 'labels': ['person', 'person', 'person', 'person']}}"
0304,"{'<DENSE_REGION_CAPTION>': {'bboxes': [[3.0240001678466797, 35.95199966430664, 144.1439971923828, 223.66400146484375], [130.25599670410156, 107.63200378417969, 201.71200561523438, 223.66400146484375], [188.72000122070312, 53.87200164794922, 223.66400146484375, 223.66400146484375], [165.20001220703125, 50.512001037597656, 197.6800079345703, 126.44800567626953]], 'labels': ['person', 'person', 'person', 'person']}}"
0305,"{'<DENSE_REGION_CAPTION>': {'bboxes': [[0.1120000034570694, 12.432000160217285, 107.40800476074219, 223.66400146484375], [138.09600830078125, 112.11200714111328, 208.8800048828125, 223.66400146484375], [23.631999969482422, 23.631999969482422, 41.7760009765625, 72.46400451660156], [194.76800537109375, 65.74400329589844, 212.24000549316406, 105.61600494384766]], 'labels': ['girl', 'girl', 'human face', 'human face']}}"
0306,"{'<DENSE_REGION_CAPTION>': {'bboxes': [[0.1120000034570694, 12.432000160217285, 106.06400299072266, 223.66400146484375], [22.96000099182129, 23.18400001525879, 40.880001068115234, 68.8800048828125]], 'labels': ['girl', 'human face']}}"
0307,"{'<DENSE_REGION_CAPTION>': {'bboxes': [[0.1120000034570694, 12.880000114440918, 105.84000396728516, 223.66400146484375], [0.1120000034570694, 13.104000091552734, 105.61600494384766, 176.84800720214844], [137.87200927734375, 107.85600280761719, 216.04800415039062, 223.66400146484375], [25.648000717163086, 24.079999923706055, 42.448001861572266, 69.552001953125]], 'labels': ['woman', 'woman', 'woman', 'human face']}}"
0308,"{'<DENSE_REGION_CAPTION>': {'bboxes': [[0.1120000034570694, 13.552000045776367, 107.40800476074219, 223.66400146484375], [134.9600067138672, 106.06400299072266, 211.12001037597656, 223.66400146484375], [181.552001953125, 59.47200012207031, 223.66400146484375, 223.66400146484375], [162.7360076904297, 49.16800308227539, 198.5760040283203, 130.92800903320312]], 'labels': ['person', 'person', 'person', 'person']}}"
0309,"{'<DENSE_REGION_CAPTION>': {'bboxes': [[0.1120000034570694, 13.552000045776367, 107.85600280761719, 223.66400146484375], [132.94400024414062, 110.31999969482422, 204.40000915527344, 223.66400146484375]], 'labels': ['person', 'person']}}"
0310,"{'<DENSE_REGION_CAPTION>': {'bboxes': [[0.1120000034570694, 22.064001083374023, 123.76000213623047, 223.66400146484375], [7.728000164031982, 23.18400001525879, 122.41600036621094, 170.5760040283203], [122.64000701904297, 113.68000030517578, 198.5760040283203, 223.66400146484375]], 'labels': ['person', 'woman', 'woman']}}"
0311,"{'<DENSE_REGION_CAPTION>': {'bboxes': [[0.1120000034570694, 20.720001220703125, 119.2800064086914, 223.66400146484375], [5.936000347137451, 20.720001220703125, 119.0560073852539, 167.66400146484375], [116.81600189208984, 121.52000427246094, 191.8560028076172, 223.66400146484375], [183.79200744628906, 65.52000427246094, 223.66400146484375, 223.66400146484375], [149.96800231933594, 58.57600021362305, 195.44000244140625, 144.59201049804688]], 'labels': ['person', 'woman', 'woman', 'woman', 'woman']}}"
0312,"{'<DENSE_REGION_CAPTION>': {'bboxes': [[0.1120000034570694, 12.432000160217285, 102.7040023803711, 223.66400146484375], [21.84000015258789, 22.288000106811523, 38.8640022277832, 67.31200408935547]], 'labels': ['girl', 'human face']}}"
0313,"{'<DENSE_REGION_CAPTION>': {'bboxes': [[100.46400451660156, 60.14400100708008, 175.50399780273438, 223.66400146484375], [0.1120000034570694, 14.44800090789795, 48.496002197265625, 223.66400146484375], [20.944000244140625, 27.88800048828125, 40.20800018310547, 73.36000061035156], [174.16000366210938, 52.97600173950195, 191.1840057373047, 76.94400024414062]], 'labels': ['woman', 'woman', 'human face', 'human face']}}"
0314,"{'<DENSE_REGION_CAPTION>': {'bboxes': [[0.1120000034570694, 17.13599967956543, 104.04800415039062, 223.66400146484375], [20.720001220703125, 31.248001098632812, 40.880001068115234, 78.06400299072266]], 'labels': ['woman', 'human face']}}"
0315,"{'<DENSE_REGION_CAPTION>': {'bboxes': [[0.1120000034570694, 21.392000198364258, 116.59200286865234, 223.66400146484375], [0.1120000034570694, 21.392000198364258, 76.49600219726562, 223.66400146484375], [129.13600158691406, 100.91200256347656, 190.0640106201172, 223.66400146484375]], 'labels': ['person', 'woman', 'woman']}}"
0316,"{'<DENSE_REGION_CAPTION>': {'bboxes': [[0.1120000034570694, 22.512001037597656, 116.36800384521484, 223.66400146484375], [0.1120000034570694, 22.512001037597656, 76.49600219726562, 223.66400146484375], [173.93600463867188, 59.47200012207031, 223.66400146484375, 223.66400146484375], [112.78400421142578, 112.56000518798828, 176.62400817871094, 223.66400146484375]], 'labels': ['person', 'woman', 'person', 'person']}}"
0317,"{'<DENSE_REGION_CAPTION>': {'bboxes': [[0.1120000034570694, 89.48799896240234, 197.6800079345703, 223.66400146484375], [29.00800132751465, 26.54400062561035, 48.272003173828125, 74.2560043334961], [201.48800659179688, 68.43199920654297, 220.5279998779297, 108.08000183105469]], 'labels': ['desk', 'human face', 'human face']}}"
0318,"{'<DENSE_REGION_CAPTION>': {'bboxes': [[0.1120000034570694, 14.44800090789795, 96.8800048828125, 223.66400146484375], [102.2560043334961, 51.40800094604492, 174.16000366210938, 223.66400146484375], [184.46400451660156, 59.02400207519531, 223.66400146484375, 223.66400146484375], [6.384000301361084, 53.42399978637695, 49.84000015258789, 121.29600524902344], [18.70400047302246, 157.80799865722656, 39.76000213623047, 201.48800659179688]], 'labels': ['person', 'person', 'person', 'scarf', 'bottle']}}"
0319,"{'<DENSE_REGION_CAPTION>': {'bboxes': [[0.1120000034570694, 14.896000862121582, 96.8800048828125, 223.66400146484375], [138.76800537109375, 70.67200469970703, 200.59201049804688, 223.66400146484375], [195.21600341796875, 60.36800003051758, 223.66400146484375, 223.66400146484375], [186.48001098632812, 50.064002990722656, 208.656005859375, 111.88800048828125]], 'labels': ['person', 'person', 'person', 'person']}}"
0320,"{'<DENSE_REGION_CAPTION>': {'bboxes': [[0.1120000034570694, 14.672000885009766, 96.43199920654297, 223.66400146484375], [0.1120000034570694, 14.0, 71.12000274658203, 201.93600463867188]], 'labels': ['person', 'person']}}"
0321,"{'<DENSE_REGION_CAPTION>': {'bboxes': [[0.1120000034570694, 15.344000816345215, 100.68800354003906, 223.66400146484375], [25.87200164794922, 23.18400001525879, 42.672000885009766, 68.43199920654297]], 'labels': ['girl', 'human face']}}"
0322,"{'<DENSE_REGION_CAPTION>': {'bboxes': [[0.1120000034570694, 15.568000793457031, 101.58399963378906, 223.66400146484375], [135.4080047607422, 95.53600311279297, 223.66400146484375, 223.66400146484375]], 'labels': ['person', 'person']}}"
0323,"{'<DENSE_REGION_CAPTION>': {'bboxes': [[0.1120000034570694, 12.432000160217285, 100.24000549316406, 223.66400146484375]], 'labels': ['person']}}"
0324,"{'<DENSE_REGION_CAPTION>': {'bboxes': [[0.1120000034570694, 12.656000137329102, 99.12000274658203, 223.66400146484375], [0.1120000034570694, 0.1120000034570694, 68.43199920654297, 223.66400146484375], [34.384002685546875, 21.84000015258789, 46.03200149536133, 61.48800277709961]], 'labels': ['person', 'woman', 'human face']}}"
0325,"{'<DENSE_REGION_CAPTION>': {'bboxes': [[0.1120000034570694, 11.984000205993652, 97.3280029296875, 223.66400146484375], [0.1120000034570694, 0.1120000034570694, 64.8479995727539, 223.66400146484375], [28.784000396728516, 19.82400131225586, 44.6879997253418, 62.384002685546875]], 'labels': ['person', 'woman', 'human face']}}"
0326,"{'<DENSE_REGION_CAPTION>': {'bboxes': [[0.1120000034570694, 13.32800006866455, 98.22400665283203, 223.66400146484375], [0.1120000034570694, 12.432000160217285, 64.8479995727539, 223.66400146484375], [152.2080078125, 101.58399963378906, 223.66400146484375, 223.66400146484375], [137.87200927734375, 42.0, 199.4720001220703, 125.10400390625], [195.66400146484375, 62.384002685546875, 223.66400146484375, 118.38400268554688]], 'labels': ['person', 'person', 'person', 'person', 'person']}}"
0327,"{'<DENSE_REGION_CAPTION>': {'bboxes': [[0.1120000034570694, 13.32800006866455, 97.7760009765625, 223.66400146484375], [169.0080108642578, 100.91200256347656, 223.66400146484375, 223.66400146484375], [133.16799926757812, 45.80800247192383, 182.89601135253906, 126.00000762939453]], 'labels': ['person', 'person', 'person']}}"
0328,"{'<DENSE_REGION_CAPTION>': {'bboxes': [[0.1120000034570694, 13.776000022888184, 98.22400665283203, 223.66400146484375], [0.1120000034570694, 13.552000045776367, 76.94400024414062, 223.66400146484375], [156.24000549316406, 95.31200408935547, 223.66400146484375, 223.66400146484375], [123.53600311279297, 49.16800308227539, 184.01600646972656, 116.59200286865234], [193.20001220703125, 65.0719985961914, 223.66400146484375, 157.58399963378906]], 'labels': ['person', 'person', 'person', 'person', 'person']}}"
0329,"{'<DENSE_REGION_CAPTION>': {'bboxes': [[0.1120000034570694, 14.672000885009766, 92.4000015258789, 223.66400146484375], [21.84000015258789, 26.54400062561035, 41.3280029296875, 73.13600158691406]], 'labels': ['woman', 'human face']}}"
0330,"{'<DENSE_REGION_CAPTION>': {'bboxes': [[0.1120000034570694, 14.223999977111816, 101.13600158691406, 223.66400146484375], [98.67200469970703, 46.928001403808594, 183.34400939941406, 223.66400146484375], [23.631999969482422, 27.88800048828125, 42.448001861572266, 74.4800033569336]], 'labels': ['woman', 'woman', 'human face']}}"
0331,"{'<DENSE_REGION_CAPTION>': {'bboxes': [[0.1120000034570694, 13.552000045776367, 96.8800048828125, 223.66400146484375], [97.7760009765625, 60.816001892089844, 183.12001037597656, 223.66400146484375], [176.84800720214844, 54.09600067138672, 223.66400146484375, 223.66400146484375], [156.46400451660156, 49.61600112915039, 185.80799865722656, 122.41600036621094]], 'labels': ['person', 'person', 'person', 'person']}}"
0332,"{'<DENSE_REGION_CAPTION>': {'bboxes': [[0.1120000034570694, 16.91200065612793, 98.67200469970703, 223.66400146484375], [174.83200073242188, 53.87200164794922, 223.66400146484375, 223.66400146484375], [96.656005859375, 123.53600311279297, 174.83200073242188, 223.66400146484375], [134.9600067138672, 49.84000015258789, 184.01600646972656, 129.13600158691406], [18.70400047302246, 157.58399963378906, 39.76000213623047, 201.48800659179688], [21.61600112915039, 194.09600830078125, 42.224002838134766, 223.66400146484375]], 'labels': ['person', 'person', 'person', 'person', 'coffee cup', 'coffee cup']}}"
0333,"{'<DENSE_REGION_CAPTION>': {'bboxes': [[0.1120000034570694, 19.82400131225586, 106.51200103759766, 223.66400146484375], [97.3280029296875, 115.02400207519531, 172.59201049804688, 223.66400146484375], [176.62400817871094, 59.47200012207031, 223.66400146484375, 223.66400146484375]], 'labels': ['person', 'woman', 'woman']}}"
0334,"{'<DENSE_REGION_CAPTION>': {'bboxes': [[0.1120000034570694, 19.152000427246094, 105.84000396728516, 223.66400146484375], [33.71200180053711, 35.28000259399414, 52.52799987792969, 80.08000183105469]], 'labels': ['woman', 'human face']}}"
0335,"{'<DENSE_REGION_CAPTION>': {'bboxes': [[0.1120000034570694, 14.672000885009766, 75.82400512695312, 223.66400146484375], [0.1120000034570694, 14.672000885009766, 76.04800415039062, 162.2880096435547], [162.9600067138672, 62.832000732421875, 223.66400146484375, 223.66400146484375], [81.64800262451172, 106.51200103759766, 152.2080078125, 223.66400146484375], [132.72000122070312, 52.97600173950195, 188.04800415039062, 132.04800415039062]], 'labels': ['person', 'woman', 'person', 'person', 'person']}}"
0336,"{'<DENSE_REGION_CAPTION>': {'bboxes': [[0.1120000034570694, 13.552000045776367, 72.24000549316406, 223.66400146484375], [73.58399963378906, 94.41600036621094, 160.04800415039062, 223.66400146484375], [21.168001174926758, 25.648000717163086, 38.41600036621094, 73.58399963378906]], 'labels': ['girl', 'girl', 'human face']}}"
0337,"{'<DENSE_REGION_CAPTION>': {'bboxes': [[0.1120000034570694, 13.552000045776367, 74.0320053100586, 223.66400146484375], [0.1120000034570694, 13.552000045776367, 73.80799865722656, 163.8560028076172], [87.24800109863281, 120.4000015258789, 173.48800659179688, 223.66400146484375], [161.8400115966797, 63.952003479003906, 223.66400146484375, 223.66400146484375], [132.27200317382812, 45.58399963378906, 185.13600158691406, 130.70401000976562]], 'labels': ['person', 'person', 'person', 'person', 'person']}}"
0338,"{'<DENSE_REGION_CAPTION>': {'bboxes': [[0.1120000034570694, 12.432000160217285, 73.58399963378906, 223.66400146484375], [86.12800598144531, 121.52000427246094, 171.4720001220703, 223.66400146484375], [161.8400115966797, 64.6240005493164, 223.66400146484375, 223.66400146484375], [132.94400024414062, 46.25600051879883, 185.80799865722656, 130.70401000976562]], 'labels': ['person', 'woman', 'person', 'person']}}"
0339,"{'<DENSE_REGION_CAPTION>': {'bboxes': [[0.1120000034570694, 17.583999633789062, 100.68800354003906, 223.66400146484375], [161.8400115966797, 64.6240005493164, 223.66400146484375, 223.66400146484375], [89.48799896240234, 122.41600036621094, 171.9199981689453, 223.66400146484375], [132.94400024414062, 45.80800247192383, 184.68800354003906, 130.25599670410156]], 'labels': ['person', 'person', 'person', 'person']}}"
0340,"{'<DENSE_REGION_CAPTION>': {'bboxes': [[0.1120000034570694, 20.720001220703125, 100.68800354003906, 223.66400146484375], [161.8400115966797, 64.8479995727539, 223.66400146484375, 223.66400146484375], [88.81600189208984, 122.41600036621094, 170.5760040283203, 223.66400146484375], [131.37600708007812, 40.880001068115234, 186.92800903320312, 129.58399963378906]], 'labels': ['person', 'person', 'person', 'person']}}"
0341,"{'<DENSE_REGION_CAPTION>': {'bboxes': [[0.1120000034570694, 79.85600280761719, 197.6800079345703, 223.66400146484375], [42.895999908447266, 35.72800064086914, 60.592002868652344, 79.85600280761719]], 'labels': ['desk', 'human face']}}"
0342,"{'<DENSE_REGION_CAPTION>': {'bboxes': [[0.1120000034570694, 18.032001495361328, 94.86400604248047, 223.66400146484375], [83.21600341796875, 68.8800048828125, 158.92800903320312, 223.66400146484375], [175.95201110839844, 65.52000427246094, 223.66400146484375, 223.66400146484375], [150.86399841308594, 46.03200149536133, 192.97601318359375, 138.99200439453125], [36.847999572753906, 32.592002868652344, 54.320003509521484, 76.72000122070312]], 'labels': ['woman', 'woman', 'woman', 'woman', 'human face']}}"
0343,"{'<DENSE_REGION_CAPTION>': {'bboxes': [[83.21600341796875, 47.152000427246094, 168.33599853515625, 223.66400146484375], [25.87200164794922, 24.079999923706055, 43.56800079345703, 69.3280029296875]], 'labels': ['girl', 'human face']}}"
0344,"{'<DENSE_REGION_CAPTION>': {'bboxes': [[81.42400360107422, 47.82400131225586, 188.49600219726562, 223.66400146484375], [0.1120000034570694, 15.344000816345215, 64.6240005493164, 223.66400146484375], [0.1120000034570694, 15.568000793457031, 63.952003479003906, 181.3280029296875], [176.40000915527344, 65.29600524902344, 223.66400146484375, 223.66400146484375], [157.80799865722656, 36.176002502441406, 199.0240020751953, 132.94400024414062]], 'labels': ['woman', 'woman', 'woman', 'woman', 'woman']}}"
0345,"{'<DENSE_REGION_CAPTION>': {'bboxes': [[81.20000457763672, 48.272003173828125, 175.95201110839844, 223.66400146484375], [0.1120000034570694, 14.672000885009766, 63.05600357055664, 223.66400146484375], [161.8400115966797, 63.28000259399414, 223.66400146484375, 223.66400146484375]], 'labels': ['person', 'person', 'woman']}}"
0346,"{'<DENSE_REGION_CAPTION>': {'bboxes': [[0.1120000034570694, 14.672000885009766, 116.59200286865234, 223.66400146484375], [86.12800598144531, 48.720001220703125, 178.63999938964844, 223.66400146484375], [28.112001419067383, 26.54400062561035, 46.47999954223633, 72.24000549316406]], 'labels': ['woman', 'woman', 'human face']}}"
0347,"{'<DENSE_REGION_CAPTION>': {'bboxes': [[0.1120000034570694, 16.016000747680664, 61.48800277709961, 223.66400146484375], [156.24000549316406, 11.088000297546387, 223.66400146484375, 223.66400146484375], [75.1520004272461, 87.47200012207031, 148.84800720214844, 223.66400146484375], [61.26400375366211, 0.1120000034570694, 95.53600311279297, 37.29600143432617], [18.48000144958496, 158.03199768066406, 39.76000213623047, 201.48800659179688], [21.392000198364258, 194.09600830078125, 42.224002838134766, 223.66400146484375], [38.8640022277832, 178.19200134277344, 62.384002685546875, 193.64801025390625]], 'labels': ['person', 'person', 'person', 'poster', 'coffee cup', 'coffee cup', 'mobile phone']}}"
0348,"{'<DENSE_REGION_CAPTION>': {'bboxes': [[0.1120000034570694, 15.568000793457031, 62.608001708984375, 223.66400146484375], [77.61600494384766, 78.73600006103516, 165.87200927734375, 223.66400146484375], [178.19200134277344, 58.80000305175781, 223.66400146484375, 223.66400146484375], [61.040000915527344, 0.1120000034570694, 95.53600311279297, 37.29600143432617]], 'labels': ['person', 'person', 'person', 'poster']}}"
0349,"{'<DENSE_REGION_CAPTION>': {'bboxes': [[83.66400146484375, 52.52799987792969, 165.42401123046875, 223.66400146484375], [27.66400146484375, 28.560001373291016, 46.03200149536133, 73.13600158691406]], 'labels': ['girl', 'human face']}}"
0350,"{'<DENSE_REGION_CAPTION>': {'bboxes': [[0.1120000034570694, 15.568000793457031, 87.02400207519531, 223.66400146484375], [83.66400146484375, 50.96000289916992, 165.42401123046875, 223.66400146484375], [24.079999923706055, 27.88800048828125, 43.12000274658203, 74.4800033569336]], 'labels': ['woman', 'woman', 'human face']}}"
0351,"{'<DENSE_REGION_CAPTION>': {'bboxes': [[0.1120000034570694, 17.583999633789062, 98.67200469970703, 223.66400146484375], [83.21600341796875, 52.30400085449219, 170.5760040283203, 223.66400146484375], [32.14400100708008, 31.02400016784668, 50.512001037597656, 76.72000122070312]], 'labels': ['woman', 'woman', 'human face']}}"
0352,"{'<DENSE_REGION_CAPTION>': {'bboxes': [[0.1120000034570694, 15.344000816345215, 82.31999969482422, 223.66400146484375], [83.66400146484375, 48.272003173828125, 174.60800170898438, 223.66400146484375], [24.527999877929688, 26.32000160217285, 43.12000274658203, 72.46400451660156]], 'labels': ['woman', 'woman', 'human face']}}"
0353,"{'<DENSE_REGION_CAPTION>': {'bboxes': [[0.1120000034570694, 0.1120000034570694, 223.66400146484375, 223.66400146484375], [87.69599914550781, 58.35200119018555, 189.6160125732422, 223.66400146484375], [0.1120000034570694, 15.568000793457031, 68.656005859375, 218.9600067138672]], 'labels': ['person', 'woman', 'woman']}}"
0354,"{'<DENSE_REGION_CAPTION>': {'bboxes': [[98.89600372314453, 0.1120000034570694, 201.93600463867188, 223.66400146484375], [24.75200080871582, 26.768001556396484, 43.56800079345703, 72.91200256347656]], 'labels': ['girl', 'human face']}}"
0355,"{'<DENSE_REGION_CAPTION>': {'bboxes': [[0.1120000034570694, 14.44800090789795, 77.39200592041016, 223.66400146484375], [0.1120000034570694, 14.44800090789795, 61.71200180053711, 223.66400146484375], [83.66400146484375, 108.75200653076172, 162.9600067138672, 223.66400146484375], [27.216001510620117, 26.54400062561035, 45.58399963378906, 71.79199981689453]], 'labels': ['woman', 'woman', 'woman', 'human face']}}"
0356,"{'<DENSE_REGION_CAPTION>': {'bboxes': [[0.1120000034570694, 17.583999633789062, 111.21600341796875, 223.66400146484375], [88.81600189208984, 113.00800323486328, 171.6959991455078, 223.66400146484375], [184.24000549316406, 75.3759994506836, 223.66400146484375, 223.66400146484375], [155.12001037597656, 0.1120000034570694, 199.6959991455078, 137.1999969482422]], 'labels': ['person', 'person', 'person', 'person']}}"
0357,"{'<DENSE_REGION_CAPTION>': {'bboxes': [[0.1120000034570694, 90.83200073242188, 223.66400146484375, 223.66400146484375], [140.7840118408203, 183.34400939941406, 159.15200805664062, 212.46400451660156], [58.12800216674805, 33.263999938964844, 73.13600158691406, 73.13600158691406]], 'labels': ['desk', 'footwear', 'human face']}}"
0358,"{'<DENSE_REGION_CAPTION>': {'bboxes': [[4.5920000076293945, 16.464000701904297, 120.6240005493164, 203.27999877929688], [174.60800170898438, 11.984000205993652, 221.87200927734375, 223.66400146484375], [141.6800079345703, 99.34400177001953, 203.27999877929688, 223.66400146484375], [52.52799987792969, 27.440000534057617, 67.31200408935547, 68.43199920654297]], 'labels': ['person', 'person', 'person', 'human face']}}"
0359,"{'<DENSE_REGION_CAPTION>': {'bboxes': [[4.5920000076293945, 16.016000747680664, 119.9520034790039, 223.66400146484375], [132.04800415039062, 106.28800201416016, 199.6959991455078, 223.66400146484375], [189.8400115966797, 59.02400207519531, 223.66400146484375, 223.66400146484375], [162.7360076904297, 39.76000213623047, 197.6800079345703, 138.54400634765625]], 'labels': ['person', 'person', 'person', 'person']}}"
0360,"{'<DENSE_REGION_CAPTION>': {'bboxes': [[0.1120000034570694, 11.088000297546387, 85.23200225830078, 223.66400146484375], [133.39199829101562, 106.96000671386719, 199.92001342773438, 223.66400146484375], [192.97601318359375, 57.00800323486328, 223.66400146484375, 223.66400146484375], [161.16799926757812, 42.0, 203.27999877929688, 130.92800903320312], [60.816001892089844, 0.1120000034570694, 95.53600311279297, 37.74399948120117]], 'labels': ['person', 'person', 'person', 'person', 'poster']}}"
0361,"{'<DENSE_REGION_CAPTION>': {'bboxes': [[0.1120000034570694, 12.880000114440918, 63.952003479003906, 223.66400146484375], [122.41600036621094, 104.72000122070312, 209.3280029296875, 223.66400146484375], [194.76800537109375, 58.12800216674805, 223.66400146484375, 223.66400146484375], [164.3040008544922, 44.4640007019043, 201.26400756835938, 116.59200286865234]], 'labels': ['person', 'person', 'person', 'person']}}"
0362,"{'<DENSE_REGION_CAPTION>': {'bboxes': [[0.1120000034570694, 13.104000091552734, 65.96800231933594, 223.66400146484375], [159.60000610351562, 40.880001068115234, 223.66400146484375, 223.66400146484375], [123.31200408935547, 119.9520034790039, 192.3040008544922, 223.66400146484375], [159.82400512695312, 40.880001068115234, 201.93600463867188, 140.55999755859375]], 'labels': ['person', 'person', 'person', 'person']}}"
0363,"{'<DENSE_REGION_CAPTION>': {'bboxes': [[0.1120000034570694, 13.776000022888184, 61.26400375366211, 223.66400146484375], [179.0880126953125, 59.69600296020508, 223.66400146484375, 223.66400146484375], [119.2800064086914, 129.80799865722656, 191.4080047607422, 223.66400146484375], [137.42401123046875, 42.895999908447266, 191.6320037841797, 123.98400115966797]], 'labels': ['person', 'person', 'person', 'person']}}"
0364,"{'<DENSE_REGION_CAPTION>': {'bboxes': [[0.1120000034570694, 13.32800006866455, 65.52000427246094, 223.66400146484375], [119.7280044555664, 113.45600128173828, 207.9840087890625, 223.66400146484375], [187.37600708007812, 57.90400314331055, 223.66400146484375, 223.66400146484375], [126.00000762939453, 44.6879997253418, 190.0640106201172, 122.64000701904297]], 'labels': ['person', 'person', 'person', 'person']}}"
0365,"{'<DENSE_REGION_CAPTION>': {'bboxes': [[0.1120000034570694, 14.44800090789795, 64.8479995727539, 223.66400146484375], [126.89600372314453, 48.272003173828125, 190.9600067138672, 160.49600219726562], [187.82400512695312, 57.23200225830078, 222.32000732421875, 223.66400146484375], [153.7760009765625, 111.88800048828125, 202.38400268554688, 223.66400146484375], [29.904001235961914, 28.336000442504883, 46.704002380371094, 72.46400451660156]], 'labels': ['person', 'person', 'person', 'person', 'human face']}}"
0366,"{'<DENSE_REGION_CAPTION>': {'bboxes': [[0.1120000034570694, 15.568000793457031, 119.9520034790039, 223.66400146484375], [125.3280029296875, 59.92000198364258, 223.66400146484375, 223.66400146484375], [125.10400390625, 47.82400131225586, 192.3040008544922, 158.03199768066406], [149.52000427246094, 117.26399993896484, 206.41600036621094, 223.66400146484375], [34.832000732421875, 31.472000122070312, 53.20000076293945, 73.80799865722656], [189.6160125732422, 68.43199920654297, 206.41600036621094, 107.63200378417969]], 'labels': ['person', 'person', 'person', 'person', 'human face', 'human face']}}"
0367,"{'<DENSE_REGION_CAPTION>': {'bboxes': [[0.1120000034570694, 15.568000793457031, 63.50400161743164, 223.66400146484375], [0.1120000034570694, 15.344000816345215, 63.50400161743164, 179.760009765625], [115.02400207519531, 53.87200164794922, 182.2239990234375, 147.05599975585938]], 'labels': ['person', 'woman', 'person']}}"
0368,"{'<DENSE_REGION_CAPTION>': {'bboxes': [[0.1120000034570694, 16.687999725341797, 60.592002868652344, 223.66400146484375], [0.1120000034570694, 16.464000701904297, 62.160003662109375, 179.760009765625]], 'labels': ['person', 'woman']}}"
0369,"{'<DENSE_REGION_CAPTION>': {'bboxes': [[0.1120000034570694, 20.720001220703125, 62.608001708984375, 223.66400146484375], [33.71200180053711, 38.41600036621094, 51.85600280761719, 81.20000457763672]], 'labels': ['girl', 'human face']}}"
0370,"{'<DENSE_REGION_CAPTION>': {'bboxes': [[0.1120000034570694, 14.44800090789795, 102.4800033569336, 223.66400146484375], [0.1120000034570694, 14.44800090789795, 102.2560043334961, 176.84800720214844], [167.88800048828125, 62.832000732421875, 220.75201416015625, 223.66400146484375], [130.48001098632812, 107.63200378417969, 195.21600341796875, 223.66400146484375], [126.44800567626953, 42.895999908447266, 173.71200561523438, 116.14400482177734]], 'labels': ['person', 'person', 'person', 'person', 'person']}}"
0371,"{'<DENSE_REGION_CAPTION>': {'bboxes': [[0.1120000034570694, 15.568000793457031, 59.24800109863281, 223.66400146484375], [140.7840118408203, 124.8800048828125, 209.10400390625, 223.66400146484375], [126.89600372314453, 39.76000213623047, 184.91200256347656, 120.1760025024414], [192.97601318359375, 65.29600524902344, 223.66400146484375, 223.66400146484375]], 'labels': ['person', 'person', 'person', 'person']}}"
0372,"{'<DENSE_REGION_CAPTION>': {'bboxes': [[0.1120000034570694, 16.239999771118164, 58.57600021362305, 223.66400146484375], [123.76000213623047, 87.24800109863281, 190.5120086669922, 223.66400146484375], [0.1120000034570694, 16.239999771118164, 52.97600173950195, 164.3040008544922], [180.4320068359375, 63.952003479003906, 223.66400146484375, 223.66400146484375], [145.48800659179688, 43.12000274658203, 189.16799926757812, 131.82400512695312]], 'labels': ['person', 'woman', 'woman', 'woman', 'woman']}}"
0373,"{'<DENSE_REGION_CAPTION>': {'bboxes': [[0.1120000034570694, 16.687999725341797, 55.21600341796875, 223.66400146484375], [150.41600036621094, 62.384002685546875, 213.58399963378906, 223.66400146484375], [104.72000122070312, 98.89600372314453, 173.04000854492188, 223.66400146484375], [0.1120000034570694, 16.687999725341797, 32.592002868652344, 223.66400146484375]], 'labels': ['person', 'woman', 'woman', 'woman']}}"
0374,"{'<DENSE_REGION_CAPTION>': {'bboxes': [[0.1120000034570694, 15.568000793457031, 67.31200408935547, 223.66400146484375], [122.41600036621094, 95.31200408935547, 189.16799926757812, 223.66400146484375], [175.27999877929688, 56.112003326416016, 218.0640106201172, 223.66400146484375], [144.81600952148438, 35.95199966430664, 181.10400390625, 129.36000061035156]], 'labels': ['person', 'person', 'person', 'person']}}"
0375,"{'<DENSE_REGION_CAPTION>': {'bboxes': [[0.1120000034570694, 90.83200073242188, 223.66400146484375, 223.66400146484375], [13.104000091552734, 29.904001235961914, 31.920000076293945, 76.27200317382812], [193.87200927734375, 75.1520004272461, 210.67201232910156, 115.69600677490234], [0.1120000034570694, 15.120000839233398, 52.52799987792969, 223.66400146484375], [130.48001098632812, 93.29600524902344, 202.60800170898438, 223.66400146484375], [192.97601318359375, 57.45600128173828, 223.66400146484375, 223.66400146484375], [145.48800659179688, 33.48800277709961, 179.31201171875, 111.44000244140625]], 'labels': ['desk', 'human face', 'human face', 'person', 'person', 'person', 'person']}}"
0376,"{'<DENSE_REGION_CAPTION>': {'bboxes': [[0.1120000034570694, 91.2800064086914, 164.9759979248047, 223.66400146484375], [11.760000228881836, 46.25600051879883, 33.040000915527344, 85.45600128173828], [192.0800018310547, 68.43199920654297, 208.8800048828125, 108.75200653076172], [150.41600036621094, 136.0800018310547, 165.87200927734375, 175.95201110839844]], 'labels': ['desk', 'human face', 'human face', 'human face']}}"
0377,"{'<DENSE_REGION_CAPTION>': {'bboxes': [[0.1120000034570694, 91.5040054321289, 155.12001037597656, 223.66400146484375], [15.120000839233398, 31.248001098632812, 34.608001708984375, 76.27200317382812], [152.2080078125, 147.27999877929688, 166.99200439453125, 181.7760009765625], [153.7760009765625, 52.52799987792969, 170.3520050048828, 73.13600158691406]], 'labels': ['desk', 'human face', 'human face', 'human face']}}"
0378,"{'<DENSE_REGION_CAPTION>': {'bboxes': [[0.1120000034570694, 91.2800064086914, 223.66400146484375, 223.66400146484375], [0.1120000034570694, 39.53600311279297, 10.86400032043457, 73.36000061035156]], 'labels': ['desk', 'human face']}}"
0379,"{'<DENSE_REGION_CAPTION>': {'bboxes': [[0.1120000034570694, 8.176000595092773, 52.97600173950195, 223.66400146484375], [144.36801147460938, 93.52000427246094, 198.5760040283203, 223.66400146484375], [171.4720001220703, 60.36800003051758, 215.37600708007812, 223.66400146484375], [124.8800048828125, 35.72800064086914, 175.72801208496094, 122.64000701904297]], 'labels': ['person', 'person', 'person', 'person']}}"
0380,"{'<DENSE_REGION_CAPTION>': {'bboxes': [[0.1120000034570694, 91.05599975585938, 223.66400146484375, 223.66400146484375], [6.832000255584717, 29.904001235961914, 26.32000160217285, 74.4800033569336], [149.96800231933594, 154.2239990234375, 167.66400146484375, 186.70401000976562]], 'labels': ['desk', 'human face', 'human face']}}"
0381,"{'<DENSE_REGION_CAPTION>': {'bboxes': [[0.1120000034570694, 91.2800064086914, 223.66400146484375, 223.66400146484375], [11.312000274658203, 36.176002502441406, 31.248001098632812, 78.73600006103516], [149.96800231933594, 148.17601013183594, 168.7840118408203, 182.0]], 'labels': ['desk', 'human face', 'human face']}}"
0382,"{'<DENSE_REGION_CAPTION>': {'bboxes': [[0.1120000034570694, 91.2800064086914, 223.66400146484375, 223.66400146484375], [11.760000228881836, 31.696001052856445, 30.128000259399414, 75.82400512695312]], 'labels': ['desk', 'human face']}}"
0383,"{'<DENSE_REGION_CAPTION>': {'bboxes': [[0.1120000034570694, 16.687999725341797, 91.05599975585938, 223.66400146484375], [0.1120000034570694, 16.464000701904297, 90.38400268554688, 179.31201171875], [133.39199829101562, 97.10400390625, 202.16000366210938, 223.66400146484375], [164.3040008544922, 74.7040023803711, 212.68800354003906, 223.66400146484375], [164.3040008544922, 42.895999908447266, 191.1840057373047, 97.7760009765625]], 'labels': ['person', 'person', 'person', 'person', 'person']}}"
0384,"{'<DENSE_REGION_CAPTION>': {'bboxes': [[0.1120000034570694, 18.48000144958496, 108.30400085449219, 223.66400146484375], [116.36800384521484, 94.63999938964844, 212.24000549316406, 223.66400146484375], [34.608001708984375, 31.920000076293945, 51.18400192260742, 77.84000396728516]], 'labels': ['person', 'person', 'human face']}}"
0385,"{'<DENSE_REGION_CAPTION>': {'bboxes': [[0.1120000034570694, 32.816001892089844, 127.79200744628906, 223.66400146484375], [97.3280029296875, 91.9520034790039, 194.32000732421875, 223.66400146484375], [52.52799987792969, 48.944000244140625, 69.552001953125, 92.1760025024414]], 'labels': ['girl', 'girl', 'human face']}}"
0386,"{'<DENSE_REGION_CAPTION>': {'bboxes': [[0.1120000034570694, 43.79199981689453, 145.48800659179688, 223.66400146484375], [124.4320068359375, 90.83200073242188, 189.16799926757812, 223.66400146484375], [185.58399963378906, 57.90400314331055, 223.66400146484375, 223.66400146484375], [165.87200927734375, 43.12000274658203, 192.5279998779297, 135.6320037841797], [190.9600067138672, 75.82400512695312, 210.44801330566406, 116.81600189208984], [59.47200012207031, 61.93600082397461, 76.49600219726562, 102.9280014038086], [137.64801025390625, 142.8000030517578, 155.79200744628906, 179.0880126953125], [168.7840118408203, 52.75200271606445, 185.36000061035156, 78.28800201416016]], 'labels': ['person', 'person', 'person', 'person', 'human face', 'human face', 'human face', 'human face']}}"
0387,"{'<DENSE_REGION_CAPTION>': {'bboxes': [[0.1120000034570694, 91.2800064086914, 223.66400146484375, 223.66400146484375], [22.736000061035156, 20.720001220703125, 41.104000091552734, 64.1760025024414], [194.54400634765625, 70.0, 209.552001953125, 109.20000457763672], [138.09600830078125, 137.64801025390625, 153.3280029296875, 172.59201049804688]], 'labels': ['desk', 'human face', 'human face', 'human face']}}"
0388,"{'<DENSE_REGION_CAPTION>': {'bboxes': [[0.1120000034570694, 91.2800064086914, 223.66400146484375, 223.66400146484375], [10.192000389099121, 42.0, 31.472000122070312, 82.09600067138672], [190.9600067138672, 67.53600311279297, 208.656005859375, 105.39200592041016]], 'labels': ['desk', 'human face', 'human face']}}"
0389,"{'<DENSE_REGION_CAPTION>': {'bboxes': [[0.1120000034570694, 90.83200073242188, 223.66400146484375, 223.66400146484375], [15.120000839233398, 35.28000259399414, 35.28000259399414, 79.85600280761719]], 'labels': ['desk', 'human face']}}"
0390,"{'<DENSE_REGION_CAPTION>': {'bboxes': [[0.1120000034570694, 91.2800064086914, 223.66400146484375, 223.66400146484375], [16.91200065612793, 34.608001708984375, 36.847999572753906, 79.40800476074219]], 'labels': ['desk', 'human face']}}"
0391,"{'<DENSE_REGION_CAPTION>': {'bboxes': [[0.1120000034570694, 12.432000160217285, 51.40800094604492, 223.66400146484375], [122.41600036621094, 92.1760025024414, 191.8560028076172, 223.66400146484375], [5.936000347137451, 24.304000854492188, 26.54400062561035, 70.0], [139.66400146484375, 145.04000854492188, 157.36000061035156, 175.50399780273438]], 'labels': ['person', 'person', 'human face', 'human face']}}"
0392,"{'<DENSE_REGION_CAPTION>': {'bboxes': [[0.1120000034570694, 90.83200073242188, 223.66400146484375, 223.66400146484375], [5.488000392913818, 31.248001098632812, 24.97599983215332, 73.80799865722656], [136.0800018310547, 151.08799743652344, 156.91200256347656, 179.0880126953125]], 'labels': ['desk', 'human face', 'human face']}}"
0393,"{'<DENSE_REGION_CAPTION>': {'bboxes': [[0.1120000034570694, 90.83200073242188, 223.66400146484375, 223.66400146484375], [10.86400032043457, 35.72800064086914, 30.128000259399414, 76.27200317382812]], 'labels': ['desk', 'human face']}}"
0394,"{'<DENSE_REGION_CAPTION>': {'bboxes': [[0.1120000034570694, 90.83200073242188, 223.66400146484375, 223.66400146484375], [11.53600025177002, 35.72800064086914, 30.128000259399414, 76.72000122070312]], 'labels': ['desk', 'human face']}}"
0395,"{'<DENSE_REGION_CAPTION>': {'bboxes': [[0.1120000034570694, 90.83200073242188, 223.66400146484375, 223.66400146484375], [157.36000061035156, 112.78400421142578, 179.5360107421875, 173.93600463867188], [10.416000366210938, 38.19200134277344, 30.576000213623047, 75.82400512695312]], 'labels': ['desk', 'human face', 'human face']}}"
0396,"{'<DENSE_REGION_CAPTION>': {'bboxes': [[0.1120000034570694, 91.2800064086914, 223.66400146484375, 223.66400146484375], [10.416000366210938, 38.19200134277344, 30.128000259399414, 77.84000396728516]], 'labels': ['desk', 'human face']}}"
0397,"{'<DENSE_REGION_CAPTION>': {'bboxes': [[0.1120000034570694, 90.38400268554688, 223.66400146484375, 223.66400146484375], [10.86400032043457, 39.3120002746582, 31.920000076293945, 81.20000457763672]], 'labels': ['desk', 'human face']}}"
0398,"{'<DENSE_REGION_CAPTION>': {'bboxes': [[0.1120000034570694, 91.2800064086914, 223.66400146484375, 223.66400146484375], [14.223999977111816, 41.104000091552734, 34.15999984741211, 82.09600067138672]], 'labels': ['desk', 'human face']}}"
0399,"{'<DENSE_REGION_CAPTION>': {'bboxes': [[0.1120000034570694, 91.2800064086914, 223.66400146484375, 223.66400146484375], [14.672000885009766, 39.3120002746582, 34.15999984741211, 80.75199890136719]], 'labels': ['desk', 'human face']}}"
0400,"{'<DENSE_REGION_CAPTION>': {'bboxes': [[0.1120000034570694, 17.583999633789062, 89.04000091552734, 223.66400146484375], [0.1120000034570694, 17.583999633789062, 88.81600189208984, 138.32000732421875], [113.23200225830078, 96.43199920654297, 204.40000915527344, 223.66400146484375], [0.1120000034570694, 17.808000564575195, 88.81600189208984, 104.72000122070312], [186.48001098632812, 61.93600082397461, 223.66400146484375, 223.66400146484375], [160.49600219726562, 47.37600326538086, 190.2880096435547, 102.2560043334961]], 'labels': ['person', 'person', 'person', 'person', 'person', 'person']}}"
0401,"{'<DENSE_REGION_CAPTION>': {'bboxes': [[0.1120000034570694, 16.464000701904297, 79.63200378417969, 223.66400146484375], [0.1120000034570694, 16.464000701904297, 79.40800476074219, 135.8560028076172], [0.1120000034570694, 16.464000701904297, 79.18400573730469, 102.9280014038086], [10.640000343322754, 32.36800003051758, 30.352001190185547, 78.51200103759766], [152.4320068359375, 137.1999969482422, 165.64801025390625, 177.07200622558594]], 'labels': ['person', 'person', 'woman', 'human face', 'human face']}}"
0402,"{'<DENSE_REGION_CAPTION>': {'bboxes': [[0.1120000034570694, 15.568000793457031, 41.3280029296875, 223.66400146484375], [120.84800720214844, 108.97600555419922, 192.97601318359375, 223.66400146484375], [14.896000862121582, 35.28000259399414, 31.920000076293945, 76.49600219726562]], 'labels': ['person', 'woman', 'human face']}}"
0403,"{'<DENSE_REGION_CAPTION>': {'bboxes': [[0.1120000034570694, 19.82400131225586, 73.58399963378906, 223.66400146484375], [0.1120000034570694, 19.82400131225586, 73.36000061035156, 160.04800415039062], [145.93600463867188, 97.10400390625, 223.66400146484375, 223.66400146484375], [0.1120000034570694, 20.04800033569336, 73.36000061035156, 114.12800598144531], [147.50399780273438, 41.104000091552734, 179.760009765625, 125.7760009765625]], 'labels': ['person', 'person', 'person', 'person', 'person']}}"
0404,"{'<DENSE_REGION_CAPTION>': {'bboxes': [[0.1120000034570694, 90.16000366210938, 223.66400146484375, 223.66400146484375], [194.09600830078125, 133.8400115966797, 212.01600646972656, 184.46400451660156]], 'labels': ['desk', 'human face']}}"
0405,"{'<DENSE_REGION_CAPTION>': {'bboxes': [[0.1120000034570694, 91.2800064086914, 223.66400146484375, 223.66400146484375], [5.263999938964844, 17.360000610351562, 24.079999923706055, 59.47200012207031], [195.21600341796875, 126.44800567626953, 210.89601135253906, 169.9040069580078]], 'labels': ['desk', 'human face', 'human face']}}"
0406,"{'<DENSE_REGION_CAPTION>': {'bboxes': [[30.128000259399414, 91.7280044555664, 174.16000366210938, 223.66400146484375], [0.1120000034570694, 55.88800048828125, 56.560001373291016, 223.66400146484375], [154.67201232910156, 99.12000274658203, 223.66400146484375, 223.66400146484375], [146.38400268554688, 44.91200256347656, 180.2080078125, 128.46400451660156], [174.83200073242188, 59.47200012207031, 211.12001037597656, 106.28800201416016]], 'labels': ['desk', 'person', 'person', 'person', 'person']}}"
0407,"{'<DENSE_REGION_CAPTION>': {'bboxes': [[0.1120000034570694, 91.2800064086914, 223.66400146484375, 223.66400146484375], [211.12001037597656, 145.04000854492188, 222.99200439453125, 187.37600708007812]], 'labels': ['desk', 'human face']}}"
0408,"{'<DENSE_REGION_CAPTION>': {'bboxes': [[30.128000259399414, 91.2800064086914, 176.84800720214844, 223.66400146484375], [0.1120000034570694, 19.82400131225586, 56.784000396728516, 223.66400146484375], [164.7519989013672, 93.07200622558594, 223.66400146484375, 223.66400146484375], [0.1120000034570694, 19.82400131225586, 26.768001556396484, 223.66400146484375], [0.1120000034570694, 20.04800033569336, 26.32000160217285, 139.88800048828125], [155.12001037597656, 39.98400115966797, 183.12001037597656, 129.58399963378906]], 'labels': ['desk', 'person', 'person', 'person', 'person', 'person']}}"
0409,"{'<DENSE_REGION_CAPTION>': {'bboxes': [[0.1120000034570694, 90.83200073242188, 175.50399780273438, 223.66400146484375], [206.864013671875, 110.54400634765625, 223.66400146484375, 164.9759979248047]], 'labels': ['desk', 'human face']}}"
0410,"{'<DENSE_REGION_CAPTION>': {'bboxes': [[0.1120000034570694, 90.83200073242188, 223.66400146484375, 223.66400146484375], [194.09600830078125, 112.33600616455078, 214.48001098632812, 169.0080108642578]], 'labels': ['desk', 'human face']}}"
0411,"{'<DENSE_REGION_CAPTION>': {'bboxes': [[0.1120000034570694, 90.83200073242188, 223.66400146484375, 223.66400146484375], [0.1120000034570694, 24.75200080871582, 12.208000183105469, 65.52000427246094]], 'labels': ['desk', 'human face']}}"
0412,"{'<DENSE_REGION_CAPTION>': {'bboxes': [[0.1120000034570694, 90.83200073242188, 223.66400146484375, 223.66400146484375], [0.1120000034570694, 21.84000015258789, 10.192000389099121, 64.4000015258789]], 'labels': ['desk', 'human face']}}"
0413,"{'<DENSE_REGION_CAPTION>': {'bboxes': [[0.1120000034570694, 91.2800064086914, 223.66400146484375, 223.66400146484375], [130.03199768066406, 99.79199981689453, 210.44801330566406, 223.66400146484375], [0.1120000034570694, 19.152000427246094, 40.432003021240234, 179.9840087890625], [180.656005859375, 60.36800003051758, 223.66400146484375, 192.97601318359375], [0.1120000034570694, 19.152000427246094, 32.14400100708008, 145.26400756835938], [132.72000122070312, 33.263999938964844, 169.2320098876953, 119.2800064086914], [180.656005859375, 60.36800003051758, 216.49600219726562, 122.64000701904297]], 'labels': ['desk', 'person', 'person', 'person', 'person', 'person', 'person']}}"
0414,"{'<DENSE_REGION_CAPTION>': {'bboxes': [[0.1120000034570694, 91.2800064086914, 223.66400146484375, 223.66400146484375], [125.552001953125, 106.73600006103516, 202.83200073242188, 223.66400146484375], [0.1120000034570694, 60.36800003051758, 47.37600326538086, 179.760009765625], [121.74400329589844, 35.28000259399414, 167.66400146484375, 119.9520034790039]], 'labels': ['desk', 'person', 'person', 'person']}}"
0415,"{'<DENSE_REGION_CAPTION>': {'bboxes': [[0.1120000034570694, 91.2800064086914, 223.66400146484375, 223.66400146484375], [126.44800567626953, 107.18400573730469, 202.38400268554688, 223.66400146484375], [0.1120000034570694, 61.71200180053711, 50.736000061035156, 223.66400146484375], [120.84800720214844, 35.28000259399414, 167.44000244140625, 121.07200622558594], [176.84800720214844, 57.68000030517578, 220.3040008544922, 137.1999969482422]], 'labels': ['desk', 'person', 'person', 'person', 'person']}}"
0416,"{'<DENSE_REGION_CAPTION>': {'bboxes': [[0.1120000034570694, 91.2800064086914, 223.66400146484375, 223.66400146484375], [183.12001037597656, 72.68800354003906, 208.8800048828125, 108.08000183105469]], 'labels': ['desk', 'human face']}}"
0417,"{'<DENSE_REGION_CAPTION>': {'bboxes': [[0.1120000034570694, 91.5040054321289, 223.66400146484375, 223.66400146484375], [181.552001953125, 74.4800033569336, 206.864013671875, 109.64800262451172]], 'labels': ['desk', 'human face']}}"
0418,"{'<DENSE_REGION_CAPTION>': {'bboxes': [[0.1120000034570694, 0.1120000034570694, 223.66400146484375, 223.66400146484375], [126.00000762939453, 108.52799987792969, 201.71200561523438, 223.66400146484375], [121.29600524902344, 37.74399948120117, 170.5760040283203, 124.8800048828125]], 'labels': ['office supplies', 'person', 'person']}}"
0419,"{'<DENSE_REGION_CAPTION>': {'bboxes': [[0.1120000034570694, 14.44800090789795, 41.552001953125, 223.66400146484375], [138.76800537109375, 112.11200714111328, 214.92800903320312, 223.66400146484375], [0.1120000034570694, 14.44800090789795, 40.880001068115234, 140.55999755859375], [186.70401000976562, 64.1760025024414, 223.66400146484375, 199.92001342773438], [146.38400268554688, 34.15999984741211, 192.5279998779297, 123.31200408935547]], 'labels': ['person', 'person', 'person', 'person', 'person']}}"
0420,"{'<DENSE_REGION_CAPTION>': {'bboxes': [[0.1120000034570694, 14.223999977111816, 40.20800018310547, 223.66400146484375], [146.83200073242188, 108.52799987792969, 223.66400146484375, 223.66400146484375], [166.99200439453125, 32.592002868652344, 223.66400146484375, 133.39199829101562], [0.1120000034570694, 14.223999977111816, 39.98400115966797, 146.38400268554688]], 'labels': ['person', 'person', 'person', 'person']}}"
0421,"{'<DENSE_REGION_CAPTION>': {'bboxes': [[0.1120000034570694, 14.0, 64.4000015258789, 223.66400146484375], [0.1120000034570694, 14.0, 40.20800018310547, 223.66400146484375], [172.14401245117188, 94.41600036621094, 223.66400146484375, 223.66400146484375], [0.1120000034570694, 13.776000022888184, 39.76000213623047, 147.05599975585938], [163.6320037841797, 34.384002685546875, 193.64801025390625, 134.9600067138672]], 'labels': ['person', 'person', 'person', 'person', 'person']}}"
0422,"{'<DENSE_REGION_CAPTION>': {'bboxes': [[0.1120000034570694, 14.0, 64.6240005493164, 223.66400146484375], [0.1120000034570694, 14.0, 64.8479995727539, 176.84800720214844], [121.52000427246094, 109.20000457763672, 223.66400146484375, 223.66400146484375], [0.1120000034570694, 13.776000022888184, 50.512001037597656, 159.82400512695312], [157.13600158691406, 33.93600082397461, 223.66400146484375, 125.552001953125], [157.13600158691406, 33.93600082397461, 203.50401306152344, 125.10400390625], [195.66400146484375, 59.02400207519531, 223.66400146484375, 143.0240020751953]], 'labels': ['person', 'person', 'person', 'person', 'person', 'person', 'person']}}"
0423,"{'<DENSE_REGION_CAPTION>': {'bboxes': [[0.1120000034570694, 90.16000366210938, 223.66400146484375, 223.66400146484375], [0.1120000034570694, 25.648000717163086, 19.152000427246094, 70.44800567626953]], 'labels': ['desk', 'human face']}}"
0424,"{'<DENSE_REGION_CAPTION>': {'bboxes': [[0.1120000034570694, 13.552000045776367, 64.6240005493164, 223.66400146484375], [145.48800659179688, 98.44800567626953, 208.8800048828125, 223.66400146484375], [137.42401123046875, 31.02400016784668, 191.6320037841797, 124.20800018310547]], 'labels': ['person', 'person', 'person']}}"
0425,"{'<DENSE_REGION_CAPTION>': {'bboxes': [[0.1120000034570694, 13.552000045776367, 64.8479995727539, 223.66400146484375], [102.2560043334961, 96.20800018310547, 201.93600463867188, 223.66400146484375], [133.8400115966797, 33.040000915527344, 195.88800048828125, 120.4000015258789], [190.5120086669922, 59.69600296020508, 223.66400146484375, 223.66400146484375]], 'labels': ['person', 'person', 'person', 'person']}}"
0426,"{'<DENSE_REGION_CAPTION>': {'bboxes': [[0.1120000034570694, 14.672000885009766, 64.4000015258789, 223.66400146484375], [168.7840118408203, 54.768001556396484, 223.66400146484375, 223.66400146484375], [127.12000274658203, 99.12000274658203, 190.9600067138672, 223.66400146484375], [154.89601135253906, 33.263999938964844, 196.33599853515625, 128.91200256347656]], 'labels': ['person', 'person', 'person', 'person']}}"
0427,"{'<DENSE_REGION_CAPTION>': {'bboxes': [[0.1120000034570694, 16.91200065612793, 64.6240005493164, 223.66400146484375], [104.49600219726562, 90.38400268554688, 199.6959991455078, 223.66400146484375], [0.1120000034570694, 16.91200065612793, 64.4000015258789, 176.40000915527344], [0.1120000034570694, 16.91200065612793, 40.20800018310547, 223.66400146484375], [188.49600219726562, 52.52799987792969, 223.66400146484375, 223.66400146484375], [155.79200744628906, 31.696001052856445, 193.20001220703125, 128.46400451660156]], 'labels': ['person', 'person', 'person', 'person', 'person', 'person']}}"
0428,"{'<DENSE_REGION_CAPTION>': {'bboxes': [[0.1120000034570694, 13.552000045776367, 64.6240005493164, 223.66400146484375], [0.1120000034570694, 13.552000045776367, 45.13600158691406, 223.66400146484375], [155.56800842285156, 104.04800415039062, 223.66400146484375, 223.66400146484375], [134.7360076904297, 34.384002685546875, 195.66400146484375, 123.08800506591797], [0.1120000034570694, 26.54400062561035, 17.583999633789062, 70.44800567626953], [173.71200561523438, 146.38400268554688, 187.60000610351562, 184.68800354003906]], 'labels': ['person', 'person', 'person', 'person', 'human face', 'human face']}}"
0429,"{'<DENSE_REGION_CAPTION>': {'bboxes': [[0.1120000034570694, 11.53600025177002, 64.8479995727539, 223.66400146484375], [142.8000030517578, 103.60000610351562, 215.37600708007812, 223.66400146484375], [134.2880096435547, 34.832000732421875, 198.8000030517578, 123.08800506591797], [194.09600830078125, 58.35200119018555, 223.66400146484375, 223.66400146484375]], 'labels': ['person', 'person', 'person', 'person']}}"
0430,"{'<DENSE_REGION_CAPTION>': {'bboxes': [[0.1120000034570694, 10.640000343322754, 64.8479995727539, 223.66400146484375], [138.99200439453125, 110.76800537109375, 216.04800415039062, 223.66400146484375], [133.8400115966797, 35.95199966430664, 203.50401306152344, 122.86400604248047]], 'labels': ['person', 'person', 'person']}}"
0431,"{'<DENSE_REGION_CAPTION>': {'bboxes': [[0.1120000034570694, 12.432000160217285, 57.90400314331055, 223.66400146484375], [123.08800506591797, 111.88800048828125, 217.3920135498047, 223.66400146484375], [191.8560028076172, 57.00800323486328, 223.66400146484375, 223.66400146484375], [156.24000549316406, 32.816001892089844, 193.20001220703125, 119.7280044555664], [0.1120000034570694, 25.648000717163086, 19.600000381469727, 68.8800048828125], [192.3040008544922, 67.08800506591797, 209.10400390625, 109.87200164794922], [161.6160125732422, 161.16799926757812, 177.74400329589844, 189.16799926757812], [164.9759979248047, 49.16800308227539, 179.760009765625, 74.2560043334961]], 'labels': ['person', 'person', 'person', 'person', 'human face', 'human face', 'human face', 'human face']}}"
0432,"{'<DENSE_REGION_CAPTION>': {'bboxes': [[0.1120000034570694, 12.656000137329102, 65.0719985961914, 223.66400146484375], [123.08800506591797, 107.63200378417969, 223.66400146484375, 223.66400146484375], [195.21600341796875, 56.784000396728516, 223.66400146484375, 223.66400146484375], [156.24000549316406, 32.36800003051758, 194.76800537109375, 119.2800064086914]], 'labels': ['person', 'person', 'person', 'person']}}"
0433,"{'<DENSE_REGION_CAPTION>': {'bboxes': [[0.1120000034570694, 13.552000045776367, 64.6240005493164, 223.66400146484375], [117.04000091552734, 106.73600006103516, 216.04800415039062, 223.66400146484375], [0.1120000034570694, 13.552000045776367, 39.3120002746582, 223.66400146484375], [192.7519989013672, 61.71200180053711, 223.66400146484375, 223.66400146484375], [156.24000549316406, 33.040000915527344, 194.32000732421875, 118.83200073242188]], 'labels': ['person', 'person', 'person', 'person', 'person']}}"
0434,"{'<DENSE_REGION_CAPTION>': {'bboxes': [[0.1120000034570694, 12.656000137329102, 64.8479995727539, 223.66400146484375], [120.4000015258789, 117.26399993896484, 201.48800659179688, 223.66400146484375], [182.67201232910156, 60.36800003051758, 223.66400146484375, 223.66400146484375], [155.79200744628906, 33.040000915527344, 195.21600341796875, 127.12000274658203]], 'labels': ['person', 'person', 'person', 'person']}}"
0435,"{'<DENSE_REGION_CAPTION>': {'bboxes': [[0.1120000034570694, 12.432000160217285, 64.8479995727539, 223.66400146484375], [120.84800720214844, 118.60800170898438, 200.36801147460938, 223.66400146484375], [184.68800354003906, 59.47200012207031, 223.66400146484375, 223.66400146484375], [156.24000549316406, 33.263999938964844, 193.87200927734375, 122.19200134277344]], 'labels': ['person', 'person', 'person', 'person']}}"
0436,"{'<DENSE_REGION_CAPTION>': {'bboxes': [[0.1120000034570694, 13.104000091552734, 64.8479995727539, 223.66400146484375], [117.48800659179688, 101.58399963378906, 212.68800354003906, 223.66400146484375], [192.7519989013672, 54.09600067138672, 223.66400146484375, 184.24000549316406], [156.46400451660156, 33.93600082397461, 194.32000732421875, 111.44000244140625]], 'labels': ['person', 'person', 'person', 'person']}}"
0437,"{'<DENSE_REGION_CAPTION>': {'bboxes': [[0.1120000034570694, 13.552000045776367, 64.8479995727539, 223.66400146484375], [115.24800109863281, 98.44800567626953, 209.7760009765625, 223.66400146484375], [191.1840057373047, 58.80000305175781, 223.66400146484375, 223.66400146484375], [158.25601196289062, 33.93600082397461, 194.09600830078125, 108.08000183105469]], 'labels': ['person', 'person', 'person', 'person']}}"
0438,"{'<DENSE_REGION_CAPTION>': {'bboxes': [[0.1120000034570694, 13.552000045776367, 64.8479995727539, 223.66400146484375], [136.9759979248047, 104.27200317382812, 223.66400146484375, 223.66400146484375], [0.1120000034570694, 13.552000045776367, 41.552001953125, 223.66400146484375], [191.4080047607422, 60.14400100708008, 223.66400146484375, 223.66400146484375], [158.48001098632812, 34.15999984741211, 193.42401123046875, 120.6240005493164]], 'labels': ['person', 'person', 'person', 'person', 'person']}}"
0439,"{'<DENSE_REGION_CAPTION>': {'bboxes': [[0.1120000034570694, 13.552000045776367, 64.6240005493164, 223.66400146484375], [139.44000244140625, 108.75200653076172, 218.9600067138672, 223.66400146484375], [0.1120000034570694, 13.552000045776367, 47.152000427246094, 167.66400146484375], [187.82400512695312, 57.00800323486328, 223.66400146484375, 223.66400146484375], [145.48800659179688, 33.263999938964844, 188.72000122070312, 115.47200012207031]], 'labels': ['person', 'person', 'person', 'person', 'person']}}"
0440,"{'<DENSE_REGION_CAPTION>': {'bboxes': [[0.1120000034570694, 13.552000045776367, 65.52000427246094, 223.66400146484375], [137.42401123046875, 107.63200378417969, 217.8400115966797, 223.66400146484375], [0.1120000034570694, 13.552000045776367, 46.704002380371094, 166.32000732421875], [187.15200805664062, 55.44000244140625, 223.66400146484375, 223.66400146484375]], 'labels': ['person', 'person', 'person', 'person']}}"
0441,"{'<DENSE_REGION_CAPTION>': {'bboxes': [[0.1120000034570694, 12.880000114440918, 64.4000015258789, 223.66400146484375], [135.4080047607422, 107.63200378417969, 216.04800415039062, 223.66400146484375], [0.1120000034570694, 12.880000114440918, 52.30400085449219, 167.66400146484375], [189.8400115966797, 54.992000579833984, 223.66400146484375, 223.66400146484375], [135.1840057373047, 35.72800064086914, 168.5600128173828, 119.7280044555664]], 'labels': ['person', 'person', 'person', 'person', 'person']}}"
0442,"{'<DENSE_REGION_CAPTION>': {'bboxes': [[0.1120000034570694, 12.432000160217285, 64.8479995727539, 223.66400146484375], [125.3280029296875, 102.9280014038086, 214.70401000976562, 223.66400146484375], [0.1120000034570694, 12.432000160217285, 50.064002990722656, 167.21600341796875], [191.8560028076172, 55.88800048828125, 223.66400146484375, 179.5360107421875], [133.8400115966797, 36.400001525878906, 170.8000030517578, 120.1760025024414]], 'labels': ['person', 'person', 'person', 'person', 'person']}}"
0443,"{'<DENSE_REGION_CAPTION>': {'bboxes': [[0.1120000034570694, 13.32800006866455, 64.8479995727539, 223.66400146484375], [126.89600372314453, 104.27200317382812, 214.03201293945312, 223.66400146484375], [198.3520050048828, 53.87200164794922, 223.66400146484375, 223.66400146484375], [137.42401123046875, 35.95199966430664, 175.72801208496094, 121.74400329589844]], 'labels': ['person', 'person', 'person', 'person']}}"
0444,"{'<DENSE_REGION_CAPTION>': {'bboxes': [[0.1120000034570694, 13.552000045776367, 64.8479995727539, 223.66400146484375], [143.2480010986328, 100.91200256347656, 223.66400146484375, 223.66400146484375], [0.1120000034570694, 13.552000045776367, 49.16800308227539, 176.40000915527344], [138.76800537109375, 33.93600082397461, 171.9199981689453, 122.64000701904297], [206.41600036621094, 54.320003509521484, 223.66400146484375, 124.4320068359375]], 'labels': ['person', 'person', 'person', 'person', 'person']}}"
0445,"{'<DENSE_REGION_CAPTION>': {'bboxes': [[0.1120000034570694, 13.552000045776367, 64.6240005493164, 223.66400146484375], [146.60800170898438, 109.42400360107422, 223.66400146484375, 223.66400146484375], [0.1120000034570694, 13.552000045776367, 29.904001235961914, 223.66400146484375], [136.5279998779297, 34.15999984741211, 184.01600646972656, 122.41600036621094], [199.2480010986328, 58.35200119018555, 223.66400146484375, 223.66400146484375]], 'labels': ['person', 'person', 'person', 'person', 'person']}}"
0446,"{'<DENSE_REGION_CAPTION>': {'bboxes': [[0.1120000034570694, 13.552000045776367, 64.8479995727539, 223.66400146484375], [152.4320068359375, 99.34400177001953, 218.9600067138672, 223.66400146484375], [126.22400665283203, 24.75200080871582, 184.24000549316406, 115.92000579833984]], 'labels': ['person', 'person', 'person']}}"
0447,"{'<DENSE_REGION_CAPTION>': {'bboxes': [[0.1120000034570694, 12.880000114440918, 64.8479995727539, 223.66400146484375], [138.09600830078125, 99.34400177001953, 223.66400146484375, 223.66400146484375], [0.1120000034570694, 12.880000114440918, 65.0719985961914, 176.84800720214844], [133.39199829101562, 6.384000301361084, 187.15200805664062, 116.36800384521484]], 'labels': ['person', 'person', 'person', 'person']}}"
0448,"{'<DENSE_REGION_CAPTION>': {'bboxes': [[0.1120000034570694, 12.432000160217285, 64.6240005493164, 223.66400146484375], [137.42401123046875, 98.89600372314453, 219.4080047607422, 223.66400146484375], [0.1120000034570694, 12.432000160217285, 29.904001235961914, 223.66400146484375], [136.5279998779297, 0.1120000034570694, 188.72000122070312, 114.12800598144531], [0.1120000034570694, 12.432000160217285, 29.23200035095215, 155.34400939941406]], 'labels': ['person', 'person', 'person', 'person', 'person']}}"
0449,"{'<DENSE_REGION_CAPTION>': {'bboxes': [[0.1120000034570694, 14.44800090789795, 64.6240005493164, 223.66400146484375], [138.54400634765625, 103.1520004272461, 223.66400146484375, 223.66400146484375], [0.1120000034570694, 14.44800090789795, 32.592002868652344, 223.66400146484375], [127.56800079345703, 0.1120000034570694, 187.37600708007812, 114.12800598144531]], 'labels': ['person', 'person', 'person', 'person']}}"
0450,"{'<DENSE_REGION_CAPTION>': {'bboxes': [[0.1120000034570694, 12.432000160217285, 64.8479995727539, 223.66400146484375], [140.11199951171875, 101.8080062866211, 217.8400115966797, 223.66400146484375], [0.1120000034570694, 12.432000160217285, 31.472000122070312, 223.66400146484375], [122.41600036621094, 15.792000770568848, 183.34400939941406, 113.90400695800781]], 'labels': ['person', 'person', 'person', 'person']}}"
0451,"{'<DENSE_REGION_CAPTION>': {'bboxes': [[0.1120000034570694, 12.432000160217285, 64.6240005493164, 223.66400146484375], [0.1120000034570694, 12.432000160217285, 64.4000015258789, 176.84800720214844], [130.48001098632812, 102.0320053100586, 218.9600067138672, 223.66400146484375], [0.1120000034570694, 12.656000137329102, 31.696001052856445, 223.66400146484375], [0.1120000034570694, 12.880000114440918, 31.02400016784668, 157.36000061035156]], 'labels': ['person', 'person', 'person', 'person', 'person']}}"
0452,"{'<DENSE_REGION_CAPTION>': {'bboxes': [[0.1120000034570694, 12.432000160217285, 64.6240005493164, 223.66400146484375], [126.44800567626953, 99.12000274658203, 223.66400146484375, 223.66400146484375], [0.1120000034570694, 12.432000160217285, 64.4000015258789, 176.84800720214844], [0.1120000034570694, 12.432000160217285, 33.48800277709961, 223.66400146484375], [0.1120000034570694, 12.656000137329102, 31.920000076293945, 158.03199768066406], [131.60000610351562, 36.847999572753906, 174.38400268554688, 114.57600402832031]], 'labels': ['person', 'person', 'person', 'person', 'person', 'person']}}"
0453,"{'<DENSE_REGION_CAPTION>': {'bboxes': [[0.1120000034570694, 13.32800006866455, 64.8479995727539, 223.66400146484375], [0.1120000034570694, 13.32800006866455, 64.6240005493164, 176.84800720214844], [158.03199768066406, 95.31200408935547, 223.66400146484375, 223.66400146484375], [0.1120000034570694, 13.552000045776367, 32.14400100708008, 223.66400146484375], [198.1280059814453, 52.52799987792969, 223.66400146484375, 223.66400146484375], [129.13600158691406, 37.07200241088867, 177.29600524902344, 113.90400695800781]], 'labels': ['person', 'person', 'person', 'person', 'person', 'person']}}"
0454,"{'<DENSE_REGION_CAPTION>': {'bboxes': [[0.1120000034570694, 13.552000045776367, 64.6240005493164, 223.66400146484375], [0.1120000034570694, 13.552000045776367, 34.608001708984375, 223.66400146484375], [158.48001098632812, 94.63999938964844, 206.41600036621094, 223.66400146484375], [197.6800079345703, 53.64800262451172, 223.66400146484375, 223.66400146484375], [129.58399963378906, 37.07200241088867, 175.27999877929688, 114.57600402832031]], 'labels': ['person', 'person', 'person', 'person', 'person']}}"
0455,"{'<DENSE_REGION_CAPTION>': {'bboxes': [[0.1120000034570694, 12.432000160217285, 76.49600219726562, 223.66400146484375], [147.05599975585938, 115.24800109863281, 209.552001953125, 223.66400146484375], [191.4080047607422, 53.42399978637695, 223.66400146484375, 223.66400146484375], [129.80799865722656, 37.96800231933594, 175.27999877929688, 115.02400207519531]], 'labels': ['person', 'person', 'person', 'person']}}"
0456,"{'<DENSE_REGION_CAPTION>': {'bboxes': [[0.1120000034570694, 12.432000160217285, 72.46400451660156, 223.66400146484375], [0.1120000034570694, 12.432000160217285, 72.68800354003906, 174.83200073242188], [123.76000213623047, 96.656005859375, 193.87200927734375, 223.66400146484375], [6.160000324249268, 23.631999969482422, 24.079999923706055, 66.86399841308594]], 'labels': ['person', 'person', 'person', 'human face']}}"
0457,"{'<DENSE_REGION_CAPTION>': {'bboxes': [[0.1120000034570694, 13.552000045776367, 80.52799987792969, 223.66400146484375], [139.21600341796875, 88.36800384521484, 216.94400024414062, 223.66400146484375], [197.2320098876953, 59.24800109863281, 223.66400146484375, 223.66400146484375], [130.70401000976562, 37.07200241088867, 175.50399780273438, 113.45600128173828]], 'labels': ['person', 'person', 'person', 'person']}}"
0458,"{'<DENSE_REGION_CAPTION>': {'bboxes': [[0.1120000034570694, 14.44800090789795, 76.72000122070312, 223.66400146484375], [0.1120000034570694, 14.44800090789795, 76.49600219726562, 176.40000915527344], [158.48001098632812, 93.74400329589844, 223.66400146484375, 223.66400146484375], [136.9759979248047, 38.19200134277344, 172.81600952148438, 123.31200408935547]], 'labels': ['person', 'person', 'person', 'person']}}"
0459,"{'<DENSE_REGION_CAPTION>': {'bboxes': [[0.1120000034570694, 15.344000816345215, 75.60000610351562, 223.66400146484375], [132.04800415039062, 79.40800476074219, 212.01600646972656, 223.66400146484375], [195.21600341796875, 59.92000198364258, 223.66400146484375, 223.66400146484375], [142.1280059814453, 39.98400115966797, 175.95201110839844, 113.23200225830078]], 'labels': ['person', 'person', 'person', 'person']}}"
0460,"{'<DENSE_REGION_CAPTION>': {'bboxes': [[21.84000015258789, 91.2800064086914, 187.15200805664062, 223.66400146484375], [12.432000160217285, 27.88800048828125, 29.45600128173828, 69.10400390625]], 'labels': ['desk', 'human face']}}"
0461,"{'<DENSE_REGION_CAPTION>': {'bboxes': [[0.1120000034570694, 15.568000793457031, 64.8479995727539, 223.66400146484375], [141.6800079345703, 86.35200500488281, 223.66400146484375, 223.66400146484375], [0.1120000034570694, 15.568000793457031, 43.34400177001953, 223.66400146484375], [126.22400665283203, 34.608001708984375, 177.96800231933594, 125.10400390625], [200.36801147460938, 63.72800064086914, 223.66400146484375, 223.66400146484375]], 'labels': ['person', 'person', 'person', 'person', 'person']}}"
0462,"{'<DENSE_REGION_CAPTION>': {'bboxes': [[0.1120000034570694, 16.687999725341797, 64.8479995727539, 223.66400146484375], [145.48800659179688, 86.80000305175781, 223.66400146484375, 223.66400146484375], [0.1120000034570694, 16.687999725341797, 42.224002838134766, 223.66400146484375], [127.12000274658203, 35.95199966430664, 177.96800231933594, 125.552001953125], [206.864013671875, 62.608001708984375, 223.66400146484375, 223.66400146484375]], 'labels': ['person', 'person', 'person', 'person', 'person']}}"
0463,"{'<DENSE_REGION_CAPTION>': {'bboxes': [[21.84000015258789, 90.16000366210938, 188.04800415039062, 223.66400146484375], [6.832000255584717, 37.96800231933594, 26.54400062561035, 76.27200317382812], [177.74400329589844, 123.98400115966797, 189.8400115966797, 167.88800048828125]], 'labels': ['desk', 'human face', 'human face']}}"
0464,"{'<DENSE_REGION_CAPTION>': {'bboxes': [[0.1120000034570694, 15.344000816345215, 64.8479995727539, 223.66400146484375], [154.447998046875, 83.21600341796875, 223.66400146484375, 223.66400146484375], [0.1120000034570694, 15.344000816345215, 40.880001068115234, 223.66400146484375], [121.29600524902344, 34.832000732421875, 170.3520050048828, 125.552001953125], [194.09600830078125, 66.41600036621094, 223.66400146484375, 107.85600280761719]], 'labels': ['person', 'person', 'person', 'person', 'person']}}"
0465,"{'<DENSE_REGION_CAPTION>': {'bboxes': [[0.1120000034570694, 13.552000045776367, 65.0719985961914, 223.66400146484375], [147.50399780273438, 82.09600067138672, 223.66400146484375, 223.66400146484375], [0.1120000034570694, 13.552000045776367, 36.176002502441406, 223.66400146484375], [125.3280029296875, 35.95199966430664, 172.14401245117188, 125.10400390625]], 'labels': ['person', 'person', 'person', 'person']}}"
0466,"{'<DENSE_REGION_CAPTION>': {'bboxes': [[0.1120000034570694, 13.552000045776367, 65.29600524902344, 223.66400146484375], [147.95201110839844, 80.52799987792969, 223.66400146484375, 223.66400146484375], [0.1120000034570694, 13.552000045776367, 65.0719985961914, 179.9840087890625], [128.46400451660156, 37.07200241088867, 174.38400268554688, 124.20800018310547]], 'labels': ['person', 'person', 'person', 'person']}}"
0467,"{'<DENSE_REGION_CAPTION>': {'bboxes': [[0.1120000034570694, 13.776000022888184, 65.0719985961914, 223.66400146484375], [147.95201110839844, 80.52799987792969, 223.66400146484375, 223.66400146484375], [129.13600158691406, 36.624000549316406, 179.31201171875, 122.41600036621094]], 'labels': ['person', 'person', 'person']}}"
0468,"{'<DENSE_REGION_CAPTION>': {'bboxes': [[0.1120000034570694, 13.552000045776367, 65.29600524902344, 223.66400146484375], [147.72801208496094, 78.95999908447266, 223.66400146484375, 223.66400146484375], [0.1120000034570694, 13.552000045776367, 37.29600143432617, 223.66400146484375], [129.13600158691406, 41.552001953125, 173.71200561523438, 131.37600708007812]], 'labels': ['person', 'person', 'person', 'person']}}"
0469,"{'<DENSE_REGION_CAPTION>': {'bboxes': [[0.1120000034570694, 13.776000022888184, 65.29600524902344, 223.66400146484375], [131.82400512695312, 83.21600341796875, 223.66400146484375, 223.66400146484375], [0.1120000034570694, 13.776000022888184, 65.0719985961914, 176.84800720214844], [174.83200073242188, 82.99200439453125, 223.66400146484375, 223.66400146484375], [129.13600158691406, 42.224002838134766, 173.71200561523438, 130.70401000976562]], 'labels': ['person', 'person', 'person', 'person', 'person']}}"
0470,"{'<DENSE_REGION_CAPTION>': {'bboxes': [[0.1120000034570694, 14.44800090789795, 65.29600524902344, 223.66400146484375], [0.1120000034570694, 14.44800090789795, 65.0719985961914, 176.84800720214844], [159.15200805664062, 89.71200561523438, 223.66400146484375, 223.66400146484375], [0.1120000034570694, 14.672000885009766, 33.93600082397461, 223.66400146484375], [129.13600158691406, 43.12000274658203, 174.60800170898438, 130.70401000976562]], 'labels': ['person', 'person', 'person', 'person', 'person']}}"
0471,"{'<DENSE_REGION_CAPTION>': {'bboxes': [[0.1120000034570694, 14.44800090789795, 65.52000427246094, 223.66400146484375], [0.1120000034570694, 14.44800090789795, 65.29600524902344, 176.84800720214844], [162.7360076904297, 88.81600189208984, 223.66400146484375, 223.66400146484375], [0.1120000034570694, 14.672000885009766, 35.95199966430664, 223.66400146484375], [129.13600158691406, 42.224002838134766, 173.48800659179688, 133.39199829101562]], 'labels': ['person', 'person', 'person', 'person', 'person']}}"
0472,"{'<DENSE_REGION_CAPTION>': {'bboxes': [[21.392000198364258, 90.83200073242188, 177.52000427246094, 223.66400146484375], [174.16000366210938, 137.1999969482422, 194.09600830078125, 179.9840087890625], [3.0240001678466797, 28.560001373291016, 20.720001220703125, 70.67200469970703], [108.52799987792969, 91.9520034790039, 223.66400146484375, 223.66400146484375], [0.1120000034570694, 14.672000885009766, 64.8479995727539, 223.66400146484375], [0.1120000034570694, 14.44800090789795, 33.71200180053711, 223.66400146484375], [129.13600158691406, 42.672000885009766, 172.59201049804688, 133.61599731445312]], 'labels': ['desk', 'human face', 'human face', 'person', 'person', 'person', 'person']}}"
0473,"{'<DENSE_REGION_CAPTION>': {'bboxes': [[0.1120000034570694, 13.776000022888184, 65.29600524902344, 223.66400146484375], [117.48800659179688, 89.71200561523438, 210.89601135253906, 223.66400146484375], [0.1120000034570694, 13.776000022888184, 65.0719985961914, 176.84800720214844], [129.13600158691406, 39.98400115966797, 170.8000030517578, 133.61599731445312], [196.11199951171875, 67.98400115966797, 223.66400146484375, 191.1840057373047]], 'labels': ['person', 'person', 'person', 'person', 'person']}}"
0474,"{'<DENSE_REGION_CAPTION>': {'bboxes': [[0.1120000034570694, 15.344000816345215, 65.0719985961914, 223.66400146484375], [0.1120000034570694, 15.344000816345215, 64.8479995727539, 176.40000915527344], [120.4000015258789, 82.99200439453125, 213.58399963378906, 223.66400146484375], [160.49600219726562, 82.99200439453125, 213.80801391601562, 223.66400146484375], [129.13600158691406, 37.07200241088867, 173.04000854492188, 133.8400115966797]], 'labels': ['person', 'woman', 'person', 'person', 'person']}}"
0475,"{'<DENSE_REGION_CAPTION>': {'bboxes': [[0.1120000034570694, 16.464000701904297, 65.0719985961914, 223.66400146484375], [162.7360076904297, 85.23200225830078, 223.66400146484375, 223.66400146484375]], 'labels': ['person', 'person']}}"
0476,"{'<DENSE_REGION_CAPTION>': {'bboxes': [[0.1120000034570694, 14.44800090789795, 64.8479995727539, 223.66400146484375], [171.0240020751953, 87.47200012207031, 223.66400146484375, 223.66400146484375], [129.58399963378906, 45.36000061035156, 173.04000854492188, 133.16799926757812], [205.74400329589844, 65.52000427246094, 223.66400146484375, 223.66400146484375]], 'labels': ['person', 'person', 'person', 'person']}}"
0477,"{'<DENSE_REGION_CAPTION>': {'bboxes': [[0.1120000034570694, 13.552000045776367, 65.29600524902344, 223.66400146484375], [169.6800079345703, 87.92000579833984, 223.66400146484375, 223.66400146484375], [129.58399963378906, 50.96000289916992, 173.93600463867188, 133.39199829101562], [202.16000366210938, 61.26400375366211, 223.66400146484375, 223.66400146484375]], 'labels': ['person', 'person', 'person', 'person']}}"
0478,"{'<DENSE_REGION_CAPTION>': {'bboxes': [[0.1120000034570694, 13.552000045776367, 65.52000427246094, 223.66400146484375], [135.8560028076172, 87.24800109863281, 223.66400146484375, 223.66400146484375], [169.6800079345703, 87.02400207519531, 223.66400146484375, 223.66400146484375], [129.36000061035156, 41.552001953125, 173.93600463867188, 133.61599731445312], [201.04000854492188, 64.1760025024414, 223.66400146484375, 223.66400146484375]], 'labels': ['person', 'person', 'person', 'person', 'person']}}"
0479,"{'<DENSE_REGION_CAPTION>': {'bboxes': [[0.1120000034570694, 13.552000045776367, 64.4000015258789, 223.66400146484375], [164.9759979248047, 84.33600616455078, 220.0800018310547, 223.66400146484375], [132.94400024414062, 43.34400177001953, 177.29600524902344, 134.2880096435547]], 'labels': ['person', 'person', 'person']}}"
0480,"{'<DENSE_REGION_CAPTION>': {'bboxes': [[0.1120000034570694, 13.776000022888184, 64.8479995727539, 223.66400146484375], [159.15200805664062, 84.56000518798828, 223.66400146484375, 223.66400146484375], [132.27200317382812, 48.496002197265625, 177.52000427246094, 134.2880096435547], [1.4560000896453857, 25.648000717163086, 20.272001266479492, 69.3280029296875]], 'labels': ['person', 'person', 'person', 'human face']}}"
0481,"{'<DENSE_REGION_CAPTION>': {'bboxes': [[0.1120000034570694, 12.432000160217285, 65.29600524902344, 223.66400146484375], [132.94400024414062, 86.35200500488281, 223.66400146484375, 223.66400146484375], [0.1120000034570694, 12.432000160217285, 65.0719985961914, 177.29600524902344], [172.59201049804688, 86.35200500488281, 223.66400146484375, 223.44000244140625], [131.60000610351562, 48.720001220703125, 177.07200622558594, 134.2880096435547], [205.29600524902344, 58.12800216674805, 223.66400146484375, 121.29600524902344]], 'labels': ['person', 'person', 'person', 'person', 'person', 'person']}}"
0482,"{'<DENSE_REGION_CAPTION>': {'bboxes': [[0.1120000034570694, 12.656000137329102, 65.52000427246094, 223.66400146484375], [136.5279998779297, 84.33600616455078, 218.9600067138672, 223.66400146484375], [0.1120000034570694, 12.656000137329102, 37.29600143432617, 223.66400146484375], [131.82400512695312, 46.03200149536133, 175.50399780273438, 134.5120086669922], [204.17601013183594, 54.09600067138672, 223.66400146484375, 223.66400146484375]], 'labels': ['person', 'person', 'person', 'person', 'person']}}"
0483,"{'<DENSE_REGION_CAPTION>': {'bboxes': [[0.1120000034570694, 15.344000816345215, 65.29600524902344, 223.66400146484375], [132.94400024414062, 83.21600341796875, 223.66400146484375, 223.66400146484375], [0.1120000034570694, 15.344000816345215, 65.0719985961914, 176.84800720214844], [129.13600158691406, 45.13600158691406, 175.72801208496094, 134.5120086669922]], 'labels': ['person', 'person', 'person', 'person']}}"
0484,"{'<DENSE_REGION_CAPTION>': {'bboxes': [[0.1120000034570694, 16.239999771118164, 65.29600524902344, 223.66400146484375], [133.39199829101562, 88.36800384521484, 219.4080047607422, 223.66400146484375], [0.1120000034570694, 16.239999771118164, 65.0719985961914, 176.40000915527344], [194.32000732421875, 52.30400085449219, 223.66400146484375, 223.66400146484375], [125.3280029296875, 48.496002197265625, 171.9199981689453, 130.92800903320312]], 'labels': ['person', 'person', 'person', 'person', 'person']}}"
0485,"{'<DENSE_REGION_CAPTION>': {'bboxes': [[0.1120000034570694, 15.120000839233398, 65.0719985961914, 223.66400146484375], [136.9759979248047, 89.26399993896484, 220.3040008544922, 223.66400146484375], [195.21600341796875, 54.544002532958984, 223.66400146484375, 223.66400146484375], [136.3040008544922, 30.128000259399414, 178.41600036621094, 115.92000579833984]], 'labels': ['person', 'person', 'person', 'person']}}"
0486,"{'<DENSE_REGION_CAPTION>': {'bboxes': [[0.1120000034570694, 15.568000793457031, 65.29600524902344, 223.66400146484375], [136.9759979248047, 88.59200286865234, 220.0800018310547, 223.66400146484375], [195.21600341796875, 56.336002349853516, 223.66400146484375, 223.66400146484375], [121.74400329589844, 27.216001510620117, 168.5600128173828, 110.31999969482422]], 'labels': ['person', 'person', 'person', 'person']}}"
0487,"{'<DENSE_REGION_CAPTION>': {'bboxes': [[0.1120000034570694, 15.568000793457031, 65.29600524902344, 223.66400146484375], [131.15200805664062, 83.21600341796875, 220.3040008544922, 223.66400146484375], [0.1120000034570694, 15.568000793457031, 34.608001708984375, 223.66400146484375], [196.7840118408203, 54.09600067138672, 223.66400146484375, 223.66400146484375], [119.9520034790039, 27.88800048828125, 166.09600830078125, 113.45600128173828]], 'labels': ['person', 'person', 'person', 'person', 'person']}}"
0488,"{'<DENSE_REGION_CAPTION>': {'bboxes': [[0.1120000034570694, 13.552000045776367, 65.52000427246094, 223.66400146484375], [131.15200805664062, 79.63200378417969, 223.66400146484375, 223.66400146484375], [117.48800659179688, 28.336000442504883, 169.0080108642578, 113.23200225830078]], 'labels': ['person', 'person', 'person']}}"
0489,"{'<DENSE_REGION_CAPTION>': {'bboxes': [[0.1120000034570694, 13.552000045776367, 65.29600524902344, 223.66400146484375], [131.15200805664062, 79.63200378417969, 223.66400146484375, 223.66400146484375], [115.24800109863281, 28.784000396728516, 175.95201110839844, 122.41600036621094]], 'labels': ['person', 'person', 'person']}}"
0490,"{'<DENSE_REGION_CAPTION>': {'bboxes': [[0.1120000034570694, 13.552000045776367, 65.52000427246094, 223.66400146484375], [141.2320098876953, 83.21600341796875, 223.66400146484375, 223.66400146484375], [0.1120000034570694, 13.552000045776367, 45.13600158691406, 223.66400146484375], [117.48800659179688, 29.00800132751465, 169.2320098876953, 118.60800170898438], [194.54400634765625, 55.44000244140625, 223.66400146484375, 94.86400604248047]], 'labels': ['person', 'person', 'person', 'person', 'person']}}"
0491,"{'<DENSE_REGION_CAPTION>': {'bboxes': [[0.1120000034570694, 16.016000747680664, 65.52000427246094, 223.66400146484375], [168.33599853515625, 87.92000579833984, 223.66400146484375, 223.66400146484375], [120.4000015258789, 33.93600082397461, 168.33599853515625, 115.69600677490234], [196.11199951171875, 53.42399978637695, 223.66400146484375, 96.8800048828125]], 'labels': ['person', 'person', 'person', 'person']}}"
0492,"{'<DENSE_REGION_CAPTION>': {'bboxes': [[0.1120000034570694, 14.44800090789795, 65.29600524902344, 223.66400146484375], [0.1120000034570694, 14.44800090789795, 38.41600036621094, 223.66400146484375], [181.552001953125, 97.552001953125, 223.66400146484375, 223.66400146484375], [170.1280059814453, 53.64800262451172, 223.66400146484375, 147.72801208496094], [120.84800720214844, 39.76000213623047, 165.42401123046875, 116.81600189208984]], 'labels': ['person', 'person', 'person', 'person', 'person']}}"
0493,"{'<DENSE_REGION_CAPTION>': {'bboxes': [[0.1120000034570694, 12.432000160217285, 65.29600524902344, 223.66400146484375], [0.1120000034570694, 12.432000160217285, 61.040000915527344, 158.25601196289062], [169.6800079345703, 103.3759994506836, 223.66400146484375, 223.66400146484375], [117.48800659179688, 38.63999938964844, 174.38400268554688, 123.08800506591797], [196.11199951171875, 53.20000076293945, 223.66400146484375, 126.00000762939453]], 'labels': ['person', 'person', 'person', 'person', 'person']}}"
0494,"{'<DENSE_REGION_CAPTION>': {'bboxes': [[21.84000015258789, 90.83200073242188, 196.7840118408203, 223.66400146484375], [0.1120000034570694, 23.631999969482422, 17.583999633789062, 67.98400115966797], [189.39199829101562, 107.63200378417969, 204.84800720214844, 149.29600524902344]], 'labels': ['desk', 'human face', 'human face']}}"
0495,"{'<DENSE_REGION_CAPTION>': {'bboxes': [[0.1120000034570694, 13.552000045776367, 64.8479995727539, 223.66400146484375], [159.15200805664062, 91.7280044555664, 223.66400146484375, 223.66400146484375], [121.74400329589844, 32.592002868652344, 181.7760009765625, 119.7280044555664], [195.66400146484375, 53.20000076293945, 223.66400146484375, 104.72000122070312], [0.1120000034570694, 25.200000762939453, 18.032001495361328, 68.43199920654297], [176.40000915527344, 114.35200500488281, 189.8400115966797, 165.64801025390625]], 'labels': ['person', 'person', 'person', 'person', 'human face', 'human face']}}"
0496,"{'<DENSE_REGION_CAPTION>': {'bboxes': [[0.1120000034570694, 13.552000045776367, 64.8479995727539, 223.66400146484375], [0.1120000034570694, 13.552000045776367, 37.29600143432617, 223.66400146484375], [158.03199768066406, 97.7760009765625, 223.66400146484375, 223.66400146484375], [121.52000427246094, 33.48800277709961, 181.3280029296875, 119.2800064086914]], 'labels': ['person', 'person', 'person', 'person']}}"
0497,"{'<DENSE_REGION_CAPTION>': {'bboxes': [[0.1120000034570694, 13.552000045776367, 64.8479995727539, 223.66400146484375], [0.1120000034570694, 13.552000045776367, 53.42399978637695, 163.8560028076172], [161.8400115966797, 97.552001953125, 223.66400146484375, 223.66400146484375], [126.67200469970703, 33.48800277709961, 181.3280029296875, 119.9520034790039], [206.864013671875, 60.14400100708008, 223.66400146484375, 223.66400146484375]], 'labels': ['person', 'person', 'person', 'person', 'person']}}"
0498,"{'<DENSE_REGION_CAPTION>': {'bboxes': [[0.1120000034570694, 13.552000045776367, 64.8479995727539, 223.66400146484375], [151.5360107421875, 87.24800109863281, 223.66400146484375, 223.66400146484375], [126.44800567626953, 33.263999938964844, 181.552001953125, 120.4000015258789], [205.29600524902344, 54.09600067138672, 223.66400146484375, 223.66400146484375], [205.29600524902344, 54.09600067138672, 223.44000244140625, 143.4720001220703]], 'labels': ['person', 'person', 'person', 'person', 'person']}}"
0499,"{'<DENSE_REGION_CAPTION>': {'bboxes': [[0.1120000034570694, 14.44800090789795, 64.8479995727539, 223.66400146484375], [157.36000061035156, 89.26399993896484, 223.66400146484375, 223.66400146484375], [124.4320068359375, 35.055999755859375, 179.31201171875, 123.08800506591797], [0.1120000034570694, 22.736000061035156, 18.032001495361328, 65.29600524902344]], 'labels': ['person', 'person', 'person', 'human face']}}"
0500,"{'<DENSE_REGION_CAPTION>': {'bboxes': [[0.1120000034570694, 12.432000160217285, 64.8479995727539, 223.66400146484375], [0.1120000034570694, 12.432000160217285, 64.6240005493164, 163.8560028076172], [128.24000549316406, 131.82400512695312, 217.8400115966797, 223.66400146484375], [170.1280059814453, 53.87200164794922, 223.66400146484375, 212.24000549316406], [124.4320068359375, 40.432003021240234, 177.29600524902344, 124.20800018310547]], 'labels': ['person', 'person', 'person', 'person', 'person']}}"
0501,"{'<DENSE_REGION_CAPTION>': {'bboxes': [[0.1120000034570694, 13.552000045776367, 64.8479995727539, 223.66400146484375], [126.22400665283203, 132.72000122070312, 217.3920135498047, 223.66400146484375], [168.5600128173828, 57.23200225830078, 223.66400146484375, 194.99200439453125], [123.53600311279297, 39.53600311279297, 177.29600524902344, 124.4320068359375], [0.1120000034570694, 20.720001220703125, 18.70400047302246, 62.832000732421875], [131.15200805664062, 182.89601135253906, 156.24000549316406, 206.41600036621094]], 'labels': ['person', 'person', 'person', 'person', 'human face', 'human face']}}"
0502,"{'<DENSE_REGION_CAPTION>': {'bboxes': [[0.1120000034570694, 12.656000137329102, 64.8479995727539, 223.66400146484375], [126.00000762939453, 135.6320037841797, 223.66400146484375, 223.66400146484375], [173.04000854492188, 54.768001556396484, 223.66400146484375, 193.64801025390625], [124.656005859375, 40.656002044677734, 177.29600524902344, 124.20800018310547]], 'labels': ['person', 'person', 'person', 'person']}}"
0503,"{'<DENSE_REGION_CAPTION>': {'bboxes': [[0.1120000034570694, 13.552000045776367, 64.8479995727539, 223.66400146484375], [134.0640106201172, 117.04000091552734, 223.66400146484375, 223.66400146484375], [0.1120000034570694, 13.552000045776367, 56.784000396728516, 164.3040008544922], [187.15200805664062, 54.09600067138672, 223.66400146484375, 193.87200927734375], [123.76000213623047, 41.3280029296875, 177.52000427246094, 125.10400390625]], 'labels': ['person', 'person', 'person', 'person', 'person']}}"
0504,"{'<DENSE_REGION_CAPTION>': {'bboxes': [[0.1120000034570694, 14.672000885009766, 71.79199981689453, 223.66400146484375], [173.48800659179688, 105.61600494384766, 223.66400146484375, 223.66400146484375], [123.53600311279297, 38.41600036621094, 177.96800231933594, 124.8800048828125], [8.624000549316406, 27.88800048828125, 25.87200164794922, 69.552001953125]], 'labels': ['person', 'person', 'person', 'human face']}}"
0505,"{'<DENSE_REGION_CAPTION>': {'bboxes': [[0.1120000034570694, 16.464000701904297, 76.72000122070312, 223.66400146484375], [0.1120000034570694, 16.464000701904297, 76.49600219726562, 176.40000915527344], [165.20001220703125, 90.16000366210938, 223.66400146484375, 223.66400146484375], [123.53600311279297, 38.63999938964844, 177.29600524902344, 124.8800048828125], [202.83200073242188, 60.592002868652344, 223.66400146484375, 223.66400146484375]], 'labels': ['person', 'person', 'person', 'person', 'person']}}"
0506,"{'<DENSE_REGION_CAPTION>': {'bboxes': [[21.84000015258789, 90.16000366210938, 185.58399963378906, 223.66400146484375], [17.13599967956543, 38.63999938964844, 34.15999984741211, 76.94400024414062]], 'labels': ['desk', 'human face']}}"
0507,"{'<DENSE_REGION_CAPTION>': {'bboxes': [[0.1120000034570694, 17.583999633789062, 73.13600158691406, 223.66400146484375], [131.82400512695312, 100.68800354003906, 223.66400146484375, 223.66400146484375], [118.83200073242188, 39.53600311279297, 177.29600524902344, 127.56800079345703], [199.4720001220703, 60.36800003051758, 223.66400146484375, 223.66400146484375]], 'labels': ['person', 'person', 'person', 'person']}}"
0508,"{'<DENSE_REGION_CAPTION>': {'bboxes': [[0.1120000034570694, 16.239999771118164, 74.0320053100586, 223.66400146484375], [130.70401000976562, 105.16800689697266, 223.66400146484375, 223.66400146484375], [181.7760009765625, 71.12000274658203, 223.66400146484375, 165.64801025390625], [137.42401123046875, 42.224002838134766, 175.72801208496094, 126.67200469970703]], 'labels': ['person', 'person', 'person', 'person']}}"
0509,"{'<DENSE_REGION_CAPTION>': {'bboxes': [[0.1120000034570694, 16.239999771118164, 65.29600524902344, 223.66400146484375], [130.92800903320312, 103.3759994506836, 223.66400146484375, 223.66400146484375], [0.1120000034570694, 16.239999771118164, 64.8479995727539, 158.25601196289062], [194.32000732421875, 57.00800323486328, 223.66400146484375, 223.66400146484375], [134.5120086669922, 40.656002044677734, 175.72801208496094, 127.34400177001953]], 'labels': ['person', 'person', 'person', 'person', 'person']}}"
0510,"{'<DENSE_REGION_CAPTION>': {'bboxes': [[0.1120000034570694, 14.44800090789795, 65.52000427246094, 223.66400146484375], [129.80799865722656, 103.1520004272461, 223.66400146484375, 223.66400146484375], [0.1120000034570694, 14.44800090789795, 64.8479995727539, 160.94400024414062], [134.9600067138672, 38.19200134277344, 175.72801208496094, 126.89600372314453], [195.21600341796875, 53.42399978637695, 223.66400146484375, 162.9600067138672]], 'labels': ['person', 'person', 'person', 'person', 'person']}}"
0511,"{'<DENSE_REGION_CAPTION>': {'bboxes': [[0.1120000034570694, 12.656000137329102, 65.29600524902344, 223.66400146484375], [128.24000549316406, 100.91200256347656, 223.66400146484375, 223.66400146484375], [0.1120000034570694, 12.656000137329102, 65.0719985961914, 176.84800720214844], [125.7760009765625, 36.624000549316406, 177.96800231933594, 129.58399963378906], [199.2480010986328, 52.52799987792969, 223.66400146484375, 163.6320037841797], [0.1120000034570694, 22.064001083374023, 19.600000381469727, 66.19200134277344], [173.93600463867188, 130.70401000976562, 188.49600219726562, 165.42401123046875]], 'labels': ['person', 'person', 'person', 'person', 'person', 'human face', 'human face']}}"
0512,"{'<DENSE_REGION_CAPTION>': {'bboxes': [[0.1120000034570694, 12.656000137329102, 64.8479995727539, 223.66400146484375], [128.68800354003906, 101.58399963378906, 223.66400146484375, 223.66400146484375], [128.68800354003906, 33.71200180053711, 181.10400390625, 132.72000122070312]], 'labels': ['person', 'person', 'person']}}"
0513,"{'<DENSE_REGION_CAPTION>': {'bboxes': [[0.1120000034570694, 11.53600025177002, 65.0719985961914, 223.66400146484375], [128.46400451660156, 100.68800354003906, 223.66400146484375, 223.66400146484375], [126.89600372314453, 34.608001708984375, 180.2080078125, 132.72000122070312], [198.5760040283203, 52.97600173950195, 223.66400146484375, 223.66400146484375]], 'labels': ['person', 'person', 'person', 'person']}}"
0514,"{'<DENSE_REGION_CAPTION>': {'bboxes': [[0.1120000034570694, 15.568000793457031, 64.6240005493164, 223.66400146484375], [130.48001098632812, 102.4800033569336, 223.66400146484375, 223.66400146484375], [0.1120000034570694, 15.568000793457031, 64.8479995727539, 176.40000915527344], [128.68800354003906, 44.91200256347656, 188.49600219726562, 131.60000610351562], [0.1120000034570694, 15.568000793457031, 32.816001892089844, 99.34400177001953], [199.4720001220703, 53.64800262451172, 223.66400146484375, 126.00000762939453]], 'labels': ['person', 'person', 'person', 'person', 'person', 'person']}}"
0515,"{'<DENSE_REGION_CAPTION>': {'bboxes': [[0.1120000034570694, 15.568000793457031, 74.0320053100586, 223.66400146484375], [0.1120000034570694, 15.568000793457031, 73.80799865722656, 174.83200073242188], [129.13600158691406, 100.91200256347656, 223.66400146484375, 223.66400146484375], [125.3280029296875, 36.847999572753906, 177.96800231933594, 132.49600219726562]], 'labels': ['person', 'person', 'person', 'person']}}"
0516,"{'<DENSE_REGION_CAPTION>': {'bboxes': [[0.1120000034570694, 15.568000793457031, 75.1520004272461, 223.66400146484375], [129.13600158691406, 104.04800415039062, 223.66400146484375, 223.66400146484375], [123.31200408935547, 34.15999984741211, 179.760009765625, 135.1840057373047]], 'labels': ['person', 'person', 'person']}}"
0517,"{'<DENSE_REGION_CAPTION>': {'bboxes': [[0.1120000034570694, 16.464000701904297, 75.60000610351562, 223.66400146484375], [0.1120000034570694, 16.464000701904297, 75.3759994506836, 176.84800720214844], [128.68800354003906, 104.72000122070312, 223.66400146484375, 223.66400146484375], [123.76000213623047, 33.71200180053711, 179.5360107421875, 134.9600067138672], [201.04000854492188, 53.20000076293945, 223.66400146484375, 223.66400146484375]], 'labels': ['person', 'person', 'person', 'person', 'person']}}"
0518,"{'<DENSE_REGION_CAPTION>': {'bboxes': [[0.1120000034570694, 18.928001403808594, 64.4000015258789, 223.66400146484375], [126.00000762939453, 106.96000671386719, 223.66400146484375, 223.66400146484375], [0.1120000034570694, 18.928001403808594, 54.768001556396484, 160.94400024414062], [124.20800018310547, 36.176002502441406, 181.3280029296875, 134.7360076904297], [205.29600524902344, 53.87200164794922, 223.66400146484375, 223.66400146484375]], 'labels': ['person', 'person', 'person', 'person', 'person']}}"
0519,"{'<DENSE_REGION_CAPTION>': {'bboxes': [[0.1120000034570694, 15.568000793457031, 64.8479995727539, 223.66400146484375], [151.760009765625, 107.63200378417969, 223.66400146484375, 223.66400146484375], [125.3280029296875, 35.72800064086914, 181.552001953125, 134.2880096435547], [205.07200622558594, 57.00800323486328, 223.66400146484375, 223.66400146484375], [172.59201049804688, 123.31200408935547, 188.94400024414062, 176.40000915527344], [8.848000526428223, 32.816001892089844, 26.768001556396484, 73.36000061035156]], 'labels': ['person', 'person', 'person', 'person', 'human face', 'human face']}}"
0520,"{'<DENSE_REGION_CAPTION>': {'bboxes': [[0.1120000034570694, 15.568000793457031, 72.24000549316406, 223.66400146484375], [147.95201110839844, 107.85600280761719, 223.66400146484375, 223.66400146484375], [126.89600372314453, 40.656002044677734, 180.656005859375, 134.5120086669922], [204.17601013183594, 65.74400329589844, 223.66400146484375, 133.8400115966797]], 'labels': ['person', 'person', 'person', 'person']}}"
0521,"{'<DENSE_REGION_CAPTION>': {'bboxes': [[0.1120000034570694, 16.016000747680664, 73.13600158691406, 223.66400146484375], [147.50399780273438, 106.06400299072266, 223.66400146484375, 223.66400146484375], [127.56800079345703, 41.3280029296875, 180.8800048828125, 134.7360076904297]], 'labels': ['person', 'person', 'person']}}"
0522,"{'<DENSE_REGION_CAPTION>': {'bboxes': [[0.1120000034570694, 15.568000793457031, 73.58399963378906, 223.66400146484375], [168.11199951171875, 103.60000610351562, 223.66400146484375, 223.66400146484375], [126.89600372314453, 42.0, 181.10400390625, 134.9600067138672], [200.59201049804688, 67.53600311279297, 223.66400146484375, 109.20000457763672]], 'labels': ['person', 'person', 'person', 'person']}}"
0523,"{'<DENSE_REGION_CAPTION>': {'bboxes': [[0.1120000034570694, 15.344000816345215, 73.13600158691406, 223.66400146484375], [148.62400817871094, 99.12000274658203, 223.66400146484375, 223.66400146484375], [126.89600372314453, 42.895999908447266, 180.8800048828125, 134.9600067138672], [201.04000854492188, 64.8479995727539, 223.66400146484375, 223.66400146484375]], 'labels': ['person', 'person', 'person', 'person']}}"
0524,"{'<DENSE_REGION_CAPTION>': {'bboxes': [[0.1120000034570694, 15.568000793457031, 74.0320053100586, 223.66400146484375], [142.8000030517578, 100.01600646972656, 223.66400146484375, 223.66400146484375], [127.56800079345703, 39.0880012512207, 182.2239990234375, 134.9600067138672], [191.1840057373047, 58.35200119018555, 223.66400146484375, 112.33600616455078]], 'labels': ['person', 'person', 'person', 'person']}}"
0525,"{'<DENSE_REGION_CAPTION>': {'bboxes': [[0.1120000034570694, 15.568000793457031, 72.91200256347656, 223.66400146484375], [139.88800048828125, 101.58399963378906, 223.66400146484375, 223.66400146484375], [127.34400177001953, 37.74399948120117, 182.67201232910156, 134.5120086669922], [177.96800231933594, 70.0, 213.13600158691406, 119.9520034790039], [178.41600036621094, 118.38400268554688, 195.44000244140625, 173.93600463867188], [11.312000274658203, 27.440000534057617, 28.112001419067383, 69.3280029296875]], 'labels': ['person', 'person', 'person', 'person', 'human face', 'human face']}}"
0526,"{'<DENSE_REGION_CAPTION>': {'bboxes': [[0.1120000034570694, 16.687999725341797, 64.8479995727539, 223.66400146484375], [139.88800048828125, 101.58399963378906, 223.66400146484375, 223.66400146484375], [0.1120000034570694, 16.687999725341797, 45.58399963378906, 223.66400146484375], [126.89600372314453, 38.19200134277344, 181.552001953125, 134.7360076904297], [178.41600036621094, 59.02400207519531, 223.66400146484375, 143.6959991455078], [187.82400512695312, 59.02400207519531, 223.66400146484375, 109.64800262451172], [177.96800231933594, 120.1760025024414, 195.88800048828125, 174.38400268554688], [9.968000411987305, 34.384002685546875, 27.66400146484375, 74.9280014038086]], 'labels': ['person', 'person', 'person', 'person', 'person', 'person', 'human face', 'human face']}}"
0527,"{'<DENSE_REGION_CAPTION>': {'bboxes': [[0.1120000034570694, 13.552000045776367, 64.8479995727539, 223.66400146484375], [140.7840118408203, 100.68800354003906, 223.66400146484375, 223.66400146484375], [126.44800567626953, 38.19200134277344, 176.62400817871094, 134.2880096435547], [166.32000732421875, 62.384002685546875, 206.41600036621094, 149.52000427246094], [179.0880126953125, 116.59200286865234, 196.33599853515625, 173.71200561523438], [3.696000099182129, 26.09600067138672, 21.392000198364258, 68.43199920654297]], 'labels': ['person', 'person', 'person', 'person', 'human face', 'human face']}}"
0528,"{'<DENSE_REGION_CAPTION>': {'bboxes': [[0.1120000034570694, 13.552000045776367, 64.8479995727539, 223.66400146484375], [139.88800048828125, 101.36000061035156, 223.66400146484375, 223.66400146484375], [0.1120000034570694, 13.552000045776367, 65.0719985961914, 176.40000915527344], [132.94400024414062, 41.104000091552734, 176.62400817871094, 134.0640106201172], [165.20001220703125, 60.592002868652344, 205.07200622558594, 141.6800079345703]], 'labels': ['person', 'person', 'person', 'person', 'person']}}"
0529,"{'<DENSE_REGION_CAPTION>': {'bboxes': [[0.1120000034570694, 14.0, 65.0719985961914, 223.66400146484375], [0.1120000034570694, 14.0, 64.8479995727539, 176.40000915527344], [173.71200561523438, 104.27200317382812, 223.66400146484375, 223.66400146484375], [127.56800079345703, 43.12000274658203, 183.12001037597656, 134.5120086669922], [0.1120000034570694, 14.0, 33.71200180053711, 101.8080062866211], [176.84800720214844, 61.48800277709961, 211.12001037597656, 128.24000549316406]], 'labels': ['person', 'person', 'person', 'person', 'person', 'person']}}"
0530,"{'<DENSE_REGION_CAPTION>': {'bboxes': [[0.1120000034570694, 13.32800006866455, 64.8479995727539, 223.66400146484375], [0.1120000034570694, 13.32800006866455, 64.6240005493164, 176.40000915527344], [173.71200561523438, 103.82400512695312, 223.66400146484375, 223.66400146484375], [126.44800567626953, 44.2400016784668, 182.89601135253906, 134.2880096435547], [0.1120000034570694, 13.32800006866455, 37.29600143432617, 103.82400512695312], [178.41600036621094, 61.48800277709961, 213.80801391601562, 127.56800079345703]], 'labels': ['person', 'person', 'person', 'person', 'person', 'person']}}"
0531,"{'<DENSE_REGION_CAPTION>': {'bboxes': [[0.1120000034570694, 14.44800090789795, 64.6240005493164, 223.66400146484375], [0.1120000034570694, 14.44800090789795, 40.880001068115234, 223.66400146484375], [168.11199951171875, 93.74400329589844, 223.66400146484375, 223.66400146484375], [126.00000762939453, 46.928001403808594, 184.01600646972656, 134.5120086669922], [176.84800720214844, 108.30400085449219, 194.99200439453125, 162.2880096435547], [4.5920000076293945, 32.14400100708008, 23.856000900268555, 71.12000274658203]], 'labels': ['person', 'person', 'person', 'person', 'human face', 'human face']}}"
0532,"{'<DENSE_REGION_CAPTION>': {'bboxes': [[0.1120000034570694, 14.44800090789795, 64.8479995727539, 223.66400146484375], [167.44000244140625, 89.26399993896484, 223.66400146484375, 223.66400146484375], [126.44800567626953, 45.80800247192383, 184.24000549316406, 134.0640106201172], [188.04800415039062, 63.50400161743164, 223.66400146484375, 98.89600372314453]], 'labels': ['person', 'person', 'person', 'person']}}"
0533,"{'<DENSE_REGION_CAPTION>': {'bboxes': [[0.1120000034570694, 17.13599967956543, 65.0719985961914, 223.66400146484375], [0.1120000034570694, 17.13599967956543, 64.8479995727539, 176.40000915527344], [168.33599853515625, 87.92000579833984, 223.66400146484375, 223.66400146484375], [126.00000762939453, 45.36000061035156, 183.79200744628906, 134.2880096435547], [187.15200805664062, 62.608001708984375, 218.9600067138672, 95.76000213623047]], 'labels': ['person', 'person', 'person', 'person', 'person']}}"
0534,"{'<DENSE_REGION_CAPTION>': {'bboxes': [[0.1120000034570694, 15.568000793457031, 64.8479995727539, 223.66400146484375], [137.42401123046875, 92.6240005493164, 223.66400146484375, 223.66400146484375], [125.7760009765625, 47.152000427246094, 184.01600646972656, 134.2880096435547], [4.5920000076293945, 33.263999938964844, 24.079999923706055, 72.46400451660156], [181.552001953125, 132.72000122070312, 196.7840118408203, 167.66400146484375]], 'labels': ['person', 'person', 'person', 'human face', 'human face']}}"
0535,"{'<DENSE_REGION_CAPTION>': {'bboxes': [[0.1120000034570694, 13.552000045776367, 64.8479995727539, 223.66400146484375], [127.12000274658203, 105.16800689697266, 223.66400146484375, 223.66400146484375], [0.1120000034570694, 13.552000045776367, 40.880001068115234, 223.66400146484375], [126.67200469970703, 48.272003173828125, 178.63999938964844, 134.2880096435547], [173.71200561523438, 58.80000305175781, 211.56800842285156, 116.36800384521484]], 'labels': ['person', 'person', 'person', 'person', 'person']}}"
0536,"{'<DENSE_REGION_CAPTION>': {'bboxes': [[0.1120000034570694, 14.44800090789795, 65.0719985961914, 223.66400146484375], [110.76800537109375, 95.53600311279297, 216.04800415039062, 223.66400146484375], [0.1120000034570694, 14.44800090789795, 64.8479995727539, 176.84800720214844], [192.97601318359375, 53.87200164794922, 223.66400146484375, 220.0800018310547], [132.27200317382812, 46.928001403808594, 186.92800903320312, 134.0640106201172]], 'labels': ['person', 'person', 'person', 'person', 'person']}}"
0537,"{'<DENSE_REGION_CAPTION>': {'bboxes': [[0.1120000034570694, 15.568000793457031, 73.58399963378906, 223.66400146484375], [155.34400939941406, 94.19200134277344, 223.66400146484375, 223.66400146484375], [182.67201232910156, 53.87200164794922, 223.66400146484375, 181.10400390625], [126.44800567626953, 51.63199996948242, 181.7760009765625, 134.2880096435547]], 'labels': ['person', 'person', 'person', 'person']}}"
0538,"{'<DENSE_REGION_CAPTION>': {'bboxes': [[0.1120000034570694, 17.13599967956543, 50.96000289916992, 223.66400146484375], [143.9199981689453, 104.04800415039062, 223.66400146484375, 223.66400146484375], [0.1120000034570694, 17.13599967956543, 51.18400192260742, 148.17601013183594], [126.89600372314453, 52.52799987792969, 180.2080078125, 134.2880096435547]], 'labels': ['person', 'person', 'person', 'person']}}"
0539,"{'<DENSE_REGION_CAPTION>': {'bboxes': [[0.1120000034570694, 14.896000862121582, 64.6240005493164, 223.66400146484375], [134.9600067138672, 104.04800415039062, 223.66400146484375, 223.66400146484375], [0.1120000034570694, 14.896000862121582, 47.37600326538086, 223.66400146484375], [127.56800079345703, 56.336002349853516, 180.2080078125, 134.2880096435547], [192.3040008544922, 60.816001892089844, 223.66400146484375, 119.9520034790039]], 'labels': ['person', 'person', 'person', 'person', 'person']}}"
0540,"{'<DENSE_REGION_CAPTION>': {'bboxes': [[0.1120000034570694, 15.792000770568848, 76.04800415039062, 223.66400146484375], [136.5279998779297, 102.2560043334961, 223.66400146484375, 223.66400146484375], [128.68800354003906, 56.560001373291016, 180.2080078125, 134.0640106201172], [189.8400115966797, 57.45600128173828, 220.5279998779297, 110.54400634765625]], 'labels': ['person', 'person', 'person', 'person']}}"
0541,"{'<DENSE_REGION_CAPTION>': {'bboxes': [[0.1120000034570694, 18.70400047302246, 76.04800415039062, 223.66400146484375], [139.66400146484375, 102.0320053100586, 223.66400146484375, 223.66400146484375], [127.79200744628906, 56.560001373291016, 181.552001953125, 134.2880096435547], [192.0800018310547, 60.816001892089844, 223.66400146484375, 109.64800262451172], [181.3280029296875, 123.08800506591797, 195.44000244140625, 177.07200622558594], [34.608001708984375, 36.176002502441406, 52.75200271606445, 74.2560043334961]], 'labels': ['person', 'person', 'person', 'person', 'human face', 'human face']}}"
0542,"{'<DENSE_REGION_CAPTION>': {'bboxes': [[0.1120000034570694, 9.968000411987305, 72.24000549316406, 223.66400146484375], [135.8560028076172, 106.28800201416016, 223.66400146484375, 223.66400146484375], [171.6959991455078, 59.02400207519531, 223.66400146484375, 152.656005859375], [129.36000061035156, 56.336002349853516, 181.10400390625, 134.2880096435547]], 'labels': ['person', 'person', 'person', 'person']}}"
0543,"{'<DENSE_REGION_CAPTION>': {'bboxes': [[21.84000015258789, 91.2800064086914, 194.32000732421875, 223.66400146484375], [181.3280029296875, 125.10400390625, 200.59201049804688, 177.52000427246094], [20.272001266479492, 26.992000579833984, 38.8640022277832, 71.79199981689453]], 'labels': ['desk', 'human face', 'human face']}}"
0544,"{'<DENSE_REGION_CAPTION>': {'bboxes': [[0.1120000034570694, 9.520000457763672, 77.39200592041016, 223.66400146484375], [130.48001098632812, 93.74400329589844, 223.66400146484375, 223.66400146484375], [184.24000549316406, 25.200000762939453, 223.66400146484375, 97.552001953125]], 'labels': ['person', 'person', 'person']}}"
0545,"{'<DENSE_REGION_CAPTION>': {'bboxes': [[0.1120000034570694, 11.760000228881836, 112.11200714111328, 223.66400146484375], [131.82400512695312, 98.0, 223.66400146484375, 223.66400146484375]], 'labels': ['person', 'person']}}"
0546,"{'<DENSE_REGION_CAPTION>': {'bboxes': [[0.1120000034570694, 15.344000816345215, 109.42400360107422, 223.66400146484375], [131.60000610351562, 101.58399963378906, 223.66400146484375, 223.66400146484375], [156.24000549316406, 60.14400100708008, 223.66400146484375, 157.13600158691406]], 'labels': ['person', 'person', 'person']}}"
0547,"{'<DENSE_REGION_CAPTION>': {'bboxes': [[0.1120000034570694, 15.344000816345215, 63.05600357055664, 223.66400146484375], [133.8400115966797, 102.4800033569336, 223.66400146484375, 223.66400146484375], [196.33599853515625, 58.80000305175781, 223.66400146484375, 223.66400146484375], [196.5600128173828, 58.80000305175781, 223.66400146484375, 143.6959991455078], [202.60800170898438, 32.816001892089844, 223.66400146484375, 64.4000015258789]], 'labels': ['person', 'person', 'person', 'person', 'person']}}"
0548,"{'<DENSE_REGION_CAPTION>': {'bboxes': [[133.61599731445312, 92.8479995727539, 223.66400146484375, 223.66400146484375], [0.1120000034570694, 12.432000160217285, 65.0719985961914, 176.62400817871094], [0.1120000034570694, 12.432000160217285, 25.648000717163086, 133.61599731445312], [193.20001220703125, 28.336000442504883, 223.66400146484375, 104.72000122070312]], 'labels': ['person', 'person', 'person', 'person']}}"
0549,"{'<DENSE_REGION_CAPTION>': {'bboxes': [[135.8560028076172, 91.7280044555664, 223.66400146484375, 223.66400146484375], [0.1120000034570694, 65.74400329589844, 38.41600036621094, 223.66400146484375], [0.1120000034570694, 65.52000427246094, 38.41600036621094, 145.04000854492188], [199.4720001220703, 54.992000579833984, 223.66400146484375, 139.21600341796875]], 'labels': ['person', 'person', 'person', 'person']}}"
0550,"{'<DENSE_REGION_CAPTION>': {'bboxes': [[132.04800415039062, 92.1760025024414, 223.66400146484375, 223.66400146484375]], 'labels': ['person']}}"
0551,"{'<DENSE_REGION_CAPTION>': {'bboxes': [[21.84000015258789, 91.2800064086914, 186.48001098632812, 223.66400146484375], [147.27999877929688, 93.74400329589844, 223.66400146484375, 223.66400146484375], [0.1120000034570694, 88.59200286865234, 57.23200225830078, 223.66400146484375], [188.72000122070312, 37.07200241088867, 223.66400146484375, 131.60000610351562]], 'labels': ['desk', 'person', 'person', 'person']}}"
0552,"{'<DENSE_REGION_CAPTION>': {'bboxes': [[21.84000015258789, 91.2800064086914, 190.9600067138672, 223.66400146484375], [140.11199951171875, 94.86400604248047, 223.66400146484375, 223.66400146484375], [0.1120000034570694, 91.2800064086914, 56.784000396728516, 223.66400146484375], [153.3280029296875, 14.44800090789795, 202.83200073242188, 120.1760025024414]], 'labels': ['desk', 'person', 'person', 'person']}}"
0553,"{'<DENSE_REGION_CAPTION>': {'bboxes': [[21.84000015258789, 90.83200073242188, 186.70401000976562, 223.66400146484375], [147.50399780273438, 83.21600341796875, 223.66400146484375, 223.66400146484375], [0.1120000034570694, 96.656005859375, 56.784000396728516, 223.66400146484375], [154.0, 14.223999977111816, 201.04000854492188, 124.4320068359375], [198.3520050048828, 37.29600143432617, 223.66400146484375, 223.66400146484375], [198.3520050048828, 37.29600143432617, 223.44000244140625, 123.31200408935547]], 'labels': ['desk', 'person', 'person', 'person', 'person', 'person']}}"
0554,"{'<DENSE_REGION_CAPTION>': {'bboxes': [[21.84000015258789, 90.83200073242188, 191.8560028076172, 223.66400146484375], [146.60800170898438, 93.07200622558594, 223.66400146484375, 223.66400146484375], [0.1120000034570694, 96.656005859375, 56.560001373291016, 223.66400146484375], [169.9040069580078, 14.0, 198.5760040283203, 95.31200408935547]], 'labels': ['desk', 'person', 'person', 'person']}}"
0555,"{'<DENSE_REGION_CAPTION>': {'bboxes': [[21.84000015258789, 90.83200073242188, 184.24000549316406, 223.66400146484375], [0.1120000034570694, 94.63999938964844, 56.336002349853516, 223.66400146484375]], 'labels': ['desk', 'person']}}"
0556,"{'<DENSE_REGION_CAPTION>': {'bboxes': [[21.84000015258789, 90.60800170898438, 181.3280029296875, 223.66400146484375], [0.1120000034570694, 93.74400329589844, 56.560001373291016, 223.66400146484375], [190.9600067138672, 54.992000579833984, 223.66400146484375, 181.552001953125], [137.42401123046875, 30.80000114440918, 186.70401000976562, 115.92000579833984]], 'labels': ['desk', 'person', 'person', 'person']}}"
0557,"{'<DENSE_REGION_CAPTION>': {'bboxes': [[142.5760040283203, 94.63999938964844, 223.66400146484375, 223.66400146484375], [0.1120000034570694, 92.4000015258789, 56.784000396728516, 223.66400146484375], [123.08800506591797, 33.71200180053711, 177.74400329589844, 124.20800018310547], [192.97601318359375, 63.50400161743164, 223.66400146484375, 223.66400146484375]], 'labels': ['person', 'person', 'person', 'person']}}"
0558,"{'<DENSE_REGION_CAPTION>': {'bboxes': [[21.84000015258789, 90.83200073242188, 179.760009765625, 223.66400146484375], [130.48001098632812, 88.81600189208984, 223.66400146484375, 223.66400146484375], [0.1120000034570694, 76.27200317382812, 56.112003326416016, 223.66400146484375], [125.3280029296875, 36.624000549316406, 175.27999877929688, 129.13600158691406], [199.6959991455078, 60.816001892089844, 223.66400146484375, 223.66400146484375]], 'labels': ['desk', 'person', 'person', 'person', 'person']}}"
0559,"{'<DENSE_REGION_CAPTION>': {'bboxes': [[21.84000015258789, 90.60800170898438, 172.59201049804688, 223.66400146484375], [0.1120000034570694, 54.09600067138672, 65.29600524902344, 223.66400146484375], [143.0240020751953, 93.74400329589844, 211.79200744628906, 223.66400146484375], [0.1120000034570694, 112.78400421142578, 65.0719985961914, 223.66400146484375], [192.97601318359375, 54.09600067138672, 223.66400146484375, 223.66400146484375], [130.70401000976562, 37.29600143432617, 175.50399780273438, 116.36800384521484]], 'labels': ['desk', 'person', 'person', 'person', 'person', 'person']}}"
0560,"{'<DENSE_REGION_CAPTION>': {'bboxes': [[0.1120000034570694, 0.1120000034570694, 65.29600524902344, 223.66400146484375], [0.1120000034570694, 0.1120000034570694, 64.8479995727539, 176.40000915527344], [147.50399780273438, 93.07200622558594, 206.41600036621094, 223.66400146484375], [186.48001098632812, 61.71200180053711, 223.66400146484375, 223.66400146484375], [135.8560028076172, 34.384002685546875, 175.95201110839844, 154.2239990234375]], 'labels': ['person', 'person', 'person', 'person', 'person']}}"
0561,"{'<DENSE_REGION_CAPTION>': {'bboxes': [[21.84000015258789, 90.83200073242188, 165.42401123046875, 223.66400146484375], [0.1120000034570694, 0.1120000034570694, 80.97600555419922, 223.66400146484375], [0.1120000034570694, 0.1120000034570694, 80.75199890136719, 138.54400634765625], [139.44000244140625, 92.8479995727539, 207.760009765625, 223.66400146484375], [0.1120000034570694, 54.544002532958984, 80.75199890136719, 138.32000732421875], [188.49600219726562, 53.42399978637695, 223.66400146484375, 187.82400512695312], [135.4080047607422, 32.36800003051758, 182.2239990234375, 122.86400604248047]], 'labels': ['desk', 'person', 'person', 'person', 'person', 'person', 'person']}}"
0562,"{'<DENSE_REGION_CAPTION>': {'bboxes': [[0.1120000034570694, 12.656000137329102, 98.44800567626953, 223.66400146484375], [142.5760040283203, 87.02400207519531, 207.31201171875, 223.66400146484375], [192.0800018310547, 54.544002532958984, 223.66400146484375, 223.66400146484375], [135.1840057373047, 31.248001098632812, 179.0880126953125, 121.52000427246094]], 'labels': ['person', 'person', 'person', 'person']}}"
0563,"{'<DENSE_REGION_CAPTION>': {'bboxes': [[0.1120000034570694, 4.815999984741211, 87.24800109863281, 223.66400146484375], [0.1120000034570694, 4.815999984741211, 81.87200164794922, 162.2880096435547], [156.24000549316406, 83.66400146484375, 208.4320068359375, 223.66400146484375], [134.9600067138672, 31.02400016784668, 182.67201232910156, 121.52000427246094], [199.92001342773438, 58.35200119018555, 223.66400146484375, 185.13600158691406]], 'labels': ['person', 'person', 'person', 'person', 'person']}}"
0564,"{'<DENSE_REGION_CAPTION>': {'bboxes': [[0.1120000034570694, 7.28000020980835, 74.7040023803711, 223.66400146484375], [0.1120000034570694, 7.28000020980835, 74.4800033569336, 164.3040008544922], [154.447998046875, 83.21600341796875, 223.66400146484375, 223.66400146484375], [135.8560028076172, 31.696001052856445, 180.656005859375, 130.25599670410156], [200.36801147460938, 53.64800262451172, 223.66400146484375, 223.66400146484375]], 'labels': ['person', 'person', 'person', 'person', 'person']}}"
0565,"{'<DENSE_REGION_CAPTION>': {'bboxes': [[0.1120000034570694, 15.568000793457031, 126.67200469970703, 223.66400146484375], [0.1120000034570694, 15.568000793457031, 126.44800567626953, 168.7840118408203], [129.13600158691406, 82.76800537109375, 223.66400146484375, 223.66400146484375], [137.87200927734375, 31.02400016784668, 181.10400390625, 129.58399963378906], [199.2480010986328, 52.97600173950195, 223.66400146484375, 223.66400146484375]], 'labels': ['person', 'person', 'person', 'person', 'person']}}"
0566,"{'<DENSE_REGION_CAPTION>': {'bboxes': [[0.1120000034570694, 15.344000816345215, 122.86400604248047, 223.66400146484375], [0.1120000034570694, 15.344000816345215, 122.64000701904297, 173.04000854492188], [156.46400451660156, 82.31999969482422, 223.66400146484375, 223.66400146484375], [140.11199951171875, 31.920000076293945, 184.24000549316406, 123.08800506591797], [192.0800018310547, 55.44000244140625, 221.64801025390625, 105.61600494384766]], 'labels': ['person', 'person', 'person', 'person', 'person']}}"
0567,"{'<DENSE_REGION_CAPTION>': {'bboxes': [[0.1120000034570694, 25.648000717163086, 125.3280029296875, 223.66400146484375], [140.33599853515625, 80.52799987792969, 223.66400146484375, 223.66400146484375], [20.272001266479492, 41.104000091552734, 40.880001068115234, 90.83200073242188]], 'labels': ['person', 'person', 'human face']}}"
0568,"{'<DENSE_REGION_CAPTION>': {'bboxes': [[0.1120000034570694, 21.61600112915039, 95.31200408935547, 223.66400146484375], [118.83200073242188, 80.30400085449219, 217.8400115966797, 223.66400146484375], [144.81600952148438, 32.14400100708008, 180.8800048828125, 116.36800384521484]], 'labels': ['person', 'person', 'person']}}"
0569,"{'<DENSE_REGION_CAPTION>': {'bboxes': [[0.1120000034570694, 10.640000343322754, 64.8479995727539, 223.66400146484375], [127.79200744628906, 80.75199890136719, 216.04800415039062, 223.66400146484375], [0.1120000034570694, 10.640000343322754, 49.16800308227539, 223.66400146484375], [193.42401123046875, 57.90400314331055, 223.66400146484375, 223.66400146484375], [144.81600952148438, 31.696001052856445, 182.2239990234375, 115.47200012207031]], 'labels': ['person', 'person', 'person', 'person', 'person']}}"
0570,"{'<DENSE_REGION_CAPTION>': {'bboxes': [[21.84000015258789, 91.5040054321289, 190.5120086669922, 223.66400146484375], [0.1120000034570694, 3.696000099182129, 63.50400161743164, 223.66400146484375], [162.7360076904297, 84.11199951171875, 223.66400146484375, 223.66400146484375], [140.33599853515625, 63.28000259399414, 223.66400146484375, 126.00000762939453], [147.50399780273438, 31.02400016784668, 181.7760009765625, 98.67200469970703]], 'labels': ['desk', 'person', 'person', 'person', 'person']}}"
0571,"{'<DENSE_REGION_CAPTION>': {'bboxes': [[0.1120000034570694, 3.696000099182129, 83.88800048828125, 223.66400146484375], [0.1120000034570694, 0.1120000034570694, 76.04800415039062, 180.4320068359375], [158.03199768066406, 81.64800262451172, 223.66400146484375, 223.66400146484375], [117.48800659179688, 76.49600219726562, 194.54400634765625, 164.3040008544922], [144.81600952148438, 31.02400016784668, 181.10400390625, 112.33600616455078]], 'labels': ['person', 'person', 'person', 'person', 'person']}}"
0572,"{'<DENSE_REGION_CAPTION>': {'bboxes': [[0.1120000034570694, 4.815999984741211, 91.9520034790039, 223.66400146484375], [156.46400451660156, 80.97600555419922, 223.66400146484375, 223.66400146484375], [122.64000701904297, 82.54400634765625, 195.21600341796875, 165.42401123046875], [143.4720001220703, 34.15999984741211, 181.7760009765625, 111.44000244140625]], 'labels': ['person', 'person', 'person', 'person']}}"
0573,"{'<DENSE_REGION_CAPTION>': {'bboxes': [[0.1120000034570694, 5.488000392913818, 80.97600555419922, 223.66400146484375], [0.1120000034570694, 0.1120000034570694, 64.8479995727539, 223.66400146484375], [153.7760009765625, 80.08000183105469, 223.66400146484375, 223.66400146484375], [126.67200469970703, 79.63200378417969, 193.87200927734375, 164.5279998779297], [147.50399780273438, 28.336000442504883, 181.10400390625, 95.53600311279297]], 'labels': ['person', 'person', 'person', 'person', 'person']}}"
0574,"{'<DENSE_REGION_CAPTION>': {'bboxes': [[0.1120000034570694, 5.488000392913818, 78.51200103759766, 223.66400146484375], [158.03199768066406, 80.52799987792969, 223.66400146484375, 223.66400146484375], [130.70401000976562, 67.76000213623047, 199.0240020751953, 164.3040008544922], [144.81600952148438, 15.120000839233398, 182.89601135253906, 115.24800109863281]], 'labels': ['person', 'person', 'person', 'person']}}"
0575,"{'<DENSE_REGION_CAPTION>': {'bboxes': [[0.1120000034570694, 6.6080002784729, 80.97600555419922, 223.66400146484375], [156.46400451660156, 82.99200439453125, 223.66400146484375, 223.66400146484375], [135.8560028076172, 37.96800231933594, 189.6160125732422, 149.07200622558594], [204.40000915527344, 54.320003509521484, 223.66400146484375, 90.38400268554688]], 'labels': ['person', 'person', 'person', 'person']}}"
0576,"{'<DENSE_REGION_CAPTION>': {'bboxes': [[2.128000020980835, 8.624000549316406, 98.67200469970703, 223.66400146484375], [100.68800354003906, 86.12800598144531, 209.7760009765625, 223.66400146484375], [117.48800659179688, 49.61600112915039, 193.20001220703125, 162.2880096435547], [192.97601318359375, 58.12800216674805, 223.66400146484375, 223.66400146484375]], 'labels': ['person', 'person', 'person', 'person']}}"
0577,"{'<DENSE_REGION_CAPTION>': {'bboxes': [[0.1120000034570694, 90.83200073242188, 175.05599975585938, 223.66400146484375], [46.704002380371094, 32.592002868652344, 64.8479995727539, 78.95999908447266]], 'labels': ['desk', 'human face']}}"
0578,"{'<DENSE_REGION_CAPTION>': {'bboxes': [[0.1120000034570694, 91.5040054321289, 194.32000732421875, 223.66400146484375], [57.68000030517578, 33.263999938964844, 74.2560043334961, 77.84000396728516]], 'labels': ['desk', 'human face']}}"
0579,"{'<DENSE_REGION_CAPTION>': {'bboxes': [[0.1120000034570694, 28.112001419067383, 137.42401123046875, 223.66400146484375], [133.39199829101562, 57.45600128173828, 223.66400146484375, 223.66400146484375], [165.42401123046875, 11.53600025177002, 199.6959991455078, 80.75199890136719]], 'labels': ['person', 'person', 'person']}}"
0580,"{'<DENSE_REGION_CAPTION>': {'bboxes': [[62.384002685546875, 39.76000213623047, 160.49600219726562, 223.66400146484375], [3.696000099182129, 13.776000022888184, 93.07200622558594, 178.19200134277344], [162.0640106201172, 102.7040023803711, 223.66400146484375, 223.66400146484375], [153.7760009765625, 29.00800132751465, 193.64801025390625, 150.19200134277344], [185.36000061035156, 74.4800033569336, 222.54400634765625, 113.23200225830078]], 'labels': ['person', 'person', 'person', 'person', 'person']}}"
0581,"{'<DENSE_REGION_CAPTION>': {'bboxes': [[20.272001266479492, 154.447998046875, 42.0, 201.48800659179688], [38.41600036621094, 27.88800048828125, 57.68000030517578, 75.3759994506836]], 'labels': ['bottle', 'human face']}}"
0582,"{'<DENSE_REGION_CAPTION>': {'bboxes': [[20.496000289916992, 154.2239990234375, 41.7760009765625, 201.48800659179688], [54.320003509521484, 31.248001098632812, 71.79199981689453, 78.51200103759766], [181.7760009765625, 118.38400268554688, 194.76800537109375, 171.6959991455078]], 'labels': ['bottle', 'human face', 'human face']}}"
0583,"{'<DENSE_REGION_CAPTION>': {'bboxes': [[50.96000289916992, 40.656002044677734, 144.59201049804688, 223.66400146484375], [4.368000030517578, 8.848000526428223, 74.0320053100586, 214.48001098632812], [129.13600158691406, 56.560001373291016, 223.66400146484375, 200.81600952148438], [147.95201110839844, 89.48799896240234, 207.9840087890625, 223.66400146484375]], 'labels': ['person', 'person', 'person', 'person']}}"
0584,"{'<DENSE_REGION_CAPTION>': {'bboxes': [[58.35200119018555, 35.28000259399414, 144.81600952148438, 223.66400146484375], [5.263999938964844, 6.6080002784729, 83.44000244140625, 177.07200622558594], [130.25599670410156, 98.89600372314453, 206.19200134277344, 223.66400146484375]], 'labels': ['person', 'person', 'person']}}"
0585,"{'<DENSE_REGION_CAPTION>': {'bboxes': [[0.1120000034570694, 2.8000001907348633, 84.78400421142578, 223.66400146484375], [127.79200744628906, 102.9280014038086, 207.760009765625, 223.66400146484375], [174.83200073242188, 37.29600143432617, 223.66400146484375, 223.66400146484375], [165.20001220703125, 16.91200065612793, 202.83200073242188, 144.59201049804688], [63.05600357055664, 0.1120000034570694, 97.7760009765625, 37.52000045776367]], 'labels': ['person', 'person', 'person', 'person', 'poster']}}"
0586,"{'<DENSE_REGION_CAPTION>': {'bboxes': [[0.1120000034570694, 2.8000001907348633, 73.58399963378906, 223.66400146484375], [0.1120000034570694, 0.1120000034570694, 64.8479995727539, 180.4320068359375], [155.79200744628906, 87.47200012207031, 216.49600219726562, 223.66400146484375], [115.24800109863281, 39.98400115966797, 194.32000732421875, 134.5120086669922], [194.76800537109375, 36.624000549316406, 223.66400146484375, 196.5600128173828]], 'labels': ['person', 'person', 'person', 'person', 'person']}}"
0587,"{'<DENSE_REGION_CAPTION>': {'bboxes': [[0.1120000034570694, 2.8000001907348633, 72.91200256347656, 223.66400146484375], [0.1120000034570694, 0.1120000034570694, 63.50400161743164, 180.4320068359375], [149.07200622558594, 95.98400115966797, 215.37600708007812, 223.66400146484375], [199.2480010986328, 34.832000732421875, 223.66400146484375, 223.66400146484375], [181.7760009765625, 19.152000427246094, 208.2080078125, 111.44000244140625]], 'labels': ['person', 'person', 'person', 'person', 'person']}}"
0588,"{'<DENSE_REGION_CAPTION>': {'bboxes': [[0.1120000034570694, 3.9200000762939453, 78.95999908447266, 223.66400146484375], [0.1120000034570694, 3.9200000762939453, 78.73600006103516, 178.41600036621094], [147.95201110839844, 97.10400390625, 215.37600708007812, 223.66400146484375], [160.94400024414062, 11.088000297546387, 201.93600463867188, 106.73600006103516]], 'labels': ['person', 'person', 'person', 'person']}}"
0589,"{'<DENSE_REGION_CAPTION>': {'bboxes': [[0.1120000034570694, 0.1120000034570694, 89.93600463867188, 223.66400146484375], [146.60800170898438, 97.10400390625, 215.82400512695312, 223.66400146484375], [144.81600952148438, 13.104000091552734, 206.19200134277344, 116.36800384521484], [191.6320037841797, 30.80000114440918, 223.66400146484375, 223.66400146484375]], 'labels': ['person', 'person', 'person', 'person']}}"
0590,"{'<DENSE_REGION_CAPTION>': {'bboxes': [[0.1120000034570694, 0.1120000034570694, 83.66400146484375, 223.66400146484375], [145.48800659179688, 97.552001953125, 215.60000610351562, 223.66400146484375], [144.81600952148438, 11.760000228881836, 208.656005859375, 116.59200286865234], [195.66400146484375, 31.472000122070312, 223.66400146484375, 223.66400146484375]], 'labels': ['woman', 'person', 'person', 'person']}}"
0591,"{'<DENSE_REGION_CAPTION>': {'bboxes': [[0.1120000034570694, 0.1120000034570694, 79.40800476074219, 223.66400146484375], [25.424001693725586, 14.672000885009766, 42.672000885009766, 60.816001892089844]], 'labels': ['girl', 'human face']}}"
0592,"{'<DENSE_REGION_CAPTION>': {'bboxes': [[0.1120000034570694, 8.176000595092773, 105.84000396728516, 223.66400146484375], [0.1120000034570694, 8.176000595092773, 81.20000457763672, 181.3280029296875], [144.59201049804688, 97.7760009765625, 218.9600067138672, 223.66400146484375], [121.96800231933594, 59.02400207519531, 203.50401306152344, 141.6800079345703], [167.44000244140625, 18.256000518798828, 204.17601013183594, 123.53600311279297]], 'labels': ['person', 'person', 'person', 'person', 'person']}}"
0593,"{'<DENSE_REGION_CAPTION>': {'bboxes': [[3.696000099182129, 7.28000020980835, 119.0560073852539, 179.760009765625], [129.58399963378906, 84.11199951171875, 223.66400146484375, 223.66400146484375], [114.80000305175781, 64.6240005493164, 190.9600067138672, 138.54400634765625], [166.09600830078125, 14.44800090789795, 200.59201049804688, 110.31999969482422]], 'labels': ['person', 'person', 'person', 'person']}}"
0594,"{'<DENSE_REGION_CAPTION>': {'bboxes': [[7.728000164031982, 5.712000370025635, 121.96800231933594, 176.40000915527344], [166.09600830078125, 98.0, 223.66400146484375, 223.66400146484375], [130.70401000976562, 18.928001403808594, 186.48001098632812, 121.29600524902344]], 'labels': ['person', 'person', 'person']}}"
0595,"{'<DENSE_REGION_CAPTION>': {'bboxes': [[0.1120000034570694, 13.104000091552734, 63.50400161743164, 223.66400146484375], [0.1120000034570694, 13.104000091552734, 63.28000259399414, 176.40000915527344], [147.95201110839844, 76.94400024414062, 223.66400146484375, 223.66400146484375], [126.00000762939453, 24.304000854492188, 175.05599975585938, 117.93600463867188]], 'labels': ['person', 'person', 'person', 'person']}}"
0596,"{'<DENSE_REGION_CAPTION>': {'bboxes': [[0.1120000034570694, 7.504000186920166, 73.58399963378906, 223.66400146484375], [136.9759979248047, 81.20000457763672, 217.8400115966797, 223.66400146484375], [0.1120000034570694, 7.504000186920166, 73.36000061035156, 162.2880096435547], [125.3280029296875, 26.09600067138672, 173.93600463867188, 120.1760025024414], [189.16799926757812, 57.90400314331055, 223.66400146484375, 184.46400451660156]], 'labels': ['person', 'person', 'person', 'person', 'person']}}"
0597,"{'<DENSE_REGION_CAPTION>': {'bboxes': [[0.1120000034570694, 24.527999877929688, 64.4000015258789, 176.40000915527344], [153.7760009765625, 80.97600555419922, 218.5120086669922, 223.66400146484375], [0.1120000034570694, 24.527999877929688, 52.97600173950195, 161.6160125732422], [126.67200469970703, 28.560001373291016, 175.05599975585938, 122.19200134277344], [191.1840057373047, 55.66400146484375, 223.66400146484375, 158.92800903320312]], 'labels': ['person', 'person', 'person', 'person', 'person']}}"
0598,"{'<DENSE_REGION_CAPTION>': {'bboxes': [[0.1120000034570694, 24.97599983215332, 65.96800231933594, 223.66400146484375], [153.3280029296875, 80.08000183105469, 223.66400146484375, 223.66400146484375], [0.1120000034570694, 24.97599983215332, 48.04800033569336, 223.66400146484375], [0.1120000034570694, 25.200000762939453, 48.04800033569336, 158.70401000976562], [125.7760009765625, 29.45600128173828, 175.05599975585938, 122.41600036621094]], 'labels': ['person', 'person', 'person', 'person', 'person']}}"
0599,"{'<DENSE_REGION_CAPTION>': {'bboxes': [[0.1120000034570694, 33.48800277709961, 66.19200134277344, 223.66400146484375], [0.1120000034570694, 33.48800277709961, 65.96800231933594, 176.40000915527344], [162.0640106201172, 80.75199890136719, 223.66400146484375, 223.66400146484375], [0.1120000034570694, 33.71200180053711, 30.128000259399414, 223.66400146484375], [125.3280029296875, 29.45600128173828, 174.16000366210938, 122.41600036621094]], 'labels': ['person', 'person', 'person', 'person', 'person']}}"
0600,"{'<DENSE_REGION_CAPTION>': {'bboxes': [[0.1120000034570694, 3.696000099182129, 66.86399841308594, 223.66400146484375], [144.36801147460938, 77.16799926757812, 223.66400146484375, 223.66400146484375], [0.1120000034570694, 0.1120000034570694, 53.87200164794922, 178.41600036621094], [124.8800048828125, 29.23200035095215, 174.83200073242188, 122.19200134277344]], 'labels': ['person', 'person', 'person', 'person']}}"
0601,"{'<DENSE_REGION_CAPTION>': {'bboxes': [[3.0240001678466797, 0.1120000034570694, 89.93600463867188, 223.66400146484375], [143.0240020751953, 80.08000183105469, 223.66400146484375, 223.66400146484375], [124.4320068359375, 35.28000259399414, 173.26400756835938, 124.8800048828125], [196.11199951171875, 61.040000915527344, 223.66400146484375, 223.66400146484375]], 'labels': ['person', 'person', 'person', 'person']}}"
0602,"{'<DENSE_REGION_CAPTION>': {'bboxes': [[0.1120000034570694, 90.16000366210938, 183.12001037597656, 223.66400146484375], [33.93600082397461, 18.70400047302246, 48.272003173828125, 62.384002685546875]], 'labels': ['desk', 'human face']}}"
0603,"{'<DENSE_REGION_CAPTION>': {'bboxes': [[0.1120000034570694, 90.16000366210938, 164.3040008544922, 223.66400146484375], [31.248001098632812, 11.312000274658203, 48.496002197265625, 59.02400207519531]], 'labels': ['desk', 'human face']}}"
0604,"{'<DENSE_REGION_CAPTION>': {'bboxes': [[7.728000164031982, 14.672000885009766, 96.43199920654297, 223.66400146484375], [106.51200103759766, 86.57600402832031, 207.760009765625, 223.66400146484375], [123.08800506591797, 47.152000427246094, 196.33599853515625, 111.44000244140625], [196.33599853515625, 55.44000244140625, 223.66400146484375, 219.4080047607422]], 'labels': ['person', 'person', 'person', 'person']}}"
0605,"{'<DENSE_REGION_CAPTION>': {'bboxes': [[0.1120000034570694, 79.40800476074219, 223.66400146484375, 223.66400146484375], [44.2400016784668, 28.784000396728516, 60.592002868652344, 76.27200317382812]], 'labels': ['desk', 'human face']}}"
0606,"{'<DENSE_REGION_CAPTION>': {'bboxes': [[9.296000480651855, 16.464000701904297, 102.4800033569336, 176.84800720214844], [88.81600189208984, 108.30400085449219, 196.7840118408203, 223.66400146484375], [122.86400604248047, 44.4640007019043, 192.5279998779297, 124.8800048828125], [189.8400115966797, 60.816001892089844, 223.66400146484375, 220.5279998779297]], 'labels': ['person', 'person', 'person', 'person']}}"
0607,"{'<DENSE_REGION_CAPTION>': {'bboxes': [[0.1120000034570694, 79.85600280761719, 199.6959991455078, 223.66400146484375], [144.36801147460938, 128.01600646972656, 156.46400451660156, 184.01600646972656], [41.552001953125, 29.45600128173828, 56.784000396728516, 73.80799865722656]], 'labels': ['desk', 'human face', 'human face']}}"
0608,"{'<DENSE_REGION_CAPTION>': {'bboxes': [[7.728000164031982, 15.568000793457031, 93.52000427246094, 223.66400146484375], [102.0320053100586, 108.08000183105469, 197.2320098876953, 223.66400146484375], [187.15200805664062, 58.35200119018555, 223.66400146484375, 219.8560028076172], [112.56000518798828, 33.263999938964844, 167.88800048828125, 112.33600616455078]], 'labels': ['person', 'person', 'person', 'person']}}"
0609,"{'<DENSE_REGION_CAPTION>': {'bboxes': [[8.848000526428223, 15.568000793457031, 96.43199920654297, 223.66400146484375], [105.39200592041016, 98.67200469970703, 192.97601318359375, 223.66400146484375], [181.7760009765625, 59.47200012207031, 223.66400146484375, 219.6320037841797], [114.12800598144531, 32.816001892089844, 167.66400146484375, 111.88800048828125]], 'labels': ['person', 'person', 'person', 'person']}}"
0610,"{'<DENSE_REGION_CAPTION>': {'bboxes': [[0.1120000034570694, 89.93600463867188, 223.66400146484375, 223.66400146484375], [42.672000885009766, 28.560001373291016, 57.68000030517578, 73.80799865722656]], 'labels': ['desk', 'human face']}}"
0611,"{'<DENSE_REGION_CAPTION>': {'bboxes': [[0.1120000034570694, 90.38400268554688, 223.66400146484375, 223.66400146484375], [40.432003021240234, 33.263999938964844, 56.784000396728516, 76.27200317382812]], 'labels': ['desk', 'human face']}}"
0612,"{'<DENSE_REGION_CAPTION>': {'bboxes': [[4.5920000076293945, 18.032001495361328, 82.09600067138672, 223.66400146484375], [4.5920000076293945, 18.032001495361328, 81.87200164794922, 179.31201171875], [36.176002502441406, 36.176002502441406, 54.768001556396484, 80.75199890136719]], 'labels': ['person', 'woman', 'human face']}}"
0613,"{'<DENSE_REGION_CAPTION>': {'bboxes': [[6.160000324249268, 15.792000770568848, 85.23200225830078, 223.66400146484375], [37.96800231933594, 24.304000854492188, 56.112003326416016, 69.552001953125]], 'labels': ['woman', 'human face']}}"
0614,"{'<DENSE_REGION_CAPTION>': {'bboxes': [[4.5920000076293945, 17.360000610351562, 74.4800033569336, 223.66400146484375], [153.3280029296875, 85.00800323486328, 223.66400146484375, 223.66400146484375], [193.87200927734375, 63.952003479003906, 223.66400146484375, 217.6160125732422], [132.94400024414062, 40.432003021240234, 174.60800170898438, 122.19200134277344]], 'labels': ['person', 'person', 'person', 'person']}}"
0615,"{'<DENSE_REGION_CAPTION>': {'bboxes': [[0.1120000034570694, 90.83200073242188, 223.66400146484375, 223.66400146484375], [37.29600143432617, 26.09600067138672, 54.992000579833984, 71.34400177001953]], 'labels': ['desk', 'human face']}}"
0616,"{'<DENSE_REGION_CAPTION>': {'bboxes': [[0.1120000034570694, 89.93600463867188, 223.66400146484375, 223.66400146484375], [41.104000091552734, 26.09600067138672, 57.68000030517578, 72.24000549316406]], 'labels': ['desk', 'human face']}}"
0617,"{'<DENSE_REGION_CAPTION>': {'bboxes': [[9.744000434875488, 15.568000793457031, 112.56000518798828, 176.62400817871094], [103.1520004272461, 89.04000091552734, 196.33599853515625, 223.66400146484375], [186.03201293945312, 62.832000732421875, 223.66400146484375, 220.0800018310547], [151.08799743652344, 46.704002380371094, 197.2320098876953, 138.09600830078125]], 'labels': ['person', 'person', 'person', 'person']}}"
0618,"{'<DENSE_REGION_CAPTION>': {'bboxes': [[9.968000411987305, 16.016000747680664, 112.56000518798828, 223.66400146484375], [102.9280014038086, 91.05599975585938, 194.32000732421875, 223.66400146484375], [182.67201232910156, 54.320003509521484, 223.66400146484375, 220.0800018310547], [141.9040069580078, 38.63999938964844, 190.5120086669922, 137.42401123046875], [63.05600357055664, 0.1120000034570694, 97.7760009765625, 37.29600143432617]], 'labels': ['person', 'person', 'person', 'person', 'poster']}}"
0619,"{'<DENSE_REGION_CAPTION>': {'bboxes': [[0.1120000034570694, 89.93600463867188, 199.6959991455078, 223.66400146484375], [33.71200180053711, 24.079999923706055, 52.30400085449219, 71.12000274658203]], 'labels': ['desk', 'human face']}}"
0620,"{'<DENSE_REGION_CAPTION>': {'bboxes': [[5.936000347137451, 12.656000137329102, 88.14400482177734, 223.66400146484375], [117.48800659179688, 91.2800064086914, 196.11199951171875, 223.66400146484375], [184.68800354003906, 58.35200119018555, 223.66400146484375, 219.1840057373047], [120.1760025024414, 33.263999938964844, 179.0880126953125, 115.47200012207031], [62.832000732421875, 0.1120000034570694, 97.7760009765625, 37.52000045776367]], 'labels': ['person', 'person', 'person', 'person', 'poster']}}"
0621,"{'<DENSE_REGION_CAPTION>': {'bboxes': [[0.1120000034570694, 78.06400299072266, 223.66400146484375, 223.66400146484375], [38.63999938964844, 28.112001419067383, 55.21600341796875, 73.80799865722656], [155.12001037597656, 31.920000076293945, 168.33599853515625, 54.544002532958984]], 'labels': ['desk', 'human face', 'human face']}}"
0622,"{'<DENSE_REGION_CAPTION>': {'bboxes': [[121.29600524902344, 96.656005859375, 223.66400146484375, 223.66400146484375], [33.93600082397461, 32.14400100708008, 52.97600173950195, 77.84000396728516]], 'labels': ['girl', 'human face']}}"
0623,"{'<DENSE_REGION_CAPTION>': {'bboxes': [[40.880001068115234, 90.83200073242188, 176.40000915527344, 223.66400146484375], [4.815999984741211, 14.896000862121582, 73.13600158691406, 223.66400146484375], [120.84800720214844, 108.75200653076172, 220.5279998779297, 223.66400146484375], [131.82400512695312, 19.82400131225586, 178.41600036621094, 114.35200500488281], [196.11199951171875, 56.112003326416016, 223.66400146484375, 213.58399963378906], [62.832000732421875, 0.1120000034570694, 97.552001953125, 37.29600143432617]], 'labels': ['desk', 'person', 'person', 'person', 'person', 'poster']}}"
0624,"{'<DENSE_REGION_CAPTION>': {'bboxes': [[120.84800720214844, 110.31999969482422, 222.76800537109375, 223.66400146484375], [35.50400161743164, 30.128000259399414, 53.87200164794922, 76.72000122070312], [196.7840118408203, 76.94400024414062, 212.68800354003906, 110.76800537109375], [147.27999877929688, 39.53600311279297, 160.72000122070312, 62.608001708984375]], 'labels': ['girl', 'human face', 'human face', 'human face']}}"
0625,"{'<DENSE_REGION_CAPTION>': {'bboxes': [[120.84800720214844, 110.76800537109375, 223.66400146484375, 223.66400146484375], [31.248001098632812, 32.592002868652344, 52.08000183105469, 76.27200317382812]], 'labels': ['girl', 'human face']}}"
0626,"{'<DENSE_REGION_CAPTION>': {'bboxes': [[0.1120000034570694, 89.93600463867188, 223.66400146484375, 223.66400146484375], [30.576000213623047, 31.02400016784668, 50.96000289916992, 74.4800033569336], [173.04000854492188, 144.36801147460938, 185.13600158691406, 188.04800415039062]], 'labels': ['desk', 'human face', 'human face']}}"
0627,"{'<DENSE_REGION_CAPTION>': {'bboxes': [[0.1120000034570694, 90.16000366210938, 223.66400146484375, 223.66400146484375], [38.19200134277344, 31.696001052856445, 54.768001556396484, 75.82400512695312]], 'labels': ['desk', 'human face']}}"
0628,"{'<DENSE_REGION_CAPTION>': {'bboxes': [[0.1120000034570694, 16.687999725341797, 89.48799896240234, 223.66400146484375], [166.32000732421875, 107.40800476074219, 223.66400146484375, 223.66400146484375], [122.64000701904297, 27.216001510620117, 183.79200744628906, 128.91200256347656], [201.48800659179688, 53.64800262451172, 223.66400146484375, 128.24000549316406]], 'labels': ['person', 'person', 'person', 'person']}}"
0629,"{'<DENSE_REGION_CAPTION>': {'bboxes': [[116.14400482177734, 115.69600677490234, 223.66400146484375, 223.66400146484375], [171.6959991455078, 160.27200317382812, 185.36000061035156, 194.09600830078125]], 'labels': ['girl', 'human face']}}"
0630,"{'<DENSE_REGION_CAPTION>': {'bboxes': [[119.5040054321289, 114.57600402832031, 223.66400146484375, 223.66400146484375], [198.3520050048828, 68.656005859375, 214.03201293945312, 105.84000396728516], [44.0160026550293, 30.80000114440918, 57.90400314331055, 73.58399963378906]], 'labels': ['girl', 'human face', 'human face']}}"
0631,"{'<DENSE_REGION_CAPTION>': {'bboxes': [[6.6080002784729, 16.91200065612793, 71.56800079345703, 223.66400146484375], [122.41600036621094, 116.14400482177734, 223.66400146484375, 223.66400146484375], [122.64000701904297, 31.02400016784668, 180.4320068359375, 121.74400329589844], [199.92001342773438, 57.90400314331055, 223.66400146484375, 223.66400146484375]], 'labels': ['person', 'person', 'person', 'person']}}"
0632,"{'<DENSE_REGION_CAPTION>': {'bboxes': [[0.1120000034570694, 79.40800476074219, 223.66400146484375, 223.66400146484375], [43.56800079345703, 33.93600082397461, 59.02400207519531, 76.94400024414062]], 'labels': ['desk', 'human face']}}"
0633,"{'<DENSE_REGION_CAPTION>': {'bboxes': [[135.1840057373047, 114.57600402832031, 223.66400146484375, 223.66400146484375], [43.79199981689453, 33.263999938964844, 58.80000305175781, 74.9280014038086]], 'labels': ['girl', 'human face']}}"
0634,"{'<DENSE_REGION_CAPTION>': {'bboxes': [[0.1120000034570694, 90.38400268554688, 223.66400146484375, 223.66400146484375], [199.2480010986328, 70.89600372314453, 215.37600708007812, 108.97600555419922]], 'labels': ['desk', 'human face']}}"
0635,"{'<DENSE_REGION_CAPTION>': {'bboxes': [[0.1120000034570694, 80.08000183105469, 223.66400146484375, 223.66400146484375], [43.79199981689453, 34.384002685546875, 58.57600021362305, 76.04800415039062]], 'labels': ['desk', 'human face']}}"
0636,"{'<DENSE_REGION_CAPTION>': {'bboxes': [[0.1120000034570694, 90.83200073242188, 223.66400146484375, 223.66400146484375], [41.552001953125, 32.592002868652344, 58.57600021362305, 77.84000396728516], [167.44000244140625, 133.8400115966797, 181.3280029296875, 177.96800231933594]], 'labels': ['desk', 'human face', 'human face']}}"
0637,"{'<DENSE_REGION_CAPTION>': {'bboxes': [[0.1120000034570694, 80.30400085449219, 175.50399780273438, 223.66400146484375], [41.3280029296875, 34.608001708984375, 59.02400207519531, 80.52799987792969]], 'labels': ['desk', 'human face']}}"
0638,"{'<DENSE_REGION_CAPTION>': {'bboxes': [[40.432003021240234, 91.5040054321289, 176.40000915527344, 223.66400146484375], [41.104000091552734, 33.71200180053711, 59.02400207519531, 80.52799987792969], [198.3520050048828, 69.552001953125, 215.15200805664062, 109.42400360107422], [165.64801025390625, 134.2880096435547, 177.52000427246094, 172.14401245117188]], 'labels': ['desk', 'human face', 'human face', 'human face']}}"
0639,"{'<DENSE_REGION_CAPTION>': {'bboxes': [[0.1120000034570694, 80.30400085449219, 175.95201110839844, 223.66400146484375], [112.56000518798828, 80.08000183105469, 183.56800842285156, 123.98400115966797], [41.104000091552734, 33.71200180053711, 59.02400207519531, 79.63200378417969]], 'labels': ['desk', 'dog', 'human face']}}"
0640,"{'<DENSE_REGION_CAPTION>': {'bboxes': [[0.1120000034570694, 89.93600463867188, 188.49600219726562, 223.66400146484375], [40.880001068115234, 33.71200180053711, 57.68000030517578, 78.73600006103516]], 'labels': ['desk', 'human face']}}"
0641,"{'<DENSE_REGION_CAPTION>': {'bboxes': [[0.1120000034570694, 90.83200073242188, 188.04800415039062, 223.66400146484375], [42.672000885009766, 31.696001052856445, 59.02400207519531, 78.28800201416016]], 'labels': ['desk', 'human face']}}"
0642,"{'<DENSE_REGION_CAPTION>': {'bboxes': [[6.6080002784729, 18.70400047302246, 89.93600463867188, 223.66400146484375], [112.78400421142578, 115.92000579833984, 195.21600341796875, 223.66400146484375], [181.10400390625, 57.00800323486328, 223.66400146484375, 220.5279998779297], [126.22400665283203, 79.18400573730469, 188.94400024414062, 134.9600067138672]], 'labels': ['person', 'person', 'person', 'person']}}"
0643,"{'<DENSE_REGION_CAPTION>': {'bboxes': [[0.1120000034570694, 79.40800476074219, 199.6959991455078, 223.66400146484375], [44.91200256347656, 37.52000045776367, 62.608001708984375, 81.20000457763672], [197.6800079345703, 68.43199920654297, 213.58399963378906, 106.96000671386719]], 'labels': ['desk', 'human face', 'human face']}}"
0644,"{'<DENSE_REGION_CAPTION>': {'bboxes': [[0.1120000034570694, 89.26399993896484, 199.6959991455078, 223.66400146484375], [43.56800079345703, 35.28000259399414, 61.48800277709961, 79.63200378417969]], 'labels': ['desk', 'human face']}}"
0645,"{'<DENSE_REGION_CAPTION>': {'bboxes': [[0.1120000034570694, 79.40800476074219, 223.66400146484375, 223.66400146484375], [40.432003021240234, 30.128000259399414, 58.12800216674805, 76.72000122070312]], 'labels': ['desk', 'human face']}}"
0646,"{'<DENSE_REGION_CAPTION>': {'bboxes': [[0.1120000034570694, 78.51200103759766, 223.66400146484375, 223.66400146484375], [42.224002838134766, 30.128000259399414, 59.92000198364258, 76.27200317382812]], 'labels': ['desk', 'human face']}}"
0647,"{'<DENSE_REGION_CAPTION>': {'bboxes': [[0.1120000034570694, 79.85600280761719, 223.66400146484375, 223.66400146484375], [42.0, 34.384002685546875, 60.14400100708008, 78.73600006103516], [187.15200805664062, 60.816001892089844, 206.864013671875, 92.1760025024414]], 'labels': ['desk', 'human face', 'human face']}}"
0648,"{'<DENSE_REGION_CAPTION>': {'bboxes': [[0.1120000034570694, 90.83200073242188, 223.66400146484375, 223.66400146484375], [38.41600036621094, 33.040000915527344, 57.23200225830078, 78.28800201416016], [163.6320037841797, 115.92000579833984, 175.05599975585938, 151.9840087890625], [158.70401000976562, 30.128000259399414, 175.05599975585938, 53.64800262451172]], 'labels': ['desk', 'human face', 'human face', 'human face']}}"
0649,"{'<DENSE_REGION_CAPTION>': {'bboxes': [[0.1120000034570694, 90.83200073242188, 223.66400146484375, 223.66400146484375], [40.432003021240234, 33.263999938964844, 59.92000198364258, 79.18400573730469], [163.6320037841797, 27.88800048828125, 176.84800720214844, 52.52799987792969]], 'labels': ['desk', 'human face', 'human face']}}"
0650,"{'<DENSE_REGION_CAPTION>': {'bboxes': [[0.1120000034570694, 91.2800064086914, 223.66400146484375, 223.66400146484375], [40.20800018310547, 34.608001708984375, 59.02400207519531, 80.08000183105469], [160.49600219726562, 26.54400062561035, 174.60800170898438, 51.18400192260742]], 'labels': ['desk', 'human face', 'human face']}}"
0651,"{'<DENSE_REGION_CAPTION>': {'bboxes': [[0.1120000034570694, 90.83200073242188, 199.6959991455078, 223.66400146484375], [39.76000213623047, 35.72800064086914, 59.47200012207031, 80.52799987792969], [186.48001098632812, 64.1760025024414, 206.41600036621094, 98.89600372314453], [158.03199768066406, 26.768001556396484, 173.71200561523438, 50.736000061035156]], 'labels': ['desk', 'human face', 'human face', 'human face']}}"
0652,"{'<DENSE_REGION_CAPTION>': {'bboxes': [[0.1120000034570694, 89.93600463867188, 199.6959991455078, 223.66400146484375], [42.895999908447266, 36.624000549316406, 60.816001892089844, 81.20000457763672], [186.48001098632812, 62.608001708984375, 205.96800231933594, 98.22400665283203], [159.60000610351562, 29.23200035095215, 174.38400268554688, 53.64800262451172]], 'labels': ['desk', 'human face', 'human face', 'human face']}}"
0653,"{'<DENSE_REGION_CAPTION>': {'bboxes': [[0.1120000034570694, 89.93600463867188, 199.6959991455078, 223.66400146484375], [42.0, 36.176002502441406, 60.36800003051758, 80.97600555419922], [187.60000610351562, 61.48800277709961, 205.96800231933594, 96.20800018310547], [161.8400115966797, 28.112001419067383, 176.17601013183594, 53.20000076293945]], 'labels': ['desk', 'human face', 'human face', 'human face']}}"
0654,"{'<DENSE_REGION_CAPTION>': {'bboxes': [[0.1120000034570694, 18.928001403808594, 93.29600524902344, 223.66400146484375], [39.76000213623047, 36.624000549316406, 59.02400207519531, 81.20000457763672], [190.5120086669922, 62.832000732421875, 207.9840087890625, 97.3280029296875], [161.39199829101562, 28.112001419067383, 177.29600524902344, 51.63199996948242]], 'labels': ['girl', 'human face', 'human face', 'human face']}}"
0655,"{'<DENSE_REGION_CAPTION>': {'bboxes': [[0.1120000034570694, 90.16000366210938, 199.2480010986328, 223.66400146484375], [39.98400115966797, 35.72800064086914, 59.02400207519531, 80.08000183105469], [159.37600708007812, 27.440000534057617, 173.26400756835938, 51.63199996948242]], 'labels': ['desk', 'human face', 'human face']}}"
0656,"{'<DENSE_REGION_CAPTION>': {'bboxes': [[0.1120000034570694, 90.83200073242188, 199.2480010986328, 223.66400146484375], [40.20800018310547, 37.74399948120117, 58.80000305175781, 81.20000457763672], [160.27200317382812, 27.440000534057617, 173.93600463867188, 53.20000076293945]], 'labels': ['desk', 'human face', 'human face']}}"
0657,"{'<DENSE_REGION_CAPTION>': {'bboxes': [[7.728000164031982, 20.496000289916992, 90.60800170898438, 223.66400146484375], [41.552001953125, 42.672000885009766, 59.02400207519531, 82.99200439453125], [162.7360076904297, 26.992000579833984, 178.19200134277344, 52.08000183105469]], 'labels': ['girl', 'human face', 'human face']}}"
0658,"{'<DENSE_REGION_CAPTION>': {'bboxes': [[7.728000164031982, 18.928001403808594, 89.93600463867188, 223.66400146484375], [93.29600524902344, 89.04000091552734, 174.60800170898438, 223.66400146484375], [168.5600128173828, 62.608001708984375, 220.3040008544922, 223.66400146484375], [132.94400024414062, 19.376001358032227, 179.31201171875, 115.47200012207031], [62.832000732421875, 0.1120000034570694, 97.552001953125, 37.29600143432617]], 'labels': ['person', 'person', 'person', 'person', 'poster']}}"
0659,"{'<DENSE_REGION_CAPTION>': {'bboxes': [[7.728000164031982, 17.360000610351562, 101.13600158691406, 223.66400146484375], [119.2800064086914, 86.57600402832031, 196.33599853515625, 223.66400146484375], [186.70401000976562, 59.69600296020508, 223.66400146484375, 215.37600708007812], [135.4080047607422, 9.968000411987305, 190.9600067138672, 104.72000122070312]], 'labels': ['person', 'person', 'person', 'person']}}"
0660,"{'<DENSE_REGION_CAPTION>': {'bboxes': [[0.1120000034570694, 76.94400024414062, 223.66400146484375, 223.66400146484375], [42.672000885009766, 33.93600082397461, 59.69600296020508, 78.28800201416016]], 'labels': ['desk', 'human face']}}"
0661,"{'<DENSE_REGION_CAPTION>': {'bboxes': [[40.432003021240234, 91.5040054321289, 160.49600219726562, 223.66400146484375], [43.12000274658203, 31.696001052856445, 59.92000198364258, 77.84000396728516], [160.72000122070312, 21.84000015258789, 178.41600036621094, 47.152000427246094]], 'labels': ['desk', 'human face', 'human face']}}"
0662,"{'<DENSE_REGION_CAPTION>': {'bboxes': [[0.1120000034570694, 17.583999633789062, 82.31999969482422, 223.66400146484375], [110.99200439453125, 88.81600189208984, 200.81600952148438, 223.66400146484375], [43.56800079345703, 33.93600082397461, 58.35200119018555, 75.82400512695312]], 'labels': ['girl', 'girl', 'human face']}}"
0663,"{'<DENSE_REGION_CAPTION>': {'bboxes': [[0.1120000034570694, 80.30400085449219, 223.66400146484375, 223.66400146484375], [44.6879997253418, 32.592002868652344, 60.14400100708008, 75.82400512695312], [159.60000610351562, 24.079999923706055, 173.71200561523438, 49.84000015258789]], 'labels': ['desk', 'human face', 'human face']}}"
0664,"{'<DENSE_REGION_CAPTION>': {'bboxes': [[111.88800048828125, 118.16000366210938, 214.25601196289062, 223.66400146484375], [41.3280029296875, 29.23200035095215, 58.12800216674805, 75.3759994506836], [159.37600708007812, 23.18400001525879, 174.38400268554688, 50.736000061035156]], 'labels': ['girl', 'human face', 'human face']}}"
0665,"{'<DENSE_REGION_CAPTION>': {'bboxes': [[0.1120000034570694, 90.16000366210938, 223.66400146484375, 223.66400146484375], [40.432003021240234, 31.02400016784668, 57.68000030517578, 75.82400512695312], [159.15200805664062, 23.631999969482422, 174.60800170898438, 50.736000061035156]], 'labels': ['desk', 'human face', 'human face']}}"
0666,"{'<DENSE_REGION_CAPTION>': {'bboxes': [[0.1120000034570694, 90.83200073242188, 223.66400146484375, 223.66400146484375], [36.847999572753906, 27.440000534057617, 54.320003509521484, 73.80799865722656]], 'labels': ['desk', 'human face']}}"
0667,"{'<DENSE_REGION_CAPTION>': {'bboxes': [[116.81600189208984, 93.29600524902344, 206.864013671875, 223.66400146484375], [34.15999984741211, 28.112001419067383, 52.97600173950195, 73.80799865722656]], 'labels': ['girl', 'human face']}}"
0668,"{'<DENSE_REGION_CAPTION>': {'bboxes': [[5.488000392913818, 14.672000885009766, 88.59200286865234, 223.66400146484375], [147.95201110839844, 99.12000274658203, 206.864013671875, 223.66400146484375], [192.7519989013672, 53.87200164794922, 223.66400146484375, 212.91200256347656], [128.68800354003906, 28.336000442504883, 165.64801025390625, 109.20000457763672]], 'labels': ['person', 'person', 'person', 'person']}}"
0669,"{'<DENSE_REGION_CAPTION>': {'bboxes': [[5.488000392913818, 12.880000114440918, 103.82400512695312, 223.66400146484375], [136.0800018310547, 91.9520034790039, 206.41600036621094, 223.66400146484375], [194.32000732421875, 54.992000579833984, 223.66400146484375, 223.66400146484375], [124.8800048828125, 29.00800132751465, 168.11199951171875, 117.71200561523438]], 'labels': ['person', 'person', 'person', 'person']}}"
0670,"{'<DENSE_REGION_CAPTION>': {'bboxes': [[0.1120000034570694, 91.2800064086914, 223.66400146484375, 223.66400146484375], [43.79199981689453, 31.696001052856445, 61.48800277709961, 77.84000396728516], [196.33599853515625, 67.08800506591797, 210.44801330566406, 102.7040023803711]], 'labels': ['desk', 'human face', 'human face']}}"
0671,"{'<DENSE_REGION_CAPTION>': {'bboxes': [[0.1120000034570694, 91.2800064086914, 223.66400146484375, 223.66400146484375], [41.104000091552734, 27.440000534057617, 58.57600021362305, 73.80799865722656]], 'labels': ['desk', 'human face']}}"
0672,"{'<DENSE_REGION_CAPTION>': {'bboxes': [[9.968000411987305, 16.016000747680664, 124.8800048828125, 223.66400146484375], [143.0240020751953, 88.14400482177734, 204.40000915527344, 223.66400146484375], [188.04800415039062, 55.21600341796875, 222.32000732421875, 223.66400146484375], [125.7760009765625, 23.631999969482422, 182.2239990234375, 115.69600677490234]], 'labels': ['person', 'person', 'person', 'person']}}"
0673,"{'<DENSE_REGION_CAPTION>': {'bboxes': [[0.1120000034570694, 89.93600463867188, 223.66400146484375, 223.66400146484375], [47.37600326538086, 30.80000114440918, 63.952003479003906, 75.82400512695312]], 'labels': ['desk', 'human face']}}"
0674,"{'<DENSE_REGION_CAPTION>': {'bboxes': [[0.1120000034570694, 80.30400085449219, 223.66400146484375, 223.66400146484375], [46.704002380371094, 31.02400016784668, 64.8479995727539, 76.27200317382812]], 'labels': ['desk', 'human face']}}"
0675,"{'<DENSE_REGION_CAPTION>': {'bboxes': [[0.1120000034570694, 79.85600280761719, 223.66400146484375, 223.66400146484375], [44.91200256347656, 29.45600128173828, 63.05600357055664, 75.82400512695312]], 'labels': ['desk', 'human face']}}"
0676,"{'<DENSE_REGION_CAPTION>': {'bboxes': [[0.1120000034570694, 90.16000366210938, 223.66400146484375, 223.66400146484375], [50.064002990722656, 30.352001190185547, 65.96800231933594, 75.3759994506836]], 'labels': ['desk', 'human face']}}"
0677,"{'<DENSE_REGION_CAPTION>': {'bboxes': [[0.1120000034570694, 89.93600463867188, 223.66400146484375, 223.66400146484375], [49.16800308227539, 32.36800003051758, 65.96800231933594, 76.72000122070312]], 'labels': ['desk', 'human face']}}"
0678,"{'<DENSE_REGION_CAPTION>': {'bboxes': [[0.1120000034570694, 89.93600463867188, 223.66400146484375, 223.66400146484375], [47.82400131225586, 32.36800003051758, 64.8479995727539, 76.27200317382812]], 'labels': ['desk', 'human face']}}"
0679,"{'<DENSE_REGION_CAPTION>': {'bboxes': [[9.968000411987305, 17.13599967956543, 123.31200408935547, 223.66400146484375], [10.86400032043457, 17.13599967956543, 123.31200408935547, 177.74400329589844], [151.760009765625, 117.71200561523438, 218.9600067138672, 223.66400146484375], [185.58399963378906, 57.45600128173828, 223.66400146484375, 203.72801208496094]], 'labels': ['person', 'woman', 'woman', 'woman']}}"
0680,"{'<DENSE_REGION_CAPTION>': {'bboxes': [[0.1120000034570694, 80.30400085449219, 223.66400146484375, 223.66400146484375], [46.47999954223633, 31.248001098632812, 63.28000259399414, 74.9280014038086]], 'labels': ['desk', 'human face']}}"
0681,"{'<DENSE_REGION_CAPTION>': {'bboxes': [[0.1120000034570694, 79.85600280761719, 223.66400146484375, 223.66400146484375], [48.720001220703125, 32.36800003051758, 63.952003479003906, 73.80799865722656]], 'labels': ['desk', 'human face']}}"
0682,"{'<DENSE_REGION_CAPTION>': {'bboxes': [[0.1120000034570694, 79.85600280761719, 223.66400146484375, 223.66400146484375], [46.704002380371094, 32.592002868652344, 63.50400161743164, 76.27200317382812]], 'labels': ['desk', 'human face']}}"
0683,"{'<DENSE_REGION_CAPTION>': {'bboxes': [[0.1120000034570694, 79.85600280761719, 223.66400146484375, 223.66400146484375], [46.47999954223633, 32.592002868652344, 63.952003479003906, 77.16799926757812]], 'labels': ['desk', 'human face']}}"
0684,"{'<DENSE_REGION_CAPTION>': {'bboxes': [[0.1120000034570694, 79.85600280761719, 223.66400146484375, 223.66400146484375], [44.91200256347656, 33.263999938964844, 63.50400161743164, 77.84000396728516]], 'labels': ['desk', 'human face']}}"
0685,"{'<DENSE_REGION_CAPTION>': {'bboxes': [[0.1120000034570694, 89.26399993896484, 223.66400146484375, 223.66400146484375], [44.4640007019043, 32.816001892089844, 62.384002685546875, 74.7040023803711]], 'labels': ['desk', 'human face']}}"
0686,"{'<DENSE_REGION_CAPTION>': {'bboxes': [[0.1120000034570694, 79.85600280761719, 223.66400146484375, 223.66400146484375], [42.895999908447266, 31.02400016784668, 61.48800277709961, 76.72000122070312]], 'labels': ['desk', 'human face']}}"
0687,"{'<DENSE_REGION_CAPTION>': {'bboxes': [[9.968000411987305, 16.016000747680664, 119.2800064086914, 223.66400146484375], [141.9040069580078, 115.69600677490234, 210.89601135253906, 223.66400146484375], [190.9600067138672, 59.92000198364258, 223.66400146484375, 223.66400146484375], [131.60000610351562, 26.54400062561035, 173.93600463867188, 119.9520034790039]], 'labels': ['person', 'person', 'person', 'person']}}"
0688,"{'<DENSE_REGION_CAPTION>': {'bboxes': [[0.1120000034570694, 79.63200378417969, 223.66400146484375, 223.66400146484375], [42.672000885009766, 28.560001373291016, 60.592002868652344, 74.2560043334961]], 'labels': ['desk', 'human face']}}"
0689,"{'<DENSE_REGION_CAPTION>': {'bboxes': [[0.1120000034570694, 78.95999908447266, 223.66400146484375, 223.66400146484375], [45.13600158691406, 31.696001052856445, 63.05600357055664, 77.16799926757812], [197.2320098876953, 82.09600067138672, 217.16799926757812, 113.00800323486328], [155.12001037597656, 38.63999938964844, 170.1280059814453, 64.1760025024414]], 'labels': ['desk', 'human face', 'human face', 'human face']}}"
0690,"{'<DENSE_REGION_CAPTION>': {'bboxes': [[0.1120000034570694, 79.40800476074219, 223.66400146484375, 223.66400146484375], [42.448001861572266, 30.128000259399414, 60.592002868652344, 76.27200317382812], [147.95201110839844, 37.74399948120117, 163.1840057373047, 65.74400329589844]], 'labels': ['desk', 'human face', 'human face']}}"
0691,"{'<DENSE_REGION_CAPTION>': {'bboxes': [[0.1120000034570694, 78.95999908447266, 223.66400146484375, 223.66400146484375], [41.552001953125, 30.128000259399414, 60.816001892089844, 75.3759994506836]], 'labels': ['desk', 'human face']}}"
0692,"{'<DENSE_REGION_CAPTION>': {'bboxes': [[9.968000411987305, 19.152000427246094, 109.42400360107422, 223.66400146484375], [141.9040069580078, 102.2560043334961, 199.92001342773438, 223.66400146484375], [115.24800109863281, 28.560001373291016, 179.31201171875, 120.1760025024414], [187.82400512695312, 58.80000305175781, 223.66400146484375, 215.37600708007812]], 'labels': ['person', 'person', 'person', 'person']}}"
0693,"{'<DENSE_REGION_CAPTION>': {'bboxes': [[0.1120000034570694, 89.93600463867188, 199.6959991455078, 223.66400146484375], [43.79199981689453, 39.76000213623047, 63.28000259399414, 83.44000244140625], [145.71200561523438, 44.91200256347656, 159.82400512695312, 67.53600311279297]], 'labels': ['desk', 'human face', 'human face']}}"
0694,"{'<DENSE_REGION_CAPTION>': {'bboxes': [[0.1120000034570694, 89.93600463867188, 223.66400146484375, 223.66400146484375], [42.672000885009766, 37.07200241088867, 61.48800277709961, 80.52799987792969], [144.81600952148438, 42.0, 161.6160125732422, 67.98400115966797]], 'labels': ['desk', 'human face', 'human face']}}"
0695,"{'<DENSE_REGION_CAPTION>': {'bboxes': [[0.1120000034570694, 79.85600280761719, 223.66400146484375, 223.66400146484375], [34.608001708984375, 40.432003021240234, 56.112003326416016, 89.71200561523438], [193.87200927734375, 75.3759994506836, 208.4320068359375, 111.88800048828125], [147.27999877929688, 39.76000213623047, 160.72000122070312, 65.52000427246094]], 'labels': ['desk', 'human face', 'human face', 'human face']}}"
0696,"{'<DENSE_REGION_CAPTION>': {'bboxes': [[0.1120000034570694, 79.85600280761719, 223.66400146484375, 223.66400146484375], [37.96800231933594, 42.672000885009766, 59.24800109863281, 93.52000427246094], [197.6800079345703, 69.7760009765625, 216.94400024414062, 109.20000457763672], [155.56800842285156, 147.72801208496094, 172.81600952148438, 182.447998046875], [147.50399780273438, 38.63999938964844, 161.39199829101562, 63.72800064086914]], 'labels': ['desk', 'human face', 'human face', 'human face', 'human face']}}"
0697,"{'<DENSE_REGION_CAPTION>': {'bboxes': [[0.1120000034570694, 79.63200378417969, 223.66400146484375, 223.66400146484375], [36.624000549316406, 47.82400131225586, 58.12800216674805, 96.8800048828125], [199.2480010986328, 70.89600372314453, 223.66400146484375, 108.97600555419922], [199.2480010986328, 71.12000274658203, 218.0640106201172, 108.75200653076172], [151.08799743652344, 154.0, 167.44000244140625, 180.4320068359375], [145.48800659179688, 38.63999938964844, 160.04800415039062, 64.4000015258789]], 'labels': ['desk', 'human face', 'human face', 'human face', 'human face', 'human face']}}"
0698,"{'<DENSE_REGION_CAPTION>': {'bboxes': [[8.848000526428223, 30.576000213623047, 121.52000427246094, 223.66400146484375], [119.7280044555664, 95.53600311279297, 202.38400268554688, 223.66400146484375], [183.79200744628906, 85.23200225830078, 223.66400146484375, 223.66400146484375], [133.39199829101562, 29.00800132751465, 176.40000915527344, 124.8800048828125]], 'labels': ['person', 'person', 'person', 'person']}}"
0699,"{'<DENSE_REGION_CAPTION>': {'bboxes': [[0.1120000034570694, 89.93600463867188, 166.32000732421875, 223.66400146484375], [35.72800064086914, 48.720001220703125, 57.90400314331055, 99.34400177001953], [8.848000526428223, 31.696001052856445, 122.86400604248047, 223.66400146484375], [121.52000427246094, 95.53600311279297, 202.60800170898438, 223.66400146484375], [126.89600372314453, 31.248001098632812, 185.58399963378906, 124.20800018310547], [181.10400390625, 82.54400634765625, 222.32000732421875, 223.66400146484375]], 'labels': ['desk', 'human face', 'person', 'person', 'person', 'person']}}"
0700,"{'<DENSE_REGION_CAPTION>': {'bboxes': [[0.1120000034570694, 89.93600463867188, 223.66400146484375, 223.66400146484375], [43.12000274658203, 47.37600326538086, 64.8479995727539, 95.98400115966797]], 'labels': ['desk', 'human face']}}"
0701,"{'<DENSE_REGION_CAPTION>': {'bboxes': [[0.1120000034570694, 80.30400085449219, 223.66400146484375, 223.66400146484375], [198.3520050048828, 74.0320053100586, 223.66400146484375, 119.5040054321289], [43.56800079345703, 48.272003173828125, 64.6240005493164, 97.10400390625]], 'labels': ['desk', 'human face', 'human face']}}"
0702,"{'<DENSE_REGION_CAPTION>': {'bboxes': [[0.1120000034570694, 89.93600463867188, 223.66400146484375, 223.66400146484375], [44.91200256347656, 52.08000183105469, 65.29600524902344, 98.44800567626953], [192.97601318359375, 81.20000457763672, 214.70401000976562, 121.29600524902344]], 'labels': ['desk', 'human face', 'human face']}}"
0703,"{'<DENSE_REGION_CAPTION>': {'bboxes': [[11.53600025177002, 24.079999923706055, 140.11199951171875, 215.15200805664062], [154.67201232910156, 90.16000366210938, 209.3280029296875, 223.66400146484375], [194.09600830078125, 64.1760025024414, 223.66400146484375, 223.66400146484375], [117.04000091552734, 31.248001098632812, 163.4080047607422, 124.8800048828125], [0.1120000034570694, 108.08000183105469, 23.856000900268555, 223.66400146484375]], 'labels': ['person', 'person', 'person', 'person', 'person']}}"
0704,"{'<DENSE_REGION_CAPTION>': {'bboxes': [[45.58399963378906, 35.72800064086914, 61.26400375366211, 78.73600006103516]], 'labels': ['human face']}}"
0705,"{'<DENSE_REGION_CAPTION>': {'bboxes': [[10.86400032043457, 18.928001403808594, 124.4320068359375, 177.29600524902344], [154.67201232910156, 88.59200286865234, 206.41600036621094, 223.66400146484375], [106.51200103759766, 24.75200080871582, 166.76800537109375, 112.56000518798828], [202.38400268554688, 55.44000244140625, 223.66400146484375, 223.66400146484375]], 'labels': ['person', 'person', 'person', 'person']}}"
0706,"{'<DENSE_REGION_CAPTION>': {'bboxes': [[0.1120000034570694, 90.38400268554688, 223.66400146484375, 223.66400146484375], [47.37600326538086, 28.784000396728516, 64.8479995727539, 74.4800033569336]], 'labels': ['desk', 'human face']}}"
0707,"{'<DENSE_REGION_CAPTION>': {'bboxes': [[0.1120000034570694, 90.38400268554688, 223.66400146484375, 223.66400146484375], [57.68000030517578, 44.4640007019043, 67.76000213623047, 75.3759994506836]], 'labels': ['desk', 'human face']}}"
0708,"{'<DENSE_REGION_CAPTION>': {'bboxes': [[0.1120000034570694, 90.83200073242188, 164.9759979248047, 223.66400146484375], [48.944000244140625, 31.920000076293945, 67.53600311279297, 78.95999908447266], [188.72000122070312, 70.0, 207.5360107421875, 104.27200317382812], [129.80799865722656, 49.16800308227539, 145.04000854492188, 70.67200469970703]], 'labels': ['desk', 'human face', 'human face', 'human face']}}"
0709,"{'<DENSE_REGION_CAPTION>': {'bboxes': [[0.1120000034570694, 90.38400268554688, 223.66400146484375, 223.66400146484375], [46.928001403808594, 34.832000732421875, 66.41600036621094, 80.08000183105469], [191.6320037841797, 65.74400329589844, 210.0, 102.9280014038086]], 'labels': ['desk', 'human face', 'human face']}}"
0710,"{'<DENSE_REGION_CAPTION>': {'bboxes': [[12.656000137329102, 21.61600112915039, 127.12000274658203, 177.74400329589844], [145.93600463867188, 86.12800598144531, 205.29600524902344, 223.66400146484375], [185.58399963378906, 57.90400314331055, 223.66400146484375, 215.82400512695312], [133.8400115966797, 39.0880012512207, 188.27200317382812, 108.52799987792969]], 'labels': ['person', 'person', 'person', 'person']}}"
0711,"{'<DENSE_REGION_CAPTION>': {'bboxes': [[0.1120000034570694, 90.38400268554688, 223.66400146484375, 223.66400146484375], [48.944000244140625, 34.384002685546875, 67.98400115966797, 81.42400360107422], [187.15200805664062, 73.58399963378906, 206.41600036621094, 109.87200164794922]], 'labels': ['desk', 'human face', 'human face']}}"
0712,"{'<DENSE_REGION_CAPTION>': {'bboxes': [[12.432000160217285, 18.70400047302246, 121.29600524902344, 177.29600524902344], [146.16000366210938, 93.07200622558594, 204.84800720214844, 223.66400146484375], [178.41600036621094, 61.48800277709961, 223.66400146484375, 215.82400512695312], [131.15200805664062, 21.84000015258789, 180.8800048828125, 113.00800323486328]], 'labels': ['person', 'person', 'person', 'person']}}"
0713,"{'<DENSE_REGION_CAPTION>': {'bboxes': [[12.208000183105469, 19.152000427246094, 122.41600036621094, 177.52000427246094], [118.83200073242188, 94.19200134277344, 197.0080108642578, 223.66400146484375], [146.60800170898438, 94.19200134277344, 197.0080108642578, 223.44000244140625], [189.39199829101562, 55.44000244140625, 223.66400146484375, 218.9600067138672], [123.76000213623047, 25.87200164794922, 176.62400817871094, 116.81600189208984]], 'labels': ['person', 'person', 'person', 'person', 'person']}}"
0714,"{'<DENSE_REGION_CAPTION>': {'bboxes': [[0.1120000034570694, 90.38400268554688, 223.66400146484375, 223.66400146484375], [196.33599853515625, 68.656005859375, 215.82400512695312, 112.56000518798828], [49.84000015258789, 30.352001190185547, 66.86399841308594, 75.82400512695312]], 'labels': ['desk', 'human face', 'human face']}}"
0715,"{'<DENSE_REGION_CAPTION>': {'bboxes': [[105.84000396728516, 105.39200592041016, 196.7840118408203, 223.66400146484375], [49.39200210571289, 30.128000259399414, 66.41600036621094, 75.82400512695312]], 'labels': ['girl', 'human face']}}"
0716,"{'<DENSE_REGION_CAPTION>': {'bboxes': [[0.1120000034570694, 90.16000366210938, 199.2480010986328, 223.66400146484375], [48.496002197265625, 30.80000114440918, 66.41600036621094, 76.27200317382812]], 'labels': ['desk', 'human face']}}"
0717,"{'<DENSE_REGION_CAPTION>': {'bboxes': [[0.1120000034570694, 89.93600463867188, 169.2320098876953, 223.66400146484375], [48.720001220703125, 31.02400016784668, 66.19200134277344, 76.72000122070312], [12.656000137329102, 18.70400047302246, 116.59200286865234, 176.84800720214844], [123.08800506591797, 104.94400024414062, 206.41600036621094, 223.66400146484375], [115.24800109863281, 27.440000534057617, 179.31201171875, 117.26399993896484], [197.6800079345703, 59.24800109863281, 223.66400146484375, 223.66400146484375]], 'labels': ['desk', 'human face', 'person', 'person', 'person', 'person']}}"
0718,"{'<DENSE_REGION_CAPTION>': {'bboxes': [[11.53600025177002, 19.600000381469727, 132.72000122070312, 176.84800720214844], [135.8560028076172, 86.35200500488281, 210.2239990234375, 223.66400146484375], [111.21600341796875, 31.02400016784668, 176.17601013183594, 114.12800598144531], [195.66400146484375, 55.88800048828125, 223.66400146484375, 223.66400146484375]], 'labels': ['person', 'person', 'person', 'person']}}"
0719,"{'<DENSE_REGION_CAPTION>': {'bboxes': [[11.760000228881836, 20.720001220703125, 129.36000061035156, 176.84800720214844], [141.2320098876953, 91.9520034790039, 214.48001098632812, 223.66400146484375], [121.96800231933594, 31.472000122070312, 182.67201232910156, 111.88800048828125], [194.99200439453125, 54.992000579833984, 223.66400146484375, 223.66400146484375]], 'labels': ['person', 'person', 'person', 'person']}}"
0720,"{'<DENSE_REGION_CAPTION>': {'bboxes': [[0.1120000034570694, 90.38400268554688, 199.6959991455078, 223.66400146484375], [44.4640007019043, 35.28000259399414, 64.6240005493164, 82.09600067138672], [11.984000205993652, 19.600000381469727, 129.13600158691406, 176.84800720214844], [168.5600128173828, 58.80000305175781, 223.66400146484375, 221.64801025390625], [126.44800567626953, 96.43199920654297, 190.5120086669922, 223.66400146484375], [121.96800231933594, 26.32000160217285, 187.82400512695312, 135.8560028076172], [26.768001556396484, 55.66400146484375, 66.86399841308594, 121.07200622558594]], 'labels': ['desk', 'human face', 'person', 'person', 'person', 'person', 'scarf']}}"
0721,"{'<DENSE_REGION_CAPTION>': {'bboxes': [[0.1120000034570694, 90.16000366210938, 200.14401245117188, 223.66400146484375], [44.6879997253418, 35.28000259399414, 64.1760025024414, 82.09600067138672], [161.6160125732422, 39.3120002746582, 175.72801208496094, 66.63999938964844]], 'labels': ['desk', 'human face', 'human face']}}"
0722,"{'<DENSE_REGION_CAPTION>': {'bboxes': [[0.1120000034570694, 90.38400268554688, 223.66400146484375, 223.66400146484375], [46.03200149536133, 34.608001708984375, 65.52000427246094, 80.97600555419922], [194.99200439453125, 74.2560043334961, 213.36000061035156, 113.90400695800781], [162.9600067138672, 51.18400192260742, 180.656005859375, 80.08000183105469]], 'labels': ['desk', 'human face', 'human face', 'human face']}}"
0723,"{'<DENSE_REGION_CAPTION>': {'bboxes': [[0.1120000034570694, 90.83200073242188, 199.2480010986328, 223.66400146484375], [46.03200149536133, 34.384002685546875, 65.29600524902344, 80.08000183105469], [186.48001098632812, 71.12000274658203, 202.83200073242188, 109.87200164794922], [162.7360076904297, 54.992000579833984, 178.63999938964844, 84.33600616455078]], 'labels': ['desk', 'human face', 'human face', 'human face']}}"
0724,"{'<DENSE_REGION_CAPTION>': {'bboxes': [[0.1120000034570694, 89.93600463867188, 223.66400146484375, 223.66400146484375], [46.03200149536133, 33.71200180053711, 65.29600524902344, 79.18400573730469], [171.4720001220703, 37.07200241088867, 188.49600219726562, 65.52000427246094]], 'labels': ['desk', 'human face', 'human face']}}"
0725,"{'<DENSE_REGION_CAPTION>': {'bboxes': [[0.1120000034570694, 89.93600463867188, 223.66400146484375, 223.66400146484375], [45.58399963378906, 32.592002868652344, 65.0719985961914, 79.18400573730469], [169.9040069580078, 30.352001190185547, 187.37600708007812, 60.816001892089844]], 'labels': ['desk', 'human face', 'human face']}}"
0726,"{'<DENSE_REGION_CAPTION>': {'bboxes': [[0.1120000034570694, 90.38400268554688, 223.66400146484375, 223.66400146484375], [47.37600326538086, 30.352001190185547, 65.52000427246094, 76.72000122070312], [192.97601318359375, 70.0, 209.552001953125, 108.08000183105469], [166.99200439453125, 36.176002502441406, 183.12001037597656, 62.384002685546875]], 'labels': ['desk', 'human face', 'human face', 'human face']}}"
0727,"{'<DENSE_REGION_CAPTION>': {'bboxes': [[0.1120000034570694, 90.38400268554688, 223.66400146484375, 223.66400146484375], [47.37600326538086, 31.02400016784668, 65.96800231933594, 77.84000396728516]], 'labels': ['desk', 'human face']}}"
0728,"{'<DENSE_REGION_CAPTION>': {'bboxes': [[0.1120000034570694, 80.30400085449219, 223.66400146484375, 223.66400146484375], [44.4640007019043, 33.48800277709961, 64.1760025024414, 79.18400573730469]], 'labels': ['desk', 'human face']}}"
0729,"{'<DENSE_REGION_CAPTION>': {'bboxes': [[0.1120000034570694, 90.38400268554688, 223.66400146484375, 223.66400146484375], [44.4640007019043, 34.608001708984375, 64.1760025024414, 79.85600280761719], [163.1840057373047, 35.28000259399414, 182.0, 61.71200180053711], [148.40000915527344, 108.75200653076172, 158.03199768066406, 143.9199981689453]], 'labels': ['desk', 'human face', 'human face', 'human face']}}"
0730,"{'<DENSE_REGION_CAPTION>': {'bboxes': [[0.1120000034570694, 90.38400268554688, 223.66400146484375, 223.66400146484375], [44.4640007019043, 32.816001892089844, 64.4000015258789, 80.52799987792969], [197.6800079345703, 70.0, 215.37600708007812, 109.20000457763672], [154.67201232910156, 101.36000061035156, 165.20001220703125, 147.72801208496094], [161.8400115966797, 35.28000259399414, 179.5360107421875, 62.832000732421875]], 'labels': ['desk', 'human face', 'human face', 'human face', 'human face']}}"
0731,"{'<DENSE_REGION_CAPTION>': {'bboxes': [[40.432003021240234, 91.2800064086914, 196.11199951171875, 223.66400146484375], [43.56800079345703, 34.15999984741211, 62.832000732421875, 80.08000183105469]], 'labels': ['desk', 'human face']}}"
0732,"{'<DENSE_REGION_CAPTION>': {'bboxes': [[0.1120000034570694, 90.38400268554688, 223.66400146484375, 223.66400146484375], [42.895999908447266, 34.384002685546875, 63.05600357055664, 80.52799987792969], [202.60800170898438, 66.19200134277344, 223.66400146484375, 107.40800476074219], [149.52000427246094, 45.13600158691406, 163.6320037841797, 69.3280029296875]], 'labels': ['desk', 'human face', 'human face', 'human face']}}"
0733,"{'<DENSE_REGION_CAPTION>': {'bboxes': [[0.1120000034570694, 80.30400085449219, 223.66400146484375, 223.66400146484375], [44.91200256347656, 33.48800277709961, 64.4000015258789, 80.52799987792969], [202.38400268554688, 68.656005859375, 219.6320037841797, 110.76800537109375], [147.95201110839844, 41.3280029296875, 162.0640106201172, 65.96800231933594]], 'labels': ['desk', 'human face', 'human face', 'human face']}}"
0734,"{'<DENSE_REGION_CAPTION>': {'bboxes': [[0.1120000034570694, 89.93600463867188, 223.66400146484375, 223.66400146484375], [43.79199981689453, 31.02400016784668, 61.93600082397461, 77.39200592041016], [206.864013671875, 72.68800354003906, 223.66400146484375, 114.12800598144531], [160.72000122070312, 123.31200408935547, 173.93600463867188, 159.15200805664062]], 'labels': ['desk', 'human face', 'human face', 'human face']}}"
0735,"{'<DENSE_REGION_CAPTION>': {'bboxes': [[10.86400032043457, 16.91200065612793, 121.52000427246094, 176.84800720214844], [117.04000091552734, 25.648000717163086, 193.64801025390625, 129.58399963378906], [132.27200317382812, 87.92000579833984, 199.2480010986328, 223.66400146484375], [185.58399963378906, 63.50400161743164, 223.66400146484375, 223.66400146484375]], 'labels': ['person', 'person', 'person', 'person']}}"
0736,"{'<DENSE_REGION_CAPTION>': {'bboxes': [[0.1120000034570694, 78.95999908447266, 223.66400146484375, 223.66400146484375], [42.895999908447266, 27.440000534057617, 61.93600082397461, 74.2560043334961], [10.416000366210938, 17.360000610351562, 119.0560073852539, 176.62400817871094], [157.58399963378906, 87.24800109863281, 208.656005859375, 223.66400146484375], [116.81600189208984, 28.112001419067383, 187.60000610351562, 116.14400482177734], [199.92001342773438, 65.0719985961914, 223.66400146484375, 223.66400146484375]], 'labels': ['desk', 'human face', 'person', 'person', 'person', 'person']}}"
0737,"{'<DENSE_REGION_CAPTION>': {'bboxes': [[10.86400032043457, 18.70400047302246, 123.53600311279297, 177.29600524902344], [133.8400115966797, 90.60800170898438, 208.4320068359375, 223.66400146484375], [111.88800048828125, 27.66400146484375, 186.70401000976562, 116.81600189208984], [194.99200439453125, 73.58399963378906, 223.66400146484375, 223.66400146484375]], 'labels': ['person', 'person', 'person', 'person']}}"
0738,"{'<DENSE_REGION_CAPTION>': {'bboxes': [[0.1120000034570694, 90.38400268554688, 223.66400146484375, 223.66400146484375], [47.37600326538086, 32.592002868652344, 65.74400329589844, 78.51200103759766]], 'labels': ['desk', 'human face']}}"
0739,"{'<DENSE_REGION_CAPTION>': {'bboxes': [[0.1120000034570694, 89.93600463867188, 223.66400146484375, 223.66400146484375], [41.552001953125, 30.576000213623047, 60.816001892089844, 78.73600006103516]], 'labels': ['desk', 'human face']}}"
0740,"{'<DENSE_REGION_CAPTION>': {'bboxes': [[0.1120000034570694, 79.63200378417969, 223.66400146484375, 223.66400146484375], [41.552001953125, 30.80000114440918, 61.26400375366211, 78.95999908447266], [10.86400032043457, 18.70400047302246, 123.31200408935547, 176.84800720214844], [125.3280029296875, 87.69599914550781, 209.3280029296875, 223.66400146484375], [111.88800048828125, 29.45600128173828, 184.91200256347656, 109.87200164794922], [196.33599853515625, 64.4000015258789, 223.66400146484375, 223.66400146484375]], 'labels': ['desk', 'human face', 'person', 'person', 'person', 'person']}}"
0741,"{'<DENSE_REGION_CAPTION>': {'bboxes': [[10.640000343322754, 18.70400047302246, 120.6240005493164, 176.84800720214844], [42.0, 31.696001052856445, 60.36800003051758, 76.72000122070312], [147.95201110839844, 158.92800903320312, 173.26400756835938, 184.24000549316406]], 'labels': ['girl', 'human face', 'human face']}}"
0742,"{'<DENSE_REGION_CAPTION>': {'bboxes': [[0.1120000034570694, 90.38400268554688, 223.66400146484375, 223.66400146484375], [44.2400016784668, 32.592002868652344, 63.28000259399414, 78.73600006103516], [155.79200744628906, 42.0, 172.59201049804688, 70.0]], 'labels': ['desk', 'human face', 'human face']}}"
0743,"{'<DENSE_REGION_CAPTION>': {'bboxes': [[11.760000228881836, 18.256000518798828, 125.3280029296875, 176.40000915527344], [124.8800048828125, 86.12800598144531, 206.41600036621094, 223.66400146484375], [189.39199829101562, 59.24800109863281, 223.66400146484375, 223.66400146484375], [111.88800048828125, 34.384002685546875, 172.81600952148438, 112.33600616455078]], 'labels': ['person', 'person', 'person', 'person']}}"
0744,"{'<DENSE_REGION_CAPTION>': {'bboxes': [[0.1120000034570694, 90.16000366210938, 169.6800079345703, 223.66400146484375], [44.4640007019043, 34.384002685546875, 63.952003479003906, 79.63200378417969], [149.07200622558594, 48.720001220703125, 164.7519989013672, 69.552001953125]], 'labels': ['desk', 'human face', 'human face']}}"
0745,"{'<DENSE_REGION_CAPTION>': {'bboxes': [[0.1120000034570694, 89.93600463867188, 223.66400146484375, 223.66400146484375], [44.6879997253418, 32.816001892089844, 63.72800064086914, 79.85600280761719], [191.8560028076172, 77.61600494384766, 212.01600646972656, 113.45600128173828], [156.91200256347656, 47.152000427246094, 173.48800659179688, 72.68800354003906]], 'labels': ['desk', 'human face', 'human face', 'human face']}}"
0746,"{'<DENSE_REGION_CAPTION>': {'bboxes': [[0.1120000034570694, 90.16000366210938, 171.0240020751953, 223.66400146484375], [44.2400016784668, 35.72800064086914, 63.50400161743164, 82.09600067138672]], 'labels': ['desk', 'human face']}}"
0747,"{'<DENSE_REGION_CAPTION>': {'bboxes': [[11.984000205993652, 21.61600112915039, 124.20800018310547, 206.63999938964844], [153.7760009765625, 94.63999938964844, 215.37600708007812, 223.66400146484375], [181.10400390625, 77.39200592041016, 223.66400146484375, 223.66400146484375]], 'labels': ['person', 'person', 'person']}}"
0748,"{'<DENSE_REGION_CAPTION>': {'bboxes': [[0.1120000034570694, 90.38400268554688, 223.66400146484375, 223.66400146484375], [46.03200149536133, 35.72800064086914, 65.52000427246094, 81.87200164794922], [156.91200256347656, 143.4720001220703, 174.83200073242188, 182.0]], 'labels': ['desk', 'human face', 'human face']}}"
0749,"{'<DENSE_REGION_CAPTION>': {'bboxes': [[0.1120000034570694, 89.93600463867188, 223.66400146484375, 223.66400146484375], [46.928001403808594, 34.608001708984375, 66.19200134277344, 79.63200378417969], [156.91200256347656, 145.93600463867188, 175.27999877929688, 182.89601135253906], [145.93600463867188, 35.28000259399414, 160.49600219726562, 63.28000259399414]], 'labels': ['desk', 'human face', 'human face', 'human face']}}"
0750,"{'<DENSE_REGION_CAPTION>': {'bboxes': [[13.32800006866455, 19.82400131225586, 124.4320068359375, 179.0880126953125], [125.552001953125, 90.60800170898438, 212.24000549316406, 223.66400146484375], [186.70401000976562, 62.384002685546875, 223.66400146484375, 223.66400146484375], [131.15200805664062, 26.992000579833984, 171.6959991455078, 119.7280044555664]], 'labels': ['person', 'person', 'person', 'person']}}"
0751,"{'<DENSE_REGION_CAPTION>': {'bboxes': [[128.68800354003906, 92.1760025024414, 213.58399963378906, 223.66400146484375], [45.58399963378906, 37.07200241088867, 64.8479995727539, 81.87200164794922], [149.07200622558594, 45.58399963378906, 161.8400115966797, 67.08800506591797]], 'labels': ['girl', 'human face', 'human face']}}"
0752,"{'<DENSE_REGION_CAPTION>': {'bboxes': [[12.656000137329102, 19.600000381469727, 123.76000213623047, 177.74400329589844], [126.67200469970703, 91.7280044555664, 215.15200805664062, 223.66400146484375], [132.27200317382812, 29.904001235961914, 171.9199981689453, 122.41600036621094]], 'labels': ['person', 'person', 'person']}}"
0753,"{'<DENSE_REGION_CAPTION>': {'bboxes': [[13.32800006866455, 20.496000289916992, 126.44800567626953, 181.10400390625], [131.15200805664062, 87.92000579833984, 213.80801391601562, 223.66400146484375], [196.11199951171875, 55.66400146484375, 223.66400146484375, 223.66400146484375], [126.89600372314453, 28.560001373291016, 172.81600952148438, 120.1760025024414]], 'labels': ['person', 'person', 'person', 'person']}}"
0754,"{'<DENSE_REGION_CAPTION>': {'bboxes': [[131.37600708007812, 87.92000579833984, 223.66400146484375, 223.66400146484375], [49.84000015258789, 36.176002502441406, 68.43199920654297, 81.42400360107422], [147.05599975585938, 44.0160026550293, 160.94400024414062, 70.89600372314453]], 'labels': ['girl', 'human face', 'human face']}}"
0755,"{'<DENSE_REGION_CAPTION>': {'bboxes': [[13.552000045776367, 20.496000289916992, 124.4320068359375, 179.760009765625], [131.60000610351562, 88.14400482177734, 223.66400146484375, 223.66400146484375], [129.58399963378906, 28.560001373291016, 179.31201171875, 122.19200134277344]], 'labels': ['person', 'person', 'person']}}"
0756,"{'<DENSE_REGION_CAPTION>': {'bboxes': [[0.1120000034570694, 90.83200073242188, 223.66400146484375, 223.66400146484375], [73.58399963378906, 42.672000885009766, 90.83200073242188, 86.35200500488281], [149.96800231933594, 37.07200241088867, 164.9759979248047, 65.52000427246094]], 'labels': ['desk', 'human face', 'human face']}}"
0757,"{'<DENSE_REGION_CAPTION>': {'bboxes': [[4.5920000076293945, 17.583999633789062, 145.48800659179688, 189.8400115966797], [19.600000381469727, 19.600000381469727, 120.4000015258789, 187.15200805664062], [155.34400939941406, 90.38400268554688, 211.56800842285156, 223.66400146484375], [184.46400451660156, 66.19200134277344, 223.66400146484375, 223.66400146484375], [129.58399963378906, 26.32000160217285, 177.96800231933594, 114.80000305175781]], 'labels': ['person', 'woman', 'person', 'person', 'person']}}"
0758,"{'<DENSE_REGION_CAPTION>': {'bboxes': [[133.8400115966797, 98.89600372314453, 210.44801330566406, 223.66400146484375], [197.6800079345703, 67.98400115966797, 223.66400146484375, 111.88800048828125], [44.0160026550293, 28.784000396728516, 62.832000732421875, 74.9280014038086], [152.2080078125, 38.63999938964844, 167.66400146484375, 64.4000015258789]], 'labels': ['girl', 'human face', 'human face', 'human face']}}"
0759,"{'<DENSE_REGION_CAPTION>': {'bboxes': [[5.936000347137451, 17.360000610351562, 120.1760025024414, 215.37600708007812], [44.91200256347656, 30.128000259399414, 64.1760025024414, 75.82400512695312], [198.3520050048828, 68.43199920654297, 213.80801391601562, 108.52799987792969], [159.15200805664062, 53.20000076293945, 177.52000427246094, 78.06400299072266]], 'labels': ['girl', 'human face', 'human face', 'human face']}}"
0760,"{'<DENSE_REGION_CAPTION>': {'bboxes': [[10.86400032043457, 17.360000610351562, 117.04000091552734, 177.29600524902344], [40.880001068115234, 28.336000442504883, 58.57600021362305, 74.4800033569336], [195.21600341796875, 83.88800048828125, 218.2880096435547, 118.38400268554688], [158.03199768066406, 45.13600158691406, 175.27999877929688, 70.89600372314453]], 'labels': ['woman', 'human face', 'human face', 'human face']}}"
0761,"{'<DENSE_REGION_CAPTION>': {'bboxes': [[7.728000164031982, 16.016000747680664, 110.76800537109375, 176.84800720214844], [132.94400024414062, 108.75200653076172, 223.66400146484375, 223.66400146484375], [187.82400512695312, 62.384002685546875, 223.66400146484375, 169.4560089111328], [146.38400268554688, 31.920000076293945, 182.67201232910156, 119.9520034790039]], 'labels': ['person', 'person', 'person', 'person']}}"
0762,"{'<DENSE_REGION_CAPTION>': {'bboxes': [[9.520000457763672, 17.13599967956543, 117.48800659179688, 176.84800720214844], [163.1840057373047, 91.9520034790039, 223.66400146484375, 223.66400146484375], [168.5600128173828, 26.992000579833984, 205.74400329589844, 121.52000427246094]], 'labels': ['person', 'person', 'person']}}"
0763,"{'<DENSE_REGION_CAPTION>': {'bboxes': [[12.432000160217285, 16.91200065612793, 117.93600463867188, 176.40000915527344], [155.56800842285156, 90.38400268554688, 212.68800354003906, 223.66400146484375], [196.33599853515625, 57.68000030517578, 223.66400146484375, 223.66400146484375], [197.4560089111328, 17.808000564575195, 223.66400146484375, 69.7760009765625]], 'labels': ['person', 'person', 'person', 'person']}}"
0764,"{'<DENSE_REGION_CAPTION>': {'bboxes': [[11.760000228881836, 16.91200065612793, 116.59200286865234, 176.84800720214844], [43.79199981689453, 29.00800132751465, 61.93600082397461, 75.3759994506836]], 'labels': ['woman', 'human face']}}"
0765,"{'<DENSE_REGION_CAPTION>': {'bboxes': [[0.1120000034570694, 89.93600463867188, 223.66400146484375, 223.66400146484375], [41.3280029296875, 30.128000259399414, 60.592002868652344, 76.27200317382812]], 'labels': ['desk', 'human face']}}"
0766,"{'<DENSE_REGION_CAPTION>': {'bboxes': [[13.32800006866455, 17.583999633789062, 120.1760025024414, 177.52000427246094], [137.87200927734375, 90.60800170898438, 212.68800354003906, 223.66400146484375], [202.38400268554688, 59.92000198364258, 223.66400146484375, 223.66400146484375], [138.76800537109375, 82.99200439453125, 173.93600463867188, 130.70401000976562]], 'labels': ['person', 'person', 'person', 'person']}}"
0767,"{'<DENSE_REGION_CAPTION>': {'bboxes': [[12.656000137329102, 17.583999633789062, 120.84800720214844, 176.84800720214844], [42.672000885009766, 30.352001190185547, 62.384002685546875, 75.82400512695312]], 'labels': ['woman', 'human face']}}"
0768,"{'<DENSE_REGION_CAPTION>': {'bboxes': [[12.432000160217285, 18.256000518798828, 120.84800720214844, 176.84800720214844], [42.672000885009766, 30.352001190185547, 61.93600082397461, 76.72000122070312]], 'labels': ['woman', 'human face']}}"
0769,"{'<DENSE_REGION_CAPTION>': {'bboxes': [[12.432000160217285, 18.256000518798828, 124.4320068359375, 176.62400817871094], [104.27200317382812, 111.66400146484375, 197.6800079345703, 223.66400146484375], [160.49600219726562, 69.7760009765625, 223.66400146484375, 182.0]], 'labels': ['person', 'woman', 'woman']}}"
0770,"{'<DENSE_REGION_CAPTION>': {'bboxes': [[0.1120000034570694, 90.16000366210938, 200.59201049804688, 223.66400146484375], [44.91200256347656, 30.80000114440918, 63.05600357055664, 77.61600494384766]], 'labels': ['desk', 'human face']}}"
0771,"{'<DENSE_REGION_CAPTION>': {'bboxes': [[0.1120000034570694, 78.51200103759766, 223.66400146484375, 223.66400146484375], [44.4640007019043, 30.352001190185547, 63.05600357055664, 77.16799926757812]], 'labels': ['desk', 'human face']}}"
0772,"{'<DENSE_REGION_CAPTION>': {'bboxes': [[11.984000205993652, 16.91200065612793, 126.00000762939453, 176.40000915527344], [134.9600067138672, 60.36800003051758, 221.64801025390625, 212.46400451660156], [137.42401123046875, 94.19200134277344, 213.58399963378906, 223.66400146484375], [134.9600067138672, 45.58399963378906, 184.91200256347656, 126.00000762939453]], 'labels': ['person', 'person', 'person', 'person']}}"
0773,"{'<DENSE_REGION_CAPTION>': {'bboxes': [[5.936000347137451, 18.70400047302246, 127.56800079345703, 214.92800903320312], [136.9759979248047, 91.5040054321289, 223.66400146484375, 223.66400146484375], [27.440000534057617, 54.09600067138672, 65.96800231933594, 119.5040054321289]], 'labels': ['person', 'person', 'scarf']}}"
0774,"{'<DENSE_REGION_CAPTION>': {'bboxes': [[0.1120000034570694, 89.93600463867188, 223.66400146484375, 223.66400146484375], [50.512001037597656, 31.696001052856445, 67.31200408935547, 75.82400512695312], [164.5279998779297, 49.61600112915039, 184.01600646972656, 73.36000061035156]], 'labels': ['desk', 'human face', 'human face']}}"
0775,"{'<DENSE_REGION_CAPTION>': {'bboxes': [[0.1120000034570694, 89.93600463867188, 223.66400146484375, 223.66400146484375], [49.39200210571289, 34.15999984741211, 66.86399841308594, 79.63200378417969], [163.6320037841797, 45.36000061035156, 179.5360107421875, 73.80799865722656]], 'labels': ['desk', 'human face', 'human face']}}"
0776,"{'<DENSE_REGION_CAPTION>': {'bboxes': [[0.1120000034570694, 89.93600463867188, 223.66400146484375, 223.66400146484375], [47.37600326538086, 35.28000259399414, 65.52000427246094, 79.63200378417969], [203.72801208496094, 76.94400024414062, 218.9600067138672, 115.69600677490234]], 'labels': ['desk', 'human face', 'human face']}}"
0777,"{'<DENSE_REGION_CAPTION>': {'bboxes': [[0.1120000034570694, 108.52799987792969, 24.75200080871582, 223.66400146484375], [21.61600112915039, 156.68800354003906, 42.895999908447266, 200.14401245117188], [23.631999969482422, 193.64801025390625, 44.4640007019043, 223.66400146484375], [45.13600158691406, 31.920000076293945, 63.50400161743164, 76.72000122070312], [199.92001342773438, 78.95999908447266, 215.37600708007812, 115.92000579833984], [177.52000427246094, 56.560001373291016, 192.7519989013672, 77.16799926757812]], 'labels': ['chair', 'coffee cup', 'coffee cup', 'human face', 'human face', 'human face']}}"
0778,"{'<DENSE_REGION_CAPTION>': {'bboxes': [[0.1120000034570694, 79.40800476074219, 223.66400146484375, 223.66400146484375], [42.895999908447266, 30.80000114440918, 62.608001708984375, 77.61600494384766]], 'labels': ['desk', 'human face']}}"
0779,"{'<DENSE_REGION_CAPTION>': {'bboxes': [[0.1120000034570694, 90.38400268554688, 223.66400146484375, 223.66400146484375], [47.37600326538086, 32.816001892089844, 65.96800231933594, 79.40800476074219], [164.7519989013672, 50.064002990722656, 180.2080078125, 74.7040023803711]], 'labels': ['desk', 'human face', 'human face']}}"
0780,"{'<DENSE_REGION_CAPTION>': {'bboxes': [[0.1120000034570694, 90.16000366210938, 223.66400146484375, 223.66400146484375], [46.704002380371094, 34.608001708984375, 65.96800231933594, 80.08000183105469], [197.9040069580078, 83.66400146484375, 217.8400115966797, 119.5040054321289], [166.09600830078125, 52.97600173950195, 181.7760009765625, 75.3759994506836]], 'labels': ['desk', 'human face', 'human face', 'human face']}}"
0781,"{'<DENSE_REGION_CAPTION>': {'bboxes': [[0.1120000034570694, 90.16000366210938, 223.66400146484375, 223.66400146484375], [47.37600326538086, 34.608001708984375, 65.96800231933594, 80.52799987792969], [200.59201049804688, 84.78400421142578, 220.5279998779297, 121.29600524902344]], 'labels': ['desk', 'human face', 'human face']}}"
0782,"{'<DENSE_REGION_CAPTION>': {'bboxes': [[0.1120000034570694, 80.30400085449219, 223.66400146484375, 223.66400146484375], [43.34400177001953, 33.71200180053711, 63.72800064086914, 79.85600280761719], [199.2480010986328, 87.69599914550781, 219.6320037841797, 123.98400115966797], [162.2880096435547, 137.42401123046875, 177.96800231933594, 172.36801147460938]], 'labels': ['desk', 'human face', 'human face', 'human face']}}"
0783,"{'<DENSE_REGION_CAPTION>': {'bboxes': [[0.1120000034570694, 79.40800476074219, 223.66400146484375, 223.66400146484375], [160.72000122070312, 145.71200561523438, 181.7760009765625, 186.48001098632812], [47.152000427246094, 34.608001708984375, 65.52000427246094, 78.06400299072266]], 'labels': ['desk', 'human face', 'human face']}}"
0784,"{'<DENSE_REGION_CAPTION>': {'bboxes': [[0.1120000034570694, 79.85600280761719, 223.66400146484375, 223.66400146484375], [48.272003173828125, 33.71200180053711, 66.41600036621094, 79.85600280761719], [199.0240020751953, 82.54400634765625, 216.94400024414062, 118.83200073242188]], 'labels': ['desk', 'human face', 'human face']}}"
0785,"{'<DENSE_REGION_CAPTION>': {'bboxes': [[0.1120000034570694, 79.85600280761719, 223.66400146484375, 223.66400146484375], [48.272003173828125, 33.71200180053711, 66.19200134277344, 79.85600280761719], [162.9600067138672, 138.54400634765625, 180.656005859375, 173.26400756835938]], 'labels': ['desk', 'human face', 'human face']}}"
0786,"{'<DENSE_REGION_CAPTION>': {'bboxes': [[0.1120000034570694, 89.93600463867188, 223.66400146484375, 223.66400146484375], [48.272003173828125, 33.71200180053711, 65.96800231933594, 79.18400573730469]], 'labels': ['desk', 'human face']}}"
0787,"{'<DENSE_REGION_CAPTION>': {'bboxes': [[0.1120000034570694, 80.30400085449219, 223.66400146484375, 223.66400146484375], [48.496002197265625, 32.816001892089844, 65.96800231933594, 78.51200103759766]], 'labels': ['desk', 'human face']}}"
0788,"{'<DENSE_REGION_CAPTION>': {'bboxes': [[0.1120000034570694, 89.93600463867188, 223.66400146484375, 223.66400146484375], [49.84000015258789, 36.624000549316406, 67.76000213623047, 81.87200164794922]], 'labels': ['desk', 'human face']}}"
0789,"{'<DENSE_REGION_CAPTION>': {'bboxes': [[0.1120000034570694, 90.16000366210938, 223.66400146484375, 223.66400146484375], [48.944000244140625, 31.920000076293945, 66.86399841308594, 78.06400299072266], [205.96800231933594, 82.76800537109375, 223.66400146484375, 122.19200134277344], [166.09600830078125, 45.36000061035156, 181.3280029296875, 69.3280029296875]], 'labels': ['desk', 'human face', 'human face', 'human face']}}"
0790,"{'<DENSE_REGION_CAPTION>': {'bboxes': [[0.1120000034570694, 79.40800476074219, 223.66400146484375, 223.66400146484375], [48.272003173828125, 32.36800003051758, 66.19200134277344, 78.06400299072266]], 'labels': ['desk', 'human face']}}"
0791,"{'<DENSE_REGION_CAPTION>': {'bboxes': [[0.1120000034570694, 80.30400085449219, 223.66400146484375, 223.66400146484375], [47.37600326538086, 33.71200180053711, 65.29600524902344, 77.84000396728516]], 'labels': ['desk', 'human face']}}"
0792,"{'<DENSE_REGION_CAPTION>': {'bboxes': [[13.776000022888184, 17.583999633789062, 126.22400665283203, 176.40000915527344], [46.03200149536133, 27.440000534057617, 64.6240005493164, 74.9280014038086]], 'labels': ['girl', 'human face']}}"
0793,"{'<DENSE_REGION_CAPTION>': {'bboxes': [[0.1120000034570694, 79.85600280761719, 223.66400146484375, 223.66400146484375], [46.03200149536133, 29.23200035095215, 64.4000015258789, 74.9280014038086], [189.8400115966797, 96.43199920654297, 211.12001037597656, 128.91200256347656], [157.80799865722656, 45.36000061035156, 173.48800659179688, 71.56800079345703]], 'labels': ['desk', 'human face', 'human face', 'human face']}}"
0794,"{'<DENSE_REGION_CAPTION>': {'bboxes': [[0.1120000034570694, 89.93600463867188, 223.66400146484375, 223.66400146484375], [46.704002380371094, 33.71200180053711, 65.0719985961914, 78.73600006103516]], 'labels': ['desk', 'human face']}}"
0795,"{'<DENSE_REGION_CAPTION>': {'bboxes': [[0.1120000034570694, 90.38400268554688, 223.66400146484375, 223.66400146484375], [49.84000015258789, 31.02400016784668, 67.53600311279297, 77.84000396728516], [199.92001342773438, 81.20000457763672, 213.58399963378906, 116.81600189208984]], 'labels': ['desk', 'human face', 'human face']}}"
0796,"{'<DENSE_REGION_CAPTION>': {'bboxes': [[0.1120000034570694, 90.38400268554688, 223.66400146484375, 223.66400146484375], [49.16800308227539, 29.00800132751465, 66.86399841308594, 75.82400512695312], [198.5760040283203, 82.54400634765625, 215.82400512695312, 118.38400268554688], [163.6320037841797, 40.656002044677734, 179.5360107421875, 67.53600311279297]], 'labels': ['desk', 'human face', 'human face', 'human face']}}"
0797,"{'<DENSE_REGION_CAPTION>': {'bboxes': [[0.1120000034570694, 79.85600280761719, 223.66400146484375, 223.66400146484375], [49.39200210571289, 29.23200035095215, 66.86399841308594, 75.3759994506836], [162.9600067138672, 41.104000091552734, 178.63999938964844, 69.10400390625]], 'labels': ['desk', 'human face', 'human face']}}"
0798,"{'<DENSE_REGION_CAPTION>': {'bboxes': [[0.1120000034570694, 90.38400268554688, 223.66400146484375, 223.66400146484375], [48.944000244140625, 29.45600128173828, 66.41600036621094, 76.27200317382812], [163.8560028076172, 44.4640007019043, 181.7760009765625, 70.44800567626953]], 'labels': ['desk', 'human face', 'human face']}}"
0799,"{'<DENSE_REGION_CAPTION>': {'bboxes': [[0.1120000034570694, 90.16000366210938, 223.66400146484375, 223.66400146484375], [48.944000244140625, 29.23200035095215, 66.41600036621094, 76.27200317382812]], 'labels': ['desk', 'human face']}}"
0800,"{'<DENSE_REGION_CAPTION>': {'bboxes': [[13.776000022888184, 18.48000144958496, 117.48800659179688, 176.62400817871094], [160.49600219726562, 93.74400329589844, 223.66400146484375, 223.66400146484375], [144.36801147460938, 32.592002868652344, 190.9600067138672, 115.47200012207031], [201.48800659179688, 60.816001892089844, 223.66400146484375, 207.0880126953125]], 'labels': ['person', 'person', 'person', 'person']}}"
0801,"{'<DENSE_REGION_CAPTION>': {'bboxes': [[118.60800170898438, 91.05599975585938, 223.66400146484375, 223.66400146484375], [48.944000244140625, 31.696001052856445, 67.31200408935547, 77.84000396728516]], 'labels': ['girl', 'human face']}}"
0802,"{'<DENSE_REGION_CAPTION>': {'bboxes': [[0.1120000034570694, 91.2800064086914, 223.66400146484375, 223.66400146484375], [56.112003326416016, 38.63999938964844, 73.80799865722656, 82.76800537109375], [166.99200439453125, 47.152000427246094, 183.34400939941406, 73.58399963378906]], 'labels': ['desk', 'human face', 'human face']}}"
0803,"{'<DENSE_REGION_CAPTION>': {'bboxes': [[0.1120000034570694, 80.75199890136719, 223.66400146484375, 223.66400146484375], [50.96000289916992, 34.608001708984375, 68.8800048828125, 80.30400085449219], [164.0800018310547, 44.91200256347656, 180.2080078125, 72.46400451660156]], 'labels': ['desk', 'human face', 'human face']}}"
0804,"{'<DENSE_REGION_CAPTION>': {'bboxes': [[13.776000022888184, 21.61600112915039, 128.46400451660156, 218.9600067138672], [142.5760040283203, 89.71200561523438, 218.5120086669922, 223.66400146484375], [199.92001342773438, 59.92000198364258, 223.66400146484375, 223.66400146484375], [153.552001953125, 33.48800277709961, 195.21600341796875, 121.74400329589844]], 'labels': ['person', 'person', 'person', 'person']}}"
0805,"{'<DENSE_REGION_CAPTION>': {'bboxes': [[136.0800018310547, 90.16000366210938, 218.9600067138672, 223.66400146484375], [199.4720001220703, 80.08000183105469, 223.66400146484375, 122.19200134277344], [53.42399978637695, 35.28000259399414, 72.24000549316406, 80.97600555419922]], 'labels': ['girl', 'human face', 'human face']}}"
0806,"{'<DENSE_REGION_CAPTION>': {'bboxes': [[0.1120000034570694, 108.08000183105469, 24.75200080871582, 223.66400146484375], [21.61600112915039, 156.68800354003906, 42.895999908447266, 200.81600952148438], [23.631999969482422, 194.09600830078125, 44.6879997253418, 223.66400146484375], [51.63199996948242, 36.400001525878906, 70.44800567626953, 81.64800262451172], [203.72801208496094, 82.76800537109375, 223.66400146484375, 122.86400604248047], [166.76800537109375, 44.4640007019043, 186.48001098632812, 69.10400390625]], 'labels': ['chair', 'coffee cup', 'coffee cup', 'human face', 'human face', 'human face']}}"
0807,"{'<DENSE_REGION_CAPTION>': {'bboxes': [[0.1120000034570694, 80.75199890136719, 223.66400146484375, 223.66400146484375], [59.02400207519531, 33.93600082397461, 73.80799865722656, 76.94400024414062], [166.99200439453125, 44.4640007019043, 185.80799865722656, 69.7760009765625]], 'labels': ['desk', 'human face', 'human face']}}"
0808,"{'<DENSE_REGION_CAPTION>': {'bboxes': [[0.1120000034570694, 90.83200073242188, 223.66400146484375, 223.66400146484375], [55.66400146484375, 35.28000259399414, 72.68800354003906, 80.97600555419922]], 'labels': ['desk', 'human face']}}"
0809,"{'<DENSE_REGION_CAPTION>': {'bboxes': [[0.1120000034570694, 108.08000183105469, 24.75200080871582, 223.66400146484375], [21.61600112915039, 156.68800354003906, 42.895999908447266, 200.36801147460938], [55.66400146484375, 36.624000549316406, 72.68800354003906, 81.64800262451172], [200.36801147460938, 79.18400573730469, 216.94400024414062, 116.81600189208984], [168.11199951171875, 49.61600112915039, 186.48001098632812, 73.80799865722656]], 'labels': ['chair', 'coffee cup', 'human face', 'human face', 'human face']}}"
0810,"{'<DENSE_REGION_CAPTION>': {'bboxes': [[0.1120000034570694, 108.08000183105469, 24.75200080871582, 223.66400146484375], [21.61600112915039, 156.68800354003906, 42.895999908447266, 200.59201049804688], [23.631999969482422, 193.87200927734375, 44.6879997253418, 223.66400146484375], [199.2480010986328, 82.09600067138672, 220.5279998779297, 119.7280044555664], [56.784000396728516, 37.29600143432617, 72.68800354003906, 81.64800262451172]], 'labels': ['chair', 'coffee cup', 'coffee cup', 'human face', 'human face']}}"
0811,"{'<DENSE_REGION_CAPTION>': {'bboxes': [[0.1120000034570694, 91.2800064086914, 223.66400146484375, 223.66400146484375], [201.04000854492188, 79.63200378417969, 223.66400146484375, 118.16000366210938], [56.784000396728516, 36.176002502441406, 73.36000061035156, 80.08000183105469]], 'labels': ['desk', 'human face', 'human face']}}"
0812,"{'<DENSE_REGION_CAPTION>': {'bboxes': [[14.672000885009766, 22.512001037597656, 128.01600646972656, 176.62400817871094], [152.8800048828125, 89.48799896240234, 210.44801330566406, 223.66400146484375], [197.2320098876953, 61.71200180053711, 223.66400146484375, 223.66400146484375], [148.62400817871094, 52.75200271606445, 175.50399780273438, 123.53600311279297]], 'labels': ['person', 'person', 'person', 'person']}}"
0813,"{'<DENSE_REGION_CAPTION>': {'bboxes': [[0.1120000034570694, 90.83200073242188, 223.66400146484375, 223.66400146484375], [54.768001556396484, 36.624000549316406, 72.24000549316406, 82.99200439453125]], 'labels': ['desk', 'human face']}}"
0814,"{'<DENSE_REGION_CAPTION>': {'bboxes': [[0.1120000034570694, 90.38400268554688, 223.66400146484375, 223.66400146484375], [52.97600173950195, 37.07200241088867, 71.12000274658203, 82.76800537109375], [198.3520050048828, 76.27200317382812, 217.3920135498047, 113.45600128173828]], 'labels': ['desk', 'human face', 'human face']}}"
0815,"{'<DENSE_REGION_CAPTION>': {'bboxes': [[0.1120000034570694, 90.38400268554688, 223.66400146484375, 223.66400146484375], [51.63199996948242, 36.624000549316406, 69.7760009765625, 80.97600555419922]], 'labels': ['desk', 'human face']}}"
0816,"{'<DENSE_REGION_CAPTION>': {'bboxes': [[0.1120000034570694, 89.93600463867188, 223.66400146484375, 223.66400146484375], [50.96000289916992, 35.28000259399414, 68.8800048828125, 80.97600555419922], [199.4720001220703, 71.56800079345703, 216.27200317382812, 110.31999969482422]], 'labels': ['desk', 'human face', 'human face']}}"
0817,"{'<DENSE_REGION_CAPTION>': {'bboxes': [[13.32800006866455, 20.720001220703125, 119.2800064086914, 176.62400817871094], [128.68800354003906, 107.63200378417969, 199.0240020751953, 223.66400146484375], [48.944000244140625, 35.72800064086914, 67.31200408935547, 81.42400360107422]], 'labels': ['girl', 'girl', 'human face']}}"
0818,"{'<DENSE_REGION_CAPTION>': {'bboxes': [[13.552000045776367, 20.496000289916992, 127.34400177001953, 176.40000915527344], [134.5120086669922, 103.1520004272461, 204.84800720214844, 223.66400146484375], [197.0080108642578, 59.69600296020508, 223.66400146484375, 223.66400146484375], [155.34400939941406, 37.07200241088867, 189.8400115966797, 126.00000762939453]], 'labels': ['person', 'person', 'person', 'person']}}"
0819,"{'<DENSE_REGION_CAPTION>': {'bboxes': [[0.1120000034570694, 80.30400085449219, 223.66400146484375, 223.66400146484375], [50.96000289916992, 35.28000259399414, 68.8800048828125, 80.97600555419922]], 'labels': ['desk', 'human face']}}"
0820,"{'<DENSE_REGION_CAPTION>': {'bboxes': [[0.1120000034570694, 90.16000366210938, 223.66400146484375, 223.66400146484375], [48.944000244140625, 34.832000732421875, 67.98400115966797, 80.08000183105469]], 'labels': ['desk', 'human face']}}"
0821,"{'<DENSE_REGION_CAPTION>': {'bboxes': [[0.1120000034570694, 90.38400268554688, 223.66400146484375, 223.66400146484375], [50.96000289916992, 36.176002502441406, 69.3280029296875, 80.97600555419922]], 'labels': ['desk', 'human face']}}"
0822,"{'<DENSE_REGION_CAPTION>': {'bboxes': [[0.1120000034570694, 91.5040054321289, 223.66400146484375, 223.66400146484375], [52.30400085449219, 35.28000259399414, 69.7760009765625, 81.87200164794922]], 'labels': ['desk', 'human face']}}"
0823,"{'<DENSE_REGION_CAPTION>': {'bboxes': [[0.1120000034570694, 90.83200073242188, 223.66400146484375, 223.66400146484375], [49.39200210571289, 38.41600036621094, 68.43199920654297, 86.35200500488281]], 'labels': ['desk', 'human face']}}"
0824,"{'<DENSE_REGION_CAPTION>': {'bboxes': [[14.44800090789795, 22.512001037597656, 120.1760025024414, 176.84800720214844], [160.49600219726562, 93.74400329589844, 223.66400146484375, 223.66400146484375], [197.6800079345703, 65.74400329589844, 223.66400146484375, 191.6320037841797], [145.04000854492188, 44.0160026550293, 187.15200805664062, 121.74400329589844]], 'labels': ['person', 'person', 'person', 'person']}}"
0825,"{'<DENSE_REGION_CAPTION>': {'bboxes': [[0.1120000034570694, 91.5040054321289, 223.66400146484375, 223.66400146484375], [56.784000396728516, 33.263999938964844, 74.7040023803711, 79.40800476074219]], 'labels': ['desk', 'human face']}}"
0826,"{'<DENSE_REGION_CAPTION>': {'bboxes': [[0.1120000034570694, 90.83200073242188, 223.66400146484375, 223.66400146484375], [53.64800262451172, 32.816001892089844, 71.56800079345703, 79.40800476074219]], 'labels': ['desk', 'human face']}}"
0827,"{'<DENSE_REGION_CAPTION>': {'bboxes': [[0.1120000034570694, 91.2800064086914, 223.66400146484375, 223.66400146484375], [53.42399978637695, 36.176002502441406, 71.79199981689453, 83.44000244140625]], 'labels': ['desk', 'human face']}}"
0828,"{'<DENSE_REGION_CAPTION>': {'bboxes': [[0.1120000034570694, 92.8479995727539, 223.66400146484375, 223.66400146484375], [55.66400146484375, 41.3280029296875, 74.4800033569336, 87.02400207519531]], 'labels': ['desk', 'human face']}}"
0829,"{'<DENSE_REGION_CAPTION>': {'bboxes': [[0.1120000034570694, 91.5040054321289, 223.66400146484375, 223.66400146484375], [52.97600173950195, 40.432003021240234, 71.79199981689453, 86.35200500488281]], 'labels': ['desk', 'human face']}}"
0830,"{'<DENSE_REGION_CAPTION>': {'bboxes': [[5.488000392913818, 24.97599983215332, 135.1840057373047, 215.37600708007812], [144.59201049804688, 98.67200469970703, 213.58399963378906, 223.66400146484375], [134.9600067138672, 40.432003021240234, 188.72000122070312, 126.00000762939453], [198.5760040283203, 57.90400314331055, 223.66400146484375, 215.37600708007812]], 'labels': ['person', 'person', 'person', 'person']}}"
0831,"{'<DENSE_REGION_CAPTION>': {'bboxes': [[5.488000392913818, 25.648000717163086, 138.99200439453125, 215.37600708007812], [155.56800842285156, 91.2800064086914, 223.66400146484375, 223.66400146484375], [134.9600067138672, 39.98400115966797, 188.49600219726562, 126.44800567626953], [196.33599853515625, 58.12800216674805, 223.66400146484375, 189.39199829101562]], 'labels': ['person', 'person', 'person', 'person']}}"
0832,"{'<DENSE_REGION_CAPTION>': {'bboxes': [[0.1120000034570694, 91.5040054321289, 223.66400146484375, 223.66400146484375], [63.50400161743164, 44.0160026550293, 81.42400360107422, 87.92000579833984], [162.5120086669922, 54.09600067138672, 178.63999938964844, 82.54400634765625]], 'labels': ['desk', 'human face', 'human face']}}"
0833,"{'<DENSE_REGION_CAPTION>': {'bboxes': [[0.1120000034570694, 108.08000183105469, 24.75200080871582, 223.66400146484375], [21.392000198364258, 156.68800354003906, 42.895999908447266, 201.04000854492188], [23.631999969482422, 193.87200927734375, 44.6879997253418, 223.66400146484375], [0.1120000034570694, 91.2800064086914, 223.66400146484375, 223.66400146484375], [61.26400375366211, 40.880001068115234, 80.08000183105469, 85.00800323486328]], 'labels': ['chair', 'coffee cup', 'coffee cup', 'desk', 'human face']}}"
0834,"{'<DENSE_REGION_CAPTION>': {'bboxes': [[0.1120000034570694, 91.9520034790039, 176.40000915527344, 223.66400146484375], [64.6240005493164, 46.704002380371094, 83.66400146484375, 92.6240005493164]], 'labels': ['desk', 'human face']}}"
0835,"{'<DENSE_REGION_CAPTION>': {'bboxes': [[134.5120086669922, 93.07200622558594, 197.0080108642578, 223.66400146484375], [64.6240005493164, 47.82400131225586, 83.44000244140625, 91.7280044555664]], 'labels': ['girl', 'human face']}}"
0836,"{'<DENSE_REGION_CAPTION>': {'bboxes': [[6.160000324249268, 32.592002868652344, 147.50399780273438, 215.82400512695312], [147.95201110839844, 92.1760025024414, 213.13600158691406, 223.66400146484375], [129.80799865722656, 40.880001068115234, 187.37600708007812, 128.24000549316406], [194.32000732421875, 58.35200119018555, 223.66400146484375, 215.37600708007812]], 'labels': ['person', 'person', 'person', 'person']}}"
0837,"{'<DENSE_REGION_CAPTION>': {'bboxes': [[0.1120000034570694, 91.5040054321289, 223.66400146484375, 223.66400146484375], [53.42399978637695, 35.28000259399414, 72.24000549316406, 81.20000457763672]], 'labels': ['desk', 'human face']}}"
0838,"{'<DENSE_REGION_CAPTION>': {'bboxes': [[47.37600326538086, 30.352001190185547, 65.96800231933594, 79.63200378417969]], 'labels': ['human face']}}"
0839,"{'<DENSE_REGION_CAPTION>': {'bboxes': [[51.63199996948242, 32.592002868652344, 68.8800048828125, 78.73600006103516]], 'labels': ['human face']}}"
0840,"{'<DENSE_REGION_CAPTION>': {'bboxes': [[6.832000255584717, 18.256000518798828, 126.44800567626953, 215.82400512695312], [154.67201232910156, 91.2800064086914, 220.0800018310547, 223.66400146484375], [193.42401123046875, 59.69600296020508, 223.66400146484375, 206.63999938964844]], 'labels': ['person', 'person', 'person']}}"
0841,"{'<DENSE_REGION_CAPTION>': {'bboxes': [[0.1120000034570694, 91.2800064086914, 223.66400146484375, 223.66400146484375], [51.40800094604492, 37.74399948120117, 69.552001953125, 83.44000244140625]], 'labels': ['desk', 'human face']}}"
0842,"{'<DENSE_REGION_CAPTION>': {'bboxes': [[14.672000885009766, 19.82400131225586, 124.8800048828125, 176.62400817871094], [160.49600219726562, 84.56000518798828, 218.9600067138672, 223.66400146484375], [189.39199829101562, 61.71200180053711, 223.66400146484375, 205.07200622558594], [138.32000732421875, 67.53600311279297, 175.95201110839844, 130.70401000976562]], 'labels': ['person', 'person', 'person', 'person']}}"
0843,"{'<DENSE_REGION_CAPTION>': {'bboxes': [[0.1120000034570694, 91.2800064086914, 223.66400146484375, 223.66400146484375], [51.40800094604492, 37.29600143432617, 70.2239990234375, 82.99200439453125], [165.42401123046875, 113.00800323486328, 177.07200622558594, 162.2880096435547]], 'labels': ['desk', 'human face', 'human face']}}"
0844,"{'<DENSE_REGION_CAPTION>': {'bboxes': [[0.1120000034570694, 90.83200073242188, 196.7840118408203, 223.66400146484375], [49.39200210571289, 36.176002502441406, 68.8800048828125, 82.09600067138672]], 'labels': ['desk', 'human face']}}"
0845,"{'<DENSE_REGION_CAPTION>': {'bboxes': [[0.1120000034570694, 91.5040054321289, 223.66400146484375, 223.66400146484375], [56.112003326416016, 34.608001708984375, 73.80799865722656, 79.63200378417969]], 'labels': ['desk', 'human face']}}"
0846,"{'<DENSE_REGION_CAPTION>': {'bboxes': [[0.1120000034570694, 91.7280044555664, 184.68800354003906, 223.66400146484375], [165.87200927734375, 127.56800079345703, 185.36000061035156, 175.72801208496094], [56.784000396728516, 35.72800064086914, 74.0320053100586, 78.73600006103516]], 'labels': ['desk', 'human face', 'human face']}}"
0847,"{'<DENSE_REGION_CAPTION>': {'bboxes': [[0.1120000034570694, 91.9520034790039, 168.11199951171875, 223.66400146484375], [6.160000324249268, 20.720001220703125, 126.44800567626953, 215.37600708007812], [152.8800048828125, 100.91200256347656, 206.41600036621094, 223.66400146484375], [133.8400115966797, 46.03200149536133, 198.1280059814453, 135.1840057373047], [200.81600952148438, 65.52000427246094, 223.66400146484375, 223.66400146484375], [21.61600112915039, 156.91200256347656, 42.672000885009766, 200.36801147460938], [23.631999969482422, 193.64801025390625, 44.4640007019043, 223.66400146484375]], 'labels': ['desk', 'person', 'person', 'person', 'person', 'coffee cup', 'coffee cup']}}"
0848,"{'<DENSE_REGION_CAPTION>': {'bboxes': [[0.1120000034570694, 91.2800064086914, 223.66400146484375, 223.66400146484375], [155.79200744628906, 142.1280059814453, 177.29600524902344, 189.39199829101562], [43.56800079345703, 31.920000076293945, 63.05600357055664, 77.16799926757812], [194.99200439453125, 70.0, 213.36000061035156, 110.54400634765625], [169.9040069580078, 62.384002685546875, 188.72000122070312, 86.35200500488281]], 'labels': ['desk', 'human face', 'human face', 'human face', 'human face']}}"
0849,"{'<DENSE_REGION_CAPTION>': {'bboxes': [[6.160000324249268, 19.600000381469727, 80.75199890136719, 214.48001098632812], [158.03199768066406, 118.83200073242188, 173.48800659179688, 174.60800170898438], [40.20800018310547, 36.847999572753906, 58.12800216674805, 82.09600067138672]], 'labels': ['woman', 'human face', 'human face']}}"
0850,"{'<DENSE_REGION_CAPTION>': {'bboxes': [[13.552000045776367, 19.82400131225586, 122.41600036621094, 183.56800842285156], [198.5760040283203, 77.39200592041016, 218.0640106201172, 117.26399993896484], [161.16799926757812, 128.01600646972656, 173.48800659179688, 180.2080078125], [55.66400146484375, 34.384002685546875, 70.89600372314453, 78.06400299072266]], 'labels': ['woman', 'human face', 'human face', 'human face']}}"
0851,"{'<DENSE_REGION_CAPTION>': {'bboxes': [[14.672000885009766, 21.392000198364258, 147.05599975585938, 180.4320068359375], [151.31201171875, 97.7760009765625, 213.58399963378906, 223.66400146484375]], 'labels': ['person', 'woman']}}"
0852,"{'<DENSE_REGION_CAPTION>': {'bboxes': [[0.1120000034570694, 91.2800064086914, 223.66400146484375, 223.66400146484375], [62.160003662109375, 37.96800231933594, 79.40800476074219, 83.21600341796875]], 'labels': ['desk', 'human face']}}"
0853,"{'<DENSE_REGION_CAPTION>': {'bboxes': [[14.672000885009766, 24.527999877929688, 144.81600952148438, 182.2239990234375], [148.84800720214844, 83.88800048828125, 223.66400146484375, 223.66400146484375]], 'labels': ['person', 'person']}}"
0854,"{'<DENSE_REGION_CAPTION>': {'bboxes': [[22.96000099182129, 91.7280044555664, 186.70401000976562, 223.66400146484375], [59.92000198364258, 43.56800079345703, 80.08000183105469, 88.36800384521484]], 'labels': ['desk', 'human face']}}"
0855,"{'<DENSE_REGION_CAPTION>': {'bboxes': [[0.1120000034570694, 91.2800064086914, 188.49600219726562, 223.66400146484375], [56.112003326416016, 34.832000732421875, 72.68800354003906, 79.85600280761719]], 'labels': ['desk', 'human face']}}"
0856,"{'<DENSE_REGION_CAPTION>': {'bboxes': [[0.1120000034570694, 91.2800064086914, 223.66400146484375, 223.66400146484375], [67.98400115966797, 43.79199981689453, 85.68000030517578, 89.71200561523438]], 'labels': ['desk', 'human face']}}"
0857,"{'<DENSE_REGION_CAPTION>': {'bboxes': [[0.1120000034570694, 91.2800064086914, 223.66400146484375, 223.66400146484375], [65.29600524902344, 43.79199981689453, 84.11199951171875, 90.38400268554688]], 'labels': ['desk', 'human face']}}"
0858,"{'<DENSE_REGION_CAPTION>': {'bboxes': [[5.712000370025635, 27.88800048828125, 138.99200439453125, 215.37600708007812], [20.04800033569336, 32.14400100708008, 121.29600524902344, 201.48800659179688], [63.952003479003906, 0.1120000034570694, 98.67200469970703, 37.52000045776367]], 'labels': ['person', 'woman', 'poster']}}"
0859,"{'<DENSE_REGION_CAPTION>': {'bboxes': [[0.1120000034570694, 91.5040054321289, 223.66400146484375, 223.66400146484375], [58.57600021362305, 42.0, 78.51200103759766, 88.36800384521484], [175.95201110839844, 60.816001892089844, 195.66400146484375, 82.76800537109375]], 'labels': ['desk', 'human face', 'human face']}}"
0860,"{'<DENSE_REGION_CAPTION>': {'bboxes': [[0.1120000034570694, 91.2800064086914, 223.66400146484375, 223.66400146484375], [65.0719985961914, 43.56800079345703, 81.64800262451172, 87.24800109863281]], 'labels': ['desk', 'human face']}}"
0861,"{'<DENSE_REGION_CAPTION>': {'bboxes': [[0.1120000034570694, 90.16000366210938, 141.6800079345703, 223.66400146484375], [18.032001495361328, 31.248001098632812, 149.07200622558594, 183.56800842285156], [68.43199920654297, 45.80800247192383, 86.12800598144531, 89.93600463867188]], 'labels': ['desk', 'girl', 'human face']}}"
0862,"{'<DENSE_REGION_CAPTION>': {'bboxes': [[0.1120000034570694, 91.2800064086914, 223.66400146484375, 223.66400146484375], [67.98400115966797, 48.272003173828125, 85.23200225830078, 91.7280044555664]], 'labels': ['desk', 'human face']}}"
0863,"{'<DENSE_REGION_CAPTION>': {'bboxes': [[18.032001495361328, 33.040000915527344, 138.32000732421875, 176.40000915527344], [70.44800567626953, 48.720001220703125, 86.80000305175781, 90.60800170898438]], 'labels': ['girl', 'human face']}}"
0864,"{'<DENSE_REGION_CAPTION>': {'bboxes': [[18.032001495361328, 33.71200180053711, 139.44000244140625, 176.40000915527344], [69.3280029296875, 48.272003173828125, 86.35200500488281, 91.7280044555664]], 'labels': ['girl', 'human face']}}"
0865,"{'<DENSE_REGION_CAPTION>': {'bboxes': [[18.032001495361328, 33.71200180053711, 138.99200439453125, 176.40000915527344], [102.9280014038086, 135.6320037841797, 189.16799926757812, 223.66400146484375], [158.92800903320312, 99.34400177001953, 223.66400146484375, 223.66400146484375], [162.9600067138672, 45.80800247192383, 199.6959991455078, 121.96800231933594]], 'labels': ['person', 'person', 'person', 'person']}}"
0866,"{'<DENSE_REGION_CAPTION>': {'bboxes': [[16.91200065612793, 26.32000160217285, 141.6800079345703, 184.91200256347656], [64.1760025024414, 41.552001953125, 81.42400360107422, 86.35200500488281]], 'labels': ['girl', 'human face']}}"
0867,"{'<DENSE_REGION_CAPTION>': {'bboxes': [[0.1120000034570694, 91.9520034790039, 223.66400146484375, 223.66400146484375], [61.71200180053711, 43.79199981689453, 79.85600280761719, 89.26399993896484]], 'labels': ['desk', 'human face']}}"
0868,"{'<DENSE_REGION_CAPTION>': {'bboxes': [[0.1120000034570694, 91.9520034790039, 165.87200927734375, 223.66400146484375], [64.4000015258789, 43.12000274658203, 81.87200164794922, 89.04000091552734]], 'labels': ['desk', 'human face']}}"
0869,"{'<DENSE_REGION_CAPTION>': {'bboxes': [[0.1120000034570694, 91.9520034790039, 200.59201049804688, 223.66400146484375], [66.41600036621094, 44.4640007019043, 82.76800537109375, 88.36800384521484], [199.4720001220703, 70.44800567626953, 215.37600708007812, 112.33600616455078]], 'labels': ['desk', 'human face', 'human face']}}"
0870,"{'<DENSE_REGION_CAPTION>': {'bboxes': [[0.1120000034570694, 91.5040054321289, 223.66400146484375, 223.66400146484375], [61.48800277709961, 45.58399963378906, 80.97600555419922, 92.1760025024414]], 'labels': ['desk', 'human face']}}"
0871,"{'<DENSE_REGION_CAPTION>': {'bboxes': [[0.1120000034570694, 91.2800064086914, 223.66400146484375, 223.66400146484375], [190.9600067138672, 69.3280029296875, 204.62400817871094, 107.63200378417969]], 'labels': ['desk', 'human face']}}"
0872,"{'<DENSE_REGION_CAPTION>': {'bboxes': [[0.1120000034570694, 91.5040054321289, 223.66400146484375, 223.66400146484375], [195.21600341796875, 69.552001953125, 210.0, 108.75200653076172]], 'labels': ['desk', 'human face']}}"
0873,"{'<DENSE_REGION_CAPTION>': {'bboxes': [[0.1120000034570694, 91.2800064086914, 223.66400146484375, 223.66400146484375], [69.10400390625, 44.0160026550293, 84.78400421142578, 87.92000579833984], [190.5120086669922, 69.10400390625, 204.84800720214844, 105.16800689697266]], 'labels': ['desk', 'human face', 'human face']}}"
0874,"{'<DENSE_REGION_CAPTION>': {'bboxes': [[0.1120000034570694, 90.83200073242188, 223.66400146484375, 223.66400146484375], [67.53600311279297, 45.58399963378906, 84.78400421142578, 89.71200561523438], [191.1840057373047, 69.552001953125, 209.10400390625, 107.63200378417969]], 'labels': ['desk', 'human face', 'human face']}}"
0875,"{'<DENSE_REGION_CAPTION>': {'bboxes': [[105.16800689697266, 105.16800689697266, 200.81600952148438, 223.66400146484375], [62.160003662109375, 45.80800247192383, 81.64800262451172, 91.7280044555664], [192.97601318359375, 70.89600372314453, 211.12001037597656, 110.54400634765625]], 'labels': ['girl', 'human face', 'human face']}}"
0876,"{'<DENSE_REGION_CAPTION>': {'bboxes': [[0.1120000034570694, 79.85600280761719, 223.66400146484375, 223.66400146484375], [199.4720001220703, 67.98400115966797, 220.75201416015625, 108.08000183105469], [66.41600036621094, 44.4640007019043, 82.54400634765625, 90.16000366210938]], 'labels': ['desk', 'human face', 'human face']}}"
0877,"{'<DENSE_REGION_CAPTION>': {'bboxes': [[6.160000324249268, 28.560001373291016, 138.76800537109375, 216.04800415039062], [124.8800048828125, 107.85600280761719, 205.52000427246094, 223.66400146484375], [187.60000610351562, 61.26400375366211, 223.66400146484375, 223.66400146484375], [137.87200927734375, 62.384002685546875, 196.5600128173828, 138.09600830078125]], 'labels': ['person', 'person', 'person', 'person']}}"
0878,"{'<DENSE_REGION_CAPTION>': {'bboxes': [[6.160000324249268, 28.560001373291016, 122.86400604248047, 215.82400512695312], [112.33600616455078, 104.94400024414062, 203.72801208496094, 223.66400146484375], [184.24000549316406, 60.36800003051758, 223.66400146484375, 223.66400146484375], [142.8000030517578, 60.14400100708008, 195.21600341796875, 138.09600830078125]], 'labels': ['person', 'person', 'person', 'person']}}"
0879,"{'<DENSE_REGION_CAPTION>': {'bboxes': [[0.1120000034570694, 91.2800064086914, 223.66400146484375, 223.66400146484375], [62.832000732421875, 44.6879997253418, 80.75199890136719, 89.71200561523438]], 'labels': ['desk', 'human face']}}"
0880,"{'<DENSE_REGION_CAPTION>': {'bboxes': [[0.1120000034570694, 91.2800064086914, 223.66400146484375, 223.66400146484375], [194.09600830078125, 73.36000061035156, 209.7760009765625, 113.00800323486328]], 'labels': ['desk', 'human face']}}"
0881,"{'<DENSE_REGION_CAPTION>': {'bboxes': [[14.672000885009766, 21.392000198364258, 120.1760025024414, 176.84800720214844], [140.33599853515625, 102.4800033569336, 204.17601013183594, 223.66400146484375], [189.16799926757812, 59.92000198364258, 223.66400146484375, 223.66400146484375], [138.54400634765625, 48.944000244140625, 197.9040069580078, 131.60000610351562]], 'labels': ['woman', 'person', 'person', 'person']}}"
0882,"{'<DENSE_REGION_CAPTION>': {'bboxes': [[0.1120000034570694, 91.2800064086914, 223.66400146484375, 223.66400146484375], [55.66400146484375, 37.29600143432617, 74.4800033569336, 82.09600067138672]], 'labels': ['desk', 'human face']}}"
0883,"{'<DENSE_REGION_CAPTION>': {'bboxes': [[0.1120000034570694, 91.2800064086914, 223.66400146484375, 223.66400146484375], [54.09600067138672, 36.847999572753906, 73.58399963378906, 83.44000244140625]], 'labels': ['desk', 'human face']}}"
0884,"{'<DENSE_REGION_CAPTION>': {'bboxes': [[0.1120000034570694, 91.2800064086914, 223.66400146484375, 223.66400146484375], [56.784000396728516, 35.28000259399414, 75.82400512695312, 80.97600555419922]], 'labels': ['desk', 'human face']}}"
0885,"{'<DENSE_REGION_CAPTION>': {'bboxes': [[0.1120000034570694, 91.2800064086914, 223.66400146484375, 223.66400146484375], [57.00800323486328, 35.28000259399414, 76.94400024414062, 81.20000457763672]], 'labels': ['desk', 'human face']}}"
0886,"{'<DENSE_REGION_CAPTION>': {'bboxes': [[0.1120000034570694, 108.75200653076172, 25.424001693725586, 223.66400146484375], [21.392000198364258, 156.68800354003906, 42.895999908447266, 200.81600952148438], [54.09600067138672, 36.624000549316406, 72.24000549316406, 82.99200439453125], [202.38400268554688, 74.2560043334961, 216.94400024414062, 113.45600128173828]], 'labels': ['chair', 'coffee cup', 'human face', 'human face']}}"
0887,"{'<DENSE_REGION_CAPTION>': {'bboxes': [[0.1120000034570694, 89.93600463867188, 223.66400146484375, 223.66400146484375], [54.992000579833984, 40.656002044677734, 72.91200256347656, 84.56000518798828]], 'labels': ['desk', 'human face']}}"
0888,"{'<DENSE_REGION_CAPTION>': {'bboxes': [[0.1120000034570694, 108.75200653076172, 25.424001693725586, 223.66400146484375], [21.61600112915039, 156.68800354003906, 42.895999908447266, 200.36801147460938], [23.631999969482422, 193.64801025390625, 44.6879997253418, 223.66400146484375], [56.784000396728516, 37.74399948120117, 71.79199981689453, 80.30400085449219]], 'labels': ['chair', 'coffee cup', 'coffee cup', 'human face']}}"
0889,"{'<DENSE_REGION_CAPTION>': {'bboxes': [[0.1120000034570694, 90.16000366210938, 171.0240020751953, 223.66400146484375], [51.40800094604492, 37.29600143432617, 70.0, 81.20000457763672]], 'labels': ['desk', 'human face']}}"
0890,"{'<DENSE_REGION_CAPTION>': {'bboxes': [[125.7760009765625, 112.78400421142578, 204.84800720214844, 223.66400146484375], [46.47999954223633, 37.07200241088867, 65.74400329589844, 80.52799987792969]], 'labels': ['girl', 'human face']}}"
0891,"{'<DENSE_REGION_CAPTION>': {'bboxes': [[0.1120000034570694, 89.93600463867188, 223.66400146484375, 223.66400146484375], [147.27999877929688, 134.5120086669922, 176.84800720214844, 193.20001220703125], [49.84000015258789, 34.608001708984375, 68.43199920654297, 79.18400573730469], [14.672000885009766, 20.944000244140625, 123.76000213623047, 176.84800720214844], [129.58399963378906, 106.06400299072266, 204.40000915527344, 223.66400146484375], [187.82400512695312, 60.36800003051758, 223.66400146484375, 223.66400146484375], [154.89601135253906, 51.18400192260742, 197.9040069580078, 133.8400115966797]], 'labels': ['desk', 'human face', 'human face', 'person', 'person', 'person', 'person']}}"
0892,"{'<DENSE_REGION_CAPTION>': {'bboxes': [[14.672000885009766, 23.631999969482422, 132.72000122070312, 176.84800720214844], [133.39199829101562, 108.52799987792969, 203.27999877929688, 223.66400146484375], [195.21600341796875, 60.36800003051758, 223.66400146484375, 223.66400146484375]], 'labels': ['person', 'person', 'person']}}"
0893,"{'<DENSE_REGION_CAPTION>': {'bboxes': [[14.672000885009766, 22.736000061035156, 123.76000213623047, 176.84800720214844], [56.784000396728516, 37.07200241088867, 74.7040023803711, 81.87200164794922]], 'labels': ['girl', 'human face']}}"
0894,"{'<DENSE_REGION_CAPTION>': {'bboxes': [[0.1120000034570694, 89.93600463867188, 223.66400146484375, 223.66400146484375], [54.768001556396484, 35.95199966430664, 72.46400451660156, 81.87200164794922], [190.5120086669922, 73.36000061035156, 208.8800048828125, 112.11200714111328]], 'labels': ['desk', 'human face', 'human face']}}"
0895,"{'<DENSE_REGION_CAPTION>': {'bboxes': [[129.80799865722656, 99.56800079345703, 197.9040069580078, 223.66400146484375], [59.02400207519531, 38.8640022277832, 74.9280014038086, 82.31999969482422]], 'labels': ['girl', 'human face']}}"
0896,"{'<DENSE_REGION_CAPTION>': {'bboxes': [[131.82400512695312, 104.72000122070312, 198.5760040283203, 223.66400146484375], [58.57600021362305, 40.432003021240234, 74.7040023803711, 83.21600341796875]], 'labels': ['girl', 'human face']}}"
0897,"{'<DENSE_REGION_CAPTION>': {'bboxes': [[131.15200805664062, 101.8080062866211, 196.33599853515625, 223.66400146484375], [51.40800094604492, 42.672000885009766, 71.12000274658203, 86.35200500488281], [195.66400146484375, 70.0, 212.24000549316406, 111.21600341796875]], 'labels': ['girl', 'human face', 'human face']}}"
0898,"{'<DENSE_REGION_CAPTION>': {'bboxes': [[12.656000137329102, 17.360000610351562, 123.31200408935547, 207.760009765625], [115.92000579833984, 101.36000061035156, 205.96800231933594, 223.66400146484375], [145.48800659179688, 63.50400161743164, 203.27999877929688, 142.8000030517578], [196.33599853515625, 59.47200012207031, 223.66400146484375, 223.66400146484375]], 'labels': ['person', 'person', 'person', 'person']}}"
0899,"{'<DENSE_REGION_CAPTION>': {'bboxes': [[0.1120000034570694, 90.16000366210938, 223.66400146484375, 223.66400146484375], [52.52799987792969, 35.28000259399414, 69.3280029296875, 79.40800476074219]], 'labels': ['desk', 'human face']}}"
0900,"{'<DENSE_REGION_CAPTION>': {'bboxes': [[0.1120000034570694, 89.93600463867188, 223.66400146484375, 223.66400146484375], [50.064002990722656, 32.816001892089844, 67.98400115966797, 78.95999908447266], [193.42401123046875, 71.12000274658203, 211.12001037597656, 110.54400634765625]], 'labels': ['desk', 'human face', 'human face']}}"
0901,"{'<DENSE_REGION_CAPTION>': {'bboxes': [[0.1120000034570694, 108.75200653076172, 25.424001693725586, 223.66400146484375], [21.392000198364258, 156.91200256347656, 42.672000885009766, 200.59201049804688], [48.944000244140625, 33.71200180053711, 67.31200408935547, 78.51200103759766]], 'labels': ['chair', 'coffee cup', 'human face']}}"
0902,"{'<DENSE_REGION_CAPTION>': {'bboxes': [[0.1120000034570694, 89.93600463867188, 223.66400146484375, 223.66400146484375], [50.96000289916992, 36.176002502441406, 69.3280029296875, 80.97600555419922]], 'labels': ['desk', 'human face']}}"
0903,"{'<DENSE_REGION_CAPTION>': {'bboxes': [[0.1120000034570694, 90.38400268554688, 223.66400146484375, 223.66400146484375], [49.84000015258789, 31.920000076293945, 67.98400115966797, 78.95999908447266]], 'labels': ['desk', 'human face']}}"
0904,"{'<DENSE_REGION_CAPTION>': {'bboxes': [[0.1120000034570694, 89.93600463867188, 223.66400146484375, 223.66400146484375], [48.944000244140625, 32.816001892089844, 67.31200408935547, 78.73600006103516]], 'labels': ['desk', 'human face']}}"
0905,"{'<DENSE_REGION_CAPTION>': {'bboxes': [[0.1120000034570694, 108.75200653076172, 25.424001693725586, 223.66400146484375], [47.82400131225586, 37.74399948120117, 67.31200408935547, 82.09600067138672]], 'labels': ['chair', 'human face']}}"
0906,"{'<DENSE_REGION_CAPTION>': {'bboxes': [[0.1120000034570694, 89.93600463867188, 223.66400146484375, 223.66400146484375], [50.96000289916992, 39.3120002746582, 69.7760009765625, 83.44000244140625], [196.7840118408203, 81.42400360107422, 214.92800903320312, 118.38400268554688], [174.60800170898438, 59.47200012207031, 189.6160125732422, 81.64800262451172]], 'labels': ['desk', 'human face', 'human face', 'human face']}}"
0907,"{'<DENSE_REGION_CAPTION>': {'bboxes': [[0.1120000034570694, 90.38400268554688, 223.66400146484375, 223.66400146484375], [49.84000015258789, 38.63999938964844, 69.3280029296875, 84.78400421142578]], 'labels': ['desk', 'human face']}}"
0908,"{'<DENSE_REGION_CAPTION>': {'bboxes': [[0.1120000034570694, 90.38400268554688, 223.66400146484375, 223.66400146484375], [50.064002990722656, 39.53600311279297, 69.3280029296875, 85.45600128173828], [196.11199951171875, 79.18400573730469, 215.15200805664062, 114.80000305175781], [169.9040069580078, 66.19200134277344, 183.12001037597656, 85.45600128173828]], 'labels': ['desk', 'human face', 'human face', 'human face']}}"
0909,"{'<DENSE_REGION_CAPTION>': {'bboxes': [[0.1120000034570694, 90.16000366210938, 223.66400146484375, 223.66400146484375], [48.272003173828125, 37.07200241088867, 67.31200408935547, 81.87200164794922], [198.1280059814453, 74.7040023803711, 218.2880096435547, 111.66400146484375], [170.5760040283203, 58.35200119018555, 188.04800415039062, 85.45600128173828]], 'labels': ['desk', 'human face', 'human face', 'human face']}}"
0910,"{'<DENSE_REGION_CAPTION>': {'bboxes': [[0.1120000034570694, 79.85600280761719, 223.66400146484375, 223.66400146484375], [49.39200210571289, 35.72800064086914, 68.656005859375, 81.20000457763672], [192.7519989013672, 64.1760025024414, 212.01600646972656, 105.84000396728516]], 'labels': ['desk', 'human face', 'human face']}}"
0911,"{'<DENSE_REGION_CAPTION>': {'bboxes': [[0.1120000034570694, 89.93600463867188, 223.66400146484375, 223.66400146484375], [56.112003326416016, 45.80800247192383, 73.80799865722656, 87.92000579833984]], 'labels': ['desk', 'human face']}}"
0912,"{'<DENSE_REGION_CAPTION>': {'bboxes': [[0.1120000034570694, 90.16000366210938, 200.59201049804688, 223.66400146484375], [56.784000396728516, 44.6879997253418, 74.0320053100586, 87.47200012207031]], 'labels': ['desk', 'human face']}}"
0913,"{'<DENSE_REGION_CAPTION>': {'bboxes': [[0.1120000034570694, 90.16000366210938, 203.95201110839844, 223.66400146484375], [199.92001342773438, 82.76800537109375, 223.66400146484375, 120.84800720214844], [56.784000396728516, 45.36000061035156, 74.2560043334961, 87.47200012207031]], 'labels': ['desk', 'human face', 'human face']}}"
0914,"{'<DENSE_REGION_CAPTION>': {'bboxes': [[0.1120000034570694, 90.16000366210938, 223.66400146484375, 223.66400146484375], [55.21600341796875, 39.3120002746582, 72.68800354003906, 83.44000244140625]], 'labels': ['desk', 'human face']}}"
0915,"{'<DENSE_REGION_CAPTION>': {'bboxes': [[14.223999977111816, 25.648000717163086, 116.59200286865234, 204.40000915527344], [112.78400421142578, 104.72000122070312, 198.1280059814453, 223.66400146484375], [178.19200134277344, 62.608001708984375, 223.66400146484375, 193.20001220703125], [151.5360107421875, 50.96000289916992, 195.66400146484375, 141.4560089111328]], 'labels': ['person', 'person', 'person', 'person']}}"
0916,"{'<DENSE_REGION_CAPTION>': {'bboxes': [[0.1120000034570694, 90.38400268554688, 199.2480010986328, 223.66400146484375], [54.09600067138672, 40.432003021240234, 71.79199981689453, 85.90399932861328]], 'labels': ['desk', 'human face']}}"
0917,"{'<DENSE_REGION_CAPTION>': {'bboxes': [[0.1120000034570694, 90.38400268554688, 223.66400146484375, 223.66400146484375], [50.512001037597656, 36.176002502441406, 68.20800018310547, 82.31999969482422], [198.3520050048828, 85.45600128173828, 218.0640106201172, 119.2800064086914], [176.84800720214844, 55.44000244140625, 190.7360076904297, 85.00800323486328]], 'labels': ['desk', 'human face', 'human face', 'human face']}}"
0918,"{'<DENSE_REGION_CAPTION>': {'bboxes': [[14.672000885009766, 20.496000289916992, 121.29600524902344, 184.91200256347656], [129.58399963378906, 81.64800262451172, 197.6800079345703, 223.66400146484375], [191.1840057373047, 62.384002685546875, 223.66400146484375, 223.66400146484375]], 'labels': ['person', 'person', 'person']}}"
0919,"{'<DENSE_REGION_CAPTION>': {'bboxes': [[14.672000885009766, 20.496000289916992, 120.84800720214844, 185.58399963378906], [131.37600708007812, 91.05599975585938, 214.70401000976562, 223.66400146484375], [31.248001098632812, 54.992000579833984, 70.0, 121.74400329589844]], 'labels': ['person', 'person', 'scarf']}}"
0920,"{'<DENSE_REGION_CAPTION>': {'bboxes': [[0.1120000034570694, 90.16000366210938, 223.66400146484375, 223.66400146484375], [53.42399978637695, 33.71200180053711, 70.2239990234375, 80.97600555419922]], 'labels': ['desk', 'human face']}}"
0921,"{'<DENSE_REGION_CAPTION>': {'bboxes': [[0.1120000034570694, 108.75200653076172, 25.424001693725586, 223.66400146484375], [21.61600112915039, 156.68800354003906, 42.672000885009766, 200.81600952148438], [23.631999969482422, 193.87200927734375, 44.6879997253418, 223.66400146484375], [52.97600173950195, 35.28000259399414, 69.3280029296875, 79.85600280761719]], 'labels': ['chair', 'coffee cup', 'coffee cup', 'human face']}}"
0922,"{'<DENSE_REGION_CAPTION>': {'bboxes': [[0.1120000034570694, 91.9520034790039, 223.66400146484375, 223.66400146484375], [58.57600021362305, 33.263999938964844, 72.91200256347656, 75.60000610351562]], 'labels': ['desk', 'human face']}}"
0923,"{'<DENSE_REGION_CAPTION>': {'bboxes': [[0.1120000034570694, 93.52000427246094, 223.66400146484375, 223.66400146484375], [57.90400314331055, 35.28000259399414, 72.91200256347656, 81.20000457763672]], 'labels': ['desk', 'human face']}}"
0924,"{'<DENSE_REGION_CAPTION>': {'bboxes': [[12.432000160217285, 20.496000289916992, 123.76000213623047, 177.96800231933594], [146.60800170898438, 85.90399932861328, 206.41600036621094, 223.66400146484375], [193.42401123046875, 61.71200180053711, 223.66400146484375, 223.66400146484375], [187.60000610351562, 45.80800247192383, 223.66400146484375, 115.24800109863281], [187.60000610351562, 45.80800247192383, 212.91200256347656, 86.80000305175781]], 'labels': ['person', 'person', 'person', 'person', 'person']}}"
0925,"{'<DENSE_REGION_CAPTION>': {'bboxes': [[0.1120000034570694, 91.2800064086914, 223.66400146484375, 223.66400146484375], [50.96000289916992, 29.23200035095215, 68.8800048828125, 75.82400512695312]], 'labels': ['desk', 'human face']}}"
0926,"{'<DENSE_REGION_CAPTION>': {'bboxes': [[0.1120000034570694, 91.5040054321289, 168.7840118408203, 223.66400146484375], [50.96000289916992, 24.97599983215332, 68.43199920654297, 69.3280029296875]], 'labels': ['desk', 'human face']}}"
0927,"{'<DENSE_REGION_CAPTION>': {'bboxes': [[0.1120000034570694, 90.38400268554688, 223.66400146484375, 223.66400146484375], [49.39200210571289, 30.80000114440918, 67.76000213623047, 77.84000396728516], [197.6800079345703, 78.73600006103516, 216.94400024414062, 117.93600463867188]], 'labels': ['desk', 'human face', 'human face']}}"
0928,"{'<DENSE_REGION_CAPTION>': {'bboxes': [[0.1120000034570694, 91.2800064086914, 223.66400146484375, 223.66400146484375], [51.63199996948242, 32.816001892089844, 70.2239990234375, 79.40800476074219]], 'labels': ['desk', 'human face']}}"
0929,"{'<DENSE_REGION_CAPTION>': {'bboxes': [[0.1120000034570694, 91.2800064086914, 223.66400146484375, 223.66400146484375], [52.08000183105469, 33.71200180053711, 70.67200469970703, 79.85600280761719]], 'labels': ['desk', 'human face']}}"
0930,"{'<DENSE_REGION_CAPTION>': {'bboxes': [[0.1120000034570694, 108.75200653076172, 25.424001693725586, 223.66400146484375], [52.97600173950195, 32.14400100708008, 71.12000274658203, 78.73600006103516]], 'labels': ['chair', 'human face']}}"
0931,"{'<DENSE_REGION_CAPTION>': {'bboxes': [[6.160000324249268, 20.720001220703125, 131.60000610351562, 215.37600708007812], [58.12800216674805, 32.36800003051758, 74.7040023803711, 77.39200592041016]], 'labels': ['girl', 'human face']}}"
0932,"{'<DENSE_REGION_CAPTION>': {'bboxes': [[6.160000324249268, 21.61600112915039, 127.12000274658203, 215.15200805664062], [56.112003326416016, 34.384002685546875, 75.60000610351562, 80.97600555419922]], 'labels': ['girl', 'human face']}}"
0933,"{'<DENSE_REGION_CAPTION>': {'bboxes': [[0.1120000034570694, 91.9520034790039, 223.66400146484375, 223.66400146484375], [57.68000030517578, 33.263999938964844, 76.49600219726562, 78.51200103759766]], 'labels': ['desk', 'human face']}}"
0934,"{'<DENSE_REGION_CAPTION>': {'bboxes': [[14.672000885009766, 21.392000198364258, 128.68800354003906, 176.84800720214844], [58.35200119018555, 32.816001892089844, 76.04800415039062, 76.72000122070312]], 'labels': ['woman', 'human face']}}"
0935,"{'<DENSE_REGION_CAPTION>': {'bboxes': [[139.88800048828125, 95.76000213623047, 219.1840057373047, 223.66400146484375], [57.90400314331055, 32.36800003051758, 76.27200317382812, 77.61600494384766], [195.44000244140625, 70.44800567626953, 213.58399963378906, 111.88800048828125]], 'labels': ['girl', 'human face', 'human face']}}"
0936,"{'<DENSE_REGION_CAPTION>': {'bboxes': [[15.120000839233398, 21.168001174926758, 135.1840057373047, 176.84800720214844], [57.68000030517578, 32.36800003051758, 75.60000610351562, 77.16799926757812]], 'labels': ['woman', 'human face']}}"
0937,"{'<DENSE_REGION_CAPTION>': {'bboxes': [[0.1120000034570694, 91.5040054321289, 223.66400146484375, 223.66400146484375], [198.3520050048828, 74.2560043334961, 223.66400146484375, 115.69600677490234], [59.02400207519531, 34.384002685546875, 76.72000122070312, 78.51200103759766]], 'labels': ['desk', 'human face', 'human face']}}"
0938,"{'<DENSE_REGION_CAPTION>': {'bboxes': [[0.1120000034570694, 91.9520034790039, 223.66400146484375, 223.66400146484375], [59.69600296020508, 33.263999938964844, 76.49600219726562, 76.72000122070312]], 'labels': ['desk', 'human face']}}"
0939,"{'<DENSE_REGION_CAPTION>': {'bboxes': [[0.1120000034570694, 94.41600036621094, 223.66400146484375, 223.66400146484375], [59.02400207519531, 36.624000549316406, 76.27200317382812, 80.08000183105469]], 'labels': ['desk', 'human face']}}"
0940,"{'<DENSE_REGION_CAPTION>': {'bboxes': [[14.672000885009766, 23.408000946044922, 129.36000061035156, 177.07200622558594], [60.36800003051758, 36.624000549316406, 77.84000396728516, 79.85600280761719]], 'labels': ['woman', 'human face']}}"
0941,"{'<DENSE_REGION_CAPTION>': {'bboxes': [[0.1120000034570694, 91.5040054321289, 223.66400146484375, 223.66400146484375], [59.92000198364258, 36.624000549316406, 77.61600494384766, 80.52799987792969]], 'labels': ['desk', 'human face']}}"
0942,"{'<DENSE_REGION_CAPTION>': {'bboxes': [[15.120000839233398, 23.631999969482422, 135.1840057373047, 176.84800720214844], [59.92000198364258, 36.176002502441406, 77.84000396728516, 79.85600280761719]], 'labels': ['woman', 'human face']}}"
0943,"{'<DENSE_REGION_CAPTION>': {'bboxes': [[15.120000839233398, 23.631999969482422, 134.0640106201172, 176.84800720214844], [57.68000030517578, 36.176002502441406, 76.49600219726562, 81.20000457763672]], 'labels': ['woman', 'human face']}}"
0944,"{'<DENSE_REGION_CAPTION>': {'bboxes': [[0.1120000034570694, 91.9520034790039, 167.66400146484375, 223.66400146484375], [56.112003326416016, 36.176002502441406, 74.4800033569336, 81.87200164794922]], 'labels': ['desk', 'human face']}}"
0945,"{'<DENSE_REGION_CAPTION>': {'bboxes': [[0.1120000034570694, 91.2800064086914, 168.7840118408203, 223.66400146484375], [54.09600067138672, 38.41600036621094, 72.68800354003906, 82.99200439453125]], 'labels': ['desk', 'human face']}}"
0946,"{'<DENSE_REGION_CAPTION>': {'bboxes': [[0.1120000034570694, 91.5040054321289, 164.9759979248047, 223.66400146484375], [54.09600067138672, 36.176002502441406, 72.68800354003906, 82.99200439453125]], 'labels': ['desk', 'human face']}}"
0947,"{'<DENSE_REGION_CAPTION>': {'bboxes': [[140.7840118408203, 94.63999938964844, 217.8400115966797, 223.66400146484375], [53.64800262451172, 36.176002502441406, 71.79199981689453, 82.09600067138672]], 'labels': ['girl', 'human face']}}"
0948,"{'<DENSE_REGION_CAPTION>': {'bboxes': [[14.672000885009766, 20.720001220703125, 126.67200469970703, 179.31201171875], [52.52799987792969, 33.71200180053711, 70.89600372314453, 81.42400360107422]], 'labels': ['woman', 'human face']}}"
0949,"{'<DENSE_REGION_CAPTION>': {'bboxes': [[143.4720001220703, 92.6240005493164, 223.66400146484375, 223.66400146484375], [54.768001556396484, 37.74399948120117, 72.91200256347656, 84.11199951171875]], 'labels': ['girl', 'human face']}}"
0950,"{'<DENSE_REGION_CAPTION>': {'bboxes': [[14.0, 20.496000289916992, 132.04800415039062, 178.41600036621094], [124.8800048828125, 93.96800231933594, 223.66400146484375, 223.66400146484375], [202.60800170898438, 59.92000198364258, 223.66400146484375, 195.88800048828125], [183.34400939941406, 50.736000061035156, 207.760009765625, 109.20000457763672]], 'labels': ['person', 'person', 'person', 'person']}}"
0951,"{'<DENSE_REGION_CAPTION>': {'bboxes': [[0.1120000034570694, 89.93600463867188, 223.66400146484375, 223.66400146484375], [51.40800094604492, 33.71200180053711, 69.552001953125, 80.97600555419922]], 'labels': ['desk', 'human face']}}"
0952,"{'<DENSE_REGION_CAPTION>': {'bboxes': [[0.1120000034570694, 91.2800064086914, 177.52000427246094, 223.66400146484375], [50.512001037597656, 32.14400100708008, 69.3280029296875, 79.40800476074219]], 'labels': ['desk', 'human face']}}"
0953,"{'<DENSE_REGION_CAPTION>': {'bboxes': [[15.120000839233398, 24.97599983215332, 131.60000610351562, 202.60800170898438], [54.09600067138672, 35.72800064086914, 72.91200256347656, 83.88800048828125]], 'labels': ['woman', 'human face']}}"
0954,"{'<DENSE_REGION_CAPTION>': {'bboxes': [[14.672000885009766, 20.720001220703125, 129.13600158691406, 195.21600341796875], [53.42399978637695, 35.28000259399414, 71.12000274658203, 80.08000183105469]], 'labels': ['woman', 'human face']}}"
0955,"{'<DENSE_REGION_CAPTION>': {'bboxes': [[6.160000324249268, 24.527999877929688, 138.09600830078125, 215.37600708007812], [107.18400573730469, 54.09600067138672, 194.32000732421875, 223.66400146484375], [183.34400939941406, 58.80000305175781, 223.66400146484375, 223.66400146484375], [172.59201049804688, 49.16800308227539, 205.07200622558594, 145.48800659179688]], 'labels': ['woman', 'woman', 'woman', 'woman']}}"
0956,"{'<DENSE_REGION_CAPTION>': {'bboxes': [[0.1120000034570694, 108.75200653076172, 25.424001693725586, 223.66400146484375], [21.392000198364258, 156.68800354003906, 42.895999908447266, 200.59201049804688], [23.408000946044922, 193.64801025390625, 44.91200256347656, 223.66400146484375], [196.33599853515625, 78.06400299072266, 216.72000122070312, 119.7280044555664], [63.50400161743164, 41.3280029296875, 80.30400085449219, 85.45600128173828]], 'labels': ['chair', 'coffee cup', 'coffee cup', 'human face', 'human face']}}"
0957,"{'<DENSE_REGION_CAPTION>': {'bboxes': [[96.8800048828125, 69.10400390625, 179.760009765625, 223.66400146484375], [54.09600067138672, 38.63999938964844, 72.68800354003906, 85.90399932861328]], 'labels': ['girl', 'human face']}}"
0958,"{'<DENSE_REGION_CAPTION>': {'bboxes': [[98.44800567626953, 70.44800567626953, 179.5360107421875, 223.66400146484375], [52.97600173950195, 36.624000549316406, 70.89600372314453, 83.44000244140625]], 'labels': ['girl', 'human face']}}"
0959,"{'<DENSE_REGION_CAPTION>': {'bboxes': [[9.520000457763672, 12.880000114440918, 112.33600616455078, 176.84800720214844], [40.880001068115234, 32.36800003051758, 57.45600128173828, 75.82400512695312]], 'labels': ['girl', 'human face']}}"
0960,"{'<DENSE_REGION_CAPTION>': {'bboxes': [[0.1120000034570694, 91.2800064086914, 162.9600067138672, 223.66400146484375], [37.29600143432617, 19.376001358032227, 55.44000244140625, 64.8479995727539]], 'labels': ['table', 'human face']}}"
