image_num,bboxes,labels
0001,"{'<DENSE_REGION_CAPTION>': {'bboxes': [[33.93600082397461, 0.1120000034570694, 122.86400604248047, 106.73600006103516], [0.1120000034570694, 125.3280029296875, 65.52000427246094, 223.66400146484375], [152.4320068359375, 134.7360076904297, 223.66400146484375, 223.66400146484375], [40.880001068115234, 141.2320098876953, 94.19200134277344, 223.66400146484375], [117.04000091552734, 134.0640106201172, 156.46400451660156, 220.0800018310547], [19.600000381469727, 14.896000862121582, 52.75200271606445, 130.03199768066406], [109.64800262451172, 95.98400115966797, 153.10400390625, 160.27200317382812], [202.60800170898438, 82.99200439453125, 223.66400146484375, 141.2320098876953]], 'labels': ['whiteboard', 'table', 'table', 'chair', 'chair', 'person', 'person', 'person']}}"
0002,"{'<DENSE_REGION_CAPTION>': {'bboxes': [[40.432003021240234, 141.4560089111328, 93.96800231933594, 223.66400146484375], [117.04000091552734, 134.7360076904297, 156.91200256347656, 220.3040008544922], [21.392000198364258, 14.44800090789795, 51.40800094604492, 130.25599670410156], [113.90400695800781, 96.656005859375, 157.58399963378906, 162.2880096435547]], 'labels': ['chair', 'chair', 'person', 'person']}}"
0003,"{'<DENSE_REGION_CAPTION>': {'bboxes': [[0.1120000034570694, 125.3280029296875, 64.8479995727539, 223.66400146484375], [152.2080078125, 134.5120086669922, 223.66400146484375, 223.66400146484375], [115.47200012207031, 95.53600311279297, 157.58399963378906, 199.4720001220703], [21.392000198364258, 14.44800090789795, 57.68000030517578, 129.58399963378906], [40.20800018310547, 141.4560089111328, 93.74400329589844, 223.66400146484375], [117.04000091552734, 134.2880096435547, 155.12001037597656, 219.6320037841797], [0.1120000034570694, 194.09600830078125, 26.54400062561035, 223.66400146484375]], 'labels': ['desk', 'desk', 'person', 'person', 'chair', 'chair', 'chair']}}"
0004,"{'<DENSE_REGION_CAPTION>': {'bboxes': [[120.1760025024414, 18.928001403808594, 174.16000366210938, 77.84000396728516], [116.81600189208984, 133.8400115966797, 154.2239990234375, 219.6320037841797], [20.04800033569336, 15.344000816345215, 49.84000015258789, 129.58399963378906], [188.72000122070312, 77.39200592041016, 219.8560028076172, 133.39199829101562]], 'labels': ['whiteboard', 'chair', 'person', 'person']}}"
0005,"{'<DENSE_REGION_CAPTION>': {'bboxes': [[39.76000213623047, 141.0080108642578, 93.07200622558594, 223.66400146484375], [117.04000091552734, 133.8400115966797, 154.89601135253906, 219.8560028076172], [0.1120000034570694, 193.87200927734375, 25.648000717163086, 223.66400146484375], [209.7760009765625, 130.70401000976562, 223.66400146484375, 160.49600219726562]], 'labels': ['chair', 'chair', 'chair', 'chair']}}"
0006,"{'<DENSE_REGION_CAPTION>': {'bboxes': [[39.76000213623047, 141.0080108642578, 92.8479995727539, 223.66400146484375], [117.48800659179688, 133.8400115966797, 152.656005859375, 219.8560028076172], [0.1120000034570694, 194.09600830078125, 26.32000160217285, 223.66400146484375], [210.44801330566406, 131.37600708007812, 223.66400146484375, 160.04800415039062]], 'labels': ['chair', 'chair', 'chair', 'chair']}}"
0007,"{'<DENSE_REGION_CAPTION>': {'bboxes': [[121.07200622558594, 20.04800033569336, 174.16000366210938, 78.06400299072266], [40.20800018310547, 141.6800079345703, 92.8479995727539, 223.66400146484375], [118.60800170898438, 134.0640106201172, 155.34400939941406, 219.8560028076172], [0.1120000034570694, 194.32000732421875, 26.09600067138672, 223.66400146484375], [0.1120000034570694, 194.32000732421875, 13.776000022888184, 223.66400146484375], [210.89601135253906, 131.37600708007812, 223.66400146484375, 160.04800415039062]], 'labels': ['whiteboard', 'chair', 'chair', 'chair', 'chair', 'chair']}}"
0008,"{'<DENSE_REGION_CAPTION>': {'bboxes': [[40.20800018310547, 141.6800079345703, 93.07200622558594, 223.66400146484375], [118.16000366210938, 134.2880096435547, 154.447998046875, 219.8560028076172], [0.1120000034570694, 194.09600830078125, 23.856000900268555, 223.66400146484375], [210.89601135253906, 131.37600708007812, 223.66400146484375, 156.91200256347656]], 'labels': ['chair', 'chair', 'chair', 'chair']}}"
0009,"{'<DENSE_REGION_CAPTION>': {'bboxes': [[40.20800018310547, 140.7840118408203, 93.52000427246094, 223.66400146484375], [117.04000091552734, 133.8400115966797, 157.36000061035156, 219.8560028076172], [0.1120000034570694, 193.20001220703125, 26.32000160217285, 223.66400146484375]], 'labels': ['chair', 'chair', 'chair']}}"
0010,"{'<DENSE_REGION_CAPTION>': {'bboxes': [[0.1120000034570694, 124.8800048828125, 65.96800231933594, 223.66400146484375], [152.2080078125, 134.9600067138672, 223.66400146484375, 223.66400146484375], [0.1120000034570694, 124.8800048828125, 65.29600524902344, 188.94400024414062], [40.432003021240234, 179.9840087890625, 93.74400329589844, 223.66400146484375], [0.1120000034570694, 194.09600830078125, 26.32000160217285, 223.66400146484375]], 'labels': ['table', 'table', 'table', 'chair', 'chair']}}"
0011,"{'<DENSE_REGION_CAPTION>': {'bboxes': [[117.93600463867188, 134.5120086669922, 153.3280029296875, 220.5279998779297], [56.784000396728516, 180.2080078125, 93.96800231933594, 223.66400146484375], [0.1120000034570694, 194.32000732421875, 26.54400062561035, 223.66400146484375], [0.1120000034570694, 194.54400634765625, 14.223999977111816, 223.66400146484375], [211.34400939941406, 131.37600708007812, 223.66400146484375, 156.46400451660156]], 'labels': ['chair', 'chair', 'chair', 'chair', 'chair']}}"
0012,"{'<DENSE_REGION_CAPTION>': {'bboxes': [[39.98400115966797, 141.0080108642578, 93.52000427246094, 223.66400146484375], [117.04000091552734, 134.0640106201172, 152.4320068359375, 219.8560028076172], [0.1120000034570694, 194.32000732421875, 26.09600067138672, 223.66400146484375], [210.2239990234375, 130.92800903320312, 223.66400146484375, 157.13600158691406]], 'labels': ['chair', 'chair', 'chair', 'chair']}}"
0013,"{'<DENSE_REGION_CAPTION>': {'bboxes': [[39.76000213623047, 141.0080108642578, 93.29600524902344, 223.66400146484375], [0.1120000034570694, 194.09600830078125, 26.09600067138672, 223.66400146484375]], 'labels': ['chair', 'chair']}}"
0014,"{'<DENSE_REGION_CAPTION>': {'bboxes': [[40.432003021240234, 141.0080108642578, 93.52000427246094, 223.66400146484375], [117.48800659179688, 134.2880096435547, 153.552001953125, 219.8560028076172], [0.1120000034570694, 193.64801025390625, 26.32000160217285, 223.66400146484375]], 'labels': ['chair', 'chair', 'chair']}}"
0015,"{'<DENSE_REGION_CAPTION>': {'bboxes': [[40.432003021240234, 141.0080108642578, 93.52000427246094, 223.66400146484375], [0.1120000034570694, 194.09600830078125, 26.32000160217285, 223.66400146484375]], 'labels': ['chair', 'chair']}}"
0016,"{'<DENSE_REGION_CAPTION>': {'bboxes': [[40.432003021240234, 141.0080108642578, 93.52000427246094, 223.66400146484375], [0.1120000034570694, 194.09600830078125, 26.09600067138672, 223.66400146484375], [0.1120000034570694, 194.32000732421875, 14.0, 223.66400146484375], [210.67201232910156, 131.37600708007812, 223.66400146484375, 158.03199768066406]], 'labels': ['chair', 'chair', 'chair', 'chair']}}"
0017,"{'<DENSE_REGION_CAPTION>': {'bboxes': [[39.98400115966797, 141.0080108642578, 92.8479995727539, 223.66400146484375], [0.1120000034570694, 192.97601318359375, 25.648000717163086, 223.66400146484375], [0.1120000034570694, 193.20001220703125, 13.32800006866455, 223.66400146484375]], 'labels': ['chair', 'chair', 'chair']}}"
0018,"{'<DENSE_REGION_CAPTION>': {'bboxes': [[35.28000259399414, 138.99200439453125, 89.26399993896484, 223.66400146484375], [14.0, 12.432000160217285, 54.992000579833984, 127.79200744628906], [104.04800415039062, 88.81600189208984, 145.71200561523438, 161.16799926757812], [14.0, 12.432000160217285, 43.79199981689453, 82.31999969482422], [190.5120086669922, 76.94400024414062, 221.20001220703125, 136.5279998779297]], 'labels': ['chair', 'person', 'person', 'person', 'person']}}"
0019,"{'<DENSE_REGION_CAPTION>': {'bboxes': [[147.95201110839844, 132.72000122070312, 223.66400146484375, 223.66400146484375], [0.1120000034570694, 125.3280029296875, 59.69600296020508, 223.66400146484375], [104.04800415039062, 92.6240005493164, 152.656005859375, 161.16799926757812], [15.120000839233398, 11.53600025177002, 41.104000091552734, 88.81600189208984], [195.21600341796875, 76.94400024414062, 220.5279998779297, 136.7519989013672]], 'labels': ['desk', 'desk', 'person', 'person', 'person']}}"
0020,"{'<DENSE_REGION_CAPTION>': {'bboxes': [[147.95201110839844, 133.39199829101562, 223.66400146484375, 223.66400146484375], [0.1120000034570694, 128.68800354003906, 56.336002349853516, 223.66400146484375], [36.176002502441406, 140.11199951171875, 89.71200561523438, 223.66400146484375], [113.68000030517578, 133.39199829101562, 150.19200134277344, 219.1840057373047], [0.1120000034570694, 195.21600341796875, 21.392000198364258, 223.66400146484375]], 'labels': ['desk', 'desk', 'chair', 'chair', 'chair']}}"
0021,"{'<DENSE_REGION_CAPTION>': {'bboxes': [[147.95201110839844, 133.39199829101562, 223.66400146484375, 223.66400146484375], [0.1120000034570694, 124.656005859375, 60.592002868652344, 223.66400146484375], [35.72800064086914, 140.7840118408203, 89.48799896240234, 223.66400146484375], [115.24800109863281, 133.8400115966797, 150.19200134277344, 219.6320037841797], [0.1120000034570694, 195.44000244140625, 21.392000198364258, 223.66400146484375], [205.74400329589844, 130.25599670410156, 219.6320037841797, 155.56800842285156]], 'labels': ['desk', 'desk', 'chair', 'chair', 'chair', 'chair']}}"
0022,"{'<DENSE_REGION_CAPTION>': {'bboxes': [[147.95201110839844, 133.8400115966797, 223.66400146484375, 223.66400146484375], [0.1120000034570694, 124.8800048828125, 60.592002868652344, 223.66400146484375], [14.223999977111816, 14.223999977111816, 50.064002990722656, 128.91200256347656], [36.176002502441406, 140.7840118408203, 89.48799896240234, 223.66400146484375], [113.68000030517578, 133.8400115966797, 150.19200134277344, 220.0800018310547], [0.1120000034570694, 195.44000244140625, 21.392000198364258, 223.66400146484375], [204.84800720214844, 130.03199768066406, 219.4080047607422, 156.01600646972656]], 'labels': ['desk', 'desk', 'person', 'chair', 'chair', 'chair', 'chair']}}"
0023,"{'<DENSE_REGION_CAPTION>': {'bboxes': [[147.95201110839844, 133.39199829101562, 223.66400146484375, 223.66400146484375], [0.1120000034570694, 126.00000762939453, 60.592002868652344, 223.66400146484375], [14.672000885009766, 12.432000160217285, 59.24800109863281, 120.1760025024414], [14.672000885009766, 12.432000160217285, 45.13600158691406, 109.20000457763672], [182.67201232910156, 73.80799865722656, 208.4320068359375, 133.61599731445312]], 'labels': ['desk', 'desk', 'person', 'person', 'person']}}"
0024,"{'<DENSE_REGION_CAPTION>': {'bboxes': [[0.1120000034570694, 14.44800090789795, 37.52000045776367, 130.92800903320312], [35.72800064086914, 140.55999755859375, 89.48799896240234, 223.66400146484375], [113.90400695800781, 133.8400115966797, 152.656005859375, 219.6320037841797], [52.08000183105469, 140.55999755859375, 89.26399993896484, 223.66400146484375], [147.50399780273438, 156.46400451660156, 191.1840057373047, 223.66400146484375], [0.1120000034570694, 195.21600341796875, 20.944000244140625, 223.66400146484375], [205.52000427246094, 130.25599670410156, 219.6320037841797, 155.56800842285156]], 'labels': ['person', 'chair', 'chair', 'chair', 'chair', 'chair', 'chair']}}"
0025,"{'<DENSE_REGION_CAPTION>': {'bboxes': [[147.95201110839844, 133.61599731445312, 223.66400146484375, 223.66400146484375], [0.1120000034570694, 125.3280029296875, 60.592002868652344, 223.66400146484375], [36.176002502441406, 141.0080108642578, 89.71200561523438, 223.66400146484375], [115.02400207519531, 133.8400115966797, 152.656005859375, 219.1840057373047], [52.52799987792969, 179.760009765625, 89.48799896240234, 223.66400146484375], [206.19200134277344, 129.80799865722656, 219.4080047607422, 154.67201232910156]], 'labels': ['desk', 'desk', 'chair', 'chair', 'chair', 'chair']}}"
0026,"{'<DENSE_REGION_CAPTION>': {'bboxes': [[117.04000091552734, 19.152000427246094, 169.4560089111328, 77.16799926757812], [35.72800064086914, 141.0080108642578, 89.71200561523438, 223.66400146484375], [113.68000030517578, 133.8400115966797, 152.4320068359375, 219.1840057373047], [112.11200714111328, 96.8800048828125, 153.3280029296875, 199.92001342773438], [183.56800842285156, 73.80799865722656, 213.80801391601562, 133.16799926757812], [121.74400329589844, 96.8800048828125, 149.74400329589844, 135.8560028076172]], 'labels': ['poster', 'chair', 'chair', 'person', 'person', 'person']}}"
0027,"{'<DENSE_REGION_CAPTION>': {'bboxes': [[117.04000091552734, 19.376001358032227, 169.2320098876953, 77.16799926757812], [35.72800064086914, 141.0080108642578, 89.93600463867188, 223.66400146484375], [113.68000030517578, 133.61599731445312, 151.9840087890625, 218.9600067138672], [0.1120000034570694, 195.66400146484375, 21.61600112915039, 223.66400146484375], [204.17601013183594, 129.80799865722656, 219.6320037841797, 155.56800842285156]], 'labels': ['poster', 'chair', 'chair', 'chair', 'chair']}}"
0028,"{'<DENSE_REGION_CAPTION>': {'bboxes': [[117.04000091552734, 19.82400131225586, 168.5600128173828, 77.16799926757812], [36.176002502441406, 141.0080108642578, 89.71200561523438, 223.66400146484375], [115.47200012207031, 133.8400115966797, 151.9840087890625, 218.7360076904297], [0.1120000034570694, 196.11199951171875, 21.61600112915039, 223.66400146484375], [205.52000427246094, 130.03199768066406, 219.6320037841797, 155.56800842285156]], 'labels': ['poster', 'chair', 'chair', 'chair', 'chair']}}"
0029,"{'<DENSE_REGION_CAPTION>': {'bboxes': [[117.04000091552734, 19.376001358032227, 169.0080108642578, 77.16799926757812], [36.176002502441406, 141.0080108642578, 89.71200561523438, 223.66400146484375], [113.90400695800781, 133.61599731445312, 152.4320068359375, 218.5120086669922], [52.08000183105469, 141.0080108642578, 89.48799896240234, 223.66400146484375], [0.1120000034570694, 195.88800048828125, 21.392000198364258, 223.66400146484375], [205.52000427246094, 129.80799865722656, 219.6320037841797, 155.56800842285156]], 'labels': ['poster', 'chair', 'chair', 'chair', 'chair', 'chair']}}"
0030,"{'<DENSE_REGION_CAPTION>': {'bboxes': [[36.176002502441406, 141.0080108642578, 89.93600463867188, 223.66400146484375], [113.68000030517578, 133.8400115966797, 148.84800720214844, 218.7360076904297], [0.1120000034570694, 194.99200439453125, 21.392000198364258, 223.66400146484375], [205.29600524902344, 130.25599670410156, 219.4080047607422, 156.01600646972656]], 'labels': ['chair', 'chair', 'chair', 'chair']}}"
0031,"{'<DENSE_REGION_CAPTION>': {'bboxes': [[35.72800064086914, 141.0080108642578, 90.16000366210938, 223.66400146484375], [0.1120000034570694, 124.656005859375, 60.592002868652344, 223.66400146484375], [147.50399780273438, 133.16799926757812, 223.66400146484375, 211.34400939941406]], 'labels': ['chair', 'table', 'table']}}"
0032,"{'<DENSE_REGION_CAPTION>': {'bboxes': [[117.26399993896484, 20.04800033569336, 164.9759979248047, 77.16799926757812], [36.176002502441406, 140.7840118408203, 89.93600463867188, 223.66400146484375], [113.90400695800781, 133.61599731445312, 149.29600524902344, 218.2880096435547], [0.1120000034570694, 194.99200439453125, 21.392000198364258, 223.66400146484375], [205.74400329589844, 130.03199768066406, 219.6320037841797, 155.34400939941406]], 'labels': ['poster', 'chair', 'chair', 'chair', 'chair']}}"
0033,"{'<DENSE_REGION_CAPTION>': {'bboxes': [[120.6240005493164, 18.70400047302246, 173.71200561523438, 76.49600219726562], [39.76000213623047, 140.55999755859375, 92.8479995727539, 223.66400146484375], [0.1120000034570694, 192.5279998779297, 25.200000762939453, 223.66400146484375], [0.1120000034570694, 192.3040008544922, 13.32800006866455, 223.66400146484375], [210.0, 130.70401000976562, 223.66400146484375, 156.01600646972656], [0.1120000034570694, 126.67200469970703, 9.968000411987305, 145.93600463867188]], 'labels': ['poster', 'chair', 'chair', 'chair', 'chair', 'chair']}}"
0034,"{'<DENSE_REGION_CAPTION>': {'bboxes': [[44.0160026550293, 0.1120000034570694, 131.82400512695312, 105.16800689697266], [0.1120000034570694, 189.16799926757812, 35.95199966430664, 223.66400146484375], [0.1120000034570694, 189.16799926757812, 24.75200080871582, 223.66400146484375], [9.520000457763672, 125.10400390625, 21.84000015258789, 145.93600463867188]], 'labels': ['whiteboard', 'chair', 'chair', 'chair']}}"
0035,"{'<DENSE_REGION_CAPTION>': {'bboxes': [[0.1120000034570694, 123.31200408935547, 84.78400421142578, 223.66400146484375], [172.59201049804688, 135.8560028076172, 223.66400146484375, 223.66400146484375], [3.0240001678466797, 14.672000885009766, 29.23200035095215, 151.760009765625], [135.8560028076172, 104.27200317382812, 173.26400756835938, 176.84800720214844], [105.61600494384766, 84.56000518798828, 128.01600646972656, 143.4720001220703], [144.81600952148438, 104.27200317382812, 173.04000854492188, 136.0800018310547], [196.7840118408203, 90.38400268554688, 213.13600158691406, 127.79200744628906]], 'labels': ['desk', 'desk', 'person', 'person', 'person', 'person', 'person']}}"
0036,"{'<DENSE_REGION_CAPTION>': {'bboxes': [[3.696000099182129, 122.41600036621094, 90.16000366210938, 223.66400146484375], [9.296000480651855, 14.44800090789795, 37.52000045776367, 151.08799743652344], [111.66400146484375, 84.33600616455078, 134.0640106201172, 143.4720001220703]], 'labels': ['desk', 'person', 'person']}}"
0037,"{'<DENSE_REGION_CAPTION>': {'bboxes': [[6.160000324249268, 122.19200134277344, 92.8479995727539, 223.66400146484375], [181.552001953125, 136.9759979248047, 223.66400146484375, 223.66400146484375], [144.81600952148438, 96.8800048828125, 186.70401000976562, 201.26400756835938], [13.32800006866455, 15.120000839233398, 39.3120002746582, 151.31201171875], [114.12800598144531, 84.56000518798828, 136.5279998779297, 143.9199981689453], [189.8400115966797, 88.59200286865234, 205.74400329589844, 137.87200927734375]], 'labels': ['desk', 'desk', 'person', 'person', 'person', 'person']}}"
0038,"{'<DENSE_REGION_CAPTION>': {'bboxes': [[4.144000053405762, 122.41600036621094, 91.05599975585938, 223.66400146484375], [179.760009765625, 135.8560028076172, 223.66400146484375, 223.66400146484375], [67.31200408935547, 138.09600830078125, 118.83200073242188, 223.66400146484375], [143.6959991455078, 134.0640106201172, 179.9840087890625, 220.5279998779297], [8.40000057220459, 184.46400451660156, 52.08000183105469, 223.66400146484375], [29.23200035095215, 122.86400604248047, 40.656002044677734, 141.6800079345703]], 'labels': ['desk', 'desk', 'chair', 'chair', 'chair', 'chair']}}"
0039,"{'<DENSE_REGION_CAPTION>': {'bboxes': [[1.6800000667572021, 122.64000701904297, 89.04000091552734, 223.66400146484375], [176.40000915527344, 136.3040008544922, 223.66400146484375, 223.66400146484375], [6.832000255584717, 14.672000885009766, 35.055999755859375, 152.8800048828125], [141.0080108642578, 98.0, 177.74400329589844, 201.26400756835938], [110.99200439453125, 112.33600616455078, 137.42401123046875, 166.99200439453125], [149.96800231933594, 98.0, 177.52000427246094, 137.1999969482422], [130.70401000976562, 109.87200164794922, 149.07200622558594, 166.54400634765625], [175.27999877929688, 91.2800064086914, 190.2880096435547, 128.01600646972656]], 'labels': ['desk', 'desk', 'person', 'person', 'person', 'person', 'person', 'person']}}"
0040,"{'<DENSE_REGION_CAPTION>': {'bboxes': [[1.2319999933242798, 123.76000213623047, 89.04000091552734, 223.66400146484375], [176.84800720214844, 136.9759979248047, 223.66400146484375, 223.66400146484375], [80.75199890136719, 153.552001953125, 116.36800384521484, 223.66400146484375], [5.936000347137451, 182.89601135253906, 51.18400192260742, 223.66400146484375], [80.75199890136719, 177.29600524902344, 116.36800384521484, 223.66400146484375], [26.768001556396484, 123.98400115966797, 38.19200134277344, 142.8000030517578]], 'labels': ['desk', 'desk', 'chair', 'chair', 'chair', 'chair']}}"
0041,"{'<DENSE_REGION_CAPTION>': {'bboxes': [[1.4560000896453857, 123.08800506591797, 89.48799896240234, 223.66400146484375], [176.84800720214844, 136.9759979248047, 223.66400146484375, 223.66400146484375], [6.160000324249268, 15.792000770568848, 33.263999938964844, 153.7760009765625], [140.7840118408203, 98.0, 176.84800720214844, 202.16000366210938], [115.47200012207031, 84.33600616455078, 139.66400146484375, 145.04000854492188], [174.60800170898438, 91.2800064086914, 194.09600830078125, 131.15200805664062], [201.04000854492188, 90.38400268554688, 217.6160125732422, 129.13600158691406], [212.91200256347656, 95.98400115966797, 223.66400146484375, 138.54400634765625]], 'labels': ['desk', 'desk', 'person', 'person', 'person', 'person', 'person', 'person']}}"
0042,"{'<DENSE_REGION_CAPTION>': {'bboxes': [[1.6800000667572021, 126.00000762939453, 88.81600189208984, 223.66400146484375], [177.52000427246094, 136.9759979248047, 223.66400146484375, 223.66400146484375], [6.6080002784729, 15.568000793457031, 34.384002685546875, 153.10400390625], [140.7840118408203, 98.44800567626953, 177.07200622558594, 202.60800170898438], [118.16000366210938, 85.00800323486328, 134.9600067138672, 144.59201049804688], [177.52000427246094, 98.89600372314453, 196.5600128173828, 137.42401123046875], [201.04000854492188, 97.552001953125, 217.6160125732422, 129.36000061035156]], 'labels': ['desk', 'desk', 'person', 'person', 'person', 'person', 'person']}}"
0043,"{'<DENSE_REGION_CAPTION>': {'bboxes': [[1.6800000667572021, 125.3280029296875, 88.81600189208984, 223.66400146484375], [176.84800720214844, 136.9759979248047, 223.66400146484375, 223.66400146484375], [6.832000255584717, 15.120000839233398, 41.552001953125, 153.10400390625], [140.55999755859375, 92.1760025024414, 176.40000915527344, 201.48800659179688], [143.0240020751953, 92.1760025024414, 173.71200561523438, 140.11199951171875], [117.93600463867188, 84.78400421142578, 134.9600067138672, 145.04000854492188], [174.38400268554688, 91.7280044555664, 193.20001220703125, 137.42401123046875], [201.04000854492188, 91.2800064086914, 217.3920135498047, 128.91200256347656]], 'labels': ['desk', 'desk', 'person', 'person', 'person', 'person', 'person', 'person']}}"
0044,"{'<DENSE_REGION_CAPTION>': {'bboxes': [[1.6800000667572021, 126.00000762939453, 85.68000030517578, 223.66400146484375], [177.29600524902344, 136.9759979248047, 223.66400146484375, 223.66400146484375], [6.6080002784729, 14.896000862121582, 50.512001037597656, 153.10400390625], [140.7840118408203, 92.8479995727539, 177.07200622558594, 201.71200561523438], [6.384000301361084, 14.896000862121582, 34.608001708984375, 153.10400390625], [144.81600952148438, 92.8479995727539, 174.83200073242188, 136.9759979248047], [117.93600463867188, 84.78400421142578, 133.8400115966797, 145.26400756835938], [178.41600036621094, 91.05599975585938, 196.33599853515625, 137.1999969482422], [198.3520050048828, 94.86400604248047, 213.36000061035156, 129.13600158691406]], 'labels': ['desk', 'desk', 'person', 'person', 'person', 'person', 'person', 'person', 'person']}}"
0045,"{'<DENSE_REGION_CAPTION>': {'bboxes': [[1.6800000667572021, 125.7760009765625, 88.81600189208984, 223.66400146484375], [177.07200622558594, 136.9759979248047, 223.66400146484375, 223.66400146484375], [6.384000301361084, 15.120000839233398, 35.95199966430664, 153.7760009765625], [140.7840118408203, 92.8479995727539, 179.31201171875, 201.48800659179688], [116.59200286865234, 85.00800323486328, 133.8400115966797, 144.81600952148438], [176.84800720214844, 90.83200073242188, 195.44000244140625, 137.1999969482422], [206.19200134277344, 90.83200073242188, 223.66400146484375, 136.5279998779297]], 'labels': ['desk', 'desk', 'person', 'person', 'person', 'person', 'person']}}"
0046,"{'<DENSE_REGION_CAPTION>': {'bboxes': [[1.4560000896453857, 123.31200408935547, 89.04000091552734, 223.66400146484375], [177.52000427246094, 136.9759979248047, 223.66400146484375, 223.66400146484375], [5.936000347137451, 16.239999771118164, 33.93600082397461, 154.2239990234375], [140.7840118408203, 90.83200073242188, 177.74400329589844, 201.48800659179688], [117.48800659179688, 85.00800323486328, 147.95201110839844, 166.09600830078125], [144.81600952148438, 90.83200073242188, 177.29600524902344, 136.3040008544922], [117.48800659179688, 85.00800323486328, 133.61599731445312, 144.36801147460938], [177.74400329589844, 92.4000015258789, 194.09600830078125, 136.9759979248047], [199.92001342773438, 90.16000366210938, 217.3920135498047, 128.91200256347656], [184.46400451660156, 116.81600189208984, 203.95201110839844, 137.87200927734375], [80.75199890136719, 153.7760009765625, 116.59200286865234, 223.66400146484375], [6.384000301361084, 185.58399963378906, 40.656002044677734, 223.66400146484375], [24.75200080871582, 123.98400115966797, 38.63999938964844, 149.52000427246094]], 'labels': ['desk', 'desk', 'person', 'person', 'person', 'person', 'person', 'person', 'person', 'person', 'chair', 'chair', 'chair']}}"
0047,"{'<DENSE_REGION_CAPTION>': {'bboxes': [[1.4560000896453857, 126.00000762939453, 88.81600189208984, 223.66400146484375], [177.96800231933594, 137.42401123046875, 223.66400146484375, 223.66400146484375], [5.936000347137451, 16.239999771118164, 32.592002868652344, 152.656005859375], [141.0080108642578, 92.4000015258789, 179.5360107421875, 166.76800537109375], [115.92000579833984, 84.11199951171875, 135.4080047607422, 144.36801147460938], [151.5360107421875, 92.4000015258789, 177.96800231933594, 136.3040008544922], [116.36800384521484, 84.11199951171875, 134.9600067138672, 127.79200744628906], [203.05599975585938, 96.656005859375, 223.66400146484375, 135.1840057373047], [178.19200134277344, 92.1760025024414, 194.32000732421875, 130.48001098632812], [141.6800079345703, 93.74400329589844, 155.56800842285156, 126.67200469970703], [214.25601196289062, 96.656005859375, 223.66400146484375, 134.9600067138672], [207.760009765625, 90.83200073242188, 217.3920135498047, 108.97600555419922]], 'labels': ['desk', 'desk', 'person', 'person', 'person', 'person', 'person', 'person', 'person', 'person', 'person', 'person']}}"
0048,"{'<DENSE_REGION_CAPTION>': {'bboxes': [[1.4560000896453857, 123.08800506591797, 89.04000091552734, 223.66400146484375], [176.84800720214844, 136.7519989013672, 223.66400146484375, 223.66400146484375], [4.5920000076293945, 16.016000747680664, 31.920000076293945, 153.552001953125], [141.2320098876953, 93.52000427246094, 177.07200622558594, 192.0800018310547], [117.48800659179688, 77.39200592041016, 136.7519989013672, 144.59201049804688], [148.62400817871094, 93.52000427246094, 176.17601013183594, 136.3040008544922], [173.71200561523438, 92.8479995727539, 194.54400634765625, 136.9759979248047], [203.50401306152344, 90.38400268554688, 218.2880096435547, 128.91200256347656], [80.97600555419922, 153.552001953125, 116.81600189208984, 223.66400146484375], [6.384000301361084, 184.91200256347656, 52.08000183105469, 223.66400146484375], [26.768001556396484, 123.76000213623047, 38.63999938964844, 145.04000854492188], [8.40000057220459, 150.86399841308594, 20.496000289916992, 166.32000732421875]], 'labels': ['desk', 'desk', 'person', 'person', 'person', 'person', 'person', 'person', 'chair', 'chair', 'chair', 'chair']}}"
0049,"{'<DENSE_REGION_CAPTION>': {'bboxes': [[1.4560000896453857, 123.31200408935547, 89.04000091552734, 223.66400146484375], [176.84800720214844, 136.9759979248047, 223.66400146484375, 223.66400146484375], [5.488000392913818, 16.016000747680664, 33.040000915527344, 151.9840087890625], [80.75199890136719, 137.87200927734375, 116.81600189208984, 223.66400146484375], [141.2320098876953, 134.9600067138672, 177.74400329589844, 223.66400146484375], [6.160000324249268, 183.79200744628906, 52.08000183105469, 223.66400146484375], [26.768001556396484, 123.76000213623047, 38.63999938964844, 145.48800659179688]], 'labels': ['desk', 'desk', 'person', 'chair', 'chair', 'chair', 'chair']}}"
0050,"{'<DENSE_REGION_CAPTION>': {'bboxes': [[1.4560000896453857, 123.08800506591797, 89.04000091552734, 223.66400146484375], [176.40000915527344, 136.5279998779297, 223.66400146484375, 223.66400146484375], [5.712000370025635, 15.120000839233398, 34.608001708984375, 153.10400390625], [144.36801147460938, 91.2800064086914, 180.2080078125, 137.64801025390625], [108.52799987792969, 96.8800048828125, 126.89600372314453, 151.9840087890625], [176.62400817871094, 92.1760025024414, 194.99200439453125, 136.7519989013672], [198.5760040283203, 93.96800231933594, 218.7360076904297, 128.68800354003906], [212.91200256347656, 96.43199920654297, 223.66400146484375, 137.1999969482422]], 'labels': ['desk', 'desk', 'person', 'person', 'person', 'person', 'person', 'person']}}"
0051,"{'<DENSE_REGION_CAPTION>': {'bboxes': [[1.4560000896453857, 123.31200408935547, 89.04000091552734, 223.66400146484375], [177.29600524902344, 136.9759979248047, 223.66400146484375, 223.66400146484375], [6.6080002784729, 16.239999771118164, 33.040000915527344, 152.8800048828125], [143.0240020751953, 89.04000091552734, 181.7760009765625, 138.99200439453125], [128.01600646972656, 114.35200500488281, 148.62400817871094, 167.21600341796875], [175.72801208496094, 93.52000427246094, 194.54400634765625, 136.7519989013672], [212.91200256347656, 82.76800537109375, 223.66400146484375, 136.7519989013672]], 'labels': ['desk', 'desk', 'person', 'person', 'person', 'person', 'person']}}"
0052,"{'<DENSE_REGION_CAPTION>': {'bboxes': [[1.4560000896453857, 123.08800506591797, 89.04000091552734, 223.66400146484375], [177.29600524902344, 136.9759979248047, 223.66400146484375, 223.66400146484375], [6.6080002784729, 15.792000770568848, 32.816001892089844, 153.552001953125], [142.1280059814453, 89.71200561523438, 180.8800048828125, 137.42401123046875], [175.72801208496094, 93.52000427246094, 194.54400634765625, 136.7519989013672]], 'labels': ['desk', 'desk', 'person', 'person', 'person']}}"
0053,"{'<DENSE_REGION_CAPTION>': {'bboxes': [[1.4560000896453857, 123.08800506591797, 89.04000091552734, 223.66400146484375], [176.84800720214844, 136.9759979248047, 223.66400146484375, 223.66400146484375], [7.056000232696533, 15.568000793457031, 36.624000549316406, 152.2080078125], [144.36801147460938, 91.05599975585938, 179.31201171875, 137.64801025390625], [128.68800354003906, 110.76800537109375, 148.84800720214844, 167.44000244140625], [175.72801208496094, 92.8479995727539, 194.54400634765625, 137.1999969482422], [197.9040069580078, 92.8479995727539, 217.16799926757812, 128.24000549316406], [166.09600830078125, 48.720001220703125, 184.24000549316406, 73.36000061035156]], 'labels': ['desk', 'desk', 'person', 'person', 'person', 'person', 'person', 'person']}}"
0054,"{'<DENSE_REGION_CAPTION>': {'bboxes': [[1.6800000667572021, 123.08800506591797, 89.04000091552734, 223.66400146484375], [177.29600524902344, 136.9759979248047, 223.66400146484375, 223.66400146484375], [7.504000186920166, 16.016000747680664, 30.128000259399414, 154.0], [146.83200073242188, 91.2800064086914, 177.07200622558594, 137.42401123046875], [129.58399963378906, 113.45600128173828, 149.07200622558594, 166.76800537109375], [197.6800079345703, 92.8479995727539, 221.64801025390625, 129.36000061035156], [175.27999877929688, 93.29600524902344, 194.32000732421875, 136.9759979248047], [102.2560043334961, 98.67200469970703, 116.36800384521484, 145.71200561523438]], 'labels': ['desk', 'desk', 'person', 'person', 'person', 'person', 'person', 'person']}}"
0055,"{'<DENSE_REGION_CAPTION>': {'bboxes': [[1.4560000896453857, 123.08800506591797, 89.04000091552734, 223.66400146484375], [177.29600524902344, 136.9759979248047, 223.66400146484375, 223.66400146484375], [6.160000324249268, 14.896000862121582, 37.74399948120117, 152.656005859375], [146.38400268554688, 95.98400115966797, 176.84800720214844, 137.1999969482422], [128.46400451660156, 115.47200012207031, 148.62400817871094, 166.99200439453125], [176.17601013183594, 93.07200622558594, 194.32000732421875, 136.7519989013672], [197.6800079345703, 95.53600311279297, 217.6160125732422, 128.24000549316406], [212.24000549316406, 95.53600311279297, 223.66400146484375, 138.54400634765625]], 'labels': ['desk', 'desk', 'person', 'person', 'person', 'person', 'person', 'person']}}"
0056,"{'<DENSE_REGION_CAPTION>': {'bboxes': [[1.4560000896453857, 123.08800506591797, 89.04000091552734, 223.66400146484375], [176.84800720214844, 136.9759979248047, 223.66400146484375, 223.66400146484375], [6.160000324249268, 15.568000793457031, 40.432003021240234, 153.552001953125], [146.38400268554688, 91.2800064086914, 175.72801208496094, 136.7519989013672], [128.24000549316406, 109.87200164794922, 149.74400329589844, 166.76800537109375], [176.62400817871094, 92.1760025024414, 195.88800048828125, 137.1999969482422], [197.9040069580078, 90.83200073242188, 217.6160125732422, 128.91200256347656]], 'labels': ['desk', 'desk', 'person', 'person', 'person', 'person', 'person']}}"
0057,"{'<DENSE_REGION_CAPTION>': {'bboxes': [[1.4560000896453857, 123.08800506591797, 89.04000091552734, 223.66400146484375], [176.84800720214844, 136.9759979248047, 223.66400146484375, 223.66400146484375], [6.160000324249268, 15.344000816345215, 41.3280029296875, 153.552001953125], [146.38400268554688, 92.1760025024414, 175.95201110839844, 136.7519989013672], [130.03199768066406, 108.97600555419922, 149.29600524902344, 166.76800537109375], [201.93600463867188, 91.2800064086914, 217.6160125732422, 129.36000061035156]], 'labels': ['desk', 'desk', 'person', 'person', 'person', 'person']}}"
0058,"{'<DENSE_REGION_CAPTION>': {'bboxes': [[1.4560000896453857, 123.08800506591797, 89.04000091552734, 223.66400146484375], [176.84800720214844, 136.9759979248047, 223.66400146484375, 223.66400146484375], [5.712000370025635, 15.792000770568848, 37.74399948120117, 152.656005859375], [144.81600952148438, 94.19200134277344, 177.07200622558594, 136.9759979248047], [130.03199768066406, 109.64800262451172, 149.07200622558594, 166.99200439453125], [181.10400390625, 91.7280044555664, 202.16000366210938, 137.64801025390625], [199.92001342773438, 91.5040054321289, 218.2880096435547, 128.68800354003906]], 'labels': ['desk', 'desk', 'person', 'person', 'person', 'person', 'person']}}"
0059,"{'<DENSE_REGION_CAPTION>': {'bboxes': [[1.4560000896453857, 123.08800506591797, 89.04000091552734, 223.66400146484375], [176.84800720214844, 136.9759979248047, 223.66400146484375, 223.66400146484375], [5.936000347137451, 16.464000701904297, 30.576000213623047, 152.2080078125], [145.93600463867188, 92.8479995727539, 176.17601013183594, 137.1999969482422], [130.03199768066406, 109.87200164794922, 148.62400817871094, 167.21600341796875], [199.92001342773438, 91.2800064086914, 217.3920135498047, 129.36000061035156]], 'labels': ['desk', 'desk', 'person', 'person', 'person', 'person']}}"
0060,"{'<DENSE_REGION_CAPTION>': {'bboxes': [[1.2319999933242798, 126.00000762939453, 85.68000030517578, 223.66400146484375], [176.84800720214844, 137.42401123046875, 223.66400146484375, 223.66400146484375], [6.160000324249268, 16.687999725341797, 50.288002014160156, 154.0], [6.160000324249268, 16.687999725341797, 31.248001098632812, 154.0], [145.71200561523438, 93.07200622558594, 175.50399780273438, 137.1999969482422], [129.36000061035156, 112.56000518798828, 148.84800720214844, 167.44000244140625], [199.92001342773438, 92.8479995727539, 217.6160125732422, 129.36000061035156]], 'labels': ['desk', 'desk', 'person', 'person', 'person', 'person', 'person']}}"
0061,"{'<DENSE_REGION_CAPTION>': {'bboxes': [[1.4560000896453857, 124.8800048828125, 89.48799896240234, 223.66400146484375], [177.29600524902344, 138.76800537109375, 223.66400146484375, 223.66400146484375], [5.936000347137451, 18.70400047302246, 42.0, 154.89601135253906], [145.93600463867188, 93.07200622558594, 176.17601013183594, 138.54400634765625], [129.80799865722656, 113.45600128173828, 148.84800720214844, 168.7840118408203], [184.01600646972656, 91.7280044555664, 200.81600952148438, 130.48001098632812], [200.81600952148438, 95.31200408935547, 217.3920135498047, 130.25599670410156]], 'labels': ['desk', 'desk', 'person', 'person', 'person', 'person', 'person']}}"
0062,"{'<DENSE_REGION_CAPTION>': {'bboxes': [[1.4560000896453857, 128.68800354003906, 89.48799896240234, 223.66400146484375], [177.29600524902344, 141.6800079345703, 223.66400146484375, 223.66400146484375], [6.160000324249268, 21.168001174926758, 31.02400016784668, 158.48001098632812], [144.81600952148438, 98.44800567626953, 175.27999877929688, 141.9040069580078], [129.58399963378906, 116.59200286865234, 148.84800720214844, 171.6959991455078], [184.24000549316406, 97.10400390625, 201.26400756835938, 142.1280059814453], [200.36801147460938, 98.89600372314453, 219.4080047607422, 133.8400115966797]], 'labels': ['desk', 'desk', 'person', 'person', 'person', 'person', 'person']}}"
0063,"{'<DENSE_REGION_CAPTION>': {'bboxes': [[1.0080000162124634, 128.68800354003906, 89.04000091552734, 223.66400146484375], [177.52000427246094, 142.8000030517578, 223.66400146484375, 223.66400146484375], [6.160000324249268, 21.84000015258789, 39.3120002746582, 159.60000610351562], [144.81600952148438, 97.3280029296875, 177.52000427246094, 144.59201049804688], [131.15200805664062, 118.16000366210938, 148.62400817871094, 172.59201049804688], [184.24000549316406, 97.7760009765625, 201.26400756835938, 134.9600067138672], [200.59201049804688, 99.12000274658203, 218.7360076904297, 133.8400115966797]], 'labels': ['desk', 'desk', 'person', 'person', 'person', 'person', 'person']}}"
0064,"{'<DENSE_REGION_CAPTION>': {'bboxes': [[1.0080000162124634, 129.13600158691406, 89.04000091552734, 223.66400146484375], [176.84800720214844, 142.5760040283203, 223.66400146484375, 223.66400146484375], [5.712000370025635, 22.064001083374023, 31.248001098632812, 158.48001098632812], [143.6959991455078, 97.3280029296875, 176.62400817871094, 145.04000854492188], [130.03199768066406, 117.26399993896484, 148.62400817871094, 172.81600952148438], [184.46400451660156, 97.10400390625, 200.81600952148438, 134.2880096435547], [212.46400451660156, 106.28800201416016, 223.66400146484375, 144.1439971923828]], 'labels': ['desk', 'desk', 'person', 'person', 'person', 'person', 'person']}}"
0065,"{'<DENSE_REGION_CAPTION>': {'bboxes': [[1.0080000162124634, 131.15200805664062, 85.68000030517578, 223.66400146484375], [176.84800720214844, 142.8000030517578, 223.66400146484375, 223.66400146484375], [5.712000370025635, 22.064001083374023, 31.02400016784668, 158.48001098632812], [143.6959991455078, 97.10400390625, 176.17601013183594, 145.48800659179688], [130.03199768066406, 117.04000091552734, 147.72801208496094, 172.36801147460938], [184.01600646972656, 97.10400390625, 203.72801208496094, 142.8000030517578], [207.9840087890625, 96.20800018310547, 223.66400146484375, 133.8400115966797]], 'labels': ['desk', 'desk', 'person', 'person', 'person', 'person', 'person']}}"
0066,"{'<DENSE_REGION_CAPTION>': {'bboxes': [[1.2319999933242798, 131.15200805664062, 85.68000030517578, 223.66400146484375], [177.29600524902344, 142.8000030517578, 223.66400146484375, 223.66400146484375], [5.712000370025635, 22.288000106811523, 38.8640022277832, 158.92800903320312], [143.9199981689453, 98.0, 182.67201232910156, 171.9199981689453], [143.9199981689453, 98.0, 177.29600524902344, 145.26400756835938], [128.01600646972656, 117.04000091552734, 148.17601013183594, 172.81600952148438], [183.12001037597656, 98.0, 201.71200561523438, 133.8400115966797]], 'labels': ['desk', 'desk', 'person', 'person', 'person', 'person', 'person']}}"
0067,"{'<DENSE_REGION_CAPTION>': {'bboxes': [[1.2319999933242798, 131.15200805664062, 85.68000030517578, 223.66400146484375], [177.29600524902344, 142.8000030517578, 223.66400146484375, 223.66400146484375], [5.936000347137451, 21.84000015258789, 39.0880012512207, 158.48001098632812], [142.1280059814453, 99.56800079345703, 175.27999877929688, 145.93600463867188], [128.46400451660156, 117.48800659179688, 147.50399780273438, 173.26400756835938], [183.56800842285156, 98.0, 200.36801147460938, 133.39199829101562], [209.10400390625, 93.96800231933594, 223.66400146484375, 134.2880096435547], [209.10400390625, 106.73600006103516, 219.1840057373047, 134.0640106201172]], 'labels': ['desk', 'desk', 'person', 'person', 'person', 'person', 'person', 'person']}}"
0068,"{'<DENSE_REGION_CAPTION>': {'bboxes': [[1.2319999933242798, 131.15200805664062, 85.68000030517578, 223.66400146484375], [177.29600524902344, 142.8000030517578, 223.66400146484375, 223.66400146484375], [77.84000396728516, 15.120000839233398, 87.47200012207031, 55.44000244140625], [0.1120000034570694, 117.71200561523438, 10.192000389099121, 137.1999969482422], [80.97600555419922, 145.93600463867188, 115.24800109863281, 223.66400146484375], [141.6800079345703, 140.33599853515625, 176.62400817871094, 203.72801208496094], [8.40000057220459, 192.0800018310547, 51.18400192260742, 223.66400146484375], [81.20000457763672, 182.89601135253906, 115.24800109863281, 223.66400146484375], [8.176000595092773, 156.01600646972656, 21.168001174926758, 172.81600952148438], [26.768001556396484, 129.58399963378906, 37.96800231933594, 148.17601013183594]], 'labels': ['desk', 'desk', 'flag', 'box', 'chair', 'chair', 'chair', 'chair', 'chair', 'chair']}}"
0069,"{'<DENSE_REGION_CAPTION>': {'bboxes': [[1.2319999933242798, 131.15200805664062, 85.68000030517578, 223.66400146484375], [177.29600524902344, 142.8000030517578, 223.66400146484375, 223.66400146484375], [5.936000347137451, 21.392000198364258, 39.3120002746582, 158.48001098632812], [128.01600646972656, 102.2560043334961, 155.79200744628906, 173.48800659179688], [144.81600952148438, 98.0, 178.86399841308594, 144.36801147460938], [128.01600646972656, 117.04000091552734, 148.40000915527344, 173.48800659179688], [182.447998046875, 97.552001953125, 202.16000366210938, 143.0240020751953], [201.48800659179688, 102.2560043334961, 223.66400146484375, 134.2880096435547]], 'labels': ['desk', 'desk', 'person', 'person', 'person', 'person', 'person', 'person']}}"
0070,"{'<DENSE_REGION_CAPTION>': {'bboxes': [[1.2319999933242798, 131.37600708007812, 85.68000030517578, 223.66400146484375], [177.07200622558594, 142.8000030517578, 223.66400146484375, 223.66400146484375], [5.936000347137451, 21.84000015258789, 41.552001953125, 158.48001098632812], [5.936000347137451, 21.84000015258789, 31.248001098632812, 158.48001098632812], [144.36801147460938, 97.3280029296875, 178.86399841308594, 144.59201049804688], [183.12001037597656, 97.3280029296875, 203.27999877929688, 143.0240020751953], [80.97600555419922, 183.12001037597656, 115.24800109863281, 223.66400146484375], [8.176000595092773, 192.0800018310547, 40.432003021240234, 223.66400146484375], [26.32000160217285, 129.36000061035156, 37.96800231933594, 150.63999938964844]], 'labels': ['desk', 'desk', 'person', 'person', 'person', 'person', 'chair', 'chair', 'chair']}}"
0071,"{'<DENSE_REGION_CAPTION>': {'bboxes': [[1.0080000162124634, 131.60000610351562, 85.68000030517578, 223.66400146484375], [176.84800720214844, 142.8000030517578, 223.66400146484375, 223.66400146484375], [5.936000347137451, 22.064001083374023, 31.248001098632812, 158.48001098632812], [143.4720001220703, 98.67200469970703, 176.84800720214844, 143.4720001220703], [128.46400451660156, 117.26399993896484, 148.62400817871094, 173.04000854492188], [179.0880126953125, 98.0, 202.83200073242188, 143.0240020751953], [201.04000854492188, 94.19200134277344, 223.66400146484375, 134.5120086669922]], 'labels': ['desk', 'desk', 'person', 'person', 'person', 'person', 'person']}}"
0072,"{'<DENSE_REGION_CAPTION>': {'bboxes': [[1.0080000162124634, 131.60000610351562, 85.68000030517578, 223.66400146484375], [176.84800720214844, 142.8000030517578, 223.66400146484375, 223.66400146484375], [5.488000392913818, 22.064001083374023, 31.02400016784668, 158.48001098632812], [140.11199951171875, 98.0, 182.67201232910156, 171.0240020751953], [140.33599853515625, 98.0, 177.52000427246094, 145.04000854492188], [178.86399841308594, 98.0, 203.50401306152344, 143.0240020751953], [128.01600646972656, 116.81600189208984, 145.93600463867188, 172.59201049804688], [200.36801147460938, 94.19200134277344, 221.64801025390625, 134.7360076904297]], 'labels': ['desk', 'desk', 'person', 'person', 'person', 'person', 'person', 'person']}}"
0073,"{'<DENSE_REGION_CAPTION>': {'bboxes': [[1.0080000162124634, 131.60000610351562, 85.68000030517578, 223.66400146484375], [176.84800720214844, 142.8000030517578, 223.66400146484375, 223.66400146484375], [5.936000347137451, 21.61600112915039, 31.472000122070312, 158.92800903320312], [143.9199981689453, 98.0, 175.05599975585938, 144.1439971923828], [179.0880126953125, 98.0, 203.27999877929688, 143.0240020751953], [200.36801147460938, 94.19200134277344, 223.66400146484375, 134.7360076904297]], 'labels': ['desk', 'desk', 'person', 'person', 'person', 'person']}}"
0074,"{'<DENSE_REGION_CAPTION>': {'bboxes': [[1.0080000162124634, 131.60000610351562, 85.68000030517578, 223.66400146484375], [177.29600524902344, 142.8000030517578, 223.66400146484375, 223.66400146484375], [5.936000347137451, 22.064001083374023, 38.8640022277832, 158.25601196289062], [145.93600463867188, 99.34400177001953, 176.17601013183594, 143.4720001220703], [179.31201171875, 98.0, 201.93600463867188, 143.0240020751953], [200.36801147460938, 102.2560043334961, 223.66400146484375, 143.0240020751953]], 'labels': ['desk', 'desk', 'person', 'person', 'person', 'person']}}"
0075,"{'<DENSE_REGION_CAPTION>': {'bboxes': [[1.0080000162124634, 131.60000610351562, 85.68000030517578, 223.66400146484375], [177.52000427246094, 142.8000030517578, 223.66400146484375, 223.66400146484375], [5.936000347137451, 22.064001083374023, 32.14400100708008, 158.48001098632812], [145.93600463867188, 97.3280029296875, 176.62400817871094, 142.8000030517578], [127.56800079345703, 115.47200012207031, 147.72801208496094, 172.14401245117188], [179.760009765625, 97.10400390625, 202.83200073242188, 143.0240020751953], [100.68800354003906, 104.27200317382812, 119.9520034790039, 147.72801208496094]], 'labels': ['desk', 'desk', 'person', 'person', 'person', 'person', 'person']}}"
0076,"{'<DENSE_REGION_CAPTION>': {'bboxes': [[1.0080000162124634, 131.60000610351562, 85.68000030517578, 223.66400146484375], [177.52000427246094, 142.8000030517578, 223.66400146484375, 223.66400146484375], [77.61600494384766, 14.672000885009766, 87.47200012207031, 54.992000579833984], [0.1120000034570694, 112.33600616455078, 11.088000297546387, 136.5279998779297], [80.75199890136719, 145.93600463867188, 115.92000579833984, 223.66400146484375], [7.952000141143799, 192.0800018310547, 51.18400192260742, 223.66400146484375], [7.952000141143799, 156.01600646972656, 21.61600112915039, 171.9199981689453], [26.768001556396484, 129.80799865722656, 37.07200241088867, 150.63999938964844]], 'labels': ['desk', 'desk', 'flag', 'box', 'chair', 'chair', 'chair', 'chair']}}"
0077,"{'<DENSE_REGION_CAPTION>': {'bboxes': [[1.0080000162124634, 131.60000610351562, 85.68000030517578, 223.66400146484375], [177.52000427246094, 142.8000030517578, 223.66400146484375, 223.66400146484375], [6.160000324249268, 22.064001083374023, 39.0880012512207, 157.58399963378906], [80.75199890136719, 145.93600463867188, 115.47200012207031, 223.66400146484375], [7.952000141143799, 192.0800018310547, 51.18400192260742, 223.66400146484375], [80.75199890136719, 182.89601135253906, 115.47200012207031, 223.66400146484375], [7.728000164031982, 155.79200744628906, 21.392000198364258, 172.14401245117188], [26.54400062561035, 129.80799865722656, 37.07200241088867, 148.17601013183594]], 'labels': ['desk', 'desk', 'person', 'chair', 'chair', 'chair', 'chair', 'chair']}}"
0078,"{'<DENSE_REGION_CAPTION>': {'bboxes': [[0.1120000034570694, 131.15200805664062, 85.68000030517578, 223.66400146484375], [176.84800720214844, 142.5760040283203, 223.66400146484375, 223.66400146484375], [4.5920000076293945, 22.064001083374023, 32.592002868652344, 157.80799865722656], [101.36000061035156, 104.94400024414062, 128.01600646972656, 159.37600708007812], [146.38400268554688, 99.12000274658203, 175.50399780273438, 141.9040069580078], [127.12000274658203, 116.36800384521484, 145.04000854492188, 173.04000854492188], [178.41600036621094, 98.44800567626953, 200.81600952148438, 134.2880096435547]], 'labels': ['desk', 'desk', 'person', 'person', 'person', 'person', 'person']}}"
0079,"{'<DENSE_REGION_CAPTION>': {'bboxes': [[1.0080000162124634, 131.60000610351562, 85.68000030517578, 223.66400146484375], [177.29600524902344, 142.8000030517578, 223.66400146484375, 223.66400146484375], [5.936000347137451, 22.512001037597656, 38.41600036621094, 157.58399963378906], [80.75199890136719, 145.71200561523438, 115.69600677490234, 223.66400146484375], [141.0080108642578, 141.0080108642578, 176.40000915527344, 202.83200073242188], [7.952000141143799, 192.3040008544922, 51.40800094604492, 223.66400146484375], [80.75199890136719, 182.89601135253906, 115.69600677490234, 223.66400146484375], [7.728000164031982, 156.01600646972656, 21.168001174926758, 172.59201049804688], [26.768001556396484, 129.80799865722656, 37.07200241088867, 149.07200622558594]], 'labels': ['desk', 'desk', 'person', 'chair', 'chair', 'chair', 'chair', 'chair', 'chair']}}"
0080,"{'<DENSE_REGION_CAPTION>': {'bboxes': [[1.0080000162124634, 131.60000610351562, 85.23200225830078, 223.66400146484375], [176.84800720214844, 142.8000030517578, 223.66400146484375, 223.66400146484375], [4.5920000076293945, 23.408000946044922, 38.41600036621094, 157.58399963378906], [144.36801147460938, 110.09600067138672, 178.86399841308594, 144.81600952148438], [125.552001953125, 114.35200500488281, 144.81600952148438, 172.81600952148438], [99.34400177001953, 104.72000122070312, 116.59200286865234, 147.72801208496094], [183.34400939941406, 97.3280029296875, 201.04000854492188, 134.2880096435547], [142.3520050048828, 99.56800079345703, 156.68800354003906, 141.9040069580078], [214.92800903320312, 101.58399963378906, 223.66400146484375, 144.36801147460938], [80.52799987792969, 183.12001037597656, 115.47200012207031, 223.66400146484375], [7.28000020980835, 156.01600646972656, 21.168001174926758, 172.81600952148438], [26.32000160217285, 129.80799865722656, 36.847999572753906, 149.07200622558594]], 'labels': ['desk', 'desk', 'person', 'person', 'person', 'person', 'person', 'person', 'person', 'chair', 'chair', 'chair']}}"
0081,"{'<DENSE_REGION_CAPTION>': {'bboxes': [[0.1120000034570694, 131.15200805664062, 85.68000030517578, 223.66400146484375], [176.84800720214844, 142.5760040283203, 223.66400146484375, 223.66400146484375], [4.5920000076293945, 23.408000946044922, 42.224002838134766, 139.88800048828125], [145.04000854492188, 100.91200256347656, 182.447998046875, 170.5760040283203], [93.96800231933594, 104.72000122070312, 123.76000213623047, 176.17601013183594], [145.26400756835938, 100.91200256347656, 178.19200134277344, 144.36801147460938], [126.44800567626953, 114.35200500488281, 146.83200073242188, 172.59201049804688], [180.2080078125, 96.656005859375, 203.50401306152344, 142.8000030517578], [209.3280029296875, 97.3280029296875, 223.66400146484375, 143.2480010986328]], 'labels': ['desk', 'desk', 'person', 'person', 'person', 'person', 'person', 'person', 'person']}}"
0082,"{'<DENSE_REGION_CAPTION>': {'bboxes': [[0.1120000034570694, 131.15200805664062, 85.68000030517578, 223.66400146484375], [176.84800720214844, 142.1280059814453, 223.66400146484375, 223.66400146484375], [4.5920000076293945, 23.408000946044922, 37.96800231933594, 158.25601196289062], [144.81600952148438, 100.91200256347656, 182.2239990234375, 170.8000030517578], [126.44800567626953, 114.35200500488281, 147.27999877929688, 172.81600952148438]], 'labels': ['desk', 'desk', 'person', 'person', 'person']}}"
0083,"{'<DENSE_REGION_CAPTION>': {'bboxes': [[1.0080000162124634, 131.37600708007812, 85.68000030517578, 223.66400146484375], [177.52000427246094, 142.5760040283203, 223.66400146484375, 223.66400146484375], [5.936000347137451, 22.96000099182129, 31.696001052856445, 159.60000610351562], [100.91200256347656, 105.16800689697266, 127.56800079345703, 175.50399780273438], [126.89600372314453, 113.90400695800781, 146.83200073242188, 172.59201049804688], [149.96800231933594, 102.2560043334961, 176.62400817871094, 143.4720001220703], [177.29600524902344, 99.34400177001953, 194.32000732421875, 143.0240020751953], [141.4560089111328, 102.4800033569336, 155.79200744628906, 142.1280059814453]], 'labels': ['desk', 'desk', 'person', 'person', 'person', 'person', 'person', 'person']}}"
0084,"{'<DENSE_REGION_CAPTION>': {'bboxes': [[0.784000039100647, 131.37600708007812, 85.23200225830078, 223.66400146484375], [177.07200622558594, 142.5760040283203, 223.66400146484375, 223.66400146484375], [64.8479995727539, 145.26400756835938, 115.47200012207031, 223.66400146484375], [145.04000854492188, 140.33599853515625, 176.84800720214844, 202.38400268554688], [6.832000255584717, 192.0800018310547, 51.18400192260742, 223.66400146484375], [80.52799987792969, 182.89601135253906, 115.47200012207031, 223.66400146484375], [7.728000164031982, 192.0800018310547, 39.98400115966797, 223.66400146484375], [26.32000160217285, 129.80799865722656, 36.624000549316406, 148.17601013183594]], 'labels': ['desk', 'desk', 'chair', 'chair', 'chair', 'chair', 'chair', 'chair']}}"
0085,"{'<DENSE_REGION_CAPTION>': {'bboxes': [[0.1120000034570694, 130.48001098632812, 85.68000030517578, 223.66400146484375], [176.84800720214844, 142.3520050048828, 223.66400146484375, 223.66400146484375], [5.936000347137451, 21.61600112915039, 39.53600311279297, 158.70401000976562], [80.30400085449219, 145.26400756835938, 115.47200012207031, 223.66400146484375], [144.81600952148438, 140.33599853515625, 176.62400817871094, 201.04000854492188], [5.936000347137451, 191.8560028076172, 51.18400192260742, 223.66400146484375], [80.30400085449219, 182.89601135253906, 115.47200012207031, 223.66400146484375], [7.28000020980835, 192.0800018310547, 39.98400115966797, 223.66400146484375], [26.09600067138672, 129.80799865722656, 37.29600143432617, 148.40000915527344]], 'labels': ['desk', 'desk', 'person', 'chair', 'chair', 'chair', 'chair', 'chair', 'chair']}}"
0086,"{'<DENSE_REGION_CAPTION>': {'bboxes': [[0.784000039100647, 131.37600708007812, 85.23200225830078, 223.66400146484375], [177.29600524902344, 142.5760040283203, 223.66400146484375, 223.66400146484375], [80.52799987792969, 145.71200561523438, 115.47200012207031, 223.66400146484375], [6.384000301361084, 191.8560028076172, 51.18400192260742, 223.66400146484375], [80.52799987792969, 182.89601135253906, 115.47200012207031, 223.66400146484375], [5.936000347137451, 21.84000015258789, 35.95199966430664, 158.92800903320312], [167.66400146484375, 26.32000160217285, 198.5760040283203, 78.28800201416016], [100.01600646972656, 104.27200317382812, 116.81600189208984, 147.27999877929688], [172.14401245117188, 111.44000244140625, 194.32000732421875, 142.5760040283203], [212.46400451660156, 105.16800689697266, 223.66400146484375, 143.6959991455078]], 'labels': ['desk', 'desk', 'chair', 'chair', 'chair', 'person', 'person', 'person', 'person', 'person']}}"
0087,"{'<DENSE_REGION_CAPTION>': {'bboxes': [[0.1120000034570694, 129.58399963378906, 89.04000091552734, 223.66400146484375], [176.84800720214844, 142.1280059814453, 223.66400146484375, 223.66400146484375], [5.936000347137451, 21.61600112915039, 32.592002868652344, 158.92800903320312], [80.30400085449219, 145.71200561523438, 115.47200012207031, 223.66400146484375], [7.28000020980835, 192.0800018310547, 51.18400192260742, 223.66400146484375], [80.30400085449219, 182.89601135253906, 115.47200012207031, 223.66400146484375], [26.09600067138672, 129.58399963378906, 37.29600143432617, 148.62400817871094]], 'labels': ['desk', 'desk', 'person', 'chair', 'chair', 'chair', 'chair']}}"
0088,"{'<DENSE_REGION_CAPTION>': {'bboxes': [[0.784000039100647, 131.37600708007812, 85.23200225830078, 223.66400146484375], [176.84800720214844, 142.3520050048828, 223.66400146484375, 223.66400146484375], [5.936000347137451, 21.61600112915039, 32.14400100708008, 158.92800903320312], [80.52799987792969, 145.26400756835938, 115.24800109863281, 223.66400146484375], [144.36801147460938, 140.33599853515625, 176.40000915527344, 196.5600128173828], [5.936000347137451, 192.0800018310547, 51.18400192260742, 223.66400146484375], [80.52799987792969, 182.89601135253906, 115.24800109863281, 223.66400146484375], [178.86399841308594, 164.9759979248047, 195.66400146484375, 223.66400146484375], [25.87200164794922, 129.80799865722656, 37.07200241088867, 148.17601013183594]], 'labels': ['desk', 'desk', 'person', 'chair', 'chair', 'chair', 'chair', 'chair', 'chair']}}"
0089,"{'<DENSE_REGION_CAPTION>': {'bboxes': [[59.69600296020508, 5.039999961853027, 146.60800170898438, 109.64800262451172], [80.52799987792969, 145.71200561523438, 115.69600677490234, 223.66400146484375], [144.81600952148438, 140.55999755859375, 177.07200622558594, 196.5600128173828], [8.176000595092773, 191.8560028076172, 51.40800094604492, 223.66400146484375], [80.75199890136719, 182.89601135253906, 115.69600677490234, 223.66400146484375], [6.832000255584717, 22.288000106811523, 31.920000076293945, 158.25601196289062], [126.89600372314453, 112.78400421142578, 147.72801208496094, 172.59201049804688], [101.36000061035156, 103.3759994506836, 120.6240005493164, 150.63999938964844], [172.14401245117188, 106.96000671386719, 194.09600830078125, 143.0240020751953], [153.3280029296875, 101.13600158691406, 173.48800659179688, 134.7360076904297], [141.4560089111328, 101.13600158691406, 157.13600158691406, 141.9040069580078], [212.68800354003906, 103.82400512695312, 223.66400146484375, 143.6959991455078]], 'labels': ['whiteboard', 'chair', 'chair', 'chair', 'chair', 'person', 'person', 'person', 'person', 'person', 'person', 'person']}}"
0090,"{'<DENSE_REGION_CAPTION>': {'bboxes': [[0.1120000034570694, 128.68800354003906, 89.04000091552734, 223.66400146484375], [176.84800720214844, 142.1280059814453, 223.66400146484375, 223.66400146484375], [6.160000324249268, 21.84000015258789, 32.816001892089844, 158.03199768066406], [80.30400085449219, 145.48800659179688, 115.69600677490234, 223.66400146484375], [7.28000020980835, 191.6320037841797, 51.18400192260742, 223.66400146484375], [80.30400085449219, 182.67201232910156, 115.69600677490234, 223.66400146484375]], 'labels': ['desk', 'desk', 'person', 'chair', 'chair', 'chair']}}"
0091,"{'<DENSE_REGION_CAPTION>': {'bboxes': [[1.0080000162124634, 131.37600708007812, 84.78400421142578, 223.66400146484375], [177.29600524902344, 142.8000030517578, 223.66400146484375, 223.66400146484375], [77.61600494384766, 14.672000885009766, 87.92000579833984, 54.992000579833984]], 'labels': ['desk', 'desk', 'flag']}}"
0092,"{'<DENSE_REGION_CAPTION>': {'bboxes': [[1.0080000162124634, 131.15200805664062, 85.68000030517578, 223.66400146484375], [177.52000427246094, 142.8000030517578, 223.66400146484375, 223.66400146484375], [77.61600494384766, 14.672000885009766, 87.69599914550781, 54.992000579833984]], 'labels': ['desk', 'desk', 'flag']}}"
0093,"{'<DENSE_REGION_CAPTION>': {'bboxes': [[1.0080000162124634, 131.37600708007812, 85.68000030517578, 223.66400146484375], [177.52000427246094, 142.8000030517578, 223.66400146484375, 223.66400146484375], [77.61600494384766, 14.672000885009766, 87.69599914550781, 54.992000579833984]], 'labels': ['desk', 'desk', 'flag']}}"
0094,"{'<DENSE_REGION_CAPTION>': {'bboxes': [[1.0080000162124634, 131.15200805664062, 85.68000030517578, 223.66400146484375], [177.74400329589844, 142.5760040283203, 223.66400146484375, 223.66400146484375], [77.61600494384766, 14.672000885009766, 87.47200012207031, 54.992000579833984]], 'labels': ['desk', 'desk', 'flag']}}"
0095,"{'<DENSE_REGION_CAPTION>': {'bboxes': [[1.0080000162124634, 131.37600708007812, 85.68000030517578, 223.66400146484375], [177.74400329589844, 142.8000030517578, 223.66400146484375, 223.66400146484375], [5.936000347137451, 22.512001037597656, 30.576000213623047, 153.552001953125], [80.52799987792969, 145.48800659179688, 115.47200012207031, 223.66400146484375], [145.26400756835938, 139.88800048828125, 176.40000915527344, 207.760009765625], [7.952000141143799, 192.0800018310547, 51.18400192260742, 223.66400146484375], [80.75199890136719, 182.89601135253906, 115.24800109863281, 223.66400146484375], [7.952000141143799, 129.58399963378906, 37.74399948120117, 172.81600952148438], [178.86399841308594, 164.5279998779297, 195.88800048828125, 223.66400146484375], [103.3759994506836, 145.48800659179688, 115.24800109863281, 214.70401000976562], [26.768001556396484, 129.58399963378906, 37.74399948120117, 148.62400817871094]], 'labels': ['desk', 'desk', 'person', 'chair', 'chair', 'chair', 'chair', 'chair', 'chair', 'chair', 'chair']}}"
0096,"{'<DENSE_REGION_CAPTION>': {'bboxes': [[0.1120000034570694, 130.92800903320312, 85.68000030517578, 223.66400146484375], [176.84800720214844, 142.8000030517578, 223.66400146484375, 223.66400146484375], [80.52799987792969, 145.48800659179688, 115.24800109863281, 223.66400146484375], [143.9199981689453, 141.0080108642578, 176.84800720214844, 223.66400146484375], [7.728000164031982, 192.0800018310547, 51.18400192260742, 223.66400146484375], [80.52799987792969, 182.89601135253906, 115.24800109863281, 223.66400146484375], [5.712000370025635, 22.512001037597656, 30.576000213623047, 150.41600036621094], [122.19200134277344, 116.36800384521484, 143.9199981689453, 168.5600128173828], [100.91200256347656, 104.72000122070312, 118.38400268554688, 174.83200073242188], [145.93600463867188, 105.61600494384766, 173.26400756835938, 142.5760040283203], [101.13600158691406, 104.72000122070312, 117.26399993896484, 147.72801208496094], [153.552001953125, 96.8800048828125, 170.8000030517578, 126.89600372314453]], 'labels': ['desk', 'desk', 'chair', 'chair', 'chair', 'chair', 'person', 'person', 'person', 'person', 'person', 'person']}}"
0097,"{'<DENSE_REGION_CAPTION>': {'bboxes': [[0.1120000034570694, 131.15200805664062, 85.68000030517578, 223.66400146484375], [176.84800720214844, 142.8000030517578, 223.66400146484375, 223.66400146484375], [80.52799987792969, 145.48800659179688, 115.24800109863281, 223.66400146484375], [144.36801147460938, 140.55999755859375, 176.62400817871094, 215.15200805664062], [7.728000164031982, 192.0800018310547, 51.18400192260742, 223.66400146484375], [80.52799987792969, 182.89601135253906, 115.24800109863281, 223.66400146484375], [5.712000370025635, 22.736000061035156, 30.576000213623047, 149.96800231933594], [100.46400451660156, 104.04800415039062, 118.83200073242188, 174.83200073242188], [123.08800506591797, 116.14400482177734, 143.0240020751953, 168.5600128173828], [100.91200256347656, 104.04800415039062, 117.26399993896484, 151.9840087890625], [188.94400024414062, 108.97600555419922, 213.13600158691406, 143.0240020751953], [205.07200622558594, 102.2560043334961, 223.66400146484375, 135.6320037841797], [157.80799865722656, 96.43199920654297, 171.4720001220703, 126.44800567626953]], 'labels': ['desk', 'desk', 'chair', 'chair', 'chair', 'chair', 'person', 'person', 'person', 'person', 'person', 'person', 'person']}}"
0098,"{'<DENSE_REGION_CAPTION>': {'bboxes': [[0.1120000034570694, 130.92800903320312, 85.68000030517578, 223.66400146484375], [176.84800720214844, 142.5760040283203, 223.66400146484375, 223.66400146484375], [5.712000370025635, 22.736000061035156, 30.576000213623047, 153.552001953125], [80.52799987792969, 145.48800659179688, 115.24800109863281, 223.66400146484375], [144.81600952148438, 140.7840118408203, 176.40000915527344, 215.15200805664062], [7.728000164031982, 192.0800018310547, 50.96000289916992, 223.66400146484375], [80.75199890136719, 182.89601135253906, 115.24800109863281, 223.66400146484375], [7.728000164031982, 129.36000061035156, 37.52000045776367, 172.36801147460938], [178.86399841308594, 164.7519989013672, 195.66400146484375, 223.66400146484375], [102.9280014038086, 145.48800659179688, 115.02400207519531, 214.70401000976562]], 'labels': ['desk', 'desk', 'person', 'chair', 'chair', 'chair', 'chair', 'chair', 'chair', 'chair']}}"
0099,"{'<DENSE_REGION_CAPTION>': {'bboxes': [[0.1120000034570694, 130.92800903320312, 85.68000030517578, 223.66400146484375], [176.84800720214844, 142.5760040283203, 223.66400146484375, 223.66400146484375], [5.712000370025635, 22.96000099182129, 31.02400016784668, 149.52000427246094], [123.08800506591797, 116.36800384521484, 144.59201049804688, 168.11199951171875], [143.6959991455078, 108.08000183105469, 174.83200073242188, 144.59201049804688], [100.91200256347656, 104.27200317382812, 117.26399993896484, 151.5360107421875], [180.656005859375, 100.68800354003906, 197.6800079345703, 130.92800903320312], [208.8800048828125, 95.98400115966797, 222.54400634765625, 137.1999969482422], [161.6160125732422, 96.8800048828125, 174.16000366210938, 126.89600372314453]], 'labels': ['desk', 'desk', 'person', 'person', 'person', 'person', 'person', 'person', 'person']}}"
0100,"{'<DENSE_REGION_CAPTION>': {'bboxes': [[0.1120000034570694, 130.92800903320312, 85.68000030517578, 223.66400146484375], [176.84800720214844, 142.5760040283203, 223.66400146484375, 223.66400146484375], [6.160000324249268, 22.736000061035156, 31.02400016784668, 152.656005859375], [80.52799987792969, 145.71200561523438, 115.24800109863281, 223.66400146484375], [144.81600952148438, 140.7840118408203, 176.40000915527344, 215.60000610351562], [7.728000164031982, 192.0800018310547, 50.96000289916992, 223.66400146484375], [80.52799987792969, 182.89601135253906, 115.24800109863281, 223.66400146484375], [177.96800231933594, 164.9759979248047, 195.88800048828125, 223.66400146484375], [102.9280014038086, 145.48800659179688, 115.02400207519531, 214.70401000976562], [7.728000164031982, 136.5279998779297, 29.68000030517578, 172.81600952148438], [143.0240020751953, 110.99200439453125, 172.81600952148438, 145.71200561523438], [124.20800018310547, 117.04000091552734, 143.0240020751953, 168.11199951171875], [100.91200256347656, 104.27200317382812, 116.36800384521484, 152.656005859375], [181.10400390625, 97.10400390625, 197.4560089111328, 131.15200805664062], [162.7360076904297, 99.56800079345703, 177.07200622558594, 135.6320037841797], [207.9840087890625, 107.63200378417969, 222.76800537109375, 136.7519989013672]], 'labels': ['desk', 'desk', 'person', 'chair', 'chair', 'chair', 'chair', 'chair', 'chair', 'chair', 'person', 'person', 'person', 'person', 'person', 'person']}}"
0101,"{'<DENSE_REGION_CAPTION>': {'bboxes': [[1.0080000162124634, 131.60000610351562, 85.23200225830078, 223.66400146484375], [176.84800720214844, 142.8000030517578, 223.66400146484375, 223.66400146484375], [5.936000347137451, 22.96000099182129, 31.248001098632812, 147.05599975585938], [64.8479995727539, 145.71200561523438, 115.69600677490234, 223.66400146484375], [7.504000186920166, 191.6320037841797, 51.18400192260742, 223.66400146484375], [80.52799987792969, 182.89601135253906, 115.69600677490234, 223.66400146484375], [7.952000141143799, 191.6320037841797, 39.98400115966797, 223.66400146484375], [83.88800048828125, 17.808000564575195, 98.22400665283203, 43.12000274658203]], 'labels': ['desk', 'desk', 'person', 'chair', 'chair', 'chair', 'chair', 'clock']}}"
0102,"{'<DENSE_REGION_CAPTION>': {'bboxes': [[1.0080000162124634, 131.37600708007812, 85.23200225830078, 223.66400146484375], [176.84800720214844, 142.5760040283203, 223.66400146484375, 223.66400146484375], [5.936000347137451, 23.18400001525879, 30.576000213623047, 147.05599975585938], [122.64000701904297, 116.81600189208984, 143.0240020751953, 168.33599853515625], [143.0240020751953, 111.88800048828125, 171.4720001220703, 145.48800659179688], [100.91200256347656, 104.27200317382812, 118.38400268554688, 147.72801208496094], [181.10400390625, 96.20800018310547, 197.4560089111328, 130.92800903320312], [158.70401000976562, 97.3280029296875, 173.26400756835938, 134.9600067138672], [208.8800048828125, 105.61600494384766, 222.76800537109375, 137.42401123046875]], 'labels': ['desk', 'desk', 'person', 'person', 'person', 'person', 'person', 'person', 'person']}}"
0103,"{'<DENSE_REGION_CAPTION>': {'bboxes': [[1.0080000162124634, 131.60000610351562, 84.78400421142578, 223.66400146484375], [177.29600524902344, 142.8000030517578, 223.66400146484375, 223.66400146484375], [5.936000347137451, 23.18400001525879, 30.576000213623047, 148.17601013183594], [122.64000701904297, 115.92000579833984, 143.2480010986328, 168.11199951171875], [100.24000549316406, 105.84000396728516, 118.38400268554688, 147.27999877929688], [181.10400390625, 96.43199920654297, 197.6800079345703, 130.92800903320312], [209.3280029296875, 96.656005859375, 222.99200439453125, 137.1999969482422], [159.60000610351562, 97.3280029296875, 173.04000854492188, 133.8400115966797]], 'labels': ['desk', 'desk', 'person', 'person', 'person', 'person', 'person', 'person']}}"
0104,"{'<DENSE_REGION_CAPTION>': {'bboxes': [[1.0080000162124634, 131.37600708007812, 84.78400421142578, 223.66400146484375], [176.84800720214844, 142.3520050048828, 223.66400146484375, 223.66400146484375], [6.160000324249268, 22.96000099182129, 30.352001190185547, 149.52000427246094], [100.91200256347656, 107.40800476074219, 125.552001953125, 174.16000366210938], [122.64000701904297, 113.45600128173828, 142.3520050048828, 171.4720001220703], [143.9199981689453, 110.99200439453125, 171.0240020751953, 144.36801147460938], [154.89601135253906, 97.552001953125, 172.59201049804688, 135.4080047607422], [209.10400390625, 96.656005859375, 222.54400634765625, 136.7519989013672], [181.10400390625, 105.61600494384766, 197.0080108642578, 130.70401000976562]], 'labels': ['desk', 'desk', 'person', 'person', 'person', 'person', 'person', 'person', 'person']}}"
0105,"{'<DENSE_REGION_CAPTION>': {'bboxes': [[0.1120000034570694, 131.15200805664062, 88.14400482177734, 223.66400146484375], [176.62400817871094, 142.1280059814453, 223.66400146484375, 223.66400146484375], [5.936000347137451, 22.512001037597656, 30.576000213623047, 153.10400390625], [80.30400085449219, 145.04000854492188, 115.47200012207031, 223.66400146484375], [144.36801147460938, 140.33599853515625, 175.72801208496094, 223.66400146484375], [5.936000347137451, 191.6320037841797, 50.736000061035156, 223.66400146484375], [80.30400085449219, 182.67201232910156, 115.47200012207031, 223.66400146484375], [122.64000701904297, 115.47200012207031, 141.9040069580078, 169.2320098876953], [100.24000549316406, 104.04800415039062, 117.93600463867188, 151.760009765625], [179.5360107421875, 95.53600311279297, 197.4560089111328, 130.92800903320312], [208.656005859375, 96.656005859375, 222.32000732421875, 136.7519989013672], [159.15200805664062, 97.10400390625, 172.59201049804688, 135.4080047607422]], 'labels': ['desk', 'desk', 'person', 'chair', 'chair', 'chair', 'chair', 'person', 'person', 'person', 'person', 'person']}}"
0106,"{'<DENSE_REGION_CAPTION>': {'bboxes': [[0.1120000034570694, 130.48001098632812, 88.59200286865234, 223.66400146484375], [176.40000915527344, 141.9040069580078, 223.66400146484375, 223.66400146484375], [5.936000347137451, 22.288000106811523, 30.576000213623047, 153.552001953125], [100.01600646972656, 104.04800415039062, 117.26399993896484, 176.17601013183594], [143.4720001220703, 100.01600646972656, 167.88800048828125, 142.5760040283203], [179.5360107421875, 95.31200408935547, 198.3520050048828, 142.1280059814453], [206.19200134277344, 96.656005859375, 222.09600830078125, 136.7519989013672], [158.25601196289062, 96.8800048828125, 172.14401245117188, 137.1999969482422]], 'labels': ['desk', 'desk', 'person', 'person', 'person', 'person', 'person', 'person']}}"
0107,"{'<DENSE_REGION_CAPTION>': {'bboxes': [[0.1120000034570694, 130.48001098632812, 88.14400482177734, 223.66400146484375], [176.40000915527344, 141.9040069580078, 223.66400146484375, 223.66400146484375], [4.5920000076293945, 22.064001083374023, 40.432003021240234, 153.10400390625], [100.24000549316406, 103.82400512695312, 122.19200134277344, 166.09600830078125], [142.3520050048828, 106.96000671386719, 169.4560089111328, 143.6959991455078]], 'labels': ['desk', 'desk', 'person', 'person', 'person']}}"
0108,"{'<DENSE_REGION_CAPTION>': {'bboxes': [[0.1120000034570694, 128.68800354003906, 82.31999969482422, 223.66400146484375], [170.5760040283203, 141.0080108642578, 223.66400146484375, 223.66400146484375], [0.1120000034570694, 21.84000015258789, 24.079999923706055, 154.0], [94.86400604248047, 103.82400512695312, 113.00800323486328, 147.50399780273438]], 'labels': ['desk', 'desk', 'person', 'person']}}"
0109,"{'<DENSE_REGION_CAPTION>': {'bboxes': [[0.1120000034570694, 130.48001098632812, 80.97600555419922, 223.66400146484375], [171.0240020751953, 141.4560089111328, 223.66400146484375, 223.66400146484375], [0.1120000034570694, 22.288000106811523, 24.527999877929688, 154.89601135253906], [95.31200408935547, 104.72000122070312, 113.00800323486328, 147.27999877929688]], 'labels': ['desk', 'desk', 'person', 'person']}}"
0110,"{'<DENSE_REGION_CAPTION>': {'bboxes': [[0.1120000034570694, 130.48001098632812, 80.75199890136719, 223.66400146484375], [171.0240020751953, 141.6800079345703, 223.66400146484375, 223.66400146484375], [0.1120000034570694, 22.288000106811523, 24.75200080871582, 154.89601135253906], [136.0800018310547, 105.61600494384766, 165.42401123046875, 146.16000366210938], [119.0560073852539, 116.36800384521484, 136.7519989013672, 172.14401245117188], [193.64801025390625, 89.93600463867188, 213.58399963378906, 133.39199829101562], [172.59201049804688, 95.98400115966797, 191.6320037841797, 130.70401000976562]], 'labels': ['desk', 'desk', 'person', 'person', 'person', 'person', 'person']}}"
0111,"{'<DENSE_REGION_CAPTION>': {'bboxes': [[0.1120000034570694, 129.58399963378906, 82.76800537109375, 223.66400146484375], [171.2480010986328, 141.6800079345703, 223.66400146484375, 223.66400146484375], [0.1120000034570694, 22.736000061035156, 28.336000442504883, 140.55999755859375], [94.86400604248047, 104.72000122070312, 121.29600524902344, 173.48800659179688], [119.0560073852539, 116.59200286865234, 139.44000244140625, 171.6959991455078], [94.86400604248047, 104.72000122070312, 112.78400421142578, 151.5360107421875], [173.48800659179688, 95.98400115966797, 192.0800018310547, 141.4560089111328], [191.8560028076172, 92.8479995727539, 207.31201171875, 133.39199829101562]], 'labels': ['desk', 'desk', 'person', 'person', 'person', 'person', 'person', 'person']}}"
0112,"{'<DENSE_REGION_CAPTION>': {'bboxes': [[0.1120000034570694, 129.58399963378906, 83.21600341796875, 223.66400146484375], [171.2480010986328, 141.6800079345703, 223.66400146484375, 223.66400146484375], [0.1120000034570694, 22.512001037597656, 26.768001556396484, 159.60000610351562], [95.31200408935547, 104.27200317382812, 118.83200073242188, 149.74400329589844], [117.93600463867188, 117.71200561523438, 137.64801025390625, 171.6959991455078], [173.04000854492188, 95.98400115966797, 192.3040008544922, 141.6800079345703], [192.0800018310547, 92.6240005493164, 208.656005859375, 133.16799926757812]], 'labels': ['desk', 'desk', 'person', 'person', 'person', 'person', 'person']}}"
0113,"{'<DENSE_REGION_CAPTION>': {'bboxes': [[0.1120000034570694, 130.48001098632812, 80.97600555419922, 223.66400146484375], [171.2480010986328, 141.9040069580078, 223.66400146484375, 223.66400146484375], [0.1120000034570694, 22.288000106811523, 31.696001052856445, 158.70401000976562], [134.9600067138672, 106.73600006103516, 165.42401123046875, 215.15200805664062], [95.31200408935547, 104.27200317382812, 119.0560073852539, 175.05599975585938], [117.93600463867188, 117.04000091552734, 138.32000732421875, 172.14401245117188], [138.09600830078125, 106.73600006103516, 164.7519989013672, 144.59201049804688], [95.31200408935547, 104.27200317382812, 113.45600128173828, 149.07200622558594], [177.96800231933594, 98.0, 195.66400146484375, 141.9040069580078], [192.0800018310547, 92.8479995727539, 207.0880126953125, 133.61599731445312]], 'labels': ['desk', 'desk', 'person', 'person', 'person', 'person', 'person', 'person', 'person', 'person']}}"
0114,"{'<DENSE_REGION_CAPTION>': {'bboxes': [[0.1120000034570694, 129.58399963378906, 82.76800537109375, 223.66400146484375], [171.2480010986328, 141.6800079345703, 223.66400146484375, 223.66400146484375], [0.1120000034570694, 22.512001037597656, 30.128000259399414, 158.92800903320312], [134.7360076904297, 107.18400573730469, 165.20001220703125, 206.41600036621094], [95.53600311279297, 104.72000122070312, 119.7280044555664, 175.50399780273438], [118.38400268554688, 117.04000091552734, 137.64801025390625, 172.14401245117188], [95.76000213623047, 104.72000122070312, 119.2800064086914, 147.72801208496094], [138.09600830078125, 107.18400573730469, 164.7519989013672, 144.36801147460938], [173.04000854492188, 96.656005859375, 193.20001220703125, 141.6800079345703], [191.8560028076172, 93.07200622558594, 206.41600036621094, 133.39199829101562], [153.552001953125, 97.552001953125, 167.21600341796875, 135.6320037841797], [202.60800170898438, 101.36000061035156, 216.72000122070312, 138.76800537109375]], 'labels': ['desk', 'desk', 'person', 'person', 'person', 'person', 'person', 'person', 'person', 'person', 'person', 'person']}}"
0115,"{'<DENSE_REGION_CAPTION>': {'bboxes': [[0.1120000034570694, 129.58399963378906, 82.76800537109375, 223.66400146484375], [171.2480010986328, 141.6800079345703, 223.66400146484375, 223.66400146484375], [0.1120000034570694, 22.512001037597656, 28.784000396728516, 159.37600708007812], [134.7360076904297, 107.63200378417969, 165.20001220703125, 223.66400146484375], [95.31200408935547, 104.72000122070312, 119.7280044555664, 175.50399780273438], [118.38400268554688, 117.04000091552734, 137.64801025390625, 172.14401245117188], [137.64801025390625, 107.63200378417969, 164.9759979248047, 145.48800659179688], [95.31200408935547, 104.72000122070312, 119.2800064086914, 147.27999877929688], [173.26400756835938, 93.52000427246094, 191.1840057373047, 141.4560089111328], [148.62400817871094, 97.552001953125, 167.44000244140625, 135.6320037841797], [192.0800018310547, 93.29600524902344, 207.5360107421875, 133.61599731445312], [192.5279998779297, 113.23200225830078, 207.0880126953125, 133.61599731445312]], 'labels': ['desk', 'desk', 'person', 'person', 'person', 'person', 'person', 'person', 'person', 'person', 'person', 'person']}}"
0116,"{'<DENSE_REGION_CAPTION>': {'bboxes': [[0.1120000034570694, 128.68800354003906, 82.76800537109375, 223.66400146484375], [171.2480010986328, 141.6800079345703, 223.66400146484375, 223.66400146484375], [0.1120000034570694, 22.288000106811523, 28.560001373291016, 159.37600708007812], [134.7360076904297, 111.21600341796875, 165.42401123046875, 223.66400146484375], [95.31200408935547, 104.72000122070312, 118.83200073242188, 175.27999877929688], [117.48800659179688, 117.04000091552734, 136.7519989013672, 171.9199981689453], [137.87200927734375, 111.21600341796875, 164.9759979248047, 145.26400756835938], [95.31200408935547, 104.72000122070312, 112.33600616455078, 147.72801208496094], [191.8560028076172, 93.52000427246094, 209.10400390625, 133.39199829101562], [149.96800231933594, 97.552001953125, 166.99200439453125, 135.4080047607422], [173.71200561523438, 94.19200134277344, 187.60000610351562, 134.5120086669922]], 'labels': ['desk', 'desk', 'person', 'person', 'person', 'person', 'person', 'person', 'person', 'person', 'person']}}"
0117,"{'<DENSE_REGION_CAPTION>': {'bboxes': [[0.1120000034570694, 129.58399963378906, 82.76800537109375, 223.66400146484375], [171.2480010986328, 141.6800079345703, 223.66400146484375, 223.66400146484375], [0.1120000034570694, 22.064001083374023, 28.784000396728516, 159.60000610351562], [134.7360076904297, 106.28800201416016, 165.87200927734375, 216.04800415039062], [95.31200408935547, 104.72000122070312, 117.93600463867188, 175.27999877929688], [136.3040008544922, 106.28800201416016, 165.42401123046875, 146.60800170898438], [116.81600189208984, 116.81600189208984, 135.8560028076172, 171.9199981689453], [95.31200408935547, 104.72000122070312, 117.71200561523438, 147.72801208496094], [173.26400756835938, 95.31200408935547, 190.7360076904297, 141.6800079345703], [208.2080078125, 87.47200012207031, 223.66400146484375, 136.0800018310547], [191.8560028076172, 92.8479995727539, 207.9840087890625, 133.16799926757812], [152.4320068359375, 97.10400390625, 166.99200439453125, 135.4080047607422], [192.0800018310547, 92.8479995727539, 205.74400329589844, 122.19200134277344], [192.5279998779297, 113.00800323486328, 207.31201171875, 133.39199829101562]], 'labels': ['desk', 'desk', 'person', 'person', 'person', 'person', 'person', 'person', 'person', 'person', 'person', 'person', 'person', 'person']}}"
0118,"{'<DENSE_REGION_CAPTION>': {'bboxes': [[0.1120000034570694, 129.58399963378906, 82.76800537109375, 223.66400146484375], [171.2480010986328, 141.6800079345703, 223.66400146484375, 223.66400146484375], [0.1120000034570694, 22.064001083374023, 28.784000396728516, 159.82400512695312], [134.7360076904297, 108.08000183105469, 165.42401123046875, 216.04800415039062], [95.31200408935547, 104.72000122070312, 120.84800720214844, 174.83200073242188], [118.83200073242188, 116.36800384521484, 136.5279998779297, 171.9199981689453], [137.87200927734375, 108.08000183105469, 164.9759979248047, 144.59201049804688], [95.53600311279297, 104.72000122070312, 111.88800048828125, 147.72801208496094], [191.8560028076172, 89.26399993896484, 207.0880126953125, 133.39199829101562], [151.5360107421875, 97.10400390625, 166.99200439453125, 135.6320037841797], [173.26400756835938, 107.63200378417969, 190.2880096435547, 141.9040069580078], [136.0800018310547, 101.58399963378906, 147.50399780273438, 129.58399963378906]], 'labels': ['desk', 'desk', 'person', 'person', 'person', 'person', 'person', 'person', 'person', 'person', 'person', 'person']}}"
0119,"{'<DENSE_REGION_CAPTION>': {'bboxes': [[0.1120000034570694, 129.58399963378906, 82.76800537109375, 223.66400146484375], [171.2480010986328, 141.6800079345703, 223.66400146484375, 223.66400146484375], [0.1120000034570694, 22.064001083374023, 28.784000396728516, 159.82400512695312], [134.9600067138672, 106.28800201416016, 165.87200927734375, 216.04800415039062], [136.3040008544922, 106.28800201416016, 165.42401123046875, 145.93600463867188], [119.0560073852539, 121.74400329589844, 136.7519989013672, 172.36801147460938], [95.53600311279297, 104.94400024414062, 111.66400146484375, 147.72801208496094]], 'labels': ['desk', 'desk', 'person', 'person', 'person', 'person', 'person']}}"
0120,"{'<DENSE_REGION_CAPTION>': {'bboxes': [[0.1120000034570694, 130.48001098632812, 80.97600555419922, 223.66400146484375], [171.2480010986328, 141.9040069580078, 223.66400146484375, 223.66400146484375], [0.1120000034570694, 22.288000106811523, 28.560001373291016, 159.82400512695312], [134.9600067138672, 105.61600494384766, 165.42401123046875, 216.72000122070312], [95.31200408935547, 104.49600219726562, 110.99200439453125, 175.72801208496094], [117.93600463867188, 120.1760025024414, 136.5279998779297, 172.59201049804688], [138.09600830078125, 105.61600494384766, 164.7519989013672, 144.59201049804688], [144.36801147460938, 97.10400390625, 166.54400634765625, 134.7360076904297], [95.53600311279297, 104.49600219726562, 110.76800537109375, 147.72801208496094], [184.46400451660156, 89.93600463867188, 197.9040069580078, 129.80799865722656], [134.2880096435547, 98.89600372314453, 148.62400817871094, 131.82400512695312]], 'labels': ['desk', 'desk', 'person', 'person', 'person', 'person', 'person', 'person', 'person', 'person', 'person']}}"
0121,"{'<DENSE_REGION_CAPTION>': {'bboxes': [[0.1120000034570694, 131.15200805664062, 82.76800537109375, 223.66400146484375], [171.2480010986328, 141.6800079345703, 223.66400146484375, 223.66400146484375], [0.1120000034570694, 22.512001037597656, 28.112001419067383, 158.92800903320312], [75.3759994506836, 145.93600463867188, 109.87200164794922, 223.66400146484375], [0.1120000034570694, 194.32000732421875, 45.13600158691406, 223.66400146484375], [75.3759994506836, 183.12001037597656, 109.64800262451172, 223.66400146484375], [173.04000854492188, 164.0800018310547, 189.6160125732422, 223.66400146484375], [19.376001358032227, 130.03199768066406, 31.920000076293945, 149.74400329589844]], 'labels': ['desk', 'desk', 'person', 'chair', 'chair', 'chair', 'chair', 'chair']}}"
0122,"{'<DENSE_REGION_CAPTION>': {'bboxes': [[0.1120000034570694, 131.60000610351562, 80.75199890136719, 223.66400146484375], [171.6959991455078, 141.9040069580078, 223.66400146484375, 223.66400146484375], [0.1120000034570694, 22.512001037597656, 28.560001373291016, 158.92800903320312], [74.9280014038086, 145.93600463867188, 109.87200164794922, 223.66400146484375], [0.1120000034570694, 194.32000732421875, 45.13600158691406, 223.66400146484375], [74.9280014038086, 183.12001037597656, 109.64800262451172, 223.66400146484375], [117.71200561523438, 116.14400482177734, 136.9759979248047, 173.04000854492188], [138.09600830078125, 103.3759994506836, 165.20001220703125, 143.9199981689453], [94.86400604248047, 104.72000122070312, 111.44000244140625, 151.9840087890625]], 'labels': ['desk', 'desk', 'person', 'chair', 'chair', 'chair', 'person', 'person', 'person']}}"
0123,"{'<DENSE_REGION_CAPTION>': {'bboxes': [[0.1120000034570694, 130.48001098632812, 82.76800537109375, 223.66400146484375], [171.0240020751953, 141.4560089111328, 223.66400146484375, 223.66400146484375], [0.1120000034570694, 22.064001083374023, 28.784000396728516, 158.92800903320312], [134.9600067138672, 98.89600372314453, 166.76800537109375, 173.04000854492188], [117.48800659179688, 110.76800537109375, 137.42401123046875, 173.04000854492188], [94.41600036621094, 104.27200317382812, 113.23200225830078, 151.760009765625]], 'labels': ['desk', 'desk', 'person', 'person', 'person', 'person']}}"
0124,"{'<DENSE_REGION_CAPTION>': {'bboxes': [[0.1120000034570694, 131.60000610351562, 80.75199890136719, 223.66400146484375], [171.0240020751953, 141.9040069580078, 223.66400146484375, 223.66400146484375], [0.1120000034570694, 22.512001037597656, 28.336000442504883, 159.37600708007812], [117.04000091552734, 111.88800048828125, 137.42401123046875, 175.72801208496094], [138.99200439453125, 102.2560043334961, 166.32000732421875, 143.6959991455078], [94.86400604248047, 105.39200592041016, 113.23200225830078, 151.5360107421875], [173.71200561523438, 95.76000213623047, 188.04800415039062, 134.7360076904297], [155.34400939941406, 96.8800048828125, 168.11199951171875, 131.37600708007812]], 'labels': ['desk', 'desk', 'person', 'person', 'person', 'person', 'person', 'person']}}"
0125,"{'<DENSE_REGION_CAPTION>': {'bboxes': [[0.1120000034570694, 131.15200805664062, 80.75199890136719, 223.66400146484375], [171.0240020751953, 141.6800079345703, 223.66400146484375, 223.66400146484375], [0.1120000034570694, 22.736000061035156, 29.45600128173828, 159.37600708007812], [136.5279998779297, 115.92000579833984, 170.3520050048828, 203.05599975585938], [117.93600463867188, 119.5040054321289, 136.7519989013672, 175.27999877929688], [95.31200408935547, 104.94400024414062, 113.23200225830078, 151.5360107421875], [149.96800231933594, 96.8800048828125, 168.33599853515625, 134.0640106201172], [190.7360076904297, 82.99200439453125, 203.50401306152344, 127.79200744628906]], 'labels': ['desk', 'desk', 'person', 'person', 'person', 'person', 'person', 'person']}}"
0126,"{'<DENSE_REGION_CAPTION>': {'bboxes': [[0.1120000034570694, 130.48001098632812, 82.76800537109375, 223.66400146484375], [171.0240020751953, 141.6800079345703, 223.66400146484375, 223.66400146484375], [0.1120000034570694, 22.288000106811523, 29.23200035095215, 159.37600708007812], [0.1120000034570694, 22.288000106811523, 28.336000442504883, 138.32000732421875], [138.99200439453125, 112.56000518798828, 170.5760040283203, 198.3520050048828], [106.96000671386719, 119.2800064086914, 137.1999969482422, 175.27999877929688], [95.31200408935547, 104.72000122070312, 114.35200500488281, 151.31201171875], [147.95201110839844, 96.8800048828125, 167.44000244140625, 134.2880096435547], [173.93600463867188, 96.20800018310547, 187.82400512695312, 135.1840057373047], [205.74400329589844, 93.96800231933594, 217.16799926757812, 128.68800354003906], [195.21600341796875, 82.99200439453125, 203.72801208496094, 103.1520004272461]], 'labels': ['desk', 'desk', 'person', 'person', 'person', 'person', 'person', 'person', 'person', 'person', 'person']}}"
0127,"{'<DENSE_REGION_CAPTION>': {'bboxes': [[0.1120000034570694, 131.15200805664062, 80.75199890136719, 223.66400146484375], [171.0240020751953, 141.6800079345703, 223.66400146484375, 223.66400146484375], [0.1120000034570694, 22.512001037597656, 28.784000396728516, 159.60000610351562], [108.08000183105469, 119.0560073852539, 138.54400634765625, 175.27999877929688], [95.76000213623047, 105.16800689697266, 113.23200225830078, 151.08799743652344], [146.83200073242188, 96.8800048828125, 166.99200439453125, 134.2880096435547]], 'labels': ['desk', 'desk', 'person', 'person', 'person', 'person']}}"
0128,"{'<DENSE_REGION_CAPTION>': {'bboxes': [[0.1120000034570694, 130.48001098632812, 82.76800537109375, 223.66400146484375], [171.0240020751953, 141.6800079345703, 223.66400146484375, 223.66400146484375], [0.1120000034570694, 22.736000061035156, 28.784000396728516, 160.27200317382812], [105.84000396728516, 118.83200073242188, 139.88800048828125, 175.72801208496094], [94.86400604248047, 104.72000122070312, 113.23200225830078, 152.2080078125]], 'labels': ['desk', 'desk', 'person', 'person', 'person']}}"
0129,"{'<DENSE_REGION_CAPTION>': {'bboxes': [[0.1120000034570694, 131.15200805664062, 80.75199890136719, 223.66400146484375], [171.0240020751953, 141.6800079345703, 223.66400146484375, 223.66400146484375], [0.1120000034570694, 22.064001083374023, 28.336000442504883, 160.49600219726562], [0.1120000034570694, 22.064001083374023, 28.112001419067383, 139.21600341796875], [106.51200103759766, 117.71200561523438, 139.88800048828125, 175.72801208496094], [95.31200408935547, 104.94400024414062, 113.90400695800781, 151.760009765625], [138.99200439453125, 109.64800262451172, 164.5279998779297, 142.8000030517578], [173.71200561523438, 95.98400115966797, 187.60000610351562, 134.9600067138672], [205.07200622558594, 94.19200134277344, 217.6160125732422, 138.76800537109375], [157.80799865722656, 97.3280029296875, 169.0080108642578, 123.53600311279297]], 'labels': ['desk', 'desk', 'person', 'person', 'person', 'person', 'person', 'person', 'person', 'person']}}"
0130,"{'<DENSE_REGION_CAPTION>': {'bboxes': [[0.1120000034570694, 130.48001098632812, 82.76800537109375, 223.66400146484375], [171.0240020751953, 141.4560089111328, 223.66400146484375, 223.66400146484375], [0.1120000034570694, 22.064001083374023, 28.336000442504883, 160.04800415039062], [0.1120000034570694, 22.064001083374023, 28.112001419067383, 138.09600830078125], [115.47200012207031, 117.48800659179688, 141.9040069580078, 175.72801208496094], [95.31200408935547, 104.94400024414062, 113.45600128173828, 151.5360107421875], [159.15200805664062, 98.67200469970703, 173.26400756835938, 140.33599853515625], [173.93600463867188, 95.76000213623047, 187.82400512695312, 134.9600067138672]], 'labels': ['desk', 'desk', 'person', 'person', 'person', 'person', 'person', 'person']}}"
0131,"{'<DENSE_REGION_CAPTION>': {'bboxes': [[0.1120000034570694, 130.48001098632812, 82.76800537109375, 223.66400146484375], [171.0240020751953, 141.6800079345703, 223.66400146484375, 223.66400146484375], [0.1120000034570694, 22.064001083374023, 28.560001373291016, 159.82400512695312], [0.1120000034570694, 22.064001083374023, 28.112001419067383, 138.09600830078125], [113.90400695800781, 117.93600463867188, 137.1999969482422, 175.50399780273438], [95.31200408935547, 104.94400024414062, 113.68000030517578, 151.5360107421875], [141.0080108642578, 109.64800262451172, 167.21600341796875, 142.3520050048828], [158.48001098632812, 98.67200469970703, 173.71200561523438, 139.44000244140625], [135.6320037841797, 99.79199981689453, 149.29600524902344, 141.6800079345703], [173.71200561523438, 95.98400115966797, 187.60000610351562, 134.9600067138672]], 'labels': ['desk', 'desk', 'person', 'person', 'person', 'person', 'person', 'person', 'person', 'person']}}"
0132,"{'<DENSE_REGION_CAPTION>': {'bboxes': [[0.1120000034570694, 128.68800354003906, 82.76800537109375, 223.66400146484375], [171.0240020751953, 141.6800079345703, 223.66400146484375, 223.66400146484375], [0.1120000034570694, 21.61600112915039, 28.560001373291016, 159.15200805664062], [113.45600128173828, 117.26399993896484, 140.55999755859375, 175.05599975585938], [95.53600311279297, 104.49600219726562, 113.90400695800781, 175.27999877929688], [139.44000244140625, 100.01600646972656, 169.0080108642578, 144.1439971923828], [167.44000244140625, 38.8640022277832, 192.5279998779297, 78.06400299072266], [205.29600524902344, 94.19200134277344, 223.66400146484375, 140.55999755859375], [157.58399963378906, 100.46400451660156, 173.26400756835938, 142.8000030517578], [173.71200561523438, 95.76000213623047, 187.60000610351562, 134.9600067138672], [186.25601196289062, 96.20800018310547, 200.81600952148438, 127.34400177001953]], 'labels': ['desk', 'desk', 'person', 'person', 'person', 'person', 'person', 'person', 'person', 'person', 'person']}}"
0133,"{'<DENSE_REGION_CAPTION>': {'bboxes': [[0.1120000034570694, 131.82400512695312, 82.76800537109375, 223.66400146484375], [171.0240020751953, 141.6800079345703, 223.66400146484375, 223.66400146484375], [0.1120000034570694, 21.61600112915039, 28.336000442504883, 158.92800903320312], [114.12800598144531, 116.81600189208984, 136.5279998779297, 174.60800170898438], [95.76000213623047, 104.72000122070312, 113.90400695800781, 175.27999877929688], [167.44000244140625, 38.8640022277832, 192.0800018310547, 78.06400299072266], [184.46400451660156, 84.11199951171875, 201.26400756835938, 128.91200256347656], [157.13600158691406, 101.36000061035156, 172.59201049804688, 142.8000030517578]], 'labels': ['desk', 'desk', 'person', 'person', 'person', 'person', 'person', 'person']}}"
0134,"{'<DENSE_REGION_CAPTION>': {'bboxes': [[0.1120000034570694, 131.82400512695312, 82.76800537109375, 223.66400146484375], [171.2480010986328, 141.9040069580078, 223.66400146484375, 223.66400146484375], [0.1120000034570694, 21.84000015258789, 28.336000442504883, 159.37600708007812], [113.90400695800781, 116.81600189208984, 140.55999755859375, 174.83200073242188], [161.39199829101562, 39.98400115966797, 191.8560028076172, 78.73600006103516], [95.53600311279297, 104.49600219726562, 112.78400421142578, 151.760009765625], [189.39199829101562, 84.33600616455078, 203.50401306152344, 128.91200256347656], [157.80799865722656, 101.36000061035156, 172.59201049804688, 142.8000030517578], [136.9759979248047, 101.8080062866211, 150.63999938964844, 142.8000030517578]], 'labels': ['desk', 'desk', 'person', 'person', 'person', 'person', 'person', 'person', 'person']}}"
0135,"{'<DENSE_REGION_CAPTION>': {'bboxes': [[0.1120000034570694, 128.68800354003906, 82.76800537109375, 223.66400146484375], [171.0240020751953, 141.6800079345703, 223.66400146484375, 223.66400146484375], [0.1120000034570694, 20.944000244140625, 28.560001373291016, 158.92800903320312], [113.90400695800781, 116.59200286865234, 140.11199951171875, 174.60800170898438], [93.96800231933594, 104.04800415039062, 112.78400421142578, 175.27999877929688], [169.0080108642578, 95.31200408935547, 191.8560028076172, 142.3520050048828], [138.99200439453125, 107.40800476074219, 169.0080108642578, 144.1439971923828], [93.96800231933594, 104.04800415039062, 112.33600616455078, 149.07200622558594], [189.16799926757812, 84.56000518798828, 203.95201110839844, 130.70401000976562], [157.36000061035156, 99.34400177001953, 172.14401245117188, 142.3520050048828]], 'labels': ['desk', 'desk', 'person', 'person', 'person', 'person', 'person', 'person', 'person', 'person']}}"
0136,"{'<DENSE_REGION_CAPTION>': {'bboxes': [[0.1120000034570694, 128.68800354003906, 83.21600341796875, 223.66400146484375], [171.2480010986328, 141.4560089111328, 223.66400146484375, 223.66400146484375], [0.1120000034570694, 21.61600112915039, 28.560001373291016, 159.37600708007812], [109.42400360107422, 116.81600189208984, 139.88800048828125, 174.60800170898438], [95.31200408935547, 104.04800415039062, 113.23200225830078, 174.83200073242188], [189.16799926757812, 84.78400421142578, 203.50401306152344, 130.25599670410156]], 'labels': ['desk', 'desk', 'person', 'person', 'person', 'person']}}"
0137,"{'<DENSE_REGION_CAPTION>': {'bboxes': [[0.1120000034570694, 128.68800354003906, 82.76800537109375, 223.66400146484375], [171.0240020751953, 141.6800079345703, 223.66400146484375, 223.66400146484375], [0.1120000034570694, 22.736000061035156, 33.263999938964844, 158.92800903320312], [138.54400634765625, 108.75200653076172, 170.3520050048828, 144.59201049804688], [116.36800384521484, 116.14400482177734, 136.0800018310547, 174.83200073242188], [94.86400604248047, 104.27200317382812, 112.56000518798828, 151.08799743652344], [189.8400115966797, 84.33600616455078, 206.19200134277344, 133.16799926757812], [157.36000061035156, 101.36000061035156, 172.36801147460938, 140.11199951171875], [205.07200622558594, 95.08800506591797, 216.94400024414062, 138.32000732421875]], 'labels': ['desk', 'desk', 'person', 'person', 'person', 'person', 'person', 'person', 'person']}}"
0138,"{'<DENSE_REGION_CAPTION>': {'bboxes': [[0.1120000034570694, 128.68800354003906, 82.76800537109375, 223.66400146484375], [171.0240020751953, 141.4560089111328, 223.66400146484375, 223.66400146484375], [0.1120000034570694, 22.288000106811523, 36.400001525878906, 158.70401000976562], [94.86400604248047, 103.82400512695312, 117.48800659179688, 173.71200561523438], [113.68000030517578, 116.59200286865234, 137.64801025390625, 174.16000366210938], [94.86400604248047, 103.82400512695312, 113.00800323486328, 150.19200134277344], [171.9199981689453, 97.10400390625, 190.9600067138672, 141.9040069580078], [189.8400115966797, 83.88800048828125, 204.17601013183594, 132.49600219726562], [135.4080047607422, 99.79199981689453, 150.19200134277344, 142.8000030517578], [157.36000061035156, 101.13600158691406, 173.26400756835938, 131.60000610351562]], 'labels': ['desk', 'desk', 'person', 'person', 'person', 'person', 'person', 'person', 'person', 'person']}}"
0139,"{'<DENSE_REGION_CAPTION>': {'bboxes': [[0.1120000034570694, 129.58399963378906, 83.21600341796875, 223.66400146484375], [171.0240020751953, 141.4560089111328, 223.66400146484375, 223.66400146484375], [0.1120000034570694, 22.512001037597656, 34.608001708984375, 158.70401000976562], [138.54400634765625, 108.75200653076172, 170.5760040283203, 223.66400146484375], [0.1120000034570694, 22.512001037597656, 24.304000854492188, 158.25601196289062], [108.97600555419922, 116.81600189208984, 137.64801025390625, 174.38400268554688], [94.86400604248047, 104.04800415039062, 113.23200225830078, 174.83200073242188], [115.92000579833984, 116.81600189208984, 135.4080047607422, 174.16000366210938], [94.86400604248047, 104.04800415039062, 112.33600616455078, 150.19200134277344], [171.2480010986328, 96.8800048828125, 189.8400115966797, 133.16799926757812], [158.03199768066406, 101.36000061035156, 173.93600463867188, 143.2480010986328], [190.5120086669922, 84.11199951171875, 203.05599975585938, 114.80000305175781]], 'labels': ['desk', 'desk', 'person', 'person', 'person', 'person', 'person', 'person', 'person', 'person', 'person', 'person']}}"
0140,"{'<DENSE_REGION_CAPTION>': {'bboxes': [[0.1120000034570694, 129.58399963378906, 82.76800537109375, 223.66400146484375], [171.0240020751953, 141.6800079345703, 223.66400146484375, 223.66400146484375], [0.1120000034570694, 22.96000099182129, 25.424001693725586, 159.37600708007812], [138.54400634765625, 110.09600067138672, 170.8000030517578, 195.88800048828125], [108.52799987792969, 116.59200286865234, 138.99200439453125, 174.38400268554688], [94.86400604248047, 104.27200317382812, 116.81600189208984, 174.16000366210938], [94.86400604248047, 104.27200317382812, 113.00800323486328, 149.07200622558594], [171.0240020751953, 96.8800048828125, 190.5120086669922, 133.39199829101562], [133.8400115966797, 100.68800354003906, 150.63999938964844, 141.9040069580078], [157.80799865722656, 101.36000061035156, 173.04000854492188, 143.2480010986328], [190.5120086669922, 84.56000518798828, 203.05599975585938, 114.80000305175781]], 'labels': ['desk', 'desk', 'person', 'person', 'person', 'person', 'person', 'person', 'person', 'person', 'person']}}"
0141,"{'<DENSE_REGION_CAPTION>': {'bboxes': [[0.1120000034570694, 129.58399963378906, 82.76800537109375, 223.66400146484375], [171.0240020751953, 141.4560089111328, 223.66400146484375, 223.66400146484375], [0.1120000034570694, 21.61600112915039, 28.336000442504883, 159.37600708007812], [0.1120000034570694, 21.61600112915039, 28.112001419067383, 138.54400634765625], [139.44000244140625, 111.88800048828125, 170.3520050048828, 195.88800048828125], [108.52799987792969, 116.36800384521484, 136.9759979248047, 174.38400268554688], [94.86400604248047, 103.82400512695312, 113.45600128173828, 174.38400268554688], [115.92000579833984, 116.36800384521484, 136.3040008544922, 174.16000366210938], [94.86400604248047, 103.82400512695312, 112.78400421142578, 150.63999938964844], [171.9199981689453, 96.656005859375, 190.9600067138672, 141.9040069580078], [157.36000061035156, 101.36000061035156, 173.93600463867188, 143.6959991455078], [134.7360076904297, 100.91200256347656, 150.41600036621094, 141.0080108642578]], 'labels': ['desk', 'desk', 'person', 'person', 'person', 'person', 'person', 'person', 'person', 'person', 'person', 'person']}}"
0142,"{'<DENSE_REGION_CAPTION>': {'bboxes': [[0.1120000034570694, 128.68800354003906, 82.76800537109375, 223.66400146484375], [171.0240020751953, 141.6800079345703, 223.66400146484375, 223.66400146484375], [0.1120000034570694, 22.064001083374023, 25.200000762939453, 159.60000610351562], [116.59200286865234, 117.04000091552734, 137.42401123046875, 174.38400268554688], [95.76000213623047, 104.04800415039062, 111.21600341796875, 175.50399780273438], [173.04000854492188, 97.10400390625, 191.6320037841797, 142.1280059814453], [158.03199768066406, 101.8080062866211, 173.26400756835938, 143.6959991455078], [189.39199829101562, 89.04000091552734, 203.05599975585938, 133.61599731445312], [135.8560028076172, 99.12000274658203, 149.74400329589844, 141.9040069580078]], 'labels': ['desk', 'desk', 'person', 'person', 'person', 'person', 'person', 'person', 'person']}}"
0143,"{'<DENSE_REGION_CAPTION>': {'bboxes': [[0.1120000034570694, 128.68800354003906, 82.76800537109375, 223.66400146484375], [171.0240020751953, 141.4560089111328, 223.66400146484375, 223.66400146484375], [0.1120000034570694, 21.61600112915039, 25.648000717163086, 159.60000610351562], [116.14400482177734, 116.81600189208984, 137.1999969482422, 174.38400268554688], [95.76000213623047, 103.82400512695312, 111.66400146484375, 175.27999877929688], [189.39199829101562, 81.87200164794922, 206.19200134277344, 134.7360076904297], [172.59201049804688, 96.656005859375, 191.4080047607422, 141.6800079345703], [142.8000030517578, 111.21600341796875, 168.33599853515625, 141.6800079345703], [158.03199768066406, 101.8080062866211, 172.59201049804688, 141.9040069580078]], 'labels': ['desk', 'desk', 'person', 'person', 'person', 'person', 'person', 'person', 'person']}}"
0144,"{'<DENSE_REGION_CAPTION>': {'bboxes': [[0.1120000034570694, 128.68800354003906, 82.76800537109375, 223.66400146484375], [171.0240020751953, 141.4560089111328, 223.66400146484375, 223.66400146484375], [0.1120000034570694, 21.61600112915039, 25.648000717163086, 160.04800415039062], [0.1120000034570694, 21.61600112915039, 24.304000854492188, 139.21600341796875], [116.14400482177734, 116.81600189208984, 137.1999969482422, 174.38400268554688], [95.08800506591797, 103.82400512695312, 112.11200714111328, 174.83200073242188], [138.99200439453125, 96.43199920654297, 166.99200439453125, 141.6800079345703], [95.08800506591797, 103.82400512695312, 111.21600341796875, 150.63999938964844], [189.16799926757812, 81.87200164794922, 203.05599975585938, 131.15200805664062], [158.03199768066406, 101.58399963378906, 172.59201049804688, 142.5760040283203], [177.96800231933594, 98.89600372314453, 192.97601318359375, 135.1840057373047]], 'labels': ['desk', 'desk', 'person', 'person', 'person', 'person', 'person', 'person', 'person', 'person', 'person']}}"
0145,"{'<DENSE_REGION_CAPTION>': {'bboxes': [[0.1120000034570694, 128.68800354003906, 82.76800537109375, 223.66400146484375], [171.0240020751953, 141.6800079345703, 223.66400146484375, 223.66400146484375], [0.1120000034570694, 21.84000015258789, 25.87200164794922, 160.72000122070312], [115.47200012207031, 117.48800659179688, 137.64801025390625, 174.83200073242188], [139.88800048828125, 98.89600372314453, 168.33599853515625, 142.1280059814453], [95.53600311279297, 104.27200317382812, 111.44000244140625, 150.63999938964844]], 'labels': ['desk', 'desk', 'person', 'person', 'person', 'person']}}"
0146,"{'<DENSE_REGION_CAPTION>': {'bboxes': [[0.1120000034570694, 128.68800354003906, 82.76800537109375, 223.66400146484375], [171.0240020751953, 141.6800079345703, 223.66400146484375, 223.66400146484375], [0.1120000034570694, 21.61600112915039, 27.66400146484375, 160.27200317382812], [138.99200439453125, 97.10400390625, 169.2320098876953, 141.9040069580078], [116.36800384521484, 117.93600463867188, 137.42401123046875, 175.05599975585938], [171.0240020751953, 96.43199920654297, 195.66400146484375, 142.1280059814453], [139.44000244140625, 109.20000457763672, 169.0080108642578, 141.9040069580078], [94.86400604248047, 104.49600219726562, 111.21600341796875, 148.62400817871094]], 'labels': ['desk', 'desk', 'person', 'person', 'person', 'person', 'person', 'person']}}"
0147,"{'<DENSE_REGION_CAPTION>': {'bboxes': [[0.1120000034570694, 128.68800354003906, 82.76800537109375, 223.66400146484375], [171.0240020751953, 141.4560089111328, 223.66400146484375, 223.66400146484375], [0.1120000034570694, 21.61600112915039, 26.54400062561035, 160.04800415039062], [138.99200439453125, 98.0, 169.0080108642578, 142.1280059814453], [116.36800384521484, 117.71200561523438, 137.1999969482422, 174.83200073242188], [95.08800506591797, 104.27200317382812, 111.88800048828125, 175.27999877929688], [169.9040069580078, 95.98400115966797, 193.64801025390625, 142.1280059814453]], 'labels': ['desk', 'desk', 'person', 'person', 'person', 'person', 'person']}}"
0148,"{'<DENSE_REGION_CAPTION>': {'bboxes': [[0.1120000034570694, 128.68800354003906, 82.76800537109375, 223.66400146484375], [171.0240020751953, 141.6800079345703, 223.66400146484375, 223.66400146484375], [0.1120000034570694, 22.064001083374023, 25.87200164794922, 160.27200317382812], [0.1120000034570694, 22.064001083374023, 25.424001693725586, 107.18400573730469], [138.09600830078125, 91.2800064086914, 168.11199951171875, 141.9040069580078], [112.78400421142578, 117.48800659179688, 134.9600067138672, 174.60800170898438], [0.1120000034570694, 22.064001083374023, 17.583999633789062, 89.26399993896484], [170.5760040283203, 95.98400115966797, 193.64801025390625, 142.1280059814453], [204.62400817871094, 86.35200500488281, 223.66400146484375, 139.21600341796875], [94.86400604248047, 104.27200317382812, 112.56000518798828, 151.08799743652344], [158.03199768066406, 101.8080062866211, 172.36801147460938, 143.0240020751953]], 'labels': ['desk', 'desk', 'person', 'person', 'person', 'person', 'person', 'person', 'person', 'person', 'person']}}"
0149,"{'<DENSE_REGION_CAPTION>': {'bboxes': [[0.1120000034570694, 21.61600112915039, 24.079999923706055, 159.37600708007812], [0.1120000034570694, 21.61600112915039, 22.736000061035156, 119.2800064086914], [0.1120000034570694, 193.87200927734375, 45.58399963378906, 223.66400146484375], [74.7040023803711, 182.89601135253906, 109.87200164794922, 223.66400146484375], [138.32000732421875, 93.74400329589844, 167.88800048828125, 142.1280059814453], [114.35200500488281, 116.81600189208984, 136.5279998779297, 174.16000366210938], [170.5760040283203, 96.656005859375, 194.32000732421875, 141.9040069580078], [94.86400604248047, 104.04800415039062, 112.11200714111328, 151.31201171875]], 'labels': ['person', 'person', 'chair', 'chair', 'person', 'person', 'person', 'person']}}"
0150,"{'<DENSE_REGION_CAPTION>': {'bboxes': [[0.1120000034570694, 131.15200805664062, 82.76800537109375, 223.66400146484375], [171.0240020751953, 141.6800079345703, 223.66400146484375, 223.66400146484375], [0.1120000034570694, 21.84000015258789, 25.87200164794922, 160.49600219726562], [0.1120000034570694, 22.064001083374023, 18.70400047302246, 160.04800415039062], [108.52799987792969, 117.04000091552734, 141.2320098876953, 174.38400268554688], [138.76800537109375, 99.56800079345703, 167.88800048828125, 143.2480010986328], [170.5760040283203, 96.8800048828125, 194.32000732421875, 141.9040069580078], [205.52000427246094, 85.90399932861328, 223.66400146484375, 138.99200439453125], [157.80799865722656, 101.58399963378906, 172.36801147460938, 142.5760040283203], [191.6320037841797, 89.26399993896484, 201.48800659179688, 121.07200622558594]], 'labels': ['desk', 'desk', 'person', 'person', 'person', 'person', 'person', 'person', 'person', 'person']}}"
0151,"{'<DENSE_REGION_CAPTION>': {'bboxes': [[0.1120000034570694, 131.15200805664062, 82.76800537109375, 223.66400146484375], [171.0240020751953, 141.6800079345703, 223.66400146484375, 223.66400146484375], [0.1120000034570694, 22.064001083374023, 26.09600067138672, 160.72000122070312], [108.52799987792969, 117.04000091552734, 137.42401123046875, 174.16000366210938], [136.5279998779297, 98.89600372314453, 166.99200439453125, 144.36801147460938], [198.8000030517578, 70.89600372314453, 217.6160125732422, 139.44000244140625], [170.5760040283203, 97.10400390625, 192.5279998779297, 142.1280059814453], [157.58399963378906, 101.58399963378906, 172.59201049804688, 142.1280059814453]], 'labels': ['desk', 'desk', 'person', 'person', 'person', 'person', 'person', 'person']}}"
0152,"{'<DENSE_REGION_CAPTION>': {'bboxes': [[0.1120000034570694, 128.68800354003906, 83.21600341796875, 223.66400146484375], [171.2480010986328, 141.6800079345703, 223.66400146484375, 223.66400146484375], [0.1120000034570694, 21.61600112915039, 26.54400062561035, 159.82400512695312], [115.24800109863281, 115.47200012207031, 137.64801025390625, 173.26400756835938], [138.09600830078125, 102.2560043334961, 169.0080108642578, 141.9040069580078], [94.86400604248047, 104.27200317382812, 112.11200714111328, 175.27999877929688], [199.2480010986328, 89.48799896240234, 216.94400024414062, 138.32000732421875], [94.86400604248047, 104.27200317382812, 111.66400146484375, 150.63999938964844], [171.4720001220703, 96.43199920654297, 189.6160125732422, 131.60000610351562], [158.92800903320312, 101.8080062866211, 172.81600952148438, 140.33599853515625]], 'labels': ['desk', 'desk', 'person', 'person', 'person', 'person', 'person', 'person', 'person', 'person']}}"
0153,"{'<DENSE_REGION_CAPTION>': {'bboxes': [[0.1120000034570694, 128.68800354003906, 82.76800537109375, 223.66400146484375], [171.2480010986328, 141.6800079345703, 223.66400146484375, 223.66400146484375], [0.1120000034570694, 22.064001083374023, 25.424001693725586, 160.27200317382812], [138.09600830078125, 96.20800018310547, 169.2320098876953, 142.5760040283203], [113.90400695800781, 114.80000305175781, 137.1999969482422, 172.81600952148438], [199.4720001220703, 87.92000579833984, 216.94400024414062, 138.99200439453125], [93.96800231933594, 104.72000122070312, 111.88800048828125, 147.72801208496094], [170.8000030517578, 97.7760009765625, 189.16799926757812, 132.04800415039062]], 'labels': ['desk', 'desk', 'person', 'person', 'person', 'person', 'person', 'person']}}"
0154,"{'<DENSE_REGION_CAPTION>': {'bboxes': [[0.1120000034570694, 128.68800354003906, 82.76800537109375, 223.66400146484375], [171.2480010986328, 141.6800079345703, 223.66400146484375, 223.66400146484375], [0.1120000034570694, 22.064001083374023, 26.32000160217285, 160.27200317382812], [138.09600830078125, 95.98400115966797, 167.88800048828125, 142.3520050048828], [114.12800598144531, 115.47200012207031, 137.1999969482422, 173.04000854492188], [94.86400604248047, 104.49600219726562, 113.00800323486328, 175.27999877929688], [199.4720001220703, 89.71200561523438, 217.16799926757812, 138.54400634765625], [169.6800079345703, 110.76800537109375, 193.20001220703125, 142.3520050048828], [158.48001098632812, 101.8080062866211, 172.59201049804688, 141.9040069580078]], 'labels': ['desk', 'desk', 'person', 'person', 'person', 'person', 'person', 'person', 'person']}}"
0155,"{'<DENSE_REGION_CAPTION>': {'bboxes': [[0.1120000034570694, 128.68800354003906, 83.21600341796875, 223.66400146484375], [171.0240020751953, 141.6800079345703, 223.66400146484375, 223.66400146484375], [0.1120000034570694, 22.288000106811523, 25.424001693725586, 160.49600219726562], [138.54400634765625, 96.20800018310547, 167.44000244140625, 142.3520050048828], [114.12800598144531, 119.2800064086914, 137.64801025390625, 173.93600463867188], [93.29600524902344, 104.49600219726562, 113.00800323486328, 175.27999877929688], [199.2480010986328, 90.16000366210938, 216.49600219726562, 138.76800537109375], [169.9040069580078, 97.10400390625, 188.27200317382812, 132.27200317382812], [158.48001098632812, 102.0320053100586, 172.36801147460938, 142.1280059814453]], 'labels': ['desk', 'desk', 'person', 'person', 'person', 'person', 'person', 'person', 'person']}}"
0156,"{'<DENSE_REGION_CAPTION>': {'bboxes': [[52.97600173950195, 0.1120000034570694, 140.7840118408203, 110.76800537109375], [0.1120000034570694, 128.68800354003906, 83.21600341796875, 223.66400146484375], [171.0240020751953, 141.6800079345703, 223.66400146484375, 223.66400146484375], [0.1120000034570694, 22.96000099182129, 25.424001693725586, 160.72000122070312], [113.90400695800781, 120.1760025024414, 137.42401123046875, 173.26400756835938], [136.9759979248047, 101.36000061035156, 165.42401123046875, 142.5760040283203], [198.8000030517578, 84.56000518798828, 218.0640106201172, 139.88800048828125], [169.9040069580078, 96.8800048828125, 190.7360076904297, 141.9040069580078], [94.86400604248047, 104.72000122070312, 111.88800048828125, 150.63999938964844], [157.58399963378906, 102.0320053100586, 172.36801147460938, 141.9040069580078]], 'labels': ['whiteboard', 'desk', 'desk', 'person', 'person', 'person', 'person', 'person', 'person', 'person']}}"
0157,"{'<DENSE_REGION_CAPTION>': {'bboxes': [[0.1120000034570694, 128.68800354003906, 83.21600341796875, 223.66400146484375], [171.0240020751953, 141.6800079345703, 223.66400146484375, 223.66400146484375], [0.1120000034570694, 22.736000061035156, 25.424001693725586, 160.72000122070312], [113.90400695800781, 118.83200073242188, 140.55999755859375, 172.81600952148438], [137.42401123046875, 96.43199920654297, 166.09600830078125, 142.1280059814453], [93.74400329589844, 104.49600219726562, 113.00800323486328, 151.08799743652344], [169.9040069580078, 97.3280029296875, 191.1840057373047, 142.1280059814453], [203.50401306152344, 86.80000305175781, 218.0640106201172, 139.44000244140625], [190.5120086669922, 100.24000549316406, 207.9840087890625, 136.7519989013672], [158.25601196289062, 102.2560043334961, 172.36801147460938, 142.3520050048828]], 'labels': ['desk', 'desk', 'person', 'person', 'person', 'person', 'person', 'person', 'person', 'person']}}"
0158,"{'<DENSE_REGION_CAPTION>': {'bboxes': [[0.1120000034570694, 128.68800354003906, 83.21600341796875, 223.66400146484375], [171.0240020751953, 141.6800079345703, 223.66400146484375, 223.66400146484375], [0.1120000034570694, 22.512001037597656, 25.424001693725586, 160.49600219726562], [138.09600830078125, 94.86400604248047, 169.0080108642578, 142.1280059814453], [113.23200225830078, 118.38400268554688, 137.1999969482422, 173.26400756835938], [94.86400604248047, 104.49600219726562, 111.88800048828125, 175.27999877929688], [204.17601013183594, 89.71200561523438, 221.20001220703125, 139.44000244140625], [169.6800079345703, 110.76800537109375, 192.0800018310547, 142.5760040283203]], 'labels': ['desk', 'desk', 'person', 'person', 'person', 'person', 'person', 'person']}}"
0159,"{'<DENSE_REGION_CAPTION>': {'bboxes': [[0.1120000034570694, 128.68800354003906, 83.21600341796875, 223.66400146484375], [171.0240020751953, 141.6800079345703, 223.66400146484375, 223.66400146484375], [0.1120000034570694, 22.512001037597656, 25.648000717163086, 160.49600219726562], [137.42401123046875, 95.08800506591797, 169.6800079345703, 143.0240020751953], [113.68000030517578, 116.81600189208984, 138.32000732421875, 173.26400756835938], [93.96800231933594, 104.27200317382812, 112.56000518798828, 150.63999938964844]], 'labels': ['desk', 'desk', 'person', 'person', 'person', 'person']}}"
0160,"{'<DENSE_REGION_CAPTION>': {'bboxes': [[0.1120000034570694, 128.68800354003906, 83.21600341796875, 223.66400146484375], [171.0240020751953, 141.6800079345703, 223.66400146484375, 223.66400146484375], [0.1120000034570694, 22.736000061035156, 25.424001693725586, 160.49600219726562], [113.90400695800781, 118.60800170898438, 141.2320098876953, 172.81600952148438], [95.08800506591797, 104.27200317382812, 112.78400421142578, 175.27999877929688], [138.99200439453125, 106.73600006103516, 166.99200439453125, 142.3520050048828], [170.3520050048828, 97.3280029296875, 189.6160125732422, 142.1280059814453], [157.80799865722656, 102.0320053100586, 172.59201049804688, 142.1280059814453]], 'labels': ['desk', 'desk', 'person', 'person', 'person', 'person', 'person', 'person']}}"
0161,"{'<DENSE_REGION_CAPTION>': {'bboxes': [[0.1120000034570694, 128.68800354003906, 82.76800537109375, 223.66400146484375], [171.0240020751953, 141.6800079345703, 223.66400146484375, 223.66400146484375], [0.1120000034570694, 23.18400001525879, 25.648000717163086, 160.49600219726562], [114.12800598144531, 120.84800720214844, 138.54400634765625, 172.59201049804688], [138.99200439453125, 97.552001953125, 167.44000244140625, 142.8000030517578], [95.08800506591797, 104.04800415039062, 112.56000518798828, 151.31201171875], [170.3520050048828, 97.552001953125, 188.72000122070312, 141.9040069580078], [157.80799865722656, 102.0320053100586, 172.36801147460938, 142.5760040283203], [204.62400817871094, 94.86400604248047, 216.72000122070312, 138.99200439453125]], 'labels': ['desk', 'desk', 'person', 'person', 'person', 'person', 'person', 'person', 'person']}}"
0162,"{'<DENSE_REGION_CAPTION>': {'bboxes': [[0.1120000034570694, 21.61600112915039, 25.424001693725586, 159.60000610351562], [113.90400695800781, 120.6240005493164, 140.55999755859375, 172.36801147460938], [136.0800018310547, 97.10400390625, 167.66400146484375, 142.8000030517578], [95.31200408935547, 104.27200317382812, 113.23200225830078, 150.63999938964844], [158.03199768066406, 101.58399963378906, 172.59201049804688, 141.6800079345703]], 'labels': ['person', 'person', 'person', 'person', 'person']}}"
0163,"{'<DENSE_REGION_CAPTION>': {'bboxes': [[0.1120000034570694, 128.68800354003906, 83.66400146484375, 223.66400146484375], [171.6959991455078, 141.6800079345703, 223.66400146484375, 223.66400146484375], [0.1120000034570694, 21.61600112915039, 25.648000717163086, 159.60000610351562], [114.12800598144531, 120.6240005493164, 141.6800079345703, 172.59201049804688], [95.53600311279297, 104.49600219726562, 113.00800323486328, 151.31201171875]], 'labels': ['desk', 'desk', 'person', 'person', 'person']}}"
0164,"{'<DENSE_REGION_CAPTION>': {'bboxes': [[0.1120000034570694, 128.68800354003906, 82.76800537109375, 223.66400146484375], [171.6959991455078, 141.6800079345703, 223.66400146484375, 223.66400146484375], [0.1120000034570694, 21.61600112915039, 25.424001693725586, 160.04800415039062], [113.90400695800781, 117.71200561523438, 141.6800079345703, 172.81600952148438], [135.8560028076172, 96.20800018310547, 169.9040069580078, 143.2480010986328], [94.86400604248047, 104.72000122070312, 113.23200225830078, 151.31201171875]], 'labels': ['desk', 'desk', 'person', 'person', 'person', 'person']}}"
0165,"{'<DENSE_REGION_CAPTION>': {'bboxes': [[0.1120000034570694, 131.60000610351562, 82.76800537109375, 223.66400146484375], [171.6959991455078, 141.9040069580078, 223.66400146484375, 223.66400146484375], [0.1120000034570694, 21.392000198364258, 25.648000717163086, 160.04800415039062], [137.42401123046875, 95.76000213623047, 169.0080108642578, 142.1280059814453], [114.12800598144531, 116.81600189208984, 138.32000732421875, 172.36801147460938], [95.76000213623047, 104.94400024414062, 112.78400421142578, 151.31201171875], [170.8000030517578, 97.10400390625, 188.04800415039062, 131.60000610351562], [190.7360076904297, 96.656005859375, 207.9840087890625, 133.61599731445312], [205.74400329589844, 95.53600311279297, 217.16799926757812, 137.64801025390625], [159.82400512695312, 101.8080062866211, 172.14401245117188, 141.2320098876953]], 'labels': ['desk', 'desk', 'person', 'person', 'person', 'person', 'person', 'person', 'person', 'person']}}"
0166,"{'<DENSE_REGION_CAPTION>': {'bboxes': [[0.1120000034570694, 21.61600112915039, 26.09600067138672, 159.60000610351562], [140.55999755859375, 97.3280029296875, 173.93600463867188, 142.1280059814453], [113.90400695800781, 117.26399993896484, 137.64801025390625, 173.48800659179688], [95.31200408935547, 105.16800689697266, 113.45600128173828, 150.63999938964844], [171.9199981689453, 95.98400115966797, 188.27200317382812, 130.70401000976562]], 'labels': ['person', 'person', 'person', 'person', 'person']}}"
0167,"{'<DENSE_REGION_CAPTION>': {'bboxes': [[0.1120000034570694, 21.168001174926758, 26.768001556396484, 160.04800415039062], [137.42401123046875, 91.5040054321289, 170.5760040283203, 142.3520050048828], [114.35200500488281, 120.6240005493164, 141.0080108642578, 174.60800170898438], [95.31200408935547, 104.94400024414062, 116.36800384521484, 151.08799743652344], [171.9199981689453, 96.20800018310547, 188.27200317382812, 130.70401000976562]], 'labels': ['person', 'person', 'person', 'person', 'person']}}"
0168,"{'<DENSE_REGION_CAPTION>': {'bboxes': [[0.1120000034570694, 128.68800354003906, 83.21600341796875, 223.66400146484375], [171.0240020751953, 141.4560089111328, 223.66400146484375, 223.66400146484375], [0.1120000034570694, 21.392000198364258, 25.87200164794922, 160.04800415039062], [138.09600830078125, 97.7760009765625, 165.42401123046875, 142.1280059814453], [114.80000305175781, 120.6240005493164, 137.64801025390625, 171.6959991455078], [93.96800231933594, 105.61600494384766, 112.56000518798828, 151.08799743652344], [171.4720001220703, 96.20800018310547, 187.82400512695312, 130.92800903320312], [157.36000061035156, 101.58399963378906, 172.14401245117188, 131.37600708007812], [191.8560028076172, 101.36000061035156, 204.84800720214844, 120.4000015258789]], 'labels': ['desk', 'desk', 'person', 'person', 'person', 'person', 'person', 'person', 'person']}}"
0169,"{'<DENSE_REGION_CAPTION>': {'bboxes': [[0.1120000034570694, 128.68800354003906, 82.76800537109375, 223.66400146484375], [171.0240020751953, 141.6800079345703, 223.66400146484375, 223.66400146484375], [0.1120000034570694, 21.61600112915039, 25.87200164794922, 160.27200317382812], [108.97600555419922, 119.0560073852539, 138.54400634765625, 172.59201049804688], [137.42401123046875, 95.08800506591797, 164.0800018310547, 142.1280059814453], [95.53600311279297, 107.18400573730469, 112.78400421142578, 151.08799743652344], [171.4720001220703, 96.43199920654297, 187.82400512695312, 130.92800903320312], [157.80799865722656, 101.8080062866211, 171.9199981689453, 141.6800079345703], [205.29600524902344, 95.76000213623047, 218.0640106201172, 137.87200927734375], [192.0800018310547, 99.79199981689453, 205.52000427246094, 120.84800720214844]], 'labels': ['desk', 'desk', 'person', 'person', 'person', 'person', 'person', 'person', 'person', 'person']}}"
0170,"{'<DENSE_REGION_CAPTION>': {'bboxes': [[0.1120000034570694, 128.68800354003906, 82.76800537109375, 223.66400146484375], [171.0240020751953, 141.4560089111328, 223.66400146484375, 223.66400146484375], [0.1120000034570694, 21.168001174926758, 25.87200164794922, 159.37600708007812], [112.33600616455078, 116.59200286865234, 140.7840118408203, 172.81600952148438], [141.0080108642578, 95.98400115966797, 171.4720001220703, 142.1280059814453], [170.5760040283203, 97.3280029296875, 194.76800537109375, 141.9040069580078]], 'labels': ['desk', 'desk', 'person', 'person', 'person', 'person']}}"
0171,"{'<DENSE_REGION_CAPTION>': {'bboxes': [[0.1120000034570694, 128.68800354003906, 82.76800537109375, 223.66400146484375], [171.0240020751953, 141.6800079345703, 223.66400146484375, 223.66400146484375], [0.1120000034570694, 21.61600112915039, 26.32000160217285, 160.04800415039062], [74.9280014038086, 183.12001037597656, 110.54400634765625, 223.66400146484375], [1.6800000667572021, 193.87200927734375, 45.36000061035156, 223.66400146484375], [19.376001358032227, 130.03199768066406, 31.696001052856445, 149.52000427246094]], 'labels': ['desk', 'desk', 'person', 'chair', 'chair', 'chair']}}"
0172,"{'<DENSE_REGION_CAPTION>': {'bboxes': [[0.1120000034570694, 128.68800354003906, 82.76800537109375, 223.66400146484375], [171.0240020751953, 141.4560089111328, 223.66400146484375, 223.66400146484375], [0.1120000034570694, 22.512001037597656, 35.95199966430664, 159.60000610351562], [0.1120000034570694, 22.512001037597656, 25.424001693725586, 159.60000610351562], [112.33600616455078, 113.45600128173828, 137.87200927734375, 173.93600463867188], [140.55999755859375, 97.10400390625, 173.48800659179688, 143.2480010986328], [95.53600311279297, 105.61600494384766, 114.35200500488281, 175.50399780273438], [171.4720001220703, 95.53600311279297, 193.42401123046875, 141.6800079345703], [205.29600524902344, 95.76000213623047, 217.6160125732422, 138.54400634765625], [190.5120086669922, 98.67200469970703, 202.83200073242188, 123.98400115966797]], 'labels': ['desk', 'desk', 'person', 'person', 'person', 'person', 'person', 'person', 'person', 'person']}}"
0173,"{'<DENSE_REGION_CAPTION>': {'bboxes': [[0.1120000034570694, 131.15200805664062, 80.30400085449219, 223.66400146484375], [171.2480010986328, 141.9040069580078, 223.66400146484375, 223.66400146484375], [0.1120000034570694, 22.512001037597656, 34.608001708984375, 159.82400512695312], [0.1120000034570694, 22.512001037597656, 25.424001693725586, 159.82400512695312], [112.56000518798828, 113.68000030517578, 137.87200927734375, 174.16000366210938], [140.33599853515625, 97.10400390625, 170.1280059814453, 142.3520050048828], [93.96800231933594, 104.49600219726562, 113.00800323486328, 149.74400329589844], [170.3520050048828, 101.13600158691406, 190.5120086669922, 141.2320098876953], [205.07200622558594, 94.86400604248047, 217.6160125732422, 138.32000732421875], [192.0800018310547, 112.56000518798828, 208.4320068359375, 134.0640106201172], [219.8560028076172, 95.08800506591797, 223.66400146484375, 128.01600646972656]], 'labels': ['desk', 'desk', 'person', 'person', 'person', 'person', 'person', 'person', 'person', 'person', 'person']}}"
0174,"{'<DENSE_REGION_CAPTION>': {'bboxes': [[0.1120000034570694, 131.15200805664062, 80.30400085449219, 223.66400146484375], [171.0240020751953, 141.6800079345703, 223.66400146484375, 223.66400146484375], [0.1120000034570694, 22.512001037597656, 34.15999984741211, 160.04800415039062], [113.90400695800781, 113.45600128173828, 141.2320098876953, 174.16000366210938], [141.0080108642578, 96.656005859375, 170.1280059814453, 142.3520050048828], [169.9040069580078, 96.20800018310547, 194.09600830078125, 141.9040069580078], [95.31200408935547, 104.49600219726562, 112.78400421142578, 150.19200134277344], [205.29600524902344, 94.86400604248047, 217.6160125732422, 138.54400634765625]], 'labels': ['desk', 'desk', 'person', 'person', 'person', 'person', 'person', 'person']}}"
0175,"{'<DENSE_REGION_CAPTION>': {'bboxes': [[0.1120000034570694, 130.48001098632812, 82.76800537109375, 223.66400146484375], [171.0240020751953, 141.6800079345703, 223.66400146484375, 223.66400146484375], [0.1120000034570694, 21.168001174926758, 31.696001052856445, 159.82400512695312], [0.1120000034570694, 21.168001174926758, 28.112001419067383, 137.42401123046875], [140.55999755859375, 95.76000213623047, 170.8000030517578, 142.5760040283203], [113.23200225830078, 126.89600372314453, 137.64801025390625, 173.71200561523438], [94.86400604248047, 104.27200317382812, 112.78400421142578, 150.19200134277344], [170.5760040283203, 96.43199920654297, 189.39199829101562, 134.7360076904297]], 'labels': ['desk', 'desk', 'person', 'person', 'person', 'person', 'person', 'person']}}"
0176,"{'<DENSE_REGION_CAPTION>': {'bboxes': [[0.1120000034570694, 128.68800354003906, 83.21600341796875, 223.66400146484375], [171.0240020751953, 141.4560089111328, 223.66400146484375, 223.66400146484375], [0.1120000034570694, 19.82400131225586, 25.648000717163086, 160.72000122070312], [0.1120000034570694, 19.82400131225586, 22.736000061035156, 136.9759979248047], [104.94400024414062, 112.78400421142578, 141.6800079345703, 173.71200561523438], [139.44000244140625, 97.3280029296875, 169.6800079345703, 143.0240020751953], [94.86400604248047, 104.49600219726562, 112.56000518798828, 150.19200134277344]], 'labels': ['desk', 'desk', 'person', 'person', 'person', 'person', 'person']}}"
0177,"{'<DENSE_REGION_CAPTION>': {'bboxes': [[0.1120000034570694, 128.68800354003906, 83.21600341796875, 223.66400146484375], [171.0240020751953, 141.6800079345703, 223.66400146484375, 223.66400146484375], [0.1120000034570694, 21.84000015258789, 26.32000160217285, 161.16799926757812], [104.94400024414062, 113.00800323486328, 141.6800079345703, 174.16000366210938], [140.11199951171875, 96.43199920654297, 169.0080108642578, 141.9040069580078], [94.86400604248047, 104.49600219726562, 112.78400421142578, 149.74400329589844], [170.5760040283203, 96.20800018310547, 188.72000122070312, 131.37600708007812]], 'labels': ['desk', 'desk', 'person', 'person', 'person', 'person', 'person']}}"
0178,"{'<DENSE_REGION_CAPTION>': {'bboxes': [[0.1120000034570694, 128.68800354003906, 83.21600341796875, 223.66400146484375], [171.0240020751953, 141.4560089111328, 223.66400146484375, 223.66400146484375], [0.1120000034570694, 21.84000015258789, 31.02400016784668, 160.94400024414062], [138.99200439453125, 98.0, 168.7840118408203, 142.3520050048828], [94.86400604248047, 104.27200317382812, 112.33600616455078, 149.74400329589844]], 'labels': ['desk', 'desk', 'person', 'person', 'person']}}"
0179,"{'<DENSE_REGION_CAPTION>': {'bboxes': [[0.1120000034570694, 128.68800354003906, 83.21600341796875, 223.66400146484375], [171.0240020751953, 141.4560089111328, 223.66400146484375, 223.66400146484375], [0.1120000034570694, 21.61600112915039, 29.68000030517578, 160.27200317382812], [113.90400695800781, 121.52000427246094, 141.9040069580078, 172.59201049804688], [140.33599853515625, 96.8800048828125, 169.9040069580078, 142.3520050048828], [95.08800506591797, 104.27200317382812, 112.56000518798828, 149.74400329589844], [170.1280059814453, 95.98400115966797, 186.70401000976562, 131.60000610351562], [205.07200622558594, 94.86400604248047, 216.72000122070312, 137.87200927734375], [193.42401123046875, 98.0, 207.31201171875, 133.16799926757812], [74.9280014038086, 182.89601135253906, 109.64800262451172, 223.66400146484375], [1.6800000667572021, 193.64801025390625, 33.71200180053711, 223.66400146484375], [19.376001358032227, 129.80799865722656, 31.472000122070312, 149.52000427246094]], 'labels': ['desk', 'desk', 'person', 'person', 'person', 'person', 'person', 'person', 'person', 'chair', 'chair', 'chair']}}"
0180,"{'<DENSE_REGION_CAPTION>': {'bboxes': [[0.1120000034570694, 131.37600708007812, 80.30400085449219, 223.66400146484375], [171.0240020751953, 141.6800079345703, 223.66400146484375, 223.66400146484375], [0.1120000034570694, 22.064001083374023, 29.23200035095215, 160.72000122070312], [113.90400695800781, 116.81600189208984, 141.9040069580078, 173.48800659179688], [141.6800079345703, 97.7760009765625, 171.0240020751953, 143.0240020751953], [95.53600311279297, 104.49600219726562, 112.56000518798828, 149.74400329589844], [169.9040069580078, 96.20800018310547, 186.92800903320312, 131.37600708007812], [74.9280014038086, 183.12001037597656, 109.64800262451172, 223.66400146484375], [2.128000020980835, 194.09600830078125, 33.71200180053711, 223.66400146484375], [19.376001358032227, 130.03199768066406, 31.248001098632812, 149.52000427246094]], 'labels': ['desk', 'desk', 'person', 'person', 'person', 'person', 'person', 'chair', 'chair', 'chair']}}"
0181,"{'<DENSE_REGION_CAPTION>': {'bboxes': [[0.1120000034570694, 128.68800354003906, 82.76800537109375, 223.66400146484375], [171.0240020751953, 141.6800079345703, 223.66400146484375, 223.66400146484375], [0.1120000034570694, 21.392000198364258, 29.45600128173828, 139.88800048828125], [113.90400695800781, 119.7280044555664, 138.09600830078125, 174.83200073242188], [139.88800048828125, 105.61600494384766, 171.4720001220703, 143.0240020751953], [95.08800506591797, 104.72000122070312, 111.88800048828125, 150.19200134277344], [169.6800079345703, 97.10400390625, 186.70401000976562, 131.60000610351562], [205.29600524902344, 95.76000213623047, 216.94400024414062, 138.54400634765625], [194.09600830078125, 113.23200225830078, 207.9840087890625, 133.61599731445312], [195.66400146484375, 85.00800323486328, 203.50401306152344, 105.39200592041016]], 'labels': ['desk', 'desk', 'person', 'person', 'person', 'person', 'person', 'person', 'person', 'person']}}"
0182,"{'<DENSE_REGION_CAPTION>': {'bboxes': [[0.1120000034570694, 131.15200805664062, 80.30400085449219, 223.66400146484375], [171.2480010986328, 141.6800079345703, 223.66400146484375, 223.66400146484375], [0.1120000034570694, 22.064001083374023, 31.248001098632812, 160.72000122070312], [139.66400146484375, 98.0, 174.16000366210938, 143.2480010986328], [113.68000030517578, 121.52000427246094, 136.0800018310547, 174.38400268554688], [95.98400115966797, 104.27200317382812, 111.88800048828125, 149.74400329589844]], 'labels': ['desk', 'desk', 'person', 'person', 'person', 'person']}}"
0183,"{'<DENSE_REGION_CAPTION>': {'bboxes': [[0.1120000034570694, 128.68800354003906, 82.76800537109375, 223.66400146484375], [171.2480010986328, 141.4560089111328, 223.66400146484375, 223.66400146484375], [5.488000392913818, 21.61600112915039, 37.07200241088867, 160.27200317382812], [113.90400695800781, 117.04000091552734, 136.5279998779297, 174.60800170898438], [139.44000244140625, 111.21600341796875, 169.9040069580078, 142.3520050048828], [95.98400115966797, 104.04800415039062, 112.11200714111328, 150.19200134277344], [170.3520050048828, 97.10400390625, 187.82400512695312, 130.70401000976562], [205.74400329589844, 95.08800506591797, 217.16799926757812, 138.54400634765625], [195.21600341796875, 85.45600128173828, 205.07200622558594, 116.36800384521484]], 'labels': ['desk', 'desk', 'person', 'person', 'person', 'person', 'person', 'person', 'person']}}"
0184,"{'<DENSE_REGION_CAPTION>': {'bboxes': [[0.1120000034570694, 128.24000549316406, 83.66400146484375, 223.66400146484375], [171.2480010986328, 141.4560089111328, 223.66400146484375, 223.66400146484375], [28.112001419067383, 30.128000259399414, 68.656005859375, 138.09600830078125], [138.54400634765625, 97.10400390625, 173.48800659179688, 143.6959991455078], [112.56000518798828, 116.59200286865234, 137.1999969482422, 172.81600952148438], [95.98400115966797, 104.27200317382812, 112.78400421142578, 150.63999938964844]], 'labels': ['desk', 'desk', 'person', 'person', 'person', 'person']}}"
0185,"{'<DENSE_REGION_CAPTION>': {'bboxes': [[0.1120000034570694, 128.24000549316406, 83.66400146484375, 223.66400146484375], [171.2480010986328, 141.4560089111328, 223.66400146484375, 223.66400146484375], [28.784000396728516, 33.48800277709961, 83.66400146484375, 136.5279998779297], [139.44000244140625, 98.0, 170.8000030517578, 143.0240020751953], [113.23200225830078, 116.81600189208984, 138.54400634765625, 173.48800659179688], [95.53600311279297, 104.27200317382812, 113.23200225830078, 150.19200134277344]], 'labels': ['desk', 'desk', 'person', 'person', 'person', 'person']}}"
0186,"{'<DENSE_REGION_CAPTION>': {'bboxes': [[0.1120000034570694, 128.68800354003906, 80.97600555419922, 223.66400146484375], [171.2480010986328, 141.6800079345703, 223.66400146484375, 223.66400146484375], [28.784000396728516, 33.48800277709961, 83.66400146484375, 137.42401123046875], [113.68000030517578, 116.36800384521484, 138.09600830078125, 173.48800659179688], [139.88800048828125, 105.61600494384766, 174.38400268554688, 142.5760040283203], [95.08800506591797, 104.72000122070312, 113.23200225830078, 149.74400329589844]], 'labels': ['desk', 'desk', 'person', 'person', 'person', 'person']}}"
0187,"{'<DENSE_REGION_CAPTION>': {'bboxes': [[0.1120000034570694, 131.15200805664062, 78.95999908447266, 223.66400146484375], [171.2480010986328, 141.9040069580078, 223.66400146484375, 223.66400146484375], [22.064001083374023, 20.272001266479492, 50.96000289916992, 138.99200439453125], [138.99200439453125, 101.8080062866211, 170.3520050048828, 143.0240020751953], [114.35200500488281, 115.47200012207031, 136.0800018310547, 173.48800659179688], [204.62400817871094, 97.10400390625, 218.7360076904297, 138.09600830078125]], 'labels': ['desk', 'desk', 'person', 'person', 'person', 'person']}}"
0188,"{'<DENSE_REGION_CAPTION>': {'bboxes': [[52.97600173950195, 0.1120000034570694, 140.7840118408203, 110.99200439453125], [0.1120000034570694, 132.04800415039062, 78.95999908447266, 223.66400146484375], [171.0240020751953, 141.6800079345703, 223.66400146484375, 223.66400146484375], [0.1120000034570694, 18.48000144958496, 31.02400016784668, 160.72000122070312], [140.55999755859375, 106.06400299072266, 170.3520050048828, 142.3520050048828]], 'labels': ['whiteboard', 'desk', 'desk', 'person', 'person']}}"
0189,"{'<DENSE_REGION_CAPTION>': {'bboxes': [[0.1120000034570694, 131.60000610351562, 78.95999908447266, 223.66400146484375], [171.0240020751953, 141.6800079345703, 223.66400146484375, 223.66400146484375], [74.9280014038086, 145.71200561523438, 109.87200164794922, 223.66400146484375], [140.11199951171875, 140.55999755859375, 170.3520050048828, 199.4720001220703], [0.1120000034570694, 193.87200927734375, 45.13600158691406, 223.66400146484375], [74.9280014038086, 183.12001037597656, 109.64800262451172, 223.66400146484375], [0.1120000034570694, 157.58399963378906, 13.552000045776367, 173.48800659179688]], 'labels': ['desk', 'desk', 'chair', 'chair', 'chair', 'chair', 'chair']}}"
0190,"{'<DENSE_REGION_CAPTION>': {'bboxes': [[0.1120000034570694, 131.60000610351562, 78.95999908447266, 223.66400146484375], [171.0240020751953, 141.6800079345703, 223.66400146484375, 223.66400146484375], [0.1120000034570694, 21.61600112915039, 30.576000213623047, 139.21600341796875], [139.44000244140625, 97.10400390625, 171.2480010986328, 142.5760040283203], [74.9280014038086, 183.12001037597656, 109.64800262451172, 223.66400146484375], [1.6800000667572021, 193.64801025390625, 44.6879997253418, 223.66400146484375]], 'labels': ['desk', 'desk', 'person', 'person', 'chair', 'chair']}}"
0191,"{'<DENSE_REGION_CAPTION>': {'bboxes': [[0.1120000034570694, 131.60000610351562, 78.95999908447266, 223.66400146484375], [171.0240020751953, 141.6800079345703, 223.66400146484375, 223.66400146484375], [0.1120000034570694, 21.84000015258789, 30.576000213623047, 162.0640106201172], [139.44000244140625, 97.10400390625, 171.4720001220703, 143.2480010986328], [115.24800109863281, 115.92000579833984, 134.7360076904297, 174.83200073242188], [176.62400817871094, 98.0, 194.09600830078125, 142.1280059814453], [193.20001220703125, 113.00800323486328, 215.82400512695312, 141.6800079345703]], 'labels': ['desk', 'desk', 'person', 'person', 'person', 'person', 'person']}}"
0192,"{'<DENSE_REGION_CAPTION>': {'bboxes': [[0.1120000034570694, 21.84000015258789, 30.128000259399414, 162.0640106201172], [0.1120000034570694, 50.064002990722656, 30.128000259399414, 161.8400115966797], [139.66400146484375, 97.10400390625, 171.9199981689453, 143.2480010986328], [74.9280014038086, 183.12001037597656, 109.64800262451172, 223.66400146484375], [1.6800000667572021, 193.64801025390625, 44.6879997253418, 223.66400146484375], [19.376001358032227, 129.58399963378906, 31.696001052856445, 149.74400329589844]], 'labels': ['person', 'person', 'person', 'chair', 'chair', 'chair']}}"
0193,"{'<DENSE_REGION_CAPTION>': {'bboxes': [[0.1120000034570694, 21.392000198364258, 30.128000259399414, 160.04800415039062], [0.1120000034570694, 21.392000198364258, 24.304000854492188, 139.21600341796875], [139.44000244140625, 106.06400299072266, 171.4720001220703, 143.6959991455078], [115.92000579833984, 117.26399993896484, 135.1840057373047, 173.26400756835938]], 'labels': ['person', 'person', 'person', 'person']}}"
0194,"{'<DENSE_REGION_CAPTION>': {'bboxes': [[0.1120000034570694, 21.392000198364258, 31.248001098632812, 160.27200317382812], [138.99200439453125, 96.8800048828125, 171.9199981689453, 143.4720001220703], [74.7040023803711, 182.89601135253906, 109.87200164794922, 223.66400146484375], [1.6800000667572021, 194.09600830078125, 43.56800079345703, 223.66400146484375]], 'labels': ['person', 'person', 'chair', 'chair']}}"
0195,"{'<DENSE_REGION_CAPTION>': {'bboxes': [[0.1120000034570694, 21.392000198364258, 31.248001098632812, 160.27200317382812], [138.09600830078125, 96.656005859375, 171.2480010986328, 143.9199981689453], [74.7040023803711, 182.89601135253906, 109.87200164794922, 223.66400146484375], [0.1120000034570694, 193.87200927734375, 43.79199981689453, 223.66400146484375]], 'labels': ['person', 'person', 'chair', 'chair']}}"
0196,"{'<DENSE_REGION_CAPTION>': {'bboxes': [[0.1120000034570694, 131.82400512695312, 79.40800476074219, 223.66400146484375], [171.2480010986328, 141.6800079345703, 223.66400146484375, 223.66400146484375], [0.1120000034570694, 49.84000015258789, 31.02400016784668, 160.49600219726562], [138.99200439453125, 98.0, 171.4720001220703, 143.9199981689453], [115.92000579833984, 117.04000091552734, 135.6320037841797, 174.60800170898438]], 'labels': ['desk', 'desk', 'person', 'person', 'person']}}"
0197,"{'<DENSE_REGION_CAPTION>': {'bboxes': [[0.1120000034570694, 131.82400512695312, 79.40800476074219, 223.66400146484375], [171.2480010986328, 141.6800079345703, 223.66400146484375, 223.66400146484375], [0.1120000034570694, 21.61600112915039, 25.200000762939453, 160.94400024414062], [139.66400146484375, 98.0, 174.16000366210938, 143.6959991455078], [74.9280014038086, 183.12001037597656, 110.54400634765625, 223.66400146484375], [2.128000020980835, 194.32000732421875, 43.34400177001953, 223.66400146484375]], 'labels': ['desk', 'desk', 'person', 'person', 'chair', 'chair']}}"
0198,"{'<DENSE_REGION_CAPTION>': {'bboxes': [[0.1120000034570694, 131.60000610351562, 78.95999908447266, 223.66400146484375], [171.2480010986328, 141.6800079345703, 223.66400146484375, 223.66400146484375], [0.1120000034570694, 21.392000198364258, 23.631999969482422, 160.49600219726562], [139.44000244140625, 100.01600646972656, 171.6959991455078, 143.4720001220703], [116.36800384521484, 116.81600189208984, 134.7360076904297, 173.48800659179688]], 'labels': ['desk', 'desk', 'person', 'person', 'person']}}"
0199,"{'<DENSE_REGION_CAPTION>': {'bboxes': [[0.1120000034570694, 131.60000610351562, 79.40800476074219, 223.66400146484375], [171.2480010986328, 141.6800079345703, 223.66400146484375, 223.66400146484375], [0.1120000034570694, 21.61600112915039, 23.631999969482422, 161.6160125732422], [140.33599853515625, 97.3280029296875, 172.36801147460938, 143.9199981689453], [117.48800659179688, 113.68000030517578, 136.5279998779297, 175.05599975585938], [171.0240020751953, 97.3280029296875, 193.87200927734375, 141.6800079345703]], 'labels': ['desk', 'desk', 'person', 'person', 'person', 'person']}}"
0200,"{'<DENSE_REGION_CAPTION>': {'bboxes': [[0.1120000034570694, 131.60000610351562, 79.40800476074219, 223.66400146484375], [171.2480010986328, 141.9040069580078, 223.66400146484375, 223.66400146484375], [75.1520004272461, 145.71200561523438, 110.09600067138672, 223.66400146484375], [139.66400146484375, 140.7840118408203, 170.5760040283203, 200.36801147460938], [0.1120000034570694, 194.09600830078125, 45.13600158691406, 223.66400146484375], [75.1520004272461, 183.12001037597656, 110.09600067138672, 223.66400146484375], [0.1120000034570694, 21.61600112915039, 23.18400001525879, 141.0080108642578], [139.88800048828125, 97.10400390625, 171.6959991455078, 143.4720001220703], [117.04000091552734, 116.59200286865234, 135.4080047607422, 174.16000366210938], [172.14401245117188, 98.0, 194.76800537109375, 141.9040069580078]], 'labels': ['desk', 'desk', 'chair', 'chair', 'chair', 'chair', 'person', 'person', 'person', 'person']}}"
0201,"{'<DENSE_REGION_CAPTION>': {'bboxes': [[0.1120000034570694, 132.04800415039062, 78.95999908447266, 223.66400146484375], [171.2480010986328, 141.9040069580078, 223.66400146484375, 223.66400146484375], [0.1120000034570694, 22.736000061035156, 30.576000213623047, 160.72000122070312], [138.99200439453125, 98.22400665283203, 169.2320098876953, 143.6959991455078], [116.36800384521484, 116.36800384521484, 134.9600067138672, 174.16000366210938], [170.5760040283203, 96.8800048828125, 190.0640106201172, 141.9040069580078]], 'labels': ['desk', 'desk', 'person', 'person', 'person', 'person']}}"
0202,"{'<DENSE_REGION_CAPTION>': {'bboxes': [[0.1120000034570694, 131.82400512695312, 80.30400085449219, 223.66400146484375], [171.6959991455078, 141.9040069580078, 223.66400146484375, 223.66400146484375], [0.1120000034570694, 45.13600158691406, 22.736000061035156, 160.27200317382812], [139.44000244140625, 100.01600646972656, 171.6959991455078, 144.36801147460938], [113.90400695800781, 117.48800659179688, 135.4080047607422, 173.71200561523438]], 'labels': ['desk', 'desk', 'person', 'person', 'person']}}"
0203,"{'<DENSE_REGION_CAPTION>': {'bboxes': [[54.544002532958984, 5.263999938964844, 141.4560089111328, 110.99200439453125], [140.33599853515625, 25.648000717163086, 193.64801025390625, 83.44000244140625], [139.66400146484375, 141.0080108642578, 172.36801147460938, 203.95201110839844], [75.3759994506836, 183.12001037597656, 110.09600067138672, 223.66400146484375], [2.5759999752044678, 193.64801025390625, 45.58399963378906, 223.66400146484375], [139.44000244140625, 97.7760009765625, 171.9199981689453, 143.9199981689453], [117.48800659179688, 116.81600189208984, 135.6320037841797, 174.60800170898438], [174.60800170898438, 98.89600372314453, 197.2320098876953, 141.6800079345703], [159.82400512695312, 48.272003173828125, 179.760009765625, 78.73600006103516], [193.20001220703125, 82.31999969482422, 203.72801208496094, 104.27200317382812]], 'labels': ['whiteboard', 'poster', 'chair', 'chair', 'chair', 'person', 'person', 'person', 'person', 'person']}}"
0204,"{'<DENSE_REGION_CAPTION>': {'bboxes': [[0.1120000034570694, 129.58399963378906, 85.68000030517578, 223.66400146484375], [173.71200561523438, 142.1280059814453, 223.66400146484375, 223.66400146484375], [9.296000480651855, 19.82400131225586, 42.672000885009766, 158.25601196289062], [141.2320098876953, 98.0, 174.16000366210938, 144.36801147460938], [3.9200000762939453, 193.20001220703125, 48.04800033569336, 223.66400146484375], [77.39200592041016, 183.12001037597656, 112.11200714111328, 223.66400146484375], [22.512001037597656, 129.36000061035156, 34.384002685546875, 149.74400329589844]], 'labels': ['desk', 'desk', 'person', 'person', 'chair', 'chair', 'chair']}}"
0205,"{'<DENSE_REGION_CAPTION>': {'bboxes': [[0.1120000034570694, 129.58399963378906, 87.69599914550781, 223.66400146484375], [175.72801208496094, 142.5760040283203, 223.66400146484375, 223.66400146484375], [7.728000164031982, 18.48000144958496, 36.176002502441406, 158.70401000976562], [143.6959991455078, 97.7760009765625, 175.72801208496094, 143.9199981689453], [121.74400329589844, 116.81600189208984, 140.33599853515625, 174.60800170898438]], 'labels': ['desk', 'desk', 'person', 'person', 'person']}}"
0206,"{'<DENSE_REGION_CAPTION>': {'bboxes': [[0.1120000034570694, 130.48001098632812, 84.11199951171875, 223.66400146484375], [175.50399780273438, 142.5760040283203, 223.66400146484375, 223.66400146484375], [162.9600067138672, 25.87200164794922, 191.4080047607422, 79.18400573730469], [63.50400161743164, 182.89601135253906, 113.68000030517578, 223.66400146484375], [6.384000301361084, 192.3040008544922, 49.84000015258789, 223.66400146484375], [79.18400573730469, 182.89601135253906, 113.68000030517578, 223.44000244140625], [24.079999923706055, 129.58399963378906, 36.176002502441406, 150.86399841308594]], 'labels': ['desk', 'desk', 'poster', 'chair', 'chair', 'chair', 'chair']}}"
0207,"{'<DENSE_REGION_CAPTION>': {'bboxes': [[58.12800216674805, 4.815999984741211, 144.81600952148438, 111.21600341796875], [143.6959991455078, 25.424001693725586, 197.2320098876953, 82.99200439453125], [78.95999908447266, 145.48800659179688, 114.12800598144531, 223.66400146484375], [143.0240020751953, 141.0080108642578, 175.72801208496094, 203.05599975585938], [6.384000301361084, 192.3040008544922, 49.39200210571289, 223.66400146484375], [79.18400573730469, 182.89601135253906, 114.12800598144531, 223.66400146484375], [143.0240020751953, 102.9280014038086, 171.9199981689453, 143.9199981689453], [122.19200134277344, 117.04000091552734, 141.0080108642578, 172.14401245117188], [162.0640106201172, 103.60000610351562, 177.96800231933594, 143.2480010986328], [194.54400634765625, 98.0, 210.89601135253906, 133.61599731445312], [208.2080078125, 95.98400115966797, 220.75201416015625, 136.5279998779297]], 'labels': ['whiteboard', 'poster', 'chair', 'chair', 'chair', 'chair', 'person', 'person', 'person', 'person', 'person']}}"
0208,"{'<DENSE_REGION_CAPTION>': {'bboxes': [[0.1120000034570694, 130.48001098632812, 85.23200225830078, 223.66400146484375], [175.50399780273438, 142.3520050048828, 223.66400146484375, 223.66400146484375], [0.1120000034570694, 21.168001174926758, 26.768001556396484, 158.25601196289062], [143.0240020751953, 98.22400665283203, 175.50399780273438, 144.1439971923828]], 'labels': ['desk', 'desk', 'person', 'person']}}"
0209,"{'<DENSE_REGION_CAPTION>': {'bboxes': [[0.1120000034570694, 130.48001098632812, 84.11199951171875, 223.66400146484375], [175.50399780273438, 142.3520050048828, 223.66400146484375, 223.66400146484375], [0.1120000034570694, 21.392000198364258, 26.32000160217285, 159.15200805664062], [140.33599853515625, 97.3280029296875, 175.50399780273438, 144.81600952148438], [117.48800659179688, 116.81600189208984, 143.9199981689453, 175.72801208496094], [177.52000427246094, 97.10400390625, 201.26400756835938, 142.3520050048828]], 'labels': ['desk', 'desk', 'person', 'person', 'person', 'person']}}"
0210,"{'<DENSE_REGION_CAPTION>': {'bboxes': [[0.1120000034570694, 130.48001098632812, 83.66400146484375, 223.66400146484375], [175.50399780273438, 142.1280059814453, 223.66400146484375, 223.66400146484375], [0.1120000034570694, 21.392000198364258, 26.768001556396484, 159.82400512695312], [141.0080108642578, 97.10400390625, 177.29600524902344, 144.81600952148438], [115.92000579833984, 116.36800384521484, 140.7840118408203, 173.71200561523438], [175.27999877929688, 97.3280029296875, 200.81600952148438, 141.9040069580078]], 'labels': ['desk', 'desk', 'person', 'person', 'person', 'person']}}"
0211,"{'<DENSE_REGION_CAPTION>': {'bboxes': [[58.57600021362305, 4.815999984741211, 145.04000854492188, 111.44000244140625], [144.1439971923828, 25.424001693725586, 194.32000732421875, 82.76800537109375], [143.0240020751953, 140.7840118408203, 177.07200622558594, 223.66400146484375], [143.0240020751953, 140.7840118408203, 176.62400817871094, 197.4560089111328], [79.40800476074219, 182.67201232910156, 114.57600402832031, 223.66400146484375], [6.6080002784729, 192.0800018310547, 49.61600112915039, 223.66400146484375], [177.74400329589844, 164.7519989013672, 194.32000732421875, 223.66400146484375], [24.75200080871582, 129.36000061035156, 36.624000549316406, 150.63999938964844]], 'labels': ['whiteboard', 'poster', 'chair', 'chair', 'chair', 'chair', 'chair', 'chair']}}"
0212,"{'<DENSE_REGION_CAPTION>': {'bboxes': [[0.1120000034570694, 130.48001098632812, 83.66400146484375, 223.66400146484375], [175.50399780273438, 142.5760040283203, 223.66400146484375, 223.66400146484375], [0.1120000034570694, 21.392000198364258, 26.768001556396484, 159.37600708007812], [142.1280059814453, 106.73600006103516, 177.07200622558594, 145.71200561523438], [116.81600189208984, 116.81600189208984, 137.64801025390625, 174.16000366210938], [176.40000915527344, 97.3280029296875, 201.04000854492188, 142.1280059814453]], 'labels': ['desk', 'desk', 'person', 'person', 'person', 'person']}}"
0213,"{'<DENSE_REGION_CAPTION>': {'bboxes': [[0.1120000034570694, 130.48001098632812, 83.66400146484375, 223.66400146484375], [175.50399780273438, 142.1280059814453, 223.66400146484375, 223.66400146484375], [0.1120000034570694, 21.168001174926758, 26.32000160217285, 158.70401000976562], [78.95999908447266, 145.71200561523438, 113.90400695800781, 223.66400146484375], [143.6959991455078, 141.4560089111328, 175.72801208496094, 204.62400817871094], [78.95999908447266, 182.67201232910156, 113.90400695800781, 223.66400146484375], [6.384000301361084, 192.97601318359375, 49.16800308227539, 223.66400146484375], [177.52000427246094, 165.20001220703125, 193.64801025390625, 223.66400146484375], [177.74400329589844, 126.44800567626953, 200.14401245117188, 142.5760040283203], [24.304000854492188, 129.13600158691406, 35.72800064086914, 147.95201110839844]], 'labels': ['desk', 'desk', 'person', 'chair', 'chair', 'chair', 'chair', 'chair', 'chair', 'chair']}}"
0214,"{'<DENSE_REGION_CAPTION>': {'bboxes': [[0.1120000034570694, 130.48001098632812, 83.66400146484375, 223.66400146484375], [175.50399780273438, 142.1280059814453, 223.66400146484375, 223.66400146484375], [0.1120000034570694, 20.944000244140625, 27.216001510620117, 160.04800415039062], [110.76800537109375, 117.04000091552734, 138.99200439453125, 173.93600463867188], [142.8000030517578, 107.40800476074219, 175.27999877929688, 145.71200561523438], [175.72801208496094, 98.0, 201.26400756835938, 141.6800079345703]], 'labels': ['desk', 'desk', 'person', 'person', 'person', 'person']}}"
0215,"{'<DENSE_REGION_CAPTION>': {'bboxes': [[0.1120000034570694, 130.48001098632812, 83.66400146484375, 223.66400146484375], [175.72801208496094, 142.1280059814453, 223.66400146484375, 223.66400146484375], [0.1120000034570694, 21.168001174926758, 26.768001556396484, 141.4560089111328], [142.1280059814453, 101.8080062866211, 180.8800048828125, 170.8000030517578], [111.66400146484375, 117.04000091552734, 139.21600341796875, 174.83200073242188], [174.16000366210938, 96.8800048828125, 201.48800659179688, 141.9040069580078], [142.3520050048828, 101.8080062866211, 173.48800659179688, 145.93600463867188]], 'labels': ['desk', 'desk', 'person', 'person', 'person', 'person', 'person']}}"
0216,"{'<DENSE_REGION_CAPTION>': {'bboxes': [[0.1120000034570694, 130.48001098632812, 83.66400146484375, 223.66400146484375], [175.50399780273438, 142.1280059814453, 223.66400146484375, 223.66400146484375], [0.1120000034570694, 21.168001174926758, 28.112001419067383, 159.37600708007812], [142.1280059814453, 101.58399963378906, 180.8800048828125, 170.8000030517578], [118.60800170898438, 117.04000091552734, 140.7840118408203, 174.60800170898438], [174.60800170898438, 97.3280029296875, 200.36801147460938, 141.6800079345703], [141.9040069580078, 101.58399963378906, 164.5279998779297, 146.38400268554688], [158.48001098632812, 101.8080062866211, 177.29600524902344, 143.6959991455078], [210.44801330566406, 97.3280029296875, 223.21600341796875, 138.76800537109375]], 'labels': ['desk', 'desk', 'person', 'person', 'person', 'person', 'person', 'person', 'person']}}"
0217,"{'<DENSE_REGION_CAPTION>': {'bboxes': [[0.1120000034570694, 130.48001098632812, 83.66400146484375, 223.66400146484375], [175.50399780273438, 142.3520050048828, 223.66400146484375, 223.66400146484375], [0.1120000034570694, 20.720001220703125, 27.66400146484375, 159.15200805664062], [142.5760040283203, 122.19200134277344, 180.4320068359375, 223.66400146484375], [119.7280044555664, 117.71200561523438, 142.3520050048828, 175.05599975585938], [175.72801208496094, 96.43199920654297, 200.36801147460938, 141.6800079345703]], 'labels': ['desk', 'desk', 'person', 'person', 'person', 'person']}}"
0218,"{'<DENSE_REGION_CAPTION>': {'bboxes': [[0.1120000034570694, 130.48001098632812, 83.66400146484375, 223.66400146484375], [175.50399780273438, 142.3520050048828, 223.66400146484375, 223.66400146484375], [0.1120000034570694, 21.168001174926758, 27.66400146484375, 159.15200805664062], [142.1280059814453, 115.47200012207031, 175.95201110839844, 199.92001342773438], [111.66400146484375, 116.81600189208984, 140.11199951171875, 174.60800170898438], [194.09600830078125, 83.21600341796875, 220.0800018310547, 138.32000732421875], [160.72000122070312, 101.58399963378906, 182.0, 142.3520050048828], [178.41600036621094, 97.552001953125, 197.2320098876953, 136.3040008544922], [142.1280059814453, 99.34400177001953, 157.36000061035156, 141.4560089111328]], 'labels': ['desk', 'desk', 'person', 'person', 'person', 'person', 'person', 'person', 'person']}}"
0219,"{'<DENSE_REGION_CAPTION>': {'bboxes': [[0.1120000034570694, 130.48001098632812, 83.66400146484375, 223.66400146484375], [175.50399780273438, 142.1280059814453, 223.66400146484375, 223.66400146484375], [0.1120000034570694, 20.944000244140625, 27.66400146484375, 159.60000610351562], [142.3520050048828, 117.71200561523438, 176.17601013183594, 205.07200622558594], [110.99200439453125, 117.04000091552734, 140.55999755859375, 174.38400268554688], [194.32000732421875, 84.33600616455078, 220.97601318359375, 138.76800537109375], [171.4720001220703, 98.22400665283203, 199.6959991455078, 144.36801147460938], [102.0320053100586, 99.12000274658203, 119.9520034790039, 150.19200134277344], [140.33599853515625, 101.58399963378906, 159.37600708007812, 145.26400756835938], [160.04800415039062, 102.2560043334961, 176.62400817871094, 143.6959991455078]], 'labels': ['desk', 'desk', 'person', 'person', 'person', 'person', 'person', 'person', 'person', 'person']}}"
0220,"{'<DENSE_REGION_CAPTION>': {'bboxes': [[0.1120000034570694, 130.48001098632812, 83.66400146484375, 223.66400146484375], [175.50399780273438, 142.1280059814453, 223.66400146484375, 223.66400146484375], [0.1120000034570694, 21.61600112915039, 27.66400146484375, 159.37600708007812], [142.1280059814453, 118.38400268554688, 180.656005859375, 213.58399963378906], [117.48800659179688, 116.81600189208984, 140.33599853515625, 174.16000366210938], [173.04000854492188, 97.3280029296875, 197.2320098876953, 142.8000030517578], [194.76800537109375, 82.31999969482422, 213.80801391601562, 133.16799926757812], [160.04800415039062, 102.0320053100586, 177.52000427246094, 143.6959991455078]], 'labels': ['desk', 'desk', 'person', 'person', 'person', 'person', 'person', 'person']}}"
0221,"{'<DENSE_REGION_CAPTION>': {'bboxes': [[0.1120000034570694, 130.92800903320312, 83.66400146484375, 223.66400146484375], [175.50399780273438, 142.3520050048828, 223.66400146484375, 223.66400146484375], [0.1120000034570694, 21.61600112915039, 27.216001510620117, 159.37600708007812], [142.5760040283203, 118.16000366210938, 176.62400817871094, 212.46400451660156], [120.6240005493164, 112.56000518798828, 141.6800079345703, 174.83200073242188], [174.16000366210938, 98.0, 199.92001342773438, 143.0240020751953], [160.04800415039062, 101.8080062866211, 177.96800231933594, 145.48800659179688], [143.4720001220703, 101.8080062866211, 159.82400512695312, 146.16000366210938]], 'labels': ['desk', 'desk', 'person', 'person', 'person', 'person', 'person', 'person']}}"
0222,"{'<DENSE_REGION_CAPTION>': {'bboxes': [[58.12800216674805, 0.1120000034570694, 144.59201049804688, 110.99200439453125], [63.28000259399414, 145.48800659179688, 113.90400695800781, 223.66400146484375], [142.5760040283203, 146.83200073242188, 176.40000915527344, 223.66400146484375], [79.18400573730469, 182.89601135253906, 113.90400695800781, 223.66400146484375], [6.384000301361084, 192.97601318359375, 49.16800308227539, 223.66400146484375], [1.2319999933242798, 21.392000198364258, 27.440000534057617, 159.60000610351562], [170.5760040283203, 98.44800567626953, 197.6800079345703, 145.93600463867188], [194.76800537109375, 85.00800323486328, 212.24000549316406, 133.8400115966797], [160.49600219726562, 102.0320053100586, 177.52000427246094, 144.1439971923828], [144.81600952148438, 100.91200256347656, 159.37600708007812, 143.9199981689453]], 'labels': ['whiteboard', 'chair', 'chair', 'chair', 'chair', 'person', 'person', 'person', 'person', 'person']}}"
0223,"{'<DENSE_REGION_CAPTION>': {'bboxes': [[0.1120000034570694, 130.92800903320312, 83.66400146484375, 223.66400146484375], [175.50399780273438, 142.3520050048828, 223.66400146484375, 223.66400146484375], [78.95999908447266, 145.71200561523438, 114.57600402832031, 223.66400146484375], [142.5760040283203, 147.95201110839844, 176.17601013183594, 223.66400146484375], [78.95999908447266, 182.89601135253906, 114.57600402832031, 223.66400146484375], [6.384000301361084, 193.42401123046875, 47.82400131225586, 223.66400146484375], [24.75200080871582, 129.58399963378906, 36.176002502441406, 148.17601013183594]], 'labels': ['desk', 'desk', 'chair', 'chair', 'chair', 'chair', 'chair']}}"
0224,"{'<DENSE_REGION_CAPTION>': {'bboxes': [[0.1120000034570694, 130.48001098632812, 83.66400146484375, 223.66400146484375], [175.50399780273438, 142.3520050048828, 223.66400146484375, 223.66400146484375], [78.95999908447266, 145.71200561523438, 114.57600402832031, 223.66400146484375], [140.55999755859375, 152.656005859375, 177.96800231933594, 223.66400146484375], [6.384000301361084, 193.20001220703125, 49.39200210571289, 223.66400146484375], [78.95999908447266, 182.67201232910156, 114.57600402832031, 223.66400146484375], [24.527999877929688, 129.36000061035156, 36.176002502441406, 147.95201110839844]], 'labels': ['desk', 'desk', 'chair', 'chair', 'chair', 'chair', 'chair']}}"
0225,"{'<DENSE_REGION_CAPTION>': {'bboxes': [[0.1120000034570694, 130.48001098632812, 83.66400146484375, 223.66400146484375], [175.50399780273438, 142.3520050048828, 223.66400146484375, 223.66400146484375], [78.95999908447266, 145.71200561523438, 114.80000305175781, 223.66400146484375], [140.7840118408203, 152.8800048828125, 177.74400329589844, 223.66400146484375], [6.384000301361084, 193.42401123046875, 49.61600112915039, 223.66400146484375], [79.18400573730469, 182.89601135253906, 114.80000305175781, 223.66400146484375], [1.2319999933242798, 21.392000198364258, 27.216001510620117, 159.60000610351562], [143.0240020751953, 126.89600372314453, 180.4320068359375, 168.7840118408203], [120.6240005493164, 116.81600189208984, 138.99200439453125, 175.05599975585938], [178.86399841308594, 97.10400390625, 199.6959991455078, 142.3520050048828], [145.04000854492188, 100.46400451660156, 158.70401000976562, 147.05599975585938], [197.2320098876953, 87.47200012207031, 209.7760009765625, 133.61599731445312], [162.2880096435547, 100.24000549316406, 174.83200073242188, 121.74400329589844]], 'labels': ['desk', 'desk', 'chair', 'chair', 'chair', 'chair', 'person', 'person', 'person', 'person', 'person', 'person', 'person']}}"
0226,"{'<DENSE_REGION_CAPTION>': {'bboxes': [[0.1120000034570694, 130.92800903320312, 83.66400146484375, 223.66400146484375], [175.50399780273438, 142.3520050048828, 223.66400146484375, 223.66400146484375], [78.95999908447266, 145.48800659179688, 114.35200500488281, 223.66400146484375], [140.55999755859375, 152.8800048828125, 177.74400329589844, 223.66400146484375], [6.384000301361084, 193.42401123046875, 49.61600112915039, 223.66400146484375], [79.18400573730469, 182.89601135253906, 114.35200500488281, 223.66400146484375], [1.0080000162124634, 21.392000198364258, 27.216001510620117, 159.37600708007812], [142.8000030517578, 126.44800567626953, 180.4320068359375, 169.9040069580078], [157.36000061035156, 100.46400451660156, 177.07200622558594, 146.83200073242188], [193.20001220703125, 88.14400482177734, 209.552001953125, 133.8400115966797], [144.81600952148438, 100.46400451660156, 159.15200805664062, 145.93600463867188]], 'labels': ['desk', 'desk', 'chair', 'chair', 'chair', 'chair', 'person', 'person', 'person', 'person', 'person']}}"
0227,"{'<DENSE_REGION_CAPTION>': {'bboxes': [[58.12800216674805, 4.815999984741211, 145.04000854492188, 110.76800537109375], [78.95999908447266, 145.26400756835938, 114.80000305175781, 223.66400146484375], [140.7840118408203, 153.10400390625, 178.41600036621094, 223.66400146484375], [4.5920000076293945, 193.20001220703125, 49.84000015258789, 223.66400146484375], [79.18400573730469, 182.67201232910156, 114.80000305175781, 223.66400146484375], [0.1120000034570694, 21.84000015258789, 29.904001235961914, 158.92800903320312], [142.1280059814453, 123.08800506591797, 180.2080078125, 169.2320098876953], [111.88800048828125, 116.59200286865234, 138.32000732421875, 176.62400817871094], [161.16799926757812, 100.46400451660156, 180.656005859375, 167.44000244140625], [176.84800720214844, 97.3280029296875, 198.5760040283203, 142.8000030517578], [193.87200927734375, 88.14400482177734, 210.67201232910156, 133.8400115966797], [208.8800048828125, 101.58399963378906, 223.66400146484375, 143.4720001220703], [144.81600952148438, 100.01600646972656, 158.25601196289062, 139.44000244140625]], 'labels': ['whiteboard', 'chair', 'chair', 'chair', 'chair', 'person', 'person', 'person', 'person', 'person', 'person', 'person', 'person']}}"
0228,"{'<DENSE_REGION_CAPTION>': {'bboxes': [[0.1120000034570694, 130.92800903320312, 83.66400146484375, 223.66400146484375], [175.50399780273438, 142.3520050048828, 223.66400146484375, 223.66400146484375], [78.95999908447266, 145.48800659179688, 114.57600402832031, 223.66400146484375], [140.33599853515625, 153.3280029296875, 177.74400329589844, 223.66400146484375], [6.384000301361084, 193.42401123046875, 49.61600112915039, 223.66400146484375], [79.18400573730469, 182.89601135253906, 114.57600402832031, 223.66400146484375], [1.4560000896453857, 21.61600112915039, 27.66400146484375, 159.82400512695312], [142.1280059814453, 126.44800567626953, 180.2080078125, 169.4560089111328], [112.78400421142578, 116.81600189208984, 135.8560028076172, 176.62400817871094], [160.72000122070312, 100.46400451660156, 179.760009765625, 155.79200744628906], [177.29600524902344, 97.3280029296875, 196.5600128173828, 142.1280059814453], [198.8000030517578, 87.92000579833984, 210.0, 126.00000762939453]], 'labels': ['desk', 'desk', 'chair', 'chair', 'chair', 'chair', 'person', 'person', 'person', 'person', 'person', 'person']}}"
0229,"{'<DENSE_REGION_CAPTION>': {'bboxes': [[0.1120000034570694, 130.48001098632812, 83.66400146484375, 223.66400146484375], [175.50399780273438, 142.1280059814453, 223.66400146484375, 223.66400146484375], [0.1120000034570694, 21.84000015258789, 27.66400146484375, 159.37600708007812], [140.55999755859375, 122.64000701904297, 180.656005859375, 223.66400146484375], [112.33600616455078, 117.26399993896484, 136.5279998779297, 176.40000915527344], [159.60000610351562, 100.24000549316406, 181.10400390625, 145.93600463867188], [189.6160125732422, 99.56800079345703, 216.04800415039062, 134.0640106201172], [178.41600036621094, 109.64800262451172, 201.93600463867188, 143.0240020751953], [144.81600952148438, 101.13600158691406, 158.03199768066406, 138.99200439453125]], 'labels': ['desk', 'desk', 'person', 'person', 'person', 'person', 'person', 'person', 'person']}}"
0230,"{'<DENSE_REGION_CAPTION>': {'bboxes': [[0.1120000034570694, 130.92800903320312, 83.21600341796875, 223.66400146484375], [175.50399780273438, 142.1280059814453, 223.66400146484375, 223.66400146484375], [78.95999908447266, 145.48800659179688, 114.57600402832031, 223.66400146484375], [140.33599853515625, 155.34400939941406, 179.9840087890625, 223.66400146484375], [78.95999908447266, 182.89601135253906, 114.57600402832031, 223.66400146484375], [6.384000301361084, 193.42401123046875, 47.60000228881836, 223.66400146484375], [1.4560000896453857, 21.61600112915039, 27.216001510620117, 159.60000610351562], [141.6800079345703, 126.00000762939453, 177.29600524902344, 166.99200439453125], [156.91200256347656, 100.68800354003906, 179.9840087890625, 159.82400512695312], [116.59200286865234, 117.04000091552734, 136.3040008544922, 176.62400817871094], [178.86399841308594, 97.552001953125, 202.16000366210938, 142.8000030517578], [143.9199981689453, 100.46400451660156, 159.15200805664062, 154.447998046875], [212.68800354003906, 105.16800689697266, 223.66400146484375, 143.6959991455078], [202.16000366210938, 107.40800476074219, 217.6160125732422, 133.8400115966797]], 'labels': ['desk', 'desk', 'chair', 'chair', 'chair', 'chair', 'person', 'person', 'person', 'person', 'person', 'person', 'person', 'person']}}"
0231,"{'<DENSE_REGION_CAPTION>': {'bboxes': [[0.1120000034570694, 130.92800903320312, 83.66400146484375, 223.66400146484375], [175.50399780273438, 142.3520050048828, 223.66400146484375, 223.66400146484375], [78.95999908447266, 145.48800659179688, 114.80000305175781, 223.66400146484375], [140.7840118408203, 155.12001037597656, 179.5360107421875, 223.66400146484375], [79.18400573730469, 182.89601135253906, 114.80000305175781, 223.66400146484375], [6.384000301361084, 193.42401123046875, 48.272003173828125, 223.66400146484375], [177.96800231933594, 166.54400634765625, 193.64801025390625, 223.66400146484375], [24.75200080871582, 129.36000061035156, 36.400001525878906, 148.40000915527344]], 'labels': ['desk', 'desk', 'chair', 'chair', 'chair', 'chair', 'chair', 'chair']}}"
0232,"{'<DENSE_REGION_CAPTION>': {'bboxes': [[0.1120000034570694, 130.92800903320312, 83.66400146484375, 223.66400146484375], [175.50399780273438, 142.3520050048828, 223.66400146484375, 223.66400146484375], [140.7840118408203, 155.34400939941406, 179.9840087890625, 223.66400146484375], [79.18400573730469, 182.89601135253906, 114.80000305175781, 223.66400146484375], [6.384000301361084, 193.20001220703125, 38.63999938964844, 223.66400146484375], [24.75200080871582, 129.58399963378906, 36.400001525878906, 147.95201110839844]], 'labels': ['desk', 'desk', 'chair', 'chair', 'chair', 'chair']}}"
0233,"{'<DENSE_REGION_CAPTION>': {'bboxes': [[58.12800216674805, 0.1120000034570694, 145.04000854492188, 110.76800537109375], [63.05600357055664, 145.71200561523438, 115.24800109863281, 223.66400146484375], [140.33599853515625, 155.12001037597656, 178.86399841308594, 223.66400146484375], [79.18400573730469, 182.67201232910156, 115.24800109863281, 223.66400146484375], [6.384000301361084, 192.7519989013672, 50.288002014160156, 223.66400146484375], [24.75200080871582, 129.13600158691406, 36.400001525878906, 149.29600524902344]], 'labels': ['whiteboard', 'chair', 'chair', 'chair', 'chair', 'chair']}}"
0234,"{'<DENSE_REGION_CAPTION>': {'bboxes': [[58.12800216674805, 0.1120000034570694, 145.04000854492188, 110.76800537109375], [63.28000259399414, 145.93600463867188, 115.24800109863281, 223.66400146484375], [140.33599853515625, 155.12001037597656, 179.5360107421875, 223.66400146484375], [6.384000301361084, 192.7519989013672, 49.84000015258789, 223.66400146484375], [78.95999908447266, 182.447998046875, 115.24800109863281, 223.66400146484375], [1.4560000896453857, 21.168001174926758, 27.66400146484375, 159.37600708007812], [140.55999755859375, 128.91200256347656, 177.96800231933594, 185.36000061035156], [103.3759994506836, 96.656005859375, 122.19200134277344, 158.25601196289062], [176.40000915527344, 98.89600372314453, 199.4720001220703, 142.5760040283203], [161.16799926757812, 101.58399963378906, 179.9840087890625, 146.83200073242188], [145.04000854492188, 100.24000549316406, 158.25601196289062, 145.26400756835938], [202.16000366210938, 96.8800048828125, 217.6160125732422, 129.36000061035156]], 'labels': ['whiteboard', 'chair', 'chair', 'chair', 'chair', 'person', 'person', 'person', 'person', 'person', 'person', 'person']}}"
0235,"{'<DENSE_REGION_CAPTION>': {'bboxes': [[58.12800216674805, 0.1120000034570694, 144.81600952148438, 110.54400634765625], [63.05600357055664, 145.26400756835938, 115.24800109863281, 223.66400146484375], [140.33599853515625, 155.12001037597656, 179.5360107421875, 223.66400146484375], [6.384000301361084, 192.7519989013672, 49.61600112915039, 223.66400146484375], [79.18400573730469, 182.447998046875, 115.24800109863281, 223.66400146484375], [2.5759999752044678, 20.944000244140625, 27.216001510620117, 159.37600708007812], [102.9280014038086, 96.43199920654297, 131.37600708007812, 166.76800537109375], [146.83200073242188, 101.36000061035156, 177.29600524902344, 146.38400268554688], [177.07200622558594, 98.22400665283203, 198.3520050048828, 142.3520050048828], [162.7360076904297, 101.36000061035156, 177.29600524902344, 146.16000366210938], [203.72801208496094, 95.08800506591797, 218.2880096435547, 133.61599731445312]], 'labels': ['whiteboard', 'chair', 'chair', 'chair', 'chair', 'person', 'person', 'person', 'person', 'person', 'person']}}"
0236,"{'<DENSE_REGION_CAPTION>': {'bboxes': [[0.1120000034570694, 130.92800903320312, 83.66400146484375, 223.66400146484375], [175.50399780273438, 142.3520050048828, 223.66400146484375, 223.66400146484375], [2.128000020980835, 21.61600112915039, 27.440000534057617, 159.37600708007812], [141.2320098876953, 118.38400268554688, 180.2080078125, 167.88800048828125], [102.2560043334961, 96.656005859375, 131.37600708007812, 168.5600128173828], [146.38400268554688, 118.38400268554688, 173.48800659179688, 156.91200256347656], [176.40000915527344, 98.22400665283203, 196.5600128173828, 142.5760040283203], [209.7760009765625, 101.13600158691406, 223.66400146484375, 143.6959991455078], [162.7360076904297, 101.8080062866211, 176.62400817871094, 144.59201049804688]], 'labels': ['desk', 'desk', 'person', 'person', 'person', 'person', 'person', 'person', 'person']}}"
0237,"{'<DENSE_REGION_CAPTION>': {'bboxes': [[58.12800216674805, 0.1120000034570694, 144.59201049804688, 110.99200439453125], [63.05600357055664, 145.26400756835938, 114.80000305175781, 223.66400146484375], [140.33599853515625, 155.34400939941406, 179.9840087890625, 223.66400146484375], [62.832000732421875, 182.447998046875, 114.80000305175781, 223.66400146484375], [6.160000324249268, 192.7519989013672, 49.61600112915039, 223.66400146484375], [24.527999877929688, 128.91200256347656, 35.72800064086914, 148.62400817871094]], 'labels': ['whiteboard', 'chair', 'chair', 'chair', 'chair', 'chair']}}"
0238,"{'<DENSE_REGION_CAPTION>': {'bboxes': [[0.1120000034570694, 130.48001098632812, 87.24800109863281, 223.66400146484375], [175.50399780273438, 142.3520050048828, 223.66400146484375, 223.66400146484375], [63.28000259399414, 145.26400756835938, 114.35200500488281, 223.66400146484375], [140.7840118408203, 155.56800842285156, 179.5360107421875, 223.66400146484375], [78.95999908447266, 145.26400756835938, 114.12800598144531, 223.66400146484375], [6.384000301361084, 192.97601318359375, 49.61600112915039, 223.66400146484375], [78.95999908447266, 182.89601135253906, 114.35200500488281, 223.66400146484375], [2.128000020980835, 21.392000198364258, 26.768001556396484, 159.60000610351562], [175.72801208496094, 98.0, 203.72801208496094, 143.0240020751953], [161.6160125732422, 101.8080062866211, 180.2080078125, 167.88800048828125], [143.0240020751953, 100.01600646972656, 164.3040008544922, 155.12001037597656], [161.8400115966797, 101.8080062866211, 178.19200134277344, 146.38400268554688], [210.2239990234375, 101.36000061035156, 223.66400146484375, 143.6959991455078], [201.93600463867188, 95.76000213623047, 215.60000610351562, 133.8400115966797]], 'labels': ['desk', 'desk', 'chair', 'chair', 'chair', 'chair', 'chair', 'person', 'person', 'person', 'person', 'person', 'person', 'person']}}"
0239,"{'<DENSE_REGION_CAPTION>': {'bboxes': [[58.12800216674805, 0.1120000034570694, 144.59201049804688, 110.99200439453125], [63.05600357055664, 145.26400756835938, 114.12800598144531, 223.66400146484375], [140.33599853515625, 154.0, 179.5360107421875, 223.66400146484375], [5.936000347137451, 192.5279998779297, 49.61600112915039, 223.66400146484375], [78.73600006103516, 182.447998046875, 114.12800598144531, 223.66400146484375], [24.527999877929688, 128.91200256347656, 35.72800064086914, 148.40000915527344]], 'labels': ['whiteboard', 'chair', 'chair', 'chair', 'chair', 'chair']}}"
0240,"{'<DENSE_REGION_CAPTION>': {'bboxes': [[0.1120000034570694, 130.92800903320312, 83.66400146484375, 223.66400146484375], [175.50399780273438, 142.3520050048828, 223.66400146484375, 223.66400146484375], [63.28000259399414, 145.26400756835938, 113.90400695800781, 223.66400146484375], [140.55999755859375, 154.0, 180.4320068359375, 223.66400146484375], [78.95999908447266, 145.26400756835938, 113.68000030517578, 223.66400146484375], [6.160000324249268, 192.7519989013672, 49.61600112915039, 223.66400146484375], [78.95999908447266, 182.89601135253906, 113.68000030517578, 223.66400146484375], [1.0080000162124634, 22.288000106811523, 27.440000534057617, 159.60000610351562], [143.9199981689453, 109.20000457763672, 175.72801208496094, 156.01600646972656], [175.72801208496094, 97.552001953125, 203.27999877929688, 143.2480010986328], [117.71200561523438, 117.26399993896484, 135.6320037841797, 176.84800720214844], [203.05599975585938, 97.552001953125, 218.7360076904297, 134.0640106201172], [214.25601196289062, 98.0, 223.66400146484375, 141.6800079345703]], 'labels': ['desk', 'desk', 'chair', 'chair', 'chair', 'chair', 'chair', 'person', 'person', 'person', 'person', 'person', 'person']}}"
0241,"{'<DENSE_REGION_CAPTION>': {'bboxes': [[0.1120000034570694, 130.48001098632812, 87.24800109863281, 223.66400146484375], [175.27999877929688, 142.3520050048828, 223.66400146484375, 223.66400146484375], [0.1120000034570694, 23.18400001525879, 28.112001419067383, 160.04800415039062], [143.2480010986328, 106.51200103759766, 180.656005859375, 168.5600128173828], [112.56000518798828, 117.04000091552734, 142.8000030517578, 175.95201110839844], [143.4720001220703, 106.51200103759766, 175.50399780273438, 156.24000549316406], [174.83200073242188, 96.656005859375, 201.71200561523438, 143.2480010986328]], 'labels': ['desk', 'desk', 'person', 'person', 'person', 'person', 'person']}}"
0242,"{'<DENSE_REGION_CAPTION>': {'bboxes': [[0.1120000034570694, 130.48001098632812, 87.02400207519531, 223.66400146484375], [175.50399780273438, 142.3520050048828, 223.66400146484375, 223.66400146484375], [0.1120000034570694, 22.288000106811523, 31.696001052856445, 159.37600708007812], [143.0240020751953, 110.99200439453125, 180.656005859375, 168.5600128173828], [115.47200012207031, 117.48800659179688, 143.2480010986328, 176.17601013183594], [211.34400939941406, 103.1520004272461, 223.66400146484375, 143.4720001220703]], 'labels': ['desk', 'desk', 'person', 'person', 'person', 'person']}}"
0243,"{'<DENSE_REGION_CAPTION>': {'bboxes': [[0.1120000034570694, 131.15200805664062, 83.66400146484375, 223.66400146484375], [174.83200073242188, 142.3520050048828, 223.66400146484375, 223.66400146484375], [75.3759994506836, 15.120000839233398, 85.23200225830078, 50.064002990722656]], 'labels': ['desk', 'desk', 'flag']}}"
0244,"{'<DENSE_REGION_CAPTION>': {'bboxes': [[0.1120000034570694, 131.15200805664062, 83.66400146484375, 223.66400146484375], [175.50399780273438, 142.5760040283203, 223.66400146484375, 223.66400146484375], [0.1120000034570694, 22.96000099182129, 31.920000076293945, 160.04800415039062], [0.1120000034570694, 22.96000099182129, 26.32000160217285, 126.00000762939453], [144.36801147460938, 109.64800262451172, 176.17601013183594, 156.24000549316406], [108.97600555419922, 144.81600952148438, 136.3040008544922, 175.50399780273438]], 'labels': ['desk', 'desk', 'person', 'person', 'person', 'person']}}"
0245,"{'<DENSE_REGION_CAPTION>': {'bboxes': [[58.57600021362305, 0.1120000034570694, 144.81600952148438, 110.99200439453125], [0.1120000034570694, 130.48001098632812, 84.11199951171875, 223.66400146484375], [175.27999877929688, 142.3520050048828, 223.66400146484375, 223.66400146484375], [78.95999908447266, 145.71200561523438, 113.68000030517578, 223.66400146484375], [140.7840118408203, 154.2239990234375, 179.9840087890625, 223.66400146484375], [4.5920000076293945, 188.27200317382812, 49.84000015258789, 223.66400146484375], [79.18400573730469, 183.12001037597656, 113.68000030517578, 223.66400146484375]], 'labels': ['whiteboard', 'table', 'table', 'chair', 'chair', 'chair', 'chair']}}"
0246,"{'<DENSE_REGION_CAPTION>': {'bboxes': [[0.1120000034570694, 131.15200805664062, 83.66400146484375, 223.66400146484375], [175.50399780273438, 142.5760040283203, 223.66400146484375, 223.66400146484375], [0.1120000034570694, 21.84000015258789, 32.816001892089844, 159.60000610351562], [0.1120000034570694, 21.84000015258789, 25.424001693725586, 126.00000762939453], [113.90400695800781, 111.44000244140625, 139.88800048828125, 176.84800720214844], [143.6959991455078, 106.51200103759766, 175.72801208496094, 155.79200744628906]], 'labels': ['desk', 'desk', 'person', 'person', 'person', 'person']}}"
0247,"{'<DENSE_REGION_CAPTION>': {'bboxes': [[58.12800216674805, 0.1120000034570694, 144.59201049804688, 110.99200439453125], [78.95999908447266, 145.71200561523438, 113.23200225830078, 223.66400146484375], [140.33599853515625, 154.0, 178.63999938964844, 223.66400146484375], [5.936000347137451, 192.7519989013672, 49.61600112915039, 223.66400146484375], [78.95999908447266, 182.89601135253906, 113.23200225830078, 223.66400146484375], [0.1120000034570694, 21.61600112915039, 32.592002868652344, 159.60000610351562], [113.00800323486328, 110.99200439453125, 138.99200439453125, 176.62400817871094], [144.81600952148438, 101.8080062866211, 175.72801208496094, 155.56800842285156], [197.2320098876953, 102.0320053100586, 216.04800415039062, 133.8400115966797], [214.25601196289062, 100.01600646972656, 223.66400146484375, 143.0240020751953]], 'labels': ['whiteboard', 'chair', 'chair', 'chair', 'chair', 'person', 'person', 'person', 'person', 'person']}}"
0248,"{'<DENSE_REGION_CAPTION>': {'bboxes': [[58.57600021362305, 5.039999961853027, 144.81600952148438, 111.21600341796875], [0.1120000034570694, 130.48001098632812, 84.11199951171875, 223.66400146484375], [175.27999877929688, 142.3520050048828, 223.66400146484375, 223.66400146484375], [79.18400573730469, 145.93600463867188, 113.68000030517578, 223.66400146484375], [140.7840118408203, 154.0, 179.5360107421875, 223.66400146484375], [6.384000301361084, 192.7519989013672, 49.84000015258789, 223.66400146484375], [79.40800476074219, 183.12001037597656, 113.45600128173828, 223.66400146484375], [24.75200080871582, 129.80799865722656, 36.400001525878906, 147.95201110839844]], 'labels': ['whiteboard', 'table', 'table', 'chair', 'chair', 'chair', 'chair', 'chair']}}"
0249,"{'<DENSE_REGION_CAPTION>': {'bboxes': [[58.12800216674805, 4.5920000076293945, 144.59201049804688, 111.21600341796875], [63.28000259399414, 145.71200561523438, 113.68000030517578, 223.66400146484375], [140.33599853515625, 153.7760009765625, 180.4320068359375, 223.66400146484375], [4.5920000076293945, 188.27200317382812, 50.288002014160156, 223.66400146484375], [79.18400573730469, 182.89601135253906, 113.68000030517578, 223.66400146484375], [24.527999877929688, 129.58399963378906, 36.400001525878906, 147.72801208496094]], 'labels': ['whiteboard', 'chair', 'chair', 'chair', 'chair', 'chair']}}"
0250,"{'<DENSE_REGION_CAPTION>': {'bboxes': [[0.1120000034570694, 131.15200805664062, 83.66400146484375, 223.66400146484375], [175.50399780273438, 142.3520050048828, 223.66400146484375, 223.66400146484375], [0.1120000034570694, 21.84000015258789, 31.920000076293945, 159.37600708007812], [141.2320098876953, 96.43199920654297, 175.72801208496094, 155.56800842285156], [63.28000259399414, 182.89601135253906, 113.68000030517578, 223.66400146484375], [6.384000301361084, 192.7519989013672, 50.288002014160156, 223.66400146484375], [79.18400573730469, 182.89601135253906, 113.45600128173828, 223.66400146484375], [20.496000289916992, 129.58399963378906, 36.176002502441406, 156.24000549316406], [24.527999877929688, 129.58399963378906, 36.176002502441406, 147.95201110839844]], 'labels': ['desk', 'desk', 'person', 'person', 'chair', 'chair', 'chair', 'chair', 'chair']}}"
0251,"{'<DENSE_REGION_CAPTION>': {'bboxes': [[58.12800216674805, 4.815999984741211, 144.81600952148438, 111.21600341796875], [63.28000259399414, 145.26400756835938, 113.68000030517578, 223.66400146484375], [140.33599853515625, 153.7760009765625, 180.4320068359375, 223.66400146484375], [5.936000347137451, 192.5279998779297, 50.288002014160156, 223.66400146484375], [79.18400573730469, 182.89601135253906, 113.68000030517578, 223.66400146484375], [24.527999877929688, 129.58399963378906, 36.400001525878906, 147.95201110839844]], 'labels': ['whiteboard', 'chair', 'chair', 'chair', 'chair', 'chair']}}"
0252,"{'<DENSE_REGION_CAPTION>': {'bboxes': [[58.12800216674805, 4.815999984741211, 145.04000854492188, 110.76800537109375], [63.05600357055664, 145.26400756835938, 113.68000030517578, 223.66400146484375], [140.33599853515625, 154.0, 180.4320068359375, 223.66400146484375], [5.936000347137451, 192.5279998779297, 50.288002014160156, 223.66400146484375], [79.18400573730469, 182.89601135253906, 113.68000030517578, 223.66400146484375], [0.1120000034570694, 21.61600112915039, 32.14400100708008, 159.60000610351562], [143.0240020751953, 96.656005859375, 173.04000854492188, 155.79200744628906], [117.48800659179688, 112.11200714111328, 137.1999969482422, 181.10400390625], [173.71200561523438, 97.7760009765625, 192.5279998779297, 142.8000030517578], [194.09600830078125, 87.47200012207031, 212.68800354003906, 133.8400115966797]], 'labels': ['whiteboard', 'chair', 'chair', 'chair', 'chair', 'person', 'person', 'person', 'person', 'person']}}"
0253,"{'<DENSE_REGION_CAPTION>': {'bboxes': [[58.12800216674805, 3.9200000762939453, 145.04000854492188, 110.76800537109375], [63.05600357055664, 145.26400756835938, 114.12800598144531, 223.66400146484375], [140.33599853515625, 153.7760009765625, 180.4320068359375, 223.66400146484375], [5.936000347137451, 192.5279998779297, 50.288002014160156, 223.66400146484375], [79.18400573730469, 182.67201232910156, 114.12800598144531, 223.66400146484375], [0.1120000034570694, 21.61600112915039, 31.920000076293945, 159.15200805664062], [134.5120086669922, 95.76000213623047, 175.72801208496094, 155.56800842285156], [108.97600555419922, 117.04000091552734, 135.4080047607422, 180.2080078125], [188.72000122070312, 87.02400207519531, 209.552001953125, 142.8000030517578], [173.71200561523438, 97.552001953125, 192.5279998779297, 142.3520050048828], [213.58399963378906, 101.58399963378906, 223.66400146484375, 142.5760040283203]], 'labels': ['whiteboard', 'chair', 'chair', 'chair', 'chair', 'person', 'person', 'person', 'person', 'person', 'person']}}"
0254,"{'<DENSE_REGION_CAPTION>': {'bboxes': [[0.1120000034570694, 130.92800903320312, 83.66400146484375, 223.66400146484375], [175.50399780273438, 142.3520050048828, 223.66400146484375, 223.66400146484375], [0.1120000034570694, 21.392000198364258, 32.14400100708008, 171.0240020751953], [0.1120000034570694, 21.392000198364258, 25.424001693725586, 141.4560089111328], [144.36801147460938, 98.44800567626953, 180.2080078125, 167.44000244140625], [78.95999908447266, 145.71200561523438, 114.35200500488281, 223.66400146484375], [78.95999908447266, 182.67201232910156, 114.35200500488281, 223.66400146484375], [6.384000301361084, 193.20001220703125, 48.272003173828125, 223.66400146484375]], 'labels': ['desk', 'desk', 'person', 'person', 'person', 'chair', 'chair', 'chair']}}"
0255,"{'<DENSE_REGION_CAPTION>': {'bboxes': [[0.1120000034570694, 130.48001098632812, 83.66400146484375, 223.66400146484375], [175.50399780273438, 142.3520050048828, 223.66400146484375, 223.66400146484375], [0.1120000034570694, 21.61600112915039, 26.32000160217285, 160.72000122070312], [143.9199981689453, 99.34400177001953, 177.07200622558594, 156.24000549316406]], 'labels': ['desk', 'desk', 'person', 'person']}}"
0256,"{'<DENSE_REGION_CAPTION>': {'bboxes': [[0.1120000034570694, 130.92800903320312, 83.66400146484375, 223.66400146484375], [175.50399780273438, 142.3520050048828, 223.66400146484375, 223.66400146484375], [0.1120000034570694, 19.600000381469727, 27.440000534057617, 160.27200317382812], [143.2480010986328, 108.75200653076172, 176.84800720214844, 152.4320068359375], [176.40000915527344, 86.57600402832031, 198.5760040283203, 142.3520050048828]], 'labels': ['desk', 'desk', 'person', 'person', 'person']}}"
0257,"{'<DENSE_REGION_CAPTION>': {'bboxes': [[0.1120000034570694, 131.15200805664062, 83.66400146484375, 223.66400146484375], [175.50399780273438, 142.3520050048828, 223.66400146484375, 223.66400146484375], [0.1120000034570694, 21.392000198364258, 29.45600128173828, 160.27200317382812], [144.36801147460938, 126.00000762939453, 180.656005859375, 223.66400146484375], [146.38400268554688, 101.8080062866211, 175.72801208496094, 147.95201110839844], [187.60000610351562, 82.99200439453125, 205.07200622558594, 142.1280059814453], [121.74400329589844, 107.40800476074219, 140.11199951171875, 147.27999877929688]], 'labels': ['desk', 'desk', 'person', 'person', 'person', 'person', 'person']}}"
0258,"{'<DENSE_REGION_CAPTION>': {'bboxes': [[58.12800216674805, 4.815999984741211, 144.59201049804688, 110.76800537109375], [78.95999908447266, 145.93600463867188, 114.12800598144531, 223.66400146484375], [143.4720001220703, 146.16000366210938, 179.5360107421875, 223.66400146484375], [6.384000301361084, 193.42401123046875, 49.84000015258789, 223.66400146484375], [78.95999908447266, 182.89601135253906, 113.90400695800781, 223.66400146484375], [0.1120000034570694, 22.512001037597656, 28.784000396728516, 159.60000610351562], [146.83200073242188, 98.67200469970703, 175.50399780273438, 147.95201110839844], [189.8400115966797, 78.95999908447266, 209.552001953125, 142.5760040283203], [103.3759994506836, 93.52000427246094, 121.07200622558594, 150.19200134277344], [122.41600036621094, 108.75200653076172, 138.32000732421875, 147.95201110839844]], 'labels': ['whiteboard', 'chair', 'chair', 'chair', 'chair', 'person', 'person', 'person', 'person', 'person']}}"
0259,"{'<DENSE_REGION_CAPTION>': {'bboxes': [[0.1120000034570694, 131.15200805664062, 83.66400146484375, 223.66400146484375], [175.50399780273438, 142.3520050048828, 223.66400146484375, 223.66400146484375], [143.0240020751953, 146.16000366210938, 179.9840087890625, 223.66400146484375], [78.95999908447266, 145.71200561523438, 113.90400695800781, 223.66400146484375], [6.160000324249268, 193.20001220703125, 49.84000015258789, 223.66400146484375], [78.95999908447266, 182.67201232910156, 113.90400695800781, 223.66400146484375], [0.1120000034570694, 21.84000015258789, 28.560001373291016, 159.37600708007812], [147.95201110839844, 103.82400512695312, 177.07200622558594, 148.17601013183594], [118.60800170898438, 109.64800262451172, 138.99200439453125, 170.8000030517578], [188.94400024414062, 87.69599914550781, 210.44801330566406, 142.8000030517578], [103.3759994506836, 93.74400329589844, 120.1760025024414, 149.96800231933594], [208.8800048828125, 97.3280029296875, 223.66400146484375, 140.11199951171875], [138.99200439453125, 103.82400512695312, 153.552001953125, 142.1280059814453]], 'labels': ['desk', 'desk', 'chair', 'chair', 'chair', 'chair', 'person', 'person', 'person', 'person', 'person', 'person', 'person']}}"
0260,"{'<DENSE_REGION_CAPTION>': {'bboxes': [[58.12800216674805, 4.815999984741211, 144.81600952148438, 110.76800537109375], [0.1120000034570694, 130.48001098632812, 84.11199951171875, 223.66400146484375], [175.50399780273438, 142.1280059814453, 223.66400146484375, 223.66400146484375], [78.51200103759766, 145.71200561523438, 114.12800598144531, 223.66400146484375], [143.2480010986328, 145.93600463867188, 179.5360107421875, 223.66400146484375], [6.160000324249268, 192.97601318359375, 49.84000015258789, 223.66400146484375], [78.73600006103516, 182.447998046875, 113.90400695800781, 223.66400146484375], [0.1120000034570694, 21.61600112915039, 27.216001510620117, 158.48001098632812], [150.41600036621094, 99.34400177001953, 179.5360107421875, 149.07200622558594], [118.16000366210938, 109.20000457763672, 138.99200439453125, 172.81600952148438], [190.5120086669922, 88.81600189208984, 214.25601196289062, 142.5760040283203], [102.9280014038086, 93.52000427246094, 120.4000015258789, 149.74400329589844], [177.52000427246094, 99.56800079345703, 192.7519989013672, 142.1280059814453], [210.67201232910156, 96.8800048828125, 223.66400146484375, 139.66400146484375], [139.21600341796875, 103.3759994506836, 154.2239990234375, 130.25599670410156]], 'labels': ['whiteboard', 'table', 'table', 'chair', 'chair', 'chair', 'chair', 'person', 'person', 'person', 'person', 'person', 'person', 'person', 'person']}}"
0261,"{'<DENSE_REGION_CAPTION>': {'bboxes': [[58.12800216674805, 5.039999961853027, 144.59201049804688, 110.76800537109375], [63.28000259399414, 145.93600463867188, 114.12800598144531, 223.66400146484375], [143.9199981689453, 146.60800170898438, 180.656005859375, 223.66400146484375], [5.936000347137451, 193.20001220703125, 49.84000015258789, 223.66400146484375], [78.73600006103516, 182.67201232910156, 114.12800598144531, 223.66400146484375], [0.1120000034570694, 21.84000015258789, 28.112001419067383, 158.48001098632812], [150.63999938964844, 92.1760025024414, 177.52000427246094, 148.84800720214844], [119.7280044555664, 108.52799987792969, 139.21600341796875, 172.14401245117188], [194.99200439453125, 89.48799896240234, 212.68800354003906, 132.72000122070312], [209.552001953125, 96.8800048828125, 223.66400146484375, 139.88800048828125]], 'labels': ['whiteboard', 'chair', 'chair', 'chair', 'chair', 'person', 'person', 'person', 'person', 'person']}}"
0262,"{'<DENSE_REGION_CAPTION>': {'bboxes': [[0.1120000034570694, 130.92800903320312, 83.66400146484375, 223.66400146484375], [175.72801208496094, 142.3520050048828, 223.66400146484375, 223.66400146484375], [0.1120000034570694, 21.84000015258789, 27.66400146484375, 159.60000610351562], [149.96800231933594, 90.83200073242188, 178.63999938964844, 148.84800720214844], [102.2560043334961, 93.74400329589844, 123.53600311279297, 169.4560089111328], [188.49600219726562, 89.71200561523438, 212.46400451660156, 143.0240020751953], [119.0560073852539, 99.56800079345703, 137.64801025390625, 149.52000427246094], [208.2080078125, 97.552001953125, 223.66400146484375, 140.11199951171875]], 'labels': ['desk', 'desk', 'person', 'person', 'person', 'person', 'person', 'person']}}"
0263,"{'<DENSE_REGION_CAPTION>': {'bboxes': [[58.12800216674805, 5.039999961853027, 144.59201049804688, 110.99200439453125], [63.28000259399414, 145.93600463867188, 114.12800598144531, 223.66400146484375], [144.36801147460938, 146.83200073242188, 180.4320068359375, 223.66400146484375], [78.95999908447266, 145.93600463867188, 113.90400695800781, 223.66400146484375], [6.160000324249268, 193.20001220703125, 49.84000015258789, 223.66400146484375], [0.1120000034570694, 21.84000015258789, 27.440000534057617, 159.82400512695312], [147.50399780273438, 95.76000213623047, 178.63999938964844, 149.52000427246094], [195.21600341796875, 89.71200561523438, 212.91200256347656, 133.39199829101562]], 'labels': ['whiteboard', 'chair', 'chair', 'chair', 'chair', 'person', 'person', 'person']}}"
0264,"{'<DENSE_REGION_CAPTION>': {'bboxes': [[58.12800216674805, 5.263999938964844, 144.59201049804688, 110.99200439453125], [0.1120000034570694, 21.84000015258789, 30.128000259399414, 159.60000610351562], [0.1120000034570694, 22.064001083374023, 22.064001083374023, 159.15200805664062], [101.8080062866211, 93.52000427246094, 121.29600524902344, 170.1280059814453], [149.07200622558594, 98.44800567626953, 178.19200134277344, 148.62400817871094], [118.16000366210938, 106.73600006103516, 138.09600830078125, 171.4720001220703], [194.99200439453125, 89.93600463867188, 214.92800903320312, 133.61599731445312], [210.67201232910156, 87.47200012207031, 223.66400146484375, 139.88800048828125]], 'labels': ['whiteboard', 'person', 'person', 'person', 'person', 'person', 'person', 'person']}}"
0265,"{'<DENSE_REGION_CAPTION>': {'bboxes': [[58.12800216674805, 5.263999938964844, 144.59201049804688, 110.99200439453125], [78.95999908447266, 145.26400756835938, 114.12800598144531, 223.66400146484375], [6.160000324249268, 192.97601318359375, 49.84000015258789, 223.66400146484375], [0.1120000034570694, 21.84000015258789, 28.112001419067383, 159.82400512695312], [101.8080062866211, 93.74400329589844, 123.53600311279297, 171.4720001220703], [164.9759979248047, 98.89600372314453, 193.20001220703125, 142.1280059814453], [190.5120086669922, 89.48799896240234, 212.46400451660156, 142.3520050048828], [206.63999938964844, 99.56800079345703, 223.66400146484375, 138.99200439453125]], 'labels': ['whiteboard', 'chair', 'chair', 'person', 'person', 'person', 'person', 'person']}}"
0266,"{'<DENSE_REGION_CAPTION>': {'bboxes': [[58.12800216674805, 5.488000392913818, 144.59201049804688, 111.21600341796875], [0.1120000034570694, 21.84000015258789, 29.45600128173828, 160.04800415039062], [0.1120000034570694, 22.064001083374023, 22.064001083374023, 160.04800415039062], [101.8080062866211, 93.52000427246094, 122.19200134277344, 170.3520050048828], [118.16000366210938, 104.04800415039062, 138.09600830078125, 171.2480010986328], [192.0800018310547, 89.26399993896484, 214.92800903320312, 133.16799926757812]], 'labels': ['whiteboard', 'person', 'person', 'person', 'person', 'person']}}"
0267,"{'<DENSE_REGION_CAPTION>': {'bboxes': [[58.12800216674805, 5.263999938964844, 144.59201049804688, 110.99200439453125], [78.95999908447266, 145.48800659179688, 114.12800598144531, 223.66400146484375], [6.160000324249268, 192.97601318359375, 49.84000015258789, 223.66400146484375], [78.95999908447266, 182.89601135253906, 113.90400695800781, 223.66400146484375], [5.936000347137451, 156.01600646972656, 18.48000144958496, 172.59201049804688]], 'labels': ['whiteboard', 'chair', 'chair', 'chair', 'chair']}}"
0268,"{'<DENSE_REGION_CAPTION>': {'bboxes': [[58.12800216674805, 5.263999938964844, 144.59201049804688, 111.21600341796875], [78.95999908447266, 145.48800659179688, 114.12800598144531, 223.66400146484375], [5.936000347137451, 156.01600646972656, 49.84000015258789, 223.66400146484375], [6.160000324249268, 193.20001220703125, 49.84000015258789, 223.66400146484375], [78.95999908447266, 182.89601135253906, 113.90400695800781, 223.66400146484375], [0.1120000034570694, 22.064001083374023, 27.66400146484375, 159.82400512695312], [145.93600463867188, 98.44800567626953, 178.86399841308594, 150.63999938964844], [101.8080062866211, 93.52000427246094, 121.74400329589844, 163.8560028076172], [166.09600830078125, 100.01600646972656, 194.54400634765625, 142.8000030517578], [192.0800018310547, 86.80000305175781, 211.34400939941406, 142.5760040283203]], 'labels': ['whiteboard', 'chair', 'chair', 'chair', 'chair', 'person', 'person', 'person', 'person', 'person']}}"
0269,"{'<DENSE_REGION_CAPTION>': {'bboxes': [[58.12800216674805, 5.263999938964844, 144.59201049804688, 111.21600341796875], [78.95999908447266, 145.48800659179688, 114.12800598144531, 223.66400146484375], [6.160000324249268, 192.97601318359375, 49.84000015258789, 223.66400146484375], [0.1120000034570694, 21.84000015258789, 27.66400146484375, 160.04800415039062], [143.9199981689453, 103.3759994506836, 178.19200134277344, 149.52000427246094], [101.8080062866211, 93.74400329589844, 119.9520034790039, 164.5279998779297], [177.07200622558594, 100.01600646972656, 194.09600830078125, 142.5760040283203]], 'labels': ['whiteboard', 'chair', 'chair', 'person', 'person', 'person', 'person']}}"
0270,"{'<DENSE_REGION_CAPTION>': {'bboxes': [[58.12800216674805, 5.712000370025635, 144.59201049804688, 110.99200439453125], [0.1120000034570694, 130.48001098632812, 83.66400146484375, 223.66400146484375], [175.50399780273438, 142.1280059814453, 223.66400146484375, 223.66400146484375], [78.95999908447266, 145.48800659179688, 113.90400695800781, 223.66400146484375], [5.936000347137451, 156.01600646972656, 49.84000015258789, 223.66400146484375], [6.160000324249268, 193.20001220703125, 49.84000015258789, 223.66400146484375], [78.95999908447266, 182.89601135253906, 113.68000030517578, 223.66400146484375], [0.1120000034570694, 22.064001083374023, 27.66400146484375, 159.82400512695312], [142.8000030517578, 102.2560043334961, 178.63999938964844, 149.07200622558594], [100.91200256347656, 93.07200622558594, 119.0560073852539, 163.1840057373047]], 'labels': ['whiteboard', 'table', 'table', 'chair', 'chair', 'chair', 'chair', 'person', 'person', 'person']}}"
0271,"{'<DENSE_REGION_CAPTION>': {'bboxes': [[58.12800216674805, 5.936000347137451, 144.59201049804688, 110.99200439453125], [78.95999908447266, 145.48800659179688, 114.12800598144531, 223.66400146484375], [5.936000347137451, 155.79200744628906, 49.84000015258789, 223.66400146484375], [0.1120000034570694, 22.064001083374023, 27.66400146484375, 159.82400512695312], [143.6959991455078, 103.60000610351562, 181.3280029296875, 150.86399841308594], [192.0800018310547, 92.8479995727539, 216.04800415039062, 133.16799926757812]], 'labels': ['whiteboard', 'chair', 'chair', 'person', 'person', 'person']}}"
0272,"{'<DENSE_REGION_CAPTION>': {'bboxes': [[58.12800216674805, 5.936000347137451, 144.59201049804688, 110.99200439453125], [78.95999908447266, 145.71200561523438, 114.12800598144531, 223.66400146484375], [5.936000347137451, 192.97601318359375, 49.84000015258789, 223.66400146484375], [0.1120000034570694, 22.288000106811523, 37.74399948120117, 160.04800415039062], [143.9199981689453, 103.3759994506836, 178.63999938964844, 149.29600524902344], [192.97601318359375, 94.63999938964844, 215.82400512695312, 132.72000122070312], [209.552001953125, 92.1760025024414, 223.66400146484375, 139.66400146484375]], 'labels': ['whiteboard', 'chair', 'chair', 'person', 'person', 'person', 'person']}}"
0273,"{'<DENSE_REGION_CAPTION>': {'bboxes': [[58.12800216674805, 5.488000392913818, 144.59201049804688, 110.76800537109375], [78.95999908447266, 145.26400756835938, 114.12800598144531, 223.66400146484375], [5.936000347137451, 193.20001220703125, 49.84000015258789, 223.66400146484375], [0.1120000034570694, 21.84000015258789, 29.904001235961914, 160.04800415039062], [102.0320053100586, 93.74400329589844, 125.3280029296875, 174.16000366210938], [147.95201110839844, 101.36000061035156, 179.0880126953125, 149.07200622558594], [194.09600830078125, 95.08800506591797, 214.48001098632812, 142.5760040283203], [180.2080078125, 95.98400115966797, 197.6800079345703, 142.8000030517578], [138.09600830078125, 103.3759994506836, 152.656005859375, 146.83200073242188], [204.17601013183594, 72.01599884033203, 221.64801025390625, 104.94400024414062]], 'labels': ['whiteboard', 'chair', 'chair', 'person', 'person', 'person', 'person', 'person', 'person', 'person']}}"
0274,"{'<DENSE_REGION_CAPTION>': {'bboxes': [[0.1120000034570694, 19.82400131225586, 27.66400146484375, 159.82400512695312], [0.1120000034570694, 19.82400131225586, 22.96000099182129, 126.00000762939453], [78.51200103759766, 145.48800659179688, 114.12800598144531, 223.66400146484375], [143.9199981689453, 146.83200073242188, 180.656005859375, 223.66400146484375], [5.936000347137451, 193.20001220703125, 49.84000015258789, 223.66400146484375], [78.73600006103516, 182.447998046875, 113.90400695800781, 223.66400146484375]], 'labels': ['person', 'person', 'chair', 'chair', 'chair', 'chair']}}"
0275,"{'<DENSE_REGION_CAPTION>': {'bboxes': [[58.12800216674805, 5.263999938964844, 145.04000854492188, 110.76800537109375], [0.1120000034570694, 130.48001098632812, 84.11199951171875, 223.66400146484375], [175.50399780273438, 142.1280059814453, 223.66400146484375, 223.66400146484375], [78.51200103759766, 145.71200561523438, 114.12800598144531, 223.66400146484375], [143.9199981689453, 148.40000915527344, 181.3280029296875, 223.66400146484375], [6.160000324249268, 193.42401123046875, 49.84000015258789, 223.66400146484375]], 'labels': ['whiteboard', 'table', 'table', 'chair', 'chair', 'chair']}}"
0276,"{'<DENSE_REGION_CAPTION>': {'bboxes': [[0.1120000034570694, 131.15200805664062, 83.66400146484375, 223.66400146484375], [175.50399780273438, 142.3520050048828, 223.66400146484375, 223.66400146484375], [0.1120000034570694, 21.61600112915039, 27.440000534057617, 162.0640106201172], [0.1120000034570694, 21.61600112915039, 20.272001266479492, 127.56800079345703], [78.95999908447266, 145.71200561523438, 114.12800598144531, 223.66400146484375], [5.936000347137451, 193.42401123046875, 49.84000015258789, 223.66400146484375], [78.95999908447266, 182.89601135253906, 114.12800598144531, 223.66400146484375], [5.712000370025635, 156.01600646972656, 18.928001403808594, 172.36801147460938]], 'labels': ['desk', 'desk', 'person', 'person', 'chair', 'chair', 'chair', 'chair']}}"
0277,"{'<DENSE_REGION_CAPTION>': {'bboxes': [[0.1120000034570694, 131.15200805664062, 83.66400146484375, 223.66400146484375], [175.50399780273438, 142.1280059814453, 223.66400146484375, 223.66400146484375], [63.28000259399414, 145.26400756835938, 114.35200500488281, 223.66400146484375], [144.36801147460938, 147.72801208496094, 181.3280029296875, 223.66400146484375], [5.936000347137451, 156.01600646972656, 49.84000015258789, 223.66400146484375], [78.51200103759766, 145.26400756835938, 114.12800598144531, 223.66400146484375], [6.160000324249268, 193.20001220703125, 49.84000015258789, 223.66400146484375]], 'labels': ['desk', 'desk', 'chair', 'chair', 'chair', 'chair', 'chair']}}"
0278,"{'<DENSE_REGION_CAPTION>': {'bboxes': [[0.1120000034570694, 130.48001098632812, 84.11199951171875, 223.66400146484375], [175.50399780273438, 142.1280059814453, 223.66400146484375, 223.66400146484375], [0.1120000034570694, 21.84000015258789, 27.216001510620117, 162.0640106201172], [101.58399963378906, 92.6240005493164, 129.80799865722656, 178.63999938964844], [78.28800201416016, 145.71200561523438, 114.35200500488281, 223.66400146484375], [144.36801147460938, 148.17601013183594, 181.10400390625, 223.66400146484375], [5.712000370025635, 156.01600646972656, 38.63999938964844, 197.2320098876953], [6.384000301361084, 193.42401123046875, 49.84000015258789, 223.66400146484375], [78.73600006103516, 182.89601135253906, 114.12800598144531, 223.66400146484375], [175.72801208496094, 165.64801025390625, 193.64801025390625, 223.66400146484375], [5.712000370025635, 156.24000549316406, 19.152000427246094, 172.81600952148438]], 'labels': ['desk', 'desk', 'person', 'person', 'chair', 'chair', 'chair', 'chair', 'chair', 'chair', 'chair']}}"
0279,"{'<DENSE_REGION_CAPTION>': {'bboxes': [[0.1120000034570694, 130.92800903320312, 83.66400146484375, 223.66400146484375], [175.50399780273438, 142.1280059814453, 223.66400146484375, 223.66400146484375], [0.1120000034570694, 21.61600112915039, 27.66400146484375, 171.4720001220703], [101.8080062866211, 92.6240005493164, 130.25599670410156, 179.9840087890625], [146.38400268554688, 110.99200439453125, 180.2080078125, 149.74400329589844], [192.0800018310547, 88.59200286865234, 211.56800842285156, 142.5760040283203]], 'labels': ['desk', 'desk', 'person', 'person', 'person', 'person']}}"
0280,"{'<DENSE_REGION_CAPTION>': {'bboxes': [[58.12800216674805, 5.488000392913818, 145.04000854492188, 110.99200439453125], [63.28000259399414, 145.71200561523438, 114.80000305175781, 223.66400146484375], [143.9199981689453, 147.95201110839844, 181.552001953125, 223.66400146484375], [5.936000347137451, 156.01600646972656, 49.84000015258789, 223.66400146484375], [78.51200103759766, 145.71200561523438, 114.57600402832031, 223.66400146484375], [6.384000301361084, 193.42401123046875, 49.84000015258789, 223.66400146484375], [0.1120000034570694, 20.944000244140625, 24.75200080871582, 162.7360076904297], [112.33600616455078, 120.84800720214844, 134.9600067138672, 177.74400329589844], [146.38400268554688, 107.40800476074219, 178.41600036621094, 149.96800231933594], [192.0800018310547, 97.552001953125, 216.72000122070312, 142.5760040283203], [101.8080062866211, 92.8479995727539, 120.6240005493164, 150.19200134277344], [175.72801208496094, 98.67200469970703, 194.54400634765625, 142.1280059814453]], 'labels': ['whiteboard', 'chair', 'chair', 'chair', 'chair', 'chair', 'person', 'person', 'person', 'person', 'person', 'person']}}"
0281,"{'<DENSE_REGION_CAPTION>': {'bboxes': [[0.1120000034570694, 21.168001174926758, 27.440000534057617, 171.4720001220703], [0.1120000034570694, 21.168001174926758, 21.392000198364258, 120.84800720214844], [101.8080062866211, 92.4000015258789, 126.89600372314453, 173.48800659179688], [146.38400268554688, 111.21600341796875, 178.86399841308594, 149.74400329589844], [191.6320037841797, 97.552001953125, 214.03201293945312, 133.61599731445312]], 'labels': ['person', 'person', 'person', 'person', 'person']}}"
0282,"{'<DENSE_REGION_CAPTION>': {'bboxes': [[0.1120000034570694, 131.15200805664062, 83.66400146484375, 223.66400146484375], [175.50399780273438, 142.3520050048828, 223.66400146484375, 223.66400146484375], [78.51200103759766, 145.71200561523438, 114.12800598144531, 223.66400146484375], [144.36801147460938, 147.05599975585938, 179.9840087890625, 223.66400146484375], [5.936000347137451, 156.01600646972656, 38.63999938964844, 223.66400146484375], [6.384000301361084, 193.20001220703125, 49.84000015258789, 223.66400146484375], [78.95999908447266, 182.89601135253906, 114.12800598144531, 223.66400146484375], [5.936000347137451, 156.24000549316406, 18.928001403808594, 172.81600952148438]], 'labels': ['desk', 'desk', 'chair', 'chair', 'chair', 'chair', 'chair', 'chair']}}"
0283,"{'<DENSE_REGION_CAPTION>': {'bboxes': [[0.1120000034570694, 131.15200805664062, 83.66400146484375, 223.66400146484375], [175.50399780273438, 142.3520050048828, 223.66400146484375, 223.66400146484375], [78.51200103759766, 145.71200561523438, 114.35200500488281, 223.66400146484375], [143.2480010986328, 146.16000366210938, 179.5360107421875, 223.66400146484375], [5.936000347137451, 156.01600646972656, 49.84000015258789, 223.66400146484375], [6.384000301361084, 193.20001220703125, 49.84000015258789, 223.66400146484375], [0.1120000034570694, 22.288000106811523, 21.392000198364258, 120.6240005493164], [145.93600463867188, 98.44800567626953, 178.19200134277344, 147.95201110839844]], 'labels': ['desk', 'desk', 'chair', 'chair', 'chair', 'chair', 'person', 'person']}}"
0284,"{'<DENSE_REGION_CAPTION>': {'bboxes': [[58.12800216674805, 5.263999938964844, 144.81600952148438, 109.20000457763672], [63.28000259399414, 145.93600463867188, 114.35200500488281, 223.66400146484375], [5.936000347137451, 156.01600646972656, 49.84000015258789, 223.66400146484375], [78.95999908447266, 145.93600463867188, 114.12800598144531, 223.66400146484375], [6.384000301361084, 193.20001220703125, 49.84000015258789, 223.66400146484375], [79.18400573730469, 182.89601135253906, 114.12800598144531, 223.66400146484375], [6.160000324249268, 156.01600646972656, 19.376001358032227, 172.36801147460938]], 'labels': ['whiteboard', 'chair', 'chair', 'chair', 'chair', 'chair', 'chair']}}"
0285,"{'<DENSE_REGION_CAPTION>': {'bboxes': [[0.1120000034570694, 130.48001098632812, 83.66400146484375, 223.66400146484375], [175.27999877929688, 142.1280059814453, 223.66400146484375, 223.66400146484375], [0.1120000034570694, 21.84000015258789, 27.216001510620117, 163.6320037841797], [0.1120000034570694, 21.84000015258789, 19.152000427246094, 138.99200439453125], [147.95201110839844, 101.58399963378906, 178.86399841308594, 148.62400817871094], [185.13600158691406, 99.79199981689453, 205.52000427246094, 143.0240020751953]], 'labels': ['desk', 'desk', 'person', 'person', 'person', 'person']}}"
0286,"{'<DENSE_REGION_CAPTION>': {'bboxes': [[0.1120000034570694, 130.48001098632812, 83.66400146484375, 223.66400146484375], [175.50399780273438, 142.3520050048828, 223.66400146484375, 223.66400146484375], [78.95999908447266, 145.26400756835938, 113.90400695800781, 223.66400146484375], [5.936000347137451, 156.01600646972656, 49.84000015258789, 223.66400146484375], [6.384000301361084, 193.20001220703125, 49.84000015258789, 223.66400146484375], [0.1120000034570694, 21.61600112915039, 19.376001358032227, 139.44000244140625], [147.50399780273438, 108.08000183105469, 178.63999938964844, 148.40000915527344], [196.33599853515625, 102.0320053100586, 215.15200805664062, 133.16799926757812]], 'labels': ['desk', 'desk', 'chair', 'chair', 'chair', 'person', 'person', 'person']}}"
0287,"{'<DENSE_REGION_CAPTION>': {'bboxes': [[58.12800216674805, 5.263999938964844, 144.81600952148438, 110.54400634765625], [0.1120000034570694, 130.48001098632812, 84.33600616455078, 223.66400146484375], [175.27999877929688, 142.3520050048828, 223.66400146484375, 223.66400146484375], [78.95999908447266, 145.48800659179688, 114.12800598144531, 223.66400146484375], [5.936000347137451, 156.01600646972656, 49.84000015258789, 223.66400146484375], [6.384000301361084, 193.20001220703125, 49.84000015258789, 223.66400146484375], [0.1120000034570694, 21.392000198364258, 27.66400146484375, 163.1840057373047], [102.4800033569336, 93.96800231933594, 131.82400512695312, 173.48800659179688], [148.40000915527344, 98.67200469970703, 178.86399841308594, 148.62400817871094]], 'labels': ['whiteboard', 'table', 'table', 'chair', 'chair', 'chair', 'person', 'person', 'person']}}"
0288,"{'<DENSE_REGION_CAPTION>': {'bboxes': [[58.12800216674805, 5.263999938964844, 144.59201049804688, 110.76800537109375], [63.28000259399414, 145.26400756835938, 114.12800598144531, 223.66400146484375], [5.936000347137451, 156.01600646972656, 49.84000015258789, 223.66400146484375], [78.95999908447266, 145.26400756835938, 113.90400695800781, 223.66400146484375], [6.160000324249268, 193.20001220703125, 49.84000015258789, 223.66400146484375], [0.1120000034570694, 21.84000015258789, 30.128000259399414, 161.16799926757812], [147.95201110839844, 102.2560043334961, 179.31201171875, 149.07200622558594], [102.2560043334961, 92.6240005493164, 121.96800231933594, 149.07200622558594], [182.447998046875, 100.68800354003906, 206.63999938964844, 143.0240020751953]], 'labels': ['whiteboard', 'chair', 'chair', 'chair', 'chair', 'person', 'person', 'person', 'person']}}"
0289,"{'<DENSE_REGION_CAPTION>': {'bboxes': [[58.12800216674805, 5.039999961853027, 144.81600952148438, 110.54400634765625], [0.1120000034570694, 21.61600112915039, 31.248001098632812, 160.49600219726562], [0.1120000034570694, 22.288000106811523, 22.512001037597656, 160.04800415039062], [102.0320053100586, 93.07200622558594, 127.79200744628906, 172.14401245117188], [145.93600463867188, 102.4800033569336, 178.86399841308594, 149.07200622558594]], 'labels': ['whiteboard', 'person', 'person', 'person', 'person']}}"
0290,"{'<DENSE_REGION_CAPTION>': {'bboxes': [[58.12800216674805, 5.039999961853027, 144.81600952148438, 110.54400634765625], [78.95999908447266, 145.26400756835938, 113.90400695800781, 223.66400146484375], [5.936000347137451, 192.97601318359375, 49.61600112915039, 223.66400146484375], [0.1120000034570694, 21.84000015258789, 28.112001419067383, 159.82400512695312], [147.95201110839844, 107.18400573730469, 178.41600036621094, 148.62400817871094]], 'labels': ['whiteboard', 'chair', 'chair', 'person', 'person']}}"
0291,"{'<DENSE_REGION_CAPTION>': {'bboxes': [[0.1120000034570694, 130.92800903320312, 83.66400146484375, 223.66400146484375], [175.72801208496094, 142.5760040283203, 223.66400146484375, 223.66400146484375], [0.1120000034570694, 22.064001083374023, 27.66400146484375, 161.16799926757812], [102.0320053100586, 93.29600524902344, 126.00000762939453, 169.0080108642578], [149.52000427246094, 98.0, 180.8800048828125, 148.84800720214844], [205.07200622558594, 88.59200286865234, 217.8400115966797, 107.85600280761719]], 'labels': ['desk', 'desk', 'person', 'person', 'person', 'person']}}"
0292,"{'<DENSE_REGION_CAPTION>': {'bboxes': [[0.1120000034570694, 130.92800903320312, 83.66400146484375, 223.66400146484375], [175.50399780273438, 142.3520050048828, 223.66400146484375, 223.66400146484375], [0.1120000034570694, 22.064001083374023, 27.66400146484375, 162.2880096435547], [101.8080062866211, 93.07200622558594, 126.44800567626953, 169.9040069580078], [147.95201110839844, 100.01600646972656, 180.656005859375, 148.62400817871094]], 'labels': ['desk', 'desk', 'person', 'person', 'person']}}"
0293,"{'<DENSE_REGION_CAPTION>': {'bboxes': [[58.12800216674805, 5.263999938964844, 144.59201049804688, 110.76800537109375], [0.1120000034570694, 156.01600646972656, 49.84000015258789, 223.66400146484375], [78.73600006103516, 145.26400756835938, 113.68000030517578, 223.66400146484375], [5.936000347137451, 192.97601318359375, 49.84000015258789, 223.66400146484375], [78.95999908447266, 182.89601135253906, 113.68000030517578, 223.66400146484375], [0.1120000034570694, 21.392000198364258, 27.66400146484375, 161.6160125732422], [148.40000915527344, 106.51200103759766, 177.96800231933594, 148.17601013183594], [181.10400390625, 99.56800079345703, 205.07200622558594, 143.2480010986328]], 'labels': ['whiteboard', 'chair', 'chair', 'chair', 'chair', 'person', 'person', 'person']}}"
0294,"{'<DENSE_REGION_CAPTION>': {'bboxes': [[0.1120000034570694, 131.15200805664062, 83.21600341796875, 223.66400146484375], [176.40000915527344, 142.5760040283203, 223.66400146484375, 223.66400146484375], [63.50400161743164, 145.93600463867188, 114.57600402832031, 223.66400146484375], [5.936000347137451, 156.01600646972656, 49.84000015258789, 223.66400146484375], [0.1120000034570694, 21.61600112915039, 27.66400146484375, 162.0640106201172], [107.63200378417969, 122.64000701904297, 147.72801208496094, 179.31201171875], [150.63999938964844, 100.01600646972656, 182.67201232910156, 149.07200622558594]], 'labels': ['desk', 'desk', 'chair', 'chair', 'person', 'person', 'person']}}"
0295,"{'<DENSE_REGION_CAPTION>': {'bboxes': [[0.1120000034570694, 130.48001098632812, 83.66400146484375, 223.66400146484375], [175.72801208496094, 142.5760040283203, 223.66400146484375, 223.66400146484375], [0.1120000034570694, 21.61600112915039, 28.336000442504883, 162.7360076904297], [63.50400161743164, 145.93600463867188, 114.35200500488281, 223.66400146484375], [5.936000347137451, 156.01600646972656, 49.84000015258789, 223.66400146484375], [78.95999908447266, 145.93600463867188, 114.12800598144531, 223.66400146484375], [6.160000324249268, 193.20001220703125, 49.84000015258789, 223.66400146484375], [79.18400573730469, 183.12001037597656, 114.12800598144531, 223.66400146484375], [5.936000347137451, 156.24000549316406, 19.152000427246094, 172.59201049804688]], 'labels': ['desk', 'desk', 'person', 'chair', 'chair', 'chair', 'chair', 'chair', 'chair']}}"
0296,"{'<DENSE_REGION_CAPTION>': {'bboxes': [[0.1120000034570694, 130.48001098632812, 83.66400146484375, 223.66400146484375], [175.50399780273438, 142.3520050048828, 223.66400146484375, 223.66400146484375], [0.1120000034570694, 21.61600112915039, 28.112001419067383, 161.6160125732422], [149.96800231933594, 100.01600646972656, 180.4320068359375, 148.84800720214844], [179.5360107421875, 96.20800018310547, 210.2239990234375, 143.0240020751953], [78.95999908447266, 183.12001037597656, 114.35200500488281, 223.66400146484375], [6.384000301361084, 193.20001220703125, 48.272003173828125, 223.66400146484375], [5.712000370025635, 156.01600646972656, 18.928001403808594, 172.59201049804688]], 'labels': ['desk', 'desk', 'person', 'person', 'person', 'chair', 'chair', 'chair']}}"
0297,"{'<DENSE_REGION_CAPTION>': {'bboxes': [[0.1120000034570694, 130.92800903320312, 83.66400146484375, 223.66400146484375], [175.50399780273438, 142.3520050048828, 223.66400146484375, 223.66400146484375], [0.1120000034570694, 21.61600112915039, 28.112001419067383, 161.6160125732422], [63.50400161743164, 145.93600463867188, 114.35200500488281, 223.66400146484375], [0.1120000034570694, 156.01600646972656, 49.84000015258789, 223.66400146484375], [63.50400161743164, 182.89601135253906, 114.35200500488281, 223.66400146484375], [6.384000301361084, 193.20001220703125, 49.84000015258789, 223.66400146484375], [150.63999938964844, 101.36000061035156, 181.3280029296875, 148.62400817871094]], 'labels': ['desk', 'desk', 'person', 'chair', 'chair', 'chair', 'chair', 'person']}}"
0298,"{'<DENSE_REGION_CAPTION>': {'bboxes': [[0.1120000034570694, 130.92800903320312, 83.66400146484375, 223.66400146484375], [175.50399780273438, 142.1280059814453, 223.66400146484375, 223.66400146484375], [0.1120000034570694, 21.392000198364258, 28.112001419067383, 161.6160125732422], [150.41600036621094, 97.552001953125, 180.4320068359375, 148.62400817871094], [135.8560028076172, 100.46400451660156, 154.67201232910156, 144.1439971923828]], 'labels': ['desk', 'desk', 'person', 'person', 'person']}}"
0299,"{'<DENSE_REGION_CAPTION>': {'bboxes': [[0.1120000034570694, 130.48001098632812, 83.66400146484375, 223.66400146484375], [176.84800720214844, 142.5760040283203, 223.66400146484375, 223.66400146484375], [0.1120000034570694, 21.61600112915039, 27.216001510620117, 161.6160125732422], [152.4320068359375, 101.8080062866211, 181.552001953125, 150.19200134277344], [138.09600830078125, 98.89600372314453, 155.56800842285156, 145.04000854492188]], 'labels': ['desk', 'desk', 'person', 'person', 'person']}}"
0300,"{'<DENSE_REGION_CAPTION>': {'bboxes': [[58.12800216674805, 5.488000392913818, 144.59201049804688, 110.76800537109375], [63.28000259399414, 145.93600463867188, 114.35200500488281, 223.66400146484375], [0.1120000034570694, 156.01600646972656, 49.84000015258789, 223.66400146484375], [0.1120000034570694, 22.064001083374023, 27.66400146484375, 161.6160125732422], [102.0320053100586, 94.63999938964844, 128.01600646972656, 176.17601013183594], [149.96800231933594, 102.0320053100586, 178.41600036621094, 149.74400329589844], [180.656005859375, 99.34400177001953, 207.5360107421875, 143.2480010986328], [138.54400634765625, 99.12000274658203, 156.46400451660156, 145.71200561523438]], 'labels': ['whiteboard', 'chair', 'chair', 'person', 'person', 'person', 'person', 'person']}}"
0301,"{'<DENSE_REGION_CAPTION>': {'bboxes': [[58.12800216674805, 5.936000347137451, 144.59201049804688, 110.76800537109375], [63.28000259399414, 145.71200561523438, 114.12800598144531, 223.66400146484375], [0.1120000034570694, 156.01600646972656, 49.84000015258789, 223.66400146484375], [0.1120000034570694, 22.064001083374023, 27.66400146484375, 171.4720001220703], [149.52000427246094, 97.552001953125, 180.2080078125, 149.07200622558594]], 'labels': ['whiteboard', 'chair', 'chair', 'person', 'person']}}"
0302,"{'<DENSE_REGION_CAPTION>': {'bboxes': [[0.1120000034570694, 130.48001098632812, 83.66400146484375, 223.66400146484375], [175.72801208496094, 142.3520050048828, 223.66400146484375, 223.66400146484375], [0.1120000034570694, 22.288000106811523, 27.66400146484375, 171.6959991455078], [150.41600036621094, 98.67200469970703, 179.9840087890625, 149.74400329589844], [132.72000122070312, 100.46400451660156, 152.8800048828125, 156.68800354003906]], 'labels': ['desk', 'desk', 'person', 'person', 'person']}}"
0303,"{'<DENSE_REGION_CAPTION>': {'bboxes': [[0.1120000034570694, 130.48001098632812, 83.66400146484375, 223.66400146484375], [175.50399780273438, 142.3520050048828, 223.66400146484375, 223.66400146484375], [63.28000259399414, 145.93600463867188, 114.12800598144531, 223.66400146484375], [5.039999961853027, 156.01600646972656, 49.84000015258789, 223.66400146484375], [0.1120000034570694, 22.288000106811523, 27.66400146484375, 171.6959991455078], [149.96800231933594, 98.89600372314453, 178.63999938964844, 149.74400329589844], [101.8080062866211, 92.8479995727539, 119.9520034790039, 160.72000122070312], [206.63999938964844, 82.99200439453125, 223.66400146484375, 143.6959991455078]], 'labels': ['desk', 'desk', 'chair', 'chair', 'person', 'person', 'person', 'person']}}"
0304,"{'<DENSE_REGION_CAPTION>': {'bboxes': [[0.1120000034570694, 130.48001098632812, 83.66400146484375, 223.66400146484375], [175.72801208496094, 142.3520050048828, 223.66400146484375, 223.66400146484375], [63.28000259399414, 145.93600463867188, 114.35200500488281, 223.66400146484375], [5.936000347137451, 156.01600646972656, 49.16800308227539, 223.66400146484375], [0.1120000034570694, 22.96000099182129, 23.631999969482422, 172.14401245117188], [0.1120000034570694, 22.96000099182129, 18.70400047302246, 138.54400634765625], [149.96800231933594, 106.96000671386719, 178.63999938964844, 149.74400329589844]], 'labels': ['desk', 'desk', 'chair', 'chair', 'person', 'person', 'person']}}"
0305,"{'<DENSE_REGION_CAPTION>': {'bboxes': [[0.1120000034570694, 131.15200805664062, 83.66400146484375, 223.66400146484375], [175.72801208496094, 142.3520050048828, 223.66400146484375, 223.66400146484375], [0.1120000034570694, 22.96000099182129, 23.631999969482422, 172.59201049804688], [63.50400161743164, 145.93600463867188, 114.12800598144531, 223.66400146484375], [78.95999908447266, 145.93600463867188, 113.90400695800781, 223.66400146484375], [5.488000392913818, 156.01600646972656, 38.19200134277344, 197.2320098876953], [6.6080002784729, 193.42401123046875, 48.272003173828125, 223.66400146484375], [5.936000347137451, 156.01600646972656, 18.928001403808594, 172.81600952148438]], 'labels': ['desk', 'desk', 'person', 'chair', 'chair', 'chair', 'chair', 'chair']}}"
0306,"{'<DENSE_REGION_CAPTION>': {'bboxes': [[0.1120000034570694, 131.15200805664062, 83.66400146484375, 223.66400146484375], [175.72801208496094, 142.3520050048828, 223.66400146484375, 223.66400146484375], [0.1120000034570694, 22.736000061035156, 23.856000900268555, 171.6959991455078], [63.50400161743164, 145.93600463867188, 114.12800598144531, 223.66400146484375], [79.18400573730469, 145.93600463867188, 113.90400695800781, 223.66400146484375], [5.488000392913818, 156.01600646972656, 38.19200134277344, 197.2320098876953], [6.6080002784729, 193.42401123046875, 48.272003173828125, 223.66400146484375], [5.936000347137451, 156.01600646972656, 18.928001403808594, 172.81600952148438]], 'labels': ['desk', 'desk', 'person', 'chair', 'chair', 'chair', 'chair', 'chair']}}"
0307,"{'<DENSE_REGION_CAPTION>': {'bboxes': [[0.1120000034570694, 131.15200805664062, 83.66400146484375, 223.66400146484375], [175.72801208496094, 142.3520050048828, 223.66400146484375, 223.66400146484375], [0.1120000034570694, 22.96000099182129, 24.079999923706055, 171.6959991455078], [63.50400161743164, 145.93600463867188, 114.12800598144531, 223.66400146484375], [78.95999908447266, 145.93600463867188, 113.90400695800781, 223.66400146484375], [5.936000347137451, 156.01600646972656, 48.496002197265625, 223.66400146484375], [6.384000301361084, 193.20001220703125, 48.496002197265625, 223.66400146484375], [5.936000347137451, 156.24000549316406, 19.152000427246094, 172.81600952148438]], 'labels': ['desk', 'desk', 'person', 'chair', 'chair', 'chair', 'chair', 'chair']}}"
0308,"{'<DENSE_REGION_CAPTION>': {'bboxes': [[0.1120000034570694, 131.15200805664062, 83.66400146484375, 223.66400146484375], [175.50399780273438, 142.3520050048828, 223.66400146484375, 223.66400146484375], [0.1120000034570694, 22.288000106811523, 27.66400146484375, 165.64801025390625], [63.50400161743164, 145.93600463867188, 114.12800598144531, 223.66400146484375], [78.95999908447266, 145.93600463867188, 113.90400695800781, 223.66400146484375], [5.488000392913818, 156.01600646972656, 38.19200134277344, 197.2320098876953], [6.6080002784729, 193.20001220703125, 48.272003173828125, 223.66400146484375], [5.712000370025635, 156.01600646972656, 19.152000427246094, 172.81600952148438]], 'labels': ['desk', 'desk', 'person', 'chair', 'chair', 'chair', 'chair', 'chair']}}"
0309,"{'<DENSE_REGION_CAPTION>': {'bboxes': [[0.1120000034570694, 131.15200805664062, 83.66400146484375, 223.66400146484375], [175.50399780273438, 142.3520050048828, 223.66400146484375, 223.66400146484375], [0.1120000034570694, 21.84000015258789, 27.66400146484375, 171.4720001220703], [63.50400161743164, 145.26400756835938, 114.12800598144531, 223.66400146484375], [5.936000347137451, 156.01600646972656, 48.496002197265625, 223.66400146484375], [63.50400161743164, 182.89601135253906, 114.12800598144531, 223.66400146484375], [6.384000301361084, 193.20001220703125, 48.496002197265625, 223.66400146484375], [5.712000370025635, 156.01600646972656, 19.152000427246094, 172.59201049804688]], 'labels': ['desk', 'desk', 'person', 'chair', 'chair', 'chair', 'chair', 'chair']}}"
0310,"{'<DENSE_REGION_CAPTION>': {'bboxes': [[0.1120000034570694, 131.15200805664062, 83.66400146484375, 223.66400146484375], [175.50399780273438, 142.3520050048828, 223.66400146484375, 223.66400146484375], [0.1120000034570694, 22.064001083374023, 27.66400146484375, 171.0240020751953], [63.50400161743164, 145.26400756835938, 114.12800598144531, 223.66400146484375], [5.488000392913818, 156.01600646972656, 48.496002197265625, 223.66400146484375], [78.95999908447266, 145.26400756835938, 113.90400695800781, 223.66400146484375], [5.936000347137451, 193.20001220703125, 48.496002197265625, 223.66400146484375], [5.712000370025635, 156.01600646972656, 19.152000427246094, 172.59201049804688]], 'labels': ['desk', 'desk', 'person', 'chair', 'chair', 'chair', 'chair', 'chair']}}"
0311,"{'<DENSE_REGION_CAPTION>': {'bboxes': [[0.1120000034570694, 131.15200805664062, 83.66400146484375, 223.66400146484375], [175.50399780273438, 142.1280059814453, 223.66400146484375, 223.66400146484375], [0.1120000034570694, 22.064001083374023, 27.66400146484375, 171.0240020751953], [63.50400161743164, 145.04000854492188, 114.12800598144531, 223.66400146484375], [78.95999908447266, 145.04000854492188, 114.12800598144531, 223.44000244140625], [5.488000392913818, 155.79200744628906, 38.19200134277344, 197.2320098876953], [6.6080002784729, 192.97601318359375, 48.496002197265625, 223.66400146484375]], 'labels': ['desk', 'desk', 'person', 'chair', 'chair', 'chair', 'chair']}}"
0312,"{'<DENSE_REGION_CAPTION>': {'bboxes': [[0.1120000034570694, 131.15200805664062, 83.66400146484375, 223.66400146484375], [175.50399780273438, 142.1280059814453, 223.66400146484375, 223.66400146484375], [63.50400161743164, 145.26400756835938, 114.12800598144531, 223.66400146484375], [5.936000347137451, 156.01600646972656, 48.496002197265625, 223.66400146484375], [78.95999908447266, 145.26400756835938, 113.90400695800781, 223.66400146484375], [6.160000324249268, 156.01600646972656, 38.19200134277344, 197.4560089111328], [6.6080002784729, 193.20001220703125, 48.496002197265625, 223.66400146484375]], 'labels': ['desk', 'desk', 'chair', 'chair', 'chair', 'chair', 'chair']}}"
0313,"{'<DENSE_REGION_CAPTION>': {'bboxes': [[0.1120000034570694, 131.15200805664062, 83.66400146484375, 223.66400146484375], [175.50399780273438, 142.3520050048828, 223.66400146484375, 223.66400146484375], [0.1120000034570694, 23.408000946044922, 26.992000579833984, 171.6959991455078], [131.60000610351562, 103.1520004272461, 156.01600646972656, 174.83200073242188], [149.52000427246094, 98.44800567626953, 177.96800231933594, 149.07200622558594], [78.95999908447266, 145.26400756835938, 114.12800598144531, 223.66400146484375], [5.712000370025635, 156.01600646972656, 38.19200134277344, 197.2320098876953], [6.384000301361084, 193.20001220703125, 48.272003173828125, 223.66400146484375]], 'labels': ['desk', 'desk', 'person', 'person', 'person', 'chair', 'chair', 'chair']}}"
0314,"{'<DENSE_REGION_CAPTION>': {'bboxes': [[0.1120000034570694, 131.15200805664062, 83.66400146484375, 223.66400146484375], [175.50399780273438, 142.5760040283203, 223.66400146484375, 223.66400146484375], [63.50400161743164, 145.26400756835938, 114.12800598144531, 223.66400146484375], [0.1120000034570694, 156.24000549316406, 48.720001220703125, 223.66400146484375], [78.95999908447266, 145.26400756835938, 113.90400695800781, 223.66400146484375], [0.1120000034570694, 193.42401123046875, 48.720001220703125, 223.66400146484375], [5.936000347137451, 156.24000549316406, 19.152000427246094, 172.81600952148438]], 'labels': ['desk', 'desk', 'chair', 'chair', 'chair', 'chair', 'chair']}}"
0315,"{'<DENSE_REGION_CAPTION>': {'bboxes': [[0.1120000034570694, 131.15200805664062, 83.66400146484375, 223.66400146484375], [175.50399780273438, 142.5760040283203, 223.66400146484375, 223.66400146484375], [0.1120000034570694, 22.96000099182129, 24.75200080871582, 171.6959991455078], [78.95999908447266, 145.93600463867188, 114.12800598144531, 223.66400146484375], [5.936000347137451, 156.01600646972656, 49.84000015258789, 223.66400146484375], [6.384000301361084, 193.20001220703125, 49.84000015258789, 223.66400146484375]], 'labels': ['desk', 'desk', 'person', 'chair', 'chair', 'chair']}}"
0316,"{'<DENSE_REGION_CAPTION>': {'bboxes': [[0.1120000034570694, 130.48001098632812, 83.66400146484375, 223.66400146484375], [175.50399780273438, 142.1280059814453, 223.66400146484375, 223.66400146484375], [0.1120000034570694, 22.736000061035156, 25.424001693725586, 171.0240020751953], [63.50400161743164, 145.71200561523438, 114.35200500488281, 223.66400146484375], [0.1120000034570694, 156.01600646972656, 49.84000015258789, 223.66400146484375], [78.73600006103516, 145.71200561523438, 114.12800598144531, 223.66400146484375], [6.384000301361084, 193.20001220703125, 49.84000015258789, 223.66400146484375], [6.384000301361084, 156.01600646972656, 19.152000427246094, 171.9199981689453]], 'labels': ['desk', 'desk', 'person', 'chair', 'chair', 'chair', 'chair', 'chair']}}"
0317,"{'<DENSE_REGION_CAPTION>': {'bboxes': [[0.1120000034570694, 130.92800903320312, 83.66400146484375, 223.66400146484375], [175.95201110839844, 142.5760040283203, 223.66400146484375, 223.66400146484375], [63.50400161743164, 145.71200561523438, 114.35200500488281, 223.66400146484375], [0.1120000034570694, 156.01600646972656, 49.84000015258789, 223.66400146484375], [78.95999908447266, 145.71200561523438, 114.12800598144531, 223.66400146484375], [6.384000301361084, 193.20001220703125, 49.84000015258789, 223.66400146484375], [6.384000301361084, 156.01600646972656, 19.152000427246094, 171.9199981689453]], 'labels': ['desk', 'desk', 'chair', 'chair', 'chair', 'chair', 'chair']}}"
0318,"{'<DENSE_REGION_CAPTION>': {'bboxes': [[0.1120000034570694, 130.92800903320312, 83.66400146484375, 223.66400146484375], [175.50399780273438, 142.3520050048828, 223.66400146484375, 223.66400146484375], [0.1120000034570694, 22.288000106811523, 27.216001510620117, 171.4720001220703], [78.95999908447266, 145.71200561523438, 114.35200500488281, 223.66400146484375], [6.384000301361084, 156.01600646972656, 49.84000015258789, 223.66400146484375], [6.384000301361084, 193.20001220703125, 49.84000015258789, 223.66400146484375]], 'labels': ['desk', 'desk', 'person', 'chair', 'chair', 'chair']}}"
0319,"{'<DENSE_REGION_CAPTION>': {'bboxes': [[58.12800216674805, 5.039999961853027, 144.81600952148438, 110.99200439453125], [63.50400161743164, 145.71200561523438, 114.35200500488281, 223.66400146484375], [5.936000347137451, 156.01600646972656, 49.84000015258789, 223.66400146484375], [78.95999908447266, 145.71200561523438, 114.12800598144531, 223.66400146484375], [6.384000301361084, 193.20001220703125, 49.84000015258789, 223.66400146484375], [6.160000324249268, 156.01600646972656, 19.376001358032227, 171.9199981689453]], 'labels': ['whiteboard', 'chair', 'chair', 'chair', 'chair', 'chair']}}"
0320,"{'<DENSE_REGION_CAPTION>': {'bboxes': [[0.1120000034570694, 131.15200805664062, 83.66400146484375, 223.66400146484375], [175.50399780273438, 142.1280059814453, 223.66400146484375, 223.66400146484375], [63.50400161743164, 145.48800659179688, 114.35200500488281, 223.66400146484375], [5.936000347137451, 156.01600646972656, 49.84000015258789, 223.66400146484375], [78.95999908447266, 145.48800659179688, 114.12800598144531, 223.66400146484375], [6.384000301361084, 193.20001220703125, 49.84000015258789, 223.66400146484375], [0.1120000034570694, 22.512001037597656, 25.424001693725586, 163.1840057373047], [131.82400512695312, 103.3759994506836, 154.89601135253906, 166.76800537109375], [150.19200134277344, 100.24000549316406, 178.19200134277344, 148.17601013183594], [183.79200744628906, 87.92000579833984, 202.16000366210938, 142.3520050048828], [212.46400451660156, 77.39200592041016, 223.66400146484375, 140.11199951171875]], 'labels': ['desk', 'desk', 'chair', 'chair', 'chair', 'chair', 'person', 'person', 'person', 'person', 'person']}}"
0321,"{'<DENSE_REGION_CAPTION>': {'bboxes': [[0.1120000034570694, 131.15200805664062, 83.66400146484375, 223.66400146484375], [175.50399780273438, 142.1280059814453, 223.66400146484375, 223.66400146484375], [0.1120000034570694, 22.288000106811523, 27.66400146484375, 161.16799926757812], [78.95999908447266, 145.26400756835938, 114.35200500488281, 223.66400146484375], [5.936000347137451, 156.01600646972656, 50.288002014160156, 223.66400146484375], [6.384000301361084, 193.20001220703125, 50.288002014160156, 223.66400146484375], [79.18400573730469, 182.89601135253906, 114.35200500488281, 223.66400146484375], [6.160000324249268, 156.01600646972656, 18.928001403808594, 172.14401245117188], [24.75200080871582, 129.80799865722656, 35.50400161743164, 147.95201110839844]], 'labels': ['desk', 'desk', 'person', 'chair', 'chair', 'chair', 'chair', 'chair', 'chair']}}"
0322,"{'<DENSE_REGION_CAPTION>': {'bboxes': [[0.1120000034570694, 131.15200805664062, 83.66400146484375, 223.66400146484375], [175.50399780273438, 142.5760040283203, 223.66400146484375, 223.66400146484375], [0.1120000034570694, 22.288000106811523, 24.079999923706055, 161.6160125732422], [0.1120000034570694, 22.288000106811523, 21.168001174926758, 123.53600311279297], [149.52000427246094, 98.44800567626953, 177.96800231933594, 147.95201110839844], [133.39199829101562, 102.9280014038086, 151.9840087890625, 156.46400451660156], [209.552001953125, 77.84000396728516, 223.66400146484375, 140.11199951171875]], 'labels': ['desk', 'desk', 'person', 'person', 'person', 'person', 'person']}}"
0323,"{'<DENSE_REGION_CAPTION>': {'bboxes': [[0.1120000034570694, 131.15200805664062, 83.66400146484375, 223.66400146484375], [175.50399780273438, 142.5760040283203, 223.66400146484375, 223.66400146484375], [0.1120000034570694, 22.288000106811523, 24.079999923706055, 161.6160125732422], [0.1120000034570694, 22.288000106811523, 20.720001220703125, 138.54400634765625], [102.0320053100586, 93.07200622558594, 126.44800567626953, 152.656005859375], [149.96800231933594, 100.68800354003906, 180.656005859375, 147.95201110839844], [183.12001037597656, 84.56000518798828, 202.83200073242188, 142.8000030517578], [213.13600158691406, 79.18400573730469, 223.66400146484375, 140.11199951171875]], 'labels': ['desk', 'desk', 'person', 'person', 'person', 'person', 'person', 'person']}}"
0324,"{'<DENSE_REGION_CAPTION>': {'bboxes': [[58.12800216674805, 4.368000030517578, 144.59201049804688, 111.21600341796875], [78.95999908447266, 145.26400756835938, 113.68000030517578, 223.66400146484375], [5.936000347137451, 155.79200744628906, 49.84000015258789, 223.66400146484375], [5.936000347137451, 192.97601318359375, 49.84000015258789, 223.66400146484375], [0.1120000034570694, 22.288000106811523, 21.392000198364258, 123.53600311279297], [149.07200622558594, 101.8080062866211, 179.9840087890625, 147.95201110839844], [133.8400115966797, 105.16800689697266, 152.656005859375, 160.49600219726562]], 'labels': ['whiteboard', 'chair', 'chair', 'chair', 'person', 'person', 'person']}}"
0325,"{'<DENSE_REGION_CAPTION>': {'bboxes': [[0.1120000034570694, 130.48001098632812, 83.66400146484375, 223.66400146484375], [175.72801208496094, 142.5760040283203, 223.66400146484375, 223.66400146484375], [0.1120000034570694, 22.288000106811523, 23.18400001525879, 161.16799926757812], [0.1120000034570694, 22.288000106811523, 22.064001083374023, 123.53600311279297], [145.93600463867188, 106.28800201416016, 178.63999938964844, 148.17601013183594], [133.8400115966797, 103.1520004272461, 154.0, 160.04800415039062], [102.2560043334961, 93.29600524902344, 118.60800170898438, 151.5360107421875]], 'labels': ['desk', 'desk', 'person', 'person', 'person', 'person', 'person']}}"
0326,"{'<DENSE_REGION_CAPTION>': {'bboxes': [[0.1120000034570694, 130.48001098632812, 83.66400146484375, 223.66400146484375], [175.50399780273438, 142.1280059814453, 223.66400146484375, 223.66400146484375], [0.1120000034570694, 21.61600112915039, 26.768001556396484, 162.0640106201172], [0.1120000034570694, 21.61600112915039, 21.392000198364258, 126.00000762939453], [143.0240020751953, 104.27200317382812, 178.63999938964844, 148.17601013183594], [102.7040023803711, 93.29600524902344, 124.8800048828125, 151.31201171875], [121.52000427246094, 125.3280029296875, 147.72801208496094, 171.2480010986328], [181.552001953125, 86.80000305175781, 201.26400756835938, 141.2320098876953]], 'labels': ['desk', 'desk', 'person', 'person', 'person', 'person', 'person', 'person']}}"
0327,"{'<DENSE_REGION_CAPTION>': {'bboxes': [[0.1120000034570694, 130.48001098632812, 83.66400146484375, 223.66400146484375], [175.50399780273438, 142.1280059814453, 223.66400146484375, 223.66400146484375], [0.1120000034570694, 22.96000099182129, 27.216001510620117, 161.6160125732422], [0.1120000034570694, 22.96000099182129, 20.272001266479492, 126.00000762939453], [144.81600952148438, 99.56800079345703, 179.31201171875, 149.29600524902344], [102.9280014038086, 93.29600524902344, 124.4320068359375, 151.5360107421875], [207.760009765625, 82.99200439453125, 223.66400146484375, 140.55999755859375], [181.552001953125, 99.79199981689453, 199.92001342773438, 142.8000030517578], [137.42401123046875, 102.9280014038086, 153.7760009765625, 149.07200622558594]], 'labels': ['desk', 'desk', 'person', 'person', 'person', 'person', 'person', 'person', 'person']}}"
0328,"{'<DENSE_REGION_CAPTION>': {'bboxes': [[0.1120000034570694, 130.48001098632812, 83.66400146484375, 223.66400146484375], [175.50399780273438, 142.1280059814453, 223.66400146484375, 223.66400146484375], [0.1120000034570694, 22.736000061035156, 22.512001037597656, 162.7360076904297], [133.39199829101562, 100.24000549316406, 180.2080078125, 157.13600158691406], [149.07200622558594, 100.24000549316406, 179.9840087890625, 148.17601013183594], [133.39199829101562, 101.13600158691406, 152.8800048828125, 156.91200256347656], [182.2239990234375, 101.36000061035156, 199.4720001220703, 142.5760040283203], [213.58399963378906, 96.43199920654297, 223.66400146484375, 140.55999755859375]], 'labels': ['desk', 'desk', 'person', 'person', 'person', 'person', 'person', 'person']}}"
0329,"{'<DENSE_REGION_CAPTION>': {'bboxes': [[0.1120000034570694, 130.48001098632812, 83.66400146484375, 223.66400146484375], [176.40000915527344, 142.3520050048828, 223.66400146484375, 223.66400146484375], [0.1120000034570694, 22.736000061035156, 27.216001510620117, 163.1840057373047], [131.60000610351562, 100.24000549316406, 179.9840087890625, 172.81600952148438], [0.1120000034570694, 22.736000061035156, 20.944000244140625, 127.56800079345703], [149.07200622558594, 100.24000549316406, 179.760009765625, 149.74400329589844], [78.95999908447266, 145.71200561523438, 113.68000030517578, 223.66400146484375], [5.936000347137451, 193.20001220703125, 49.84000015258789, 223.66400146484375], [5.936000347137451, 156.01600646972656, 18.70400047302246, 172.14401245117188]], 'labels': ['desk', 'desk', 'person', 'person', 'person', 'person', 'chair', 'chair', 'chair']}}"
0330,"{'<DENSE_REGION_CAPTION>': {'bboxes': [[0.1120000034570694, 130.48001098632812, 83.66400146484375, 223.66400146484375], [175.50399780273438, 142.1280059814453, 223.66400146484375, 223.66400146484375], [0.1120000034570694, 22.512001037597656, 23.631999969482422, 163.1840057373047], [0.1120000034570694, 22.512001037597656, 21.168001174926758, 127.34400177001953], [149.29600524902344, 99.79199981689453, 179.5360107421875, 147.72801208496094], [209.552001953125, 79.18400573730469, 223.66400146484375, 140.11199951171875]], 'labels': ['desk', 'desk', 'person', 'person', 'person', 'person']}}"
0331,"{'<DENSE_REGION_CAPTION>': {'bboxes': [[0.1120000034570694, 130.48001098632812, 83.66400146484375, 223.66400146484375], [175.50399780273438, 142.1280059814453, 223.66400146484375, 223.66400146484375], [0.1120000034570694, 22.736000061035156, 27.216001510620117, 163.1840057373047], [129.58399963378906, 99.34400177001953, 179.760009765625, 175.72801208496094], [0.1120000034570694, 22.736000061035156, 20.272001266479492, 126.00000762939453], [148.84800720214844, 99.34400177001953, 179.5360107421875, 147.72801208496094], [133.39199829101562, 103.3759994506836, 153.552001953125, 153.7760009765625], [212.68800354003906, 78.73600006103516, 223.66400146484375, 140.55999755859375], [181.10400390625, 100.68800354003906, 197.6800079345703, 142.1280059814453], [188.49600219726562, 89.93600463867188, 200.36801147460938, 117.71200561523438]], 'labels': ['desk', 'desk', 'person', 'person', 'person', 'person', 'person', 'person', 'person', 'person']}}"
0332,"{'<DENSE_REGION_CAPTION>': {'bboxes': [[0.1120000034570694, 130.48001098632812, 83.66400146484375, 223.66400146484375], [176.40000915527344, 142.1280059814453, 223.66400146484375, 223.66400146484375], [0.1120000034570694, 22.064001083374023, 23.631999969482422, 162.2880096435547], [147.95201110839844, 98.0, 178.41600036621094, 147.95201110839844], [63.50400161743164, 145.71200561523438, 113.90400695800781, 223.66400146484375], [6.384000301361084, 192.97601318359375, 50.064002990722656, 223.66400146484375], [5.936000347137451, 155.79200744628906, 18.928001403808594, 171.9199981689453]], 'labels': ['desk', 'desk', 'person', 'person', 'chair', 'chair', 'chair']}}"
0333,"{'<DENSE_REGION_CAPTION>': {'bboxes': [[0.1120000034570694, 130.48001098632812, 83.66400146484375, 223.66400146484375], [176.62400817871094, 142.1280059814453, 223.66400146484375, 223.66400146484375], [0.1120000034570694, 22.288000106811523, 27.216001510620117, 162.2880096435547], [129.58399963378906, 98.0, 179.5360107421875, 174.16000366210938], [0.1120000034570694, 22.288000106811523, 20.272001266479492, 127.56800079345703], [147.95201110839844, 98.0, 179.31201171875, 149.74400329589844], [129.58399963378906, 97.552001953125, 152.8800048828125, 151.08799743652344], [78.95999908447266, 182.89601135253906, 113.68000030517578, 223.66400146484375], [6.384000301361084, 193.20001220703125, 47.82400131225586, 223.66400146484375], [5.712000370025635, 156.01600646972656, 18.48000144958496, 172.14401245117188]], 'labels': ['desk', 'desk', 'person', 'person', 'person', 'person', 'person', 'chair', 'chair', 'chair']}}"
0334,"{'<DENSE_REGION_CAPTION>': {'bboxes': [[0.1120000034570694, 130.48001098632812, 83.66400146484375, 223.66400146484375], [175.50399780273438, 141.6800079345703, 223.66400146484375, 223.66400146484375], [0.1120000034570694, 22.288000106811523, 26.768001556396484, 163.1840057373047], [144.36801147460938, 96.8800048828125, 181.10400390625, 170.5760040283203], [144.81600952148438, 96.8800048828125, 177.96800231933594, 148.40000915527344], [129.58399963378906, 102.9280014038086, 154.0, 149.07200622558594], [210.67201232910156, 79.18400573730469, 223.66400146484375, 141.0080108642578]], 'labels': ['desk', 'desk', 'person', 'person', 'person', 'person', 'person']}}"
0335,"{'<DENSE_REGION_CAPTION>': {'bboxes': [[57.90400314331055, 0.1120000034570694, 144.59201049804688, 110.99200439453125], [63.28000259399414, 145.71200561523438, 114.35200500488281, 223.66400146484375], [5.936000347137451, 155.79200744628906, 48.944000244140625, 223.66400146484375], [78.95999908447266, 145.48800659179688, 114.35200500488281, 223.66400146484375], [6.160000324249268, 192.97601318359375, 48.944000244140625, 223.66400146484375], [5.936000347137451, 155.56800842285156, 18.70400047302246, 171.4720001220703]], 'labels': ['whiteboard', 'chair', 'chair', 'chair', 'chair', 'chair']}}"
0336,"{'<DENSE_REGION_CAPTION>': {'bboxes': [[0.1120000034570694, 130.48001098632812, 83.66400146484375, 223.66400146484375], [175.50399780273438, 142.1280059814453, 223.66400146484375, 223.66400146484375], [0.1120000034570694, 22.288000106811523, 27.216001510620117, 171.0240020751953], [0.1120000034570694, 22.288000106811523, 20.272001266479492, 171.0240020751953], [149.52000427246094, 95.76000213623047, 177.96800231933594, 149.96800231933594], [128.46400451660156, 104.27200317382812, 149.74400329589844, 172.14401245117188], [184.24000549316406, 97.3280029296875, 207.9840087890625, 143.0240020751953], [210.89601135253906, 83.44000244140625, 223.66400146484375, 141.6800079345703]], 'labels': ['desk', 'desk', 'person', 'person', 'person', 'person', 'person', 'person']}}"
0337,"{'<DENSE_REGION_CAPTION>': {'bboxes': [[0.1120000034570694, 130.48001098632812, 83.66400146484375, 223.66400146484375], [176.40000915527344, 142.1280059814453, 223.66400146484375, 223.66400146484375], [0.1120000034570694, 22.288000106811523, 27.216001510620117, 163.6320037841797], [0.1120000034570694, 22.288000106811523, 20.496000289916992, 129.58399963378906], [147.95201110839844, 103.82400512695312, 179.31201171875, 149.74400329589844], [127.56800079345703, 127.56800079345703, 146.60800170898438, 170.8000030517578]], 'labels': ['desk', 'desk', 'person', 'person', 'person', 'person']}}"
0338,"{'<DENSE_REGION_CAPTION>': {'bboxes': [[0.1120000034570694, 130.48001098632812, 83.66400146484375, 223.66400146484375], [176.40000915527344, 142.1280059814453, 223.66400146484375, 223.66400146484375], [0.1120000034570694, 22.512001037597656, 22.512001037597656, 163.1840057373047], [149.96800231933594, 103.82400512695312, 181.3280029296875, 149.74400329589844], [127.56800079345703, 123.31200408935547, 147.27999877929688, 170.8000030517578]], 'labels': ['desk', 'desk', 'person', 'person', 'person']}}"
0339,"{'<DENSE_REGION_CAPTION>': {'bboxes': [[0.1120000034570694, 130.48001098632812, 83.66400146484375, 223.66400146484375], [176.40000915527344, 142.3520050048828, 223.66400146484375, 223.66400146484375], [0.1120000034570694, 22.512001037597656, 27.216001510620117, 163.1840057373047], [0.1120000034570694, 22.512001037597656, 21.392000198364258, 128.68800354003906], [149.52000427246094, 99.56800079345703, 180.4320068359375, 149.07200622558594], [101.8080062866211, 93.52000427246094, 123.53600311279297, 151.5360107421875], [141.0080108642578, 100.46400451660156, 157.58399963378906, 147.95201110839844], [129.13600158691406, 114.35200500488281, 145.93600463867188, 155.34400939941406]], 'labels': ['desk', 'desk', 'person', 'person', 'person', 'person', 'person', 'person']}}"
0340,"{'<DENSE_REGION_CAPTION>': {'bboxes': [[0.1120000034570694, 130.48001098632812, 83.66400146484375, 223.66400146484375], [176.40000915527344, 142.1280059814453, 223.66400146484375, 223.66400146484375], [0.1120000034570694, 22.288000106811523, 24.079999923706055, 171.0240020751953], [0.1120000034570694, 22.288000106811523, 21.392000198364258, 128.24000549316406], [147.95201110839844, 101.36000061035156, 178.19200134277344, 148.40000915527344], [128.46400451660156, 106.96000671386719, 148.62400817871094, 171.0240020751953]], 'labels': ['desk', 'desk', 'person', 'person', 'person', 'person']}}"
0341,"{'<DENSE_REGION_CAPTION>': {'bboxes': [[0.1120000034570694, 130.48001098632812, 83.66400146484375, 223.66400146484375], [175.50399780273438, 142.1280059814453, 223.66400146484375, 223.66400146484375], [0.1120000034570694, 22.512001037597656, 27.216001510620117, 171.0240020751953], [0.1120000034570694, 22.512001037597656, 20.944000244140625, 128.46400451660156], [146.83200073242188, 101.36000061035156, 181.3280029296875, 149.74400329589844]], 'labels': ['desk', 'desk', 'person', 'person', 'person']}}"
0342,"{'<DENSE_REGION_CAPTION>': {'bboxes': [[0.1120000034570694, 130.48001098632812, 83.66400146484375, 223.66400146484375], [175.50399780273438, 142.1280059814453, 223.66400146484375, 223.66400146484375], [0.1120000034570694, 22.512001037597656, 22.064001083374023, 126.00000762939453], [145.93600463867188, 99.34400177001953, 182.2239990234375, 149.74400329589844], [63.28000259399414, 145.26400756835938, 113.90400695800781, 223.66400146484375], [5.488000392913818, 156.01600646972656, 49.16800308227539, 223.66400146484375], [6.384000301361084, 193.20001220703125, 49.16800308227539, 223.66400146484375], [5.936000347137451, 156.01600646972656, 18.70400047302246, 172.14401245117188]], 'labels': ['desk', 'desk', 'person', 'person', 'chair', 'chair', 'chair', 'chair']}}"
0343,"{'<DENSE_REGION_CAPTION>': {'bboxes': [[0.1120000034570694, 130.48001098632812, 83.66400146484375, 223.66400146484375], [176.40000915527344, 142.1280059814453, 223.66400146484375, 223.66400146484375], [63.05600357055664, 145.26400756835938, 114.12800598144531, 223.66400146484375], [5.488000392913818, 156.01600646972656, 49.16800308227539, 223.66400146484375], [0.1120000034570694, 21.84000015258789, 27.66400146484375, 161.6160125732422], [148.40000915527344, 102.4800033569336, 181.7760009765625, 149.74400329589844], [128.01600646972656, 92.8479995727539, 147.50399780273438, 142.5760040283203], [179.760009765625, 102.9280014038086, 201.71200561523438, 143.0240020751953], [210.89601135253906, 87.69599914550781, 223.66400146484375, 141.9040069580078], [141.9040069580078, 100.46400451660156, 156.46400451660156, 137.64801025390625], [188.27200317382812, 90.38400268554688, 201.26400756835938, 116.81600189208984]], 'labels': ['desk', 'desk', 'chair', 'chair', 'person', 'person', 'person', 'person', 'person', 'person', 'person']}}"
0344,"{'<DENSE_REGION_CAPTION>': {'bboxes': [[57.90400314331055, 0.1120000034570694, 144.59201049804688, 110.99200439453125], [63.28000259399414, 145.71200561523438, 114.35200500488281, 223.66400146484375], [5.936000347137451, 155.79200744628906, 49.39200210571289, 223.66400146484375], [78.95999908447266, 145.71200561523438, 114.12800598144531, 223.66400146484375], [6.160000324249268, 192.97601318359375, 49.39200210571289, 223.66400146484375], [147.05599975585938, 98.44800567626953, 181.7760009765625, 149.52000427246094], [179.9840087890625, 82.99200439453125, 203.27999877929688, 142.8000030517578], [130.03199768066406, 117.71200561523438, 149.29600524902344, 170.8000030517578], [212.01600646972656, 87.24800109863281, 223.66400146484375, 141.4560089111328]], 'labels': ['whiteboard', 'chair', 'chair', 'chair', 'chair', 'person', 'person', 'person', 'person']}}"
0345,"{'<DENSE_REGION_CAPTION>': {'bboxes': [[0.1120000034570694, 21.61600112915039, 48.720001220703125, 161.16799926757812], [147.95201110839844, 105.39200592041016, 181.3280029296875, 149.52000427246094], [183.56800842285156, 85.00800323486328, 203.05599975585938, 142.8000030517578], [130.03199768066406, 122.19200134277344, 148.17601013183594, 166.32000732421875], [212.24000549316406, 87.47200012207031, 223.66400146484375, 140.55999755859375]], 'labels': ['person', 'person', 'person', 'person', 'person']}}"
0346,"{'<DENSE_REGION_CAPTION>': {'bboxes': [[0.1120000034570694, 130.48001098632812, 83.66400146484375, 223.66400146484375], [176.84800720214844, 142.1280059814453, 223.66400146484375, 223.66400146484375], [0.1120000034570694, 22.064001083374023, 49.84000015258789, 162.0640106201172], [147.95201110839844, 104.94400024414062, 181.7760009765625, 149.29600524902344], [211.56800842285156, 87.69599914550781, 223.66400146484375, 141.0080108642578]], 'labels': ['desk', 'desk', 'person', 'person', 'person']}}"
0347,"{'<DENSE_REGION_CAPTION>': {'bboxes': [[0.1120000034570694, 130.48001098632812, 83.66400146484375, 223.66400146484375], [176.40000915527344, 142.3520050048828, 223.66400146484375, 223.66400146484375], [63.28000259399414, 145.48800659179688, 114.12800598144531, 223.66400146484375], [0.1120000034570694, 156.01600646972656, 49.39200210571289, 223.66400146484375], [0.1120000034570694, 22.512001037597656, 27.216001510620117, 162.7360076904297], [146.38400268554688, 103.82400512695312, 181.3280029296875, 168.7840118408203], [146.60800170898438, 104.04800415039062, 180.2080078125, 149.52000427246094], [132.27200317382812, 107.18400573730469, 150.19200134277344, 170.5760040283203]], 'labels': ['desk', 'desk', 'chair', 'chair', 'person', 'person', 'person', 'person']}}"
0348,"{'<DENSE_REGION_CAPTION>': {'bboxes': [[0.1120000034570694, 130.48001098632812, 83.66400146484375, 223.66400146484375], [176.40000915527344, 142.3520050048828, 223.66400146484375, 223.66400146484375], [78.95999908447266, 145.26400756835938, 114.12800598144531, 223.66400146484375], [5.039999961853027, 156.01600646972656, 49.39200210571289, 223.66400146484375], [0.1120000034570694, 22.736000061035156, 27.216001510620117, 161.6160125732422], [145.93600463867188, 106.06400299072266, 180.656005859375, 168.5600128173828], [183.12001037597656, 85.00800323486328, 206.19200134277344, 142.8000030517578], [204.62400817871094, 85.90399932861328, 223.66400146484375, 143.2480010986328]], 'labels': ['desk', 'desk', 'chair', 'chair', 'person', 'person', 'person', 'person']}}"
0349,"{'<DENSE_REGION_CAPTION>': {'bboxes': [[0.1120000034570694, 130.48001098632812, 83.66400146484375, 223.66400146484375], [176.40000915527344, 142.3520050048828, 223.66400146484375, 223.66400146484375], [78.95999908447266, 145.04000854492188, 113.90400695800781, 223.66400146484375], [5.263999938964844, 156.01600646972656, 49.39200210571289, 223.66400146484375], [0.1120000034570694, 22.736000061035156, 18.928001403808594, 127.56800079345703], [147.95201110839844, 106.06400299072266, 177.96800231933594, 149.29600524902344], [118.16000366210938, 116.14400482177734, 134.9600067138672, 166.09600830078125], [139.44000244140625, 101.13600158691406, 154.447998046875, 147.05599975585938], [212.46400451660156, 86.80000305175781, 223.66400146484375, 143.4720001220703]], 'labels': ['desk', 'desk', 'chair', 'chair', 'person', 'person', 'person', 'person', 'person']}}"
0350,"{'<DENSE_REGION_CAPTION>': {'bboxes': [[0.1120000034570694, 130.48001098632812, 83.66400146484375, 223.66400146484375], [176.62400817871094, 142.3520050048828, 223.66400146484375, 223.66400146484375], [63.05600357055664, 145.04000854492188, 113.90400695800781, 223.66400146484375], [0.1120000034570694, 156.01600646972656, 49.39200210571289, 223.66400146484375], [78.73600006103516, 145.04000854492188, 113.68000030517578, 223.66400146484375], [144.36801147460938, 146.38400268554688, 178.41600036621094, 206.41600036621094], [6.384000301361084, 193.20001220703125, 49.39200210571289, 223.66400146484375], [0.1120000034570694, 22.736000061035156, 20.272001266479492, 128.91200256347656], [147.50399780273438, 105.61600494384766, 178.19200134277344, 148.84800720214844], [130.03199768066406, 105.16800689697266, 148.17601013183594, 160.27200317382812], [118.16000366210938, 116.59200286865234, 134.2880096435547, 161.39199829101562], [212.01600646972656, 86.80000305175781, 223.66400146484375, 143.4720001220703]], 'labels': ['desk', 'desk', 'chair', 'chair', 'chair', 'chair', 'chair', 'person', 'person', 'person', 'person', 'person']}}"
0351,"{'<DENSE_REGION_CAPTION>': {'bboxes': [[0.1120000034570694, 130.48001098632812, 83.66400146484375, 223.66400146484375], [176.84800720214844, 142.3520050048828, 223.66400146484375, 223.66400146484375], [0.1120000034570694, 22.064001083374023, 23.631999969482422, 161.6160125732422], [0.1120000034570694, 22.064001083374023, 21.84000015258789, 125.552001953125], [147.95201110839844, 101.8080062866211, 178.86399841308594, 149.52000427246094], [101.8080062866211, 92.4000015258789, 121.07200622558594, 166.09600830078125], [130.03199768066406, 106.73600006103516, 149.52000427246094, 160.04800415039062], [117.48800659179688, 116.36800384521484, 134.9600067138672, 161.6160125732422]], 'labels': ['desk', 'desk', 'person', 'person', 'person', 'person', 'person', 'person']}}"
0352,"{'<DENSE_REGION_CAPTION>': {'bboxes': [[0.1120000034570694, 130.48001098632812, 83.66400146484375, 223.66400146484375], [176.40000915527344, 142.3520050048828, 223.66400146484375, 223.66400146484375], [0.1120000034570694, 22.736000061035156, 25.200000762939453, 165.64801025390625], [100.24000549316406, 93.29600524902344, 121.74400329589844, 165.64801025390625], [147.50399780273438, 105.39200592041016, 178.86399841308594, 148.40000915527344], [117.48800659179688, 114.35200500488281, 137.42401123046875, 162.7360076904297]], 'labels': ['desk', 'desk', 'person', 'person', 'person', 'person']}}"
0353,"{'<DENSE_REGION_CAPTION>': {'bboxes': [[0.1120000034570694, 130.48001098632812, 83.66400146484375, 223.66400146484375], [176.40000915527344, 142.1280059814453, 223.66400146484375, 223.66400146484375], [0.1120000034570694, 24.079999923706055, 24.97599983215332, 164.0800018310547], [144.81600952148438, 105.16800689697266, 179.760009765625, 149.74400329589844], [117.48800659179688, 114.35200500488281, 143.9199981689453, 164.5279998779297], [211.79200744628906, 83.66400146484375, 223.66400146484375, 143.2480010986328]], 'labels': ['desk', 'desk', 'person', 'person', 'person', 'person']}}"
0354,"{'<DENSE_REGION_CAPTION>': {'bboxes': [[0.1120000034570694, 130.48001098632812, 83.66400146484375, 223.66400146484375], [176.40000915527344, 142.1280059814453, 223.66400146484375, 223.66400146484375], [0.1120000034570694, 22.512001037597656, 27.216001510620117, 172.14401245117188], [138.09600830078125, 100.46400451660156, 177.96800231933594, 156.68800354003906], [117.48800659179688, 113.68000030517578, 140.55999755859375, 165.64801025390625]], 'labels': ['desk', 'desk', 'person', 'person', 'person']}}"
0355,"{'<DENSE_REGION_CAPTION>': {'bboxes': [[0.1120000034570694, 130.48001098632812, 83.66400146484375, 223.66400146484375], [175.50399780273438, 142.3520050048828, 223.66400146484375, 223.66400146484375], [63.28000259399414, 145.93600463867188, 113.90400695800781, 223.66400146484375], [141.9040069580078, 147.27999877929688, 178.41600036621094, 223.66400146484375], [5.936000347137451, 156.01600646972656, 48.944000244140625, 223.66400146484375], [78.95999908447266, 145.93600463867188, 113.68000030517578, 223.66400146484375], [6.160000324249268, 193.20001220703125, 48.944000244140625, 223.66400146484375], [0.1120000034570694, 23.18400001525879, 24.527999877929688, 138.99200439453125], [143.6959991455078, 106.96000671386719, 176.84800720214844, 151.31201171875], [184.24000549316406, 88.36800384521484, 205.07200622558594, 142.8000030517578], [100.46400451660156, 93.29600524902344, 119.5040054321289, 151.08799743652344], [117.48800659179688, 111.88800048828125, 134.5120086669922, 161.16799926757812]], 'labels': ['desk', 'desk', 'chair', 'chair', 'chair', 'chair', 'chair', 'person', 'person', 'person', 'person', 'person']}}"
0356,"{'<DENSE_REGION_CAPTION>': {'bboxes': [[0.1120000034570694, 131.15200805664062, 83.21600341796875, 223.66400146484375], [175.50399780273438, 142.5760040283203, 223.66400146484375, 223.66400146484375], [0.1120000034570694, 23.18400001525879, 26.768001556396484, 171.0240020751953], [78.95999908447266, 145.26400756835938, 114.12800598144531, 223.66400146484375], [142.5760040283203, 146.83200073242188, 177.96800231933594, 223.66400146484375], [6.384000301361084, 192.97601318359375, 48.720001220703125, 223.66400146484375]], 'labels': ['desk', 'desk', 'person', 'chair', 'chair', 'chair']}}"
0357,"{'<DENSE_REGION_CAPTION>': {'bboxes': [[0.1120000034570694, 131.15200805664062, 83.66400146484375, 223.66400146484375], [175.27999877929688, 142.5760040283203, 223.66400146484375, 223.66400146484375], [0.1120000034570694, 22.736000061035156, 26.768001556396484, 163.1840057373047], [140.55999755859375, 113.90400695800781, 180.8800048828125, 174.83200073242188], [101.36000061035156, 92.4000015258789, 121.07200622558594, 163.6320037841797], [117.48800659179688, 111.44000244140625, 135.6320037841797, 162.2880096435547], [153.10400390625, 102.7040023803711, 173.48800659179688, 146.16000366210938], [184.68800354003906, 86.35200500488281, 201.26400756835938, 130.70401000976562]], 'labels': ['desk', 'desk', 'person', 'person', 'person', 'person', 'person', 'person']}}"
0358,"{'<DENSE_REGION_CAPTION>': {'bboxes': [[0.1120000034570694, 130.92800903320312, 83.66400146484375, 223.66400146484375], [175.50399780273438, 142.3520050048828, 223.66400146484375, 223.66400146484375], [0.1120000034570694, 22.736000061035156, 26.768001556396484, 162.2880096435547], [100.91200256347656, 92.8479995727539, 121.74400329589844, 164.5279998779297], [183.56800842285156, 85.90399932861328, 203.05599975585938, 142.8000030517578], [154.447998046875, 106.73600006103516, 179.31201171875, 149.74400329589844], [118.16000366210938, 111.21600341796875, 134.2880096435547, 162.0640106201172]], 'labels': ['desk', 'desk', 'person', 'person', 'person', 'person', 'person']}}"
0359,"{'<DENSE_REGION_CAPTION>': {'bboxes': [[0.1120000034570694, 130.92800903320312, 83.66400146484375, 223.66400146484375], [175.50399780273438, 142.3520050048828, 223.66400146484375, 223.66400146484375], [0.1120000034570694, 22.736000061035156, 26.768001556396484, 162.5120086669922], [143.4720001220703, 139.21600341796875, 177.96800231933594, 211.12001037597656], [115.92000579833984, 111.66400146484375, 138.99200439453125, 164.5279998779297], [131.82400512695312, 106.96000671386719, 150.19200134277344, 158.70401000976562], [212.01600646972656, 83.66400146484375, 223.66400146484375, 143.4720001220703]], 'labels': ['desk', 'desk', 'person', 'person', 'person', 'person', 'person']}}"
0360,"{'<DENSE_REGION_CAPTION>': {'bboxes': [[0.1120000034570694, 130.92800903320312, 83.66400146484375, 223.66400146484375], [175.50399780273438, 142.3520050048828, 223.66400146484375, 223.66400146484375], [78.95999908447266, 145.71200561523438, 114.12800598144531, 223.66400146484375], [144.36801147460938, 146.16000366210938, 177.96800231933594, 206.41600036621094], [6.384000301361084, 193.20001220703125, 47.60000228881836, 223.66400146484375], [0.1120000034570694, 22.736000061035156, 25.200000762939453, 162.0640106201172], [143.9199981689453, 96.43199920654297, 179.9840087890625, 148.62400817871094], [101.8080062866211, 93.07200622558594, 122.19200134277344, 151.5360107421875], [117.48800659179688, 113.45600128173828, 139.88800048828125, 163.6320037841797], [179.5360107421875, 110.99200439453125, 203.72801208496094, 143.0240020751953], [212.01600646972656, 83.88800048828125, 223.66400146484375, 143.4720001220703]], 'labels': ['desk', 'desk', 'chair', 'chair', 'chair', 'person', 'person', 'person', 'person', 'person', 'person']}}"
0361,"{'<DENSE_REGION_CAPTION>': {'bboxes': [[0.1120000034570694, 131.15200805664062, 83.21600341796875, 223.66400146484375], [177.96800231933594, 142.5760040283203, 223.66400146484375, 223.66400146484375], [0.1120000034570694, 23.18400001525879, 26.768001556396484, 171.6959991455078], [143.9199981689453, 98.0, 180.2080078125, 150.19200134277344], [116.59200286865234, 113.45600128173828, 141.9040069580078, 164.5279998779297], [177.96800231933594, 110.76800537109375, 203.27999877929688, 143.2480010986328]], 'labels': ['desk', 'desk', 'person', 'person', 'person', 'person']}}"
0362,"{'<DENSE_REGION_CAPTION>': {'bboxes': [[0.1120000034570694, 22.96000099182129, 49.39200210571289, 162.7360076904297], [141.2320098876953, 99.79199981689453, 179.760009765625, 151.08799743652344], [117.48800659179688, 113.45600128173828, 141.9040069580078, 164.0800018310547], [178.19200134277344, 110.99200439453125, 203.72801208496094, 143.0240020751953], [212.01600646972656, 83.88800048828125, 223.66400146484375, 143.4720001220703]], 'labels': ['person', 'person', 'person', 'person', 'person']}}"
0363,"{'<DENSE_REGION_CAPTION>': {'bboxes': [[0.1120000034570694, 22.736000061035156, 50.96000289916992, 163.1840057373047], [144.36801147460938, 102.4800033569336, 180.656005859375, 150.63999938964844], [117.48800659179688, 113.45600128173828, 144.1439971923828, 163.1840057373047]], 'labels': ['person', 'person', 'person']}}"
0364,"{'<DENSE_REGION_CAPTION>': {'bboxes': [[58.12800216674805, 0.1120000034570694, 144.59201049804688, 110.54400634765625], [63.28000259399414, 145.71200561523438, 114.12800598144531, 223.66400146484375], [79.18400573730469, 145.71200561523438, 113.90400695800781, 223.66400146484375], [143.9199981689453, 145.93600463867188, 177.74400329589844, 205.52000427246094], [6.384000301361084, 192.7519989013672, 48.944000244140625, 223.66400146484375], [0.1120000034570694, 23.408000946044922, 26.768001556396484, 162.7360076904297], [136.9759979248047, 99.34400177001953, 180.2080078125, 151.760009765625], [101.8080062866211, 93.96800231933594, 121.29600524902344, 151.31201171875], [118.16000366210938, 112.56000518798828, 140.11199951171875, 162.5120086669922], [211.34400939941406, 97.10400390625, 223.66400146484375, 143.0240020751953], [184.01600646972656, 88.59200286865234, 201.04000854492188, 114.35200500488281], [210.2239990234375, 82.54400634765625, 222.54400634765625, 112.33600616455078]], 'labels': ['poster', 'chair', 'chair', 'chair', 'chair', 'person', 'person', 'person', 'person', 'person', 'person', 'person']}}"
0365,"{'<DENSE_REGION_CAPTION>': {'bboxes': [[0.1120000034570694, 130.48001098632812, 83.66400146484375, 223.66400146484375], [175.50399780273438, 142.3520050048828, 223.66400146484375, 223.66400146484375], [75.3759994506836, 15.568000793457031, 85.45600128173828, 49.84000015258789]], 'labels': ['desk', 'desk', 'flag']}}"
0366,"{'<DENSE_REGION_CAPTION>': {'bboxes': [[0.1120000034570694, 130.92800903320312, 83.66400146484375, 223.66400146484375], [176.40000915527344, 142.1280059814453, 223.66400146484375, 223.66400146484375], [0.1120000034570694, 23.408000946044922, 25.424001693725586, 161.8400115966797], [143.0240020751953, 95.76000213623047, 180.8800048828125, 150.63999938964844], [102.0320053100586, 93.29600524902344, 120.6240005493164, 151.08799743652344], [189.8400115966797, 110.99200439453125, 210.0, 143.0240020751953]], 'labels': ['desk', 'desk', 'person', 'person', 'person', 'person']}}"
0367,"{'<DENSE_REGION_CAPTION>': {'bboxes': [[0.1120000034570694, 130.92800903320312, 83.66400146484375, 223.66400146484375], [176.40000915527344, 142.3520050048828, 223.66400146484375, 223.66400146484375], [0.1120000034570694, 23.18400001525879, 25.200000762939453, 162.0640106201172], [143.2480010986328, 97.552001953125, 180.2080078125, 150.19200134277344], [101.8080062866211, 93.29600524902344, 121.74400329589844, 151.08799743652344], [118.16000366210938, 111.88800048828125, 134.5120086669922, 162.0640106201172], [210.89601135253906, 95.98400115966797, 223.66400146484375, 143.4720001220703]], 'labels': ['desk', 'desk', 'person', 'person', 'person', 'person', 'person']}}"
0368,"{'<DENSE_REGION_CAPTION>': {'bboxes': [[0.1120000034570694, 130.48001098632812, 83.66400146484375, 223.66400146484375], [176.84800720214844, 141.6800079345703, 223.66400146484375, 223.66400146484375], [0.1120000034570694, 22.736000061035156, 25.87200164794922, 162.0640106201172], [98.44800567626953, 93.74400329589844, 121.74400329589844, 151.31201171875], [117.48800659179688, 111.66400146484375, 135.8560028076172, 162.2880096435547], [210.2239990234375, 95.53600311279297, 223.66400146484375, 141.9040069580078]], 'labels': ['desk', 'desk', 'person', 'person', 'person', 'person']}}"
0369,"{'<DENSE_REGION_CAPTION>': {'bboxes': [[0.1120000034570694, 130.48001098632812, 83.66400146484375, 223.66400146484375], [176.40000915527344, 142.1280059814453, 223.66400146484375, 223.66400146484375], [0.1120000034570694, 22.736000061035156, 25.648000717163086, 162.0640106201172], [142.1280059814453, 99.34400177001953, 181.3280029296875, 151.31201171875], [101.13600158691406, 93.74400329589844, 121.74400329589844, 151.760009765625], [118.16000366210938, 112.33600616455078, 140.33599853515625, 163.6320037841797], [190.5120086669922, 98.44800567626953, 209.552001953125, 143.0240020751953], [210.44801330566406, 95.53600311279297, 223.66400146484375, 141.4560089111328], [178.41600036621094, 98.44800567626953, 193.20001220703125, 135.6320037841797]], 'labels': ['desk', 'desk', 'person', 'person', 'person', 'person', 'person', 'person', 'person']}}"
0370,"{'<DENSE_REGION_CAPTION>': {'bboxes': [[0.1120000034570694, 130.92800903320312, 83.66400146484375, 223.66400146484375], [176.40000915527344, 142.1280059814453, 223.66400146484375, 223.66400146484375], [0.1120000034570694, 22.736000061035156, 25.424001693725586, 162.0640106201172], [143.9199981689453, 102.0320053100586, 180.4320068359375, 150.41600036621094], [101.8080062866211, 93.96800231933594, 125.552001953125, 151.08799743652344], [118.16000366210938, 111.88800048828125, 134.2880096435547, 161.8400115966797], [210.2239990234375, 95.53600311279297, 223.66400146484375, 142.1280059814453], [178.41600036621094, 99.12000274658203, 194.09600830078125, 135.6320037841797]], 'labels': ['desk', 'desk', 'person', 'person', 'person', 'person', 'person', 'person']}}"
0371,"{'<DENSE_REGION_CAPTION>': {'bboxes': [[0.1120000034570694, 130.48001098632812, 83.66400146484375, 223.66400146484375], [178.41600036621094, 142.5760040283203, 223.66400146484375, 223.66400146484375], [0.1120000034570694, 22.064001083374023, 28.336000442504883, 170.8000030517578], [142.5760040283203, 99.12000274658203, 183.12001037597656, 150.86399841308594], [116.59200286865234, 111.44000244140625, 135.1840057373047, 162.2880096435547]], 'labels': ['desk', 'desk', 'person', 'person', 'person']}}"
0372,"{'<DENSE_REGION_CAPTION>': {'bboxes': [[0.1120000034570694, 130.48001098632812, 83.66400146484375, 223.66400146484375], [176.40000915527344, 142.1280059814453, 223.66400146484375, 223.66400146484375], [0.1120000034570694, 21.61600112915039, 26.768001556396484, 165.64801025390625], [143.2480010986328, 98.89600372314453, 180.2080078125, 150.63999938964844], [100.68800354003906, 93.29600524902344, 126.22400665283203, 151.31201171875], [111.44000244140625, 115.92000579833984, 130.25599670410156, 166.99200439453125], [208.8800048828125, 95.98400115966797, 223.66400146484375, 142.3520050048828]], 'labels': ['desk', 'desk', 'person', 'person', 'person', 'person', 'person']}}"
0373,"{'<DENSE_REGION_CAPTION>': {'bboxes': [[0.1120000034570694, 130.48001098632812, 83.66400146484375, 223.66400146484375], [175.72801208496094, 142.1280059814453, 223.66400146484375, 223.66400146484375], [0.1120000034570694, 22.512001037597656, 27.66400146484375, 164.5279998779297], [138.99200439453125, 94.86400604248047, 180.4320068359375, 150.63999938964844], [101.36000061035156, 93.74400329589844, 129.80799865722656, 166.76800537109375], [111.88800048828125, 116.36800384521484, 130.03199768066406, 166.54400634765625], [177.74400329589844, 98.0, 194.54400634765625, 136.7519989013672]], 'labels': ['desk', 'desk', 'person', 'person', 'person', 'person', 'person']}}"
0374,"{'<DENSE_REGION_CAPTION>': {'bboxes': [[0.1120000034570694, 130.48001098632812, 83.66400146484375, 223.66400146484375], [175.50399780273438, 142.1280059814453, 223.66400146484375, 223.66400146484375], [0.1120000034570694, 22.064001083374023, 27.66400146484375, 162.0640106201172], [143.6959991455078, 95.08800506591797, 180.8800048828125, 149.74400329589844], [102.2560043334961, 92.6240005493164, 126.22400665283203, 149.07200622558594], [192.0800018310547, 100.01600646972656, 211.34400939941406, 142.8000030517578], [178.19200134277344, 97.7760009765625, 194.54400634765625, 136.3040008544922]], 'labels': ['desk', 'desk', 'person', 'person', 'person', 'person', 'person']}}"
0375,"{'<DENSE_REGION_CAPTION>': {'bboxes': [[0.1120000034570694, 130.48001098632812, 83.66400146484375, 223.66400146484375], [175.50399780273438, 142.1280059814453, 223.66400146484375, 223.66400146484375], [0.1120000034570694, 22.064001083374023, 27.440000534057617, 163.1840057373047], [0.1120000034570694, 22.064001083374023, 18.48000144958496, 171.6959991455078], [147.95201110839844, 95.76000213623047, 180.656005859375, 149.52000427246094], [102.0320053100586, 93.07200622558594, 125.7760009765625, 150.63999938964844], [112.56000518798828, 115.92000579833984, 130.03199768066406, 167.21600341796875], [192.0800018310547, 102.2560043334961, 211.12001037597656, 142.8000030517578], [177.74400329589844, 98.0, 194.76800537109375, 142.3520050048828]], 'labels': ['desk', 'desk', 'person', 'person', 'person', 'person', 'person', 'person', 'person']}}"
0376,"{'<DENSE_REGION_CAPTION>': {'bboxes': [[0.1120000034570694, 130.92800903320312, 83.66400146484375, 223.66400146484375], [175.72801208496094, 142.1280059814453, 223.66400146484375, 223.66400146484375], [78.95999908447266, 145.26400756835938, 114.12800598144531, 223.66400146484375], [5.263999938964844, 155.79200744628906, 49.84000015258789, 223.66400146484375], [0.1120000034570694, 23.856000900268555, 24.304000854492188, 165.64801025390625], [142.8000030517578, 96.656005859375, 181.3280029296875, 150.63999938964844], [102.4800033569336, 93.07200622558594, 125.7760009765625, 162.2880096435547], [191.1840057373047, 97.3280029296875, 212.46400451660156, 142.8000030517578], [177.52000427246094, 97.552001953125, 193.87200927734375, 135.8560028076172]], 'labels': ['desk', 'desk', 'chair', 'chair', 'person', 'person', 'person', 'person', 'person']}}"
0377,"{'<DENSE_REGION_CAPTION>': {'bboxes': [[0.1120000034570694, 130.92800903320312, 83.66400146484375, 223.66400146484375], [176.40000915527344, 142.5760040283203, 223.66400146484375, 223.66400146484375], [78.95999908447266, 145.26400756835938, 114.12800598144531, 223.66400146484375], [5.488000392913818, 156.01600646972656, 49.16800308227539, 223.66400146484375], [0.1120000034570694, 24.97599983215332, 24.079999923706055, 162.0640106201172], [149.96800231933594, 95.76000213623047, 180.2080078125, 149.74400329589844], [132.27200317382812, 102.2560043334961, 154.89601135253906, 162.0640106201172], [101.8080062866211, 93.52000427246094, 125.10400390625, 150.63999938964844], [112.33600616455078, 117.04000091552734, 130.03199768066406, 166.99200439453125], [177.96800231933594, 97.7760009765625, 193.87200927734375, 136.5279998779297]], 'labels': ['desk', 'desk', 'chair', 'chair', 'person', 'person', 'person', 'person', 'person', 'person']}}"
0378,"{'<DENSE_REGION_CAPTION>': {'bboxes': [[0.1120000034570694, 130.48001098632812, 83.66400146484375, 223.66400146484375], [176.40000915527344, 142.1280059814453, 223.66400146484375, 223.66400146484375], [0.1120000034570694, 22.736000061035156, 30.576000213623047, 162.0640106201172], [143.9199981689453, 96.8800048828125, 180.656005859375, 150.19200134277344], [100.91200256347656, 93.52000427246094, 125.7760009765625, 159.82400512695312]], 'labels': ['desk', 'desk', 'person', 'person', 'person']}}"
0379,"{'<DENSE_REGION_CAPTION>': {'bboxes': [[0.1120000034570694, 130.92800903320312, 83.66400146484375, 223.66400146484375], [176.40000915527344, 142.3520050048828, 223.66400146484375, 223.66400146484375], [0.1120000034570694, 21.61600112915039, 30.576000213623047, 161.6160125732422], [149.07200622558594, 96.20800018310547, 181.10400390625, 149.74400329589844], [101.8080062866211, 93.74400329589844, 125.552001953125, 150.63999938964844]], 'labels': ['desk', 'desk', 'person', 'person', 'person']}}"
0380,"{'<DENSE_REGION_CAPTION>': {'bboxes': [[0.1120000034570694, 130.92800903320312, 83.66400146484375, 223.66400146484375], [175.72801208496094, 142.1280059814453, 223.66400146484375, 223.66400146484375], [78.95999908447266, 145.71200561523438, 114.35200500488281, 223.66400146484375], [5.263999938964844, 155.79200744628906, 49.39200210571289, 223.66400146484375], [0.1120000034570694, 21.84000015258789, 27.66400146484375, 164.5279998779297], [143.9199981689453, 96.43199920654297, 180.656005859375, 150.19200134277344], [100.24000549316406, 93.74400329589844, 125.7760009765625, 166.54400634765625], [191.4080047607422, 98.22400665283203, 210.44801330566406, 142.8000030517578], [177.96800231933594, 97.3280029296875, 194.76800537109375, 142.3520050048828], [211.34400939941406, 97.3280029296875, 223.66400146484375, 142.1280059814453]], 'labels': ['desk', 'desk', 'chair', 'chair', 'person', 'person', 'person', 'person', 'person', 'person']}}"
0381,"{'<DENSE_REGION_CAPTION>': {'bboxes': [[0.1120000034570694, 130.92800903320312, 83.66400146484375, 223.66400146484375], [175.72801208496094, 142.3520050048828, 223.66400146484375, 223.66400146484375], [78.95999908447266, 145.93600463867188, 114.12800598144531, 223.66400146484375], [5.039999961853027, 156.01600646972656, 49.39200210571289, 223.66400146484375], [0.1120000034570694, 22.064001083374023, 37.29600143432617, 162.7360076904297], [149.96800231933594, 96.20800018310547, 180.2080078125, 149.52000427246094], [100.01600646972656, 93.96800231933594, 121.07200622558594, 149.07200622558594], [138.09600830078125, 102.9280014038086, 153.7760009765625, 158.70401000976562], [208.4320068359375, 97.10400390625, 223.66400146484375, 142.8000030517578], [178.19200134277344, 97.7760009765625, 194.09600830078125, 136.7519989013672]], 'labels': ['desk', 'desk', 'chair', 'chair', 'person', 'person', 'person', 'person', 'person', 'person']}}"
0382,"{'<DENSE_REGION_CAPTION>': {'bboxes': [[0.1120000034570694, 130.48001098632812, 83.66400146484375, 223.66400146484375], [175.72801208496094, 142.1280059814453, 223.66400146484375, 223.66400146484375], [0.1120000034570694, 22.064001083374023, 38.8640022277832, 171.0240020751953], [138.99200439453125, 96.43199920654297, 180.8800048828125, 170.1280059814453], [101.8080062866211, 93.74400329589844, 132.72000122070312, 161.6160125732422], [112.56000518798828, 116.36800384521484, 132.94400024414062, 161.8400115966797], [192.0800018310547, 98.67200469970703, 209.552001953125, 143.0240020751953], [177.96800231933594, 98.44800567626953, 194.32000732421875, 142.5760040283203], [209.3280029296875, 98.0, 223.66400146484375, 142.8000030517578]], 'labels': ['desk', 'desk', 'person', 'person', 'person', 'person', 'person', 'person', 'person']}}"
0383,"{'<DENSE_REGION_CAPTION>': {'bboxes': [[58.12800216674805, 5.039999961853027, 144.81600952148438, 110.76800537109375], [78.95999908447266, 145.26400756835938, 114.35200500488281, 223.66400146484375], [5.712000370025635, 156.01600646972656, 49.84000015258789, 223.66400146484375], [0.1120000034570694, 22.064001083374023, 27.216001510620117, 162.7360076904297], [138.99200439453125, 95.98400115966797, 181.10400390625, 168.5600128173828], [101.36000061035156, 93.74400329589844, 119.2800064086914, 158.25601196289062], [116.59200286865234, 110.76800537109375, 132.49600219726562, 162.0640106201172], [208.8800048828125, 98.22400665283203, 223.66400146484375, 143.0240020751953]], 'labels': ['whiteboard', 'chair', 'chair', 'person', 'person', 'person', 'person', 'person']}}"
0384,"{'<DENSE_REGION_CAPTION>': {'bboxes': [[0.1120000034570694, 130.48001098632812, 83.66400146484375, 223.66400146484375], [175.72801208496094, 142.1280059814453, 223.66400146484375, 223.66400146484375], [0.1120000034570694, 22.064001083374023, 27.66400146484375, 164.5279998779297], [141.0080108642578, 95.98400115966797, 180.8800048828125, 167.88800048828125], [100.91200256347656, 93.74400329589844, 119.7280044555664, 158.03199768066406], [115.47200012207031, 111.21600341796875, 132.94400024414062, 162.7360076904297]], 'labels': ['desk', 'desk', 'person', 'person', 'person', 'person']}}"
0385,"{'<DENSE_REGION_CAPTION>': {'bboxes': [[0.1120000034570694, 130.48001098632812, 83.66400146484375, 223.66400146484375], [175.72801208496094, 142.1280059814453, 223.66400146484375, 223.66400146484375], [0.1120000034570694, 22.288000106811523, 27.216001510620117, 162.5120086669922], [142.3520050048828, 97.7760009765625, 181.10400390625, 167.88800048828125], [142.8000030517578, 97.7760009765625, 178.41600036621094, 150.19200134277344], [101.13600158691406, 93.52000427246094, 120.4000015258789, 150.63999938964844], [115.92000579833984, 113.90400695800781, 132.49600219726562, 161.6160125732422]], 'labels': ['desk', 'desk', 'person', 'person', 'person', 'person', 'person']}}"
0386,"{'<DENSE_REGION_CAPTION>': {'bboxes': [[0.1120000034570694, 131.15200805664062, 82.76800537109375, 223.66400146484375], [175.72801208496094, 142.3520050048828, 223.66400146484375, 223.66400146484375], [78.95999908447266, 145.26400756835938, 114.12800598144531, 223.66400146484375], [5.712000370025635, 156.01600646972656, 49.84000015258789, 223.66400146484375], [6.384000301361084, 193.42401123046875, 49.84000015258789, 223.66400146484375], [0.1120000034570694, 23.18400001525879, 26.768001556396484, 163.6320037841797], [142.8000030517578, 111.44000244140625, 178.86399841308594, 150.19200134277344], [102.0320053100586, 93.96800231933594, 120.4000015258789, 157.58399963378906], [178.41600036621094, 98.67200469970703, 201.26400756835938, 143.0240020751953], [116.59200286865234, 117.04000091552734, 132.49600219726562, 162.5120086669922], [155.79200744628906, 98.67200469970703, 173.71200561523438, 124.8800048828125]], 'labels': ['desk', 'desk', 'chair', 'chair', 'chair', 'person', 'person', 'person', 'person', 'person', 'person']}}"
0387,"{'<DENSE_REGION_CAPTION>': {'bboxes': [[0.1120000034570694, 130.92800903320312, 82.76800537109375, 223.66400146484375], [175.72801208496094, 142.3520050048828, 223.66400146484375, 223.66400146484375], [0.1120000034570694, 22.96000099182129, 26.32000160217285, 171.4720001220703], [142.1280059814453, 99.34400177001953, 179.31201171875, 149.74400329589844], [101.13600158691406, 94.19200134277344, 128.01600646972656, 158.25601196289062], [114.35200500488281, 108.08000183105469, 132.72000122070312, 161.8400115966797], [178.41600036621094, 97.552001953125, 194.99200439453125, 142.5760040283203]], 'labels': ['desk', 'desk', 'person', 'person', 'person', 'person', 'person']}}"
0388,"{'<DENSE_REGION_CAPTION>': {'bboxes': [[0.1120000034570694, 130.92800903320312, 82.76800537109375, 223.66400146484375], [176.62400817871094, 142.5760040283203, 223.66400146484375, 223.66400146484375], [0.1120000034570694, 22.736000061035156, 25.87200164794922, 161.6160125732422], [141.2320098876953, 99.34400177001953, 179.760009765625, 152.2080078125], [100.46400451660156, 93.29600524902344, 130.70401000976562, 157.58399963378906], [100.46400451660156, 93.29600524902344, 120.84800720214844, 157.13600158691406], [113.90400695800781, 109.20000457763672, 133.39199829101562, 162.0640106201172], [192.0800018310547, 100.01600646972656, 210.0, 143.0240020751953], [178.41600036621094, 97.7760009765625, 194.32000732421875, 136.5279998779297]], 'labels': ['desk', 'desk', 'person', 'person', 'person', 'person', 'person', 'person', 'person']}}"
0389,"{'<DENSE_REGION_CAPTION>': {'bboxes': [[0.1120000034570694, 130.48001098632812, 83.21600341796875, 223.66400146484375], [176.84800720214844, 142.3520050048828, 223.66400146484375, 223.66400146484375], [0.1120000034570694, 22.736000061035156, 25.87200164794922, 162.7360076904297], [139.44000244140625, 106.06400299072266, 180.656005859375, 170.5760040283203], [143.9199981689453, 106.06400299072266, 179.9840087890625, 150.19200134277344], [116.36800384521484, 113.90400695800781, 133.61599731445312, 162.2880096435547], [178.41600036621094, 98.0, 194.32000732421875, 136.5279998779297]], 'labels': ['desk', 'desk', 'person', 'person', 'person', 'person', 'person']}}"
0390,"{'<DENSE_REGION_CAPTION>': {'bboxes': [[0.1120000034570694, 130.48001098632812, 83.21600341796875, 223.66400146484375], [176.40000915527344, 142.3520050048828, 223.66400146484375, 223.66400146484375], [0.1120000034570694, 22.736000061035156, 25.87200164794922, 162.7360076904297], [78.95999908447266, 145.26400756835938, 114.35200500488281, 223.66400146484375], [5.936000347137451, 156.01600646972656, 49.84000015258789, 223.66400146484375], [6.384000301361084, 193.20001220703125, 49.84000015258789, 223.66400146484375], [147.50399780273438, 107.63200378417969, 178.86399841308594, 149.07200622558594], [116.59200286865234, 113.90400695800781, 134.0640106201172, 162.2880096435547]], 'labels': ['desk', 'desk', 'person', 'chair', 'chair', 'chair', 'person', 'person']}}"
0391,"{'<DENSE_REGION_CAPTION>': {'bboxes': [[0.1120000034570694, 130.48001098632812, 83.21600341796875, 223.66400146484375], [176.40000915527344, 142.1280059814453, 223.66400146484375, 223.66400146484375], [0.1120000034570694, 22.288000106811523, 26.768001556396484, 163.1840057373047], [149.07200622558594, 98.0, 178.63999938964844, 149.07200622558594], [102.4800033569336, 94.19200134277344, 121.96800231933594, 151.08799743652344], [116.59200286865234, 113.45600128173828, 134.0640106201172, 162.7360076904297]], 'labels': ['desk', 'desk', 'person', 'person', 'person', 'person']}}"
0392,"{'<DENSE_REGION_CAPTION>': {'bboxes': [[0.1120000034570694, 131.15200805664062, 82.76800537109375, 223.66400146484375], [176.40000915527344, 142.5760040283203, 223.66400146484375, 223.66400146484375], [0.1120000034570694, 22.512001037597656, 25.87200164794922, 163.1840057373047], [151.08799743652344, 98.0, 179.31201171875, 149.07200622558594], [101.8080062866211, 93.29600524902344, 121.07200622558594, 158.92800903320312], [135.4080047607422, 105.61600494384766, 154.447998046875, 159.82400512695312], [117.04000091552734, 113.45600128173828, 133.8400115966797, 162.7360076904297], [178.41600036621094, 97.10400390625, 195.44000244140625, 142.5760040283203], [210.44801330566406, 97.10400390625, 223.66400146484375, 141.9040069580078]], 'labels': ['desk', 'desk', 'person', 'person', 'person', 'person', 'person', 'person', 'person']}}"
0393,"{'<DENSE_REGION_CAPTION>': {'bboxes': [[0.1120000034570694, 131.15200805664062, 82.76800537109375, 223.66400146484375], [176.40000915527344, 142.3520050048828, 223.66400146484375, 223.66400146484375], [0.1120000034570694, 22.064001083374023, 27.66400146484375, 161.16799926757812], [149.52000427246094, 97.7760009765625, 178.86399841308594, 148.62400817871094], [116.59200286865234, 113.00800323486328, 133.8400115966797, 162.7360076904297]], 'labels': ['desk', 'desk', 'person', 'person', 'person']}}"
0394,"{'<DENSE_REGION_CAPTION>': {'bboxes': [[0.1120000034570694, 130.48001098632812, 82.76800537109375, 223.66400146484375], [175.72801208496094, 142.1280059814453, 223.66400146484375, 223.66400146484375], [0.1120000034570694, 23.631999969482422, 27.66400146484375, 161.16799926757812], [149.52000427246094, 98.22400665283203, 179.31201171875, 149.07200622558594], [101.8080062866211, 94.19200134277344, 121.52000427246094, 158.92800903320312], [115.92000579833984, 113.90400695800781, 135.4080047607422, 163.4080047607422], [211.56800842285156, 98.44800567626953, 223.66400146484375, 139.88800048828125]], 'labels': ['desk', 'desk', 'person', 'person', 'person', 'person', 'person']}}"
0395,"{'<DENSE_REGION_CAPTION>': {'bboxes': [[0.1120000034570694, 130.48001098632812, 83.66400146484375, 223.66400146484375], [176.40000915527344, 142.1280059814453, 223.66400146484375, 223.66400146484375], [0.1120000034570694, 22.288000106811523, 28.784000396728516, 161.16799926757812], [149.07200622558594, 98.44800567626953, 179.760009765625, 149.07200622558594], [101.13600158691406, 93.52000427246094, 120.6240005493164, 158.92800903320312], [115.92000579833984, 112.56000518798828, 134.7360076904297, 163.1840057373047]], 'labels': ['desk', 'desk', 'person', 'person', 'person', 'person']}}"
0396,"{'<DENSE_REGION_CAPTION>': {'bboxes': [[58.12800216674805, 0.1120000034570694, 144.59201049804688, 110.76800537109375], [63.28000259399414, 145.04000854492188, 114.12800598144531, 223.66400146484375], [5.936000347137451, 156.01600646972656, 49.84000015258789, 223.66400146484375], [78.95999908447266, 145.04000854492188, 113.90400695800781, 223.66400146484375], [6.384000301361084, 193.20001220703125, 49.84000015258789, 223.66400146484375], [0.1120000034570694, 22.512001037597656, 29.00800132751465, 161.6160125732422], [102.2560043334961, 93.52000427246094, 121.29600524902344, 151.5360107421875], [150.63999938964844, 111.44000244140625, 179.0880126953125, 148.62400817871094], [117.26399993896484, 116.14400482177734, 134.2880096435547, 162.5120086669922], [211.34400939941406, 86.57600402832031, 223.66400146484375, 139.88800048828125], [179.0880126953125, 108.08000183105469, 194.76800537109375, 137.1999969482422]], 'labels': ['whiteboard', 'chair', 'chair', 'chair', 'chair', 'person', 'person', 'person', 'person', 'person', 'person']}}"
0397,"{'<DENSE_REGION_CAPTION>': {'bboxes': [[0.1120000034570694, 131.15200805664062, 83.21600341796875, 223.66400146484375], [176.40000915527344, 142.3520050048828, 223.66400146484375, 223.66400146484375], [0.1120000034570694, 22.512001037597656, 37.74399948120117, 162.0640106201172], [0.1120000034570694, 22.512001037597656, 27.216001510620117, 161.6160125732422], [100.91200256347656, 95.08800506591797, 123.53600311279297, 163.1840057373047], [149.52000427246094, 102.2560043334961, 179.5360107421875, 149.29600524902344], [117.04000091552734, 116.81600189208984, 132.94400024414062, 162.5120086669922]], 'labels': ['desk', 'desk', 'person', 'person', 'person', 'person', 'person']}}"
0398,"{'<DENSE_REGION_CAPTION>': {'bboxes': [[58.12800216674805, 5.039999961853027, 144.81600952148438, 110.76800537109375], [63.28000259399414, 145.48800659179688, 114.12800598144531, 223.66400146484375], [78.95999908447266, 145.48800659179688, 113.90400695800781, 223.66400146484375], [5.712000370025635, 156.01600646972656, 49.84000015258789, 223.66400146484375], [6.160000324249268, 193.20001220703125, 49.84000015258789, 223.66400146484375], [0.1120000034570694, 22.512001037597656, 27.88800048828125, 161.6160125732422], [146.38400268554688, 100.01600646972656, 179.31201171875, 149.07200622558594], [117.04000091552734, 111.88800048828125, 134.0640106201172, 162.5120086669922], [210.89601135253906, 87.47200012207031, 223.66400146484375, 139.88800048828125]], 'labels': ['whiteboard', 'chair', 'chair', 'chair', 'chair', 'person', 'person', 'person', 'person']}}"
0399,"{'<DENSE_REGION_CAPTION>': {'bboxes': [[58.12800216674805, 5.039999961853027, 144.81600952148438, 110.54400634765625], [63.28000259399414, 145.04000854492188, 114.12800598144531, 223.66400146484375], [78.95999908447266, 145.04000854492188, 113.90400695800781, 223.66400146484375], [5.936000347137451, 155.56800842285156, 49.84000015258789, 223.66400146484375], [6.384000301361084, 192.7519989013672, 49.84000015258789, 223.66400146484375], [0.1120000034570694, 22.512001037597656, 27.66400146484375, 162.7360076904297], [147.50399780273438, 102.2560043334961, 179.0880126953125, 148.62400817871094], [102.0320053100586, 98.89600372314453, 124.656005859375, 151.5360107421875], [117.04000091552734, 112.33600616455078, 134.2880096435547, 162.0640106201172], [190.5120086669922, 102.2560043334961, 207.0880126953125, 142.3520050048828], [211.34400939941406, 96.656005859375, 223.66400146484375, 140.11199951171875]], 'labels': ['whiteboard', 'chair', 'chair', 'chair', 'chair', 'person', 'person', 'person', 'person', 'person', 'person']}}"
0400,"{'<DENSE_REGION_CAPTION>': {'bboxes': [[0.1120000034570694, 131.15200805664062, 83.21600341796875, 223.66400146484375], [175.72801208496094, 142.3520050048828, 223.66400146484375, 223.66400146484375], [0.1120000034570694, 22.064001083374023, 27.216001510620117, 163.6320037841797], [149.52000427246094, 98.89600372314453, 179.760009765625, 149.07200622558594], [134.9600067138672, 97.7760009765625, 154.0, 161.8400115966797], [116.81600189208984, 112.33600616455078, 133.8400115966797, 162.2880096435547]], 'labels': ['desk', 'desk', 'person', 'person', 'person', 'person']}}"
0401,"{'<DENSE_REGION_CAPTION>': {'bboxes': [[0.1120000034570694, 131.15200805664062, 83.21600341796875, 223.66400146484375], [176.40000915527344, 142.5760040283203, 223.66400146484375, 223.66400146484375], [0.1120000034570694, 21.84000015258789, 27.88800048828125, 164.5279998779297], [149.96800231933594, 98.89600372314453, 179.760009765625, 149.52000427246094], [206.63999938964844, 72.01599884033203, 223.66400146484375, 140.33599853515625], [116.59200286865234, 111.88800048828125, 133.16799926757812, 162.2880096435547]], 'labels': ['desk', 'desk', 'person', 'person', 'person', 'person']}}"
0402,"{'<DENSE_REGION_CAPTION>': {'bboxes': [[0.1120000034570694, 131.15200805664062, 83.21600341796875, 223.66400146484375], [175.72801208496094, 142.1280059814453, 223.66400146484375, 223.66400146484375], [0.1120000034570694, 21.61600112915039, 27.216001510620117, 163.1840057373047], [147.95201110839844, 99.34400177001953, 179.5360107421875, 149.74400329589844], [206.63999938964844, 72.01599884033203, 223.66400146484375, 140.33599853515625], [116.81600189208984, 111.66400146484375, 133.16799926757812, 162.0640106201172]], 'labels': ['desk', 'desk', 'person', 'person', 'person', 'person']}}"
0403,"{'<DENSE_REGION_CAPTION>': {'bboxes': [[0.1120000034570694, 131.15200805664062, 83.21600341796875, 223.66400146484375], [175.50399780273438, 142.3520050048828, 223.66400146484375, 223.66400146484375], [0.1120000034570694, 22.064001083374023, 27.66400146484375, 163.1840057373047], [141.9040069580078, 100.01600646972656, 178.86399841308594, 151.08799743652344], [205.74400329589844, 72.01599884033203, 223.66400146484375, 140.33599853515625], [116.59200286865234, 111.44000244140625, 132.94400024414062, 162.0640106201172]], 'labels': ['desk', 'desk', 'person', 'person', 'person', 'person']}}"
0404,"{'<DENSE_REGION_CAPTION>': {'bboxes': [[0.1120000034570694, 131.15200805664062, 83.21600341796875, 223.66400146484375], [175.50399780273438, 142.3520050048828, 223.66400146484375, 223.66400146484375], [0.1120000034570694, 22.288000106811523, 28.336000442504883, 162.5120086669922], [142.1280059814453, 97.3280029296875, 178.86399841308594, 149.52000427246094], [206.63999938964844, 72.01599884033203, 223.66400146484375, 140.33599853515625], [117.04000091552734, 111.44000244140625, 132.72000122070312, 162.0640106201172]], 'labels': ['desk', 'desk', 'person', 'person', 'person', 'person']}}"
0405,"{'<DENSE_REGION_CAPTION>': {'bboxes': [[0.1120000034570694, 131.15200805664062, 83.21600341796875, 223.66400146484375], [175.72801208496094, 142.3520050048828, 223.66400146484375, 223.66400146484375], [0.1120000034570694, 22.064001083374023, 27.66400146484375, 162.7360076904297], [143.9199981689453, 96.8800048828125, 179.760009765625, 149.52000427246094], [206.19200134277344, 97.7760009765625, 223.66400146484375, 140.11199951171875], [117.04000091552734, 111.88800048828125, 132.72000122070312, 161.8400115966797]], 'labels': ['desk', 'desk', 'person', 'person', 'person', 'person']}}"
0406,"{'<DENSE_REGION_CAPTION>': {'bboxes': [[58.12800216674805, 0.1120000034570694, 144.59201049804688, 110.76800537109375], [63.28000259399414, 145.71200561523438, 114.35200500488281, 223.66400146484375], [78.73600006103516, 145.71200561523438, 114.12800598144531, 223.66400146484375], [5.936000347137451, 156.01600646972656, 48.496002197265625, 223.66400146484375], [6.384000301361084, 193.20001220703125, 48.496002197265625, 223.66400146484375], [24.75200080871582, 129.36000061035156, 35.72800064086914, 149.07200622558594], [6.160000324249268, 155.79200744628906, 18.70400047302246, 171.6959991455078]], 'labels': ['whiteboard', 'chair', 'chair', 'chair', 'chair', 'chair', 'chair']}}"
0407,"{'<DENSE_REGION_CAPTION>': {'bboxes': [[58.12800216674805, 0.1120000034570694, 144.59201049804688, 110.76800537109375], [0.1120000034570694, 22.736000061035156, 30.80000114440918, 160.72000122070312], [142.1280059814453, 99.56800079345703, 182.0, 149.52000427246094], [206.63999938964844, 96.656005859375, 223.66400146484375, 140.33599853515625], [117.04000091552734, 116.36800384521484, 132.72000122070312, 158.92800903320312]], 'labels': ['whiteboard', 'person', 'person', 'person', 'person']}}"
0408,"{'<DENSE_REGION_CAPTION>': {'bboxes': [[0.1120000034570694, 131.15200805664062, 83.21600341796875, 223.66400146484375], [176.40000915527344, 142.3520050048828, 223.66400146484375, 223.66400146484375], [0.1120000034570694, 23.408000946044922, 39.76000213623047, 160.72000122070312], [0.1120000034570694, 23.408000946044922, 25.87200164794922, 160.72000122070312], [147.50399780273438, 100.01600646972656, 180.2080078125, 149.74400329589844], [116.81600189208984, 116.36800384521484, 133.16799926757812, 161.8400115966797]], 'labels': ['desk', 'desk', 'person', 'person', 'person', 'person']}}"
0409,"{'<DENSE_REGION_CAPTION>': {'bboxes': [[58.12800216674805, 4.815999984741211, 144.81600952148438, 110.99200439453125], [78.95999908447266, 145.26400756835938, 114.35200500488281, 223.66400146484375], [6.160000324249268, 193.20001220703125, 47.82400131225586, 223.66400146484375], [0.1120000034570694, 23.631999969482422, 28.560001373291016, 161.6160125732422], [144.36801147460938, 101.8080062866211, 180.2080078125, 149.29600524902344], [116.81600189208984, 116.36800384521484, 132.94400024414062, 158.92800903320312]], 'labels': ['whiteboard', 'chair', 'chair', 'person', 'person', 'person']}}"
0410,"{'<DENSE_REGION_CAPTION>': {'bboxes': [[58.12800216674805, 5.039999961853027, 144.59201049804688, 110.99200439453125], [63.28000259399414, 145.26400756835938, 114.35200500488281, 223.66400146484375], [5.488000392913818, 156.01600646972656, 48.944000244140625, 223.66400146484375], [78.95999908447266, 145.26400756835938, 114.12800598144531, 223.66400146484375], [6.160000324249268, 193.20001220703125, 48.944000244140625, 223.66400146484375], [0.1120000034570694, 22.288000106811523, 28.336000442504883, 161.6160125732422], [145.93600463867188, 100.01600646972656, 180.2080078125, 149.52000427246094], [206.864013671875, 93.07200622558594, 223.66400146484375, 140.33599853515625], [117.04000091552734, 111.44000244140625, 132.72000122070312, 161.6160125732422], [189.8400115966797, 96.43199920654297, 205.96800231933594, 142.8000030517578], [177.74400329589844, 98.89600372314453, 194.09600830078125, 136.7519989013672]], 'labels': ['whiteboard', 'chair', 'chair', 'chair', 'chair', 'person', 'person', 'person', 'person', 'person', 'person']}}"
0411,"{'<DENSE_REGION_CAPTION>': {'bboxes': [[58.12800216674805, 4.815999984741211, 144.81600952148438, 110.99200439453125], [63.28000259399414, 145.71200561523438, 114.35200500488281, 223.66400146484375], [78.73600006103516, 145.71200561523438, 114.12800598144531, 223.66400146484375], [5.263999938964844, 156.01600646972656, 48.496002197265625, 223.66400146484375], [144.36801147460938, 146.16000366210938, 177.96800231933594, 206.41600036621094], [5.936000347137451, 193.20001220703125, 48.496002197265625, 223.66400146484375], [0.1120000034570694, 22.064001083374023, 28.560001373291016, 161.16799926757812], [145.93600463867188, 99.79199981689453, 180.656005859375, 149.74400329589844], [101.13600158691406, 92.8479995727539, 121.29600524902344, 151.08799743652344], [206.63999938964844, 94.19200134277344, 223.66400146484375, 140.33599853515625], [117.26399993896484, 111.44000244140625, 132.94400024414062, 159.37600708007812], [189.6160125732422, 102.2560043334961, 205.74400329589844, 143.0240020751953], [177.96800231933594, 99.34400177001953, 193.87200927734375, 136.5279998779297], [106.28800201416016, 92.8479995727539, 121.07200622558594, 127.56800079345703]], 'labels': ['whiteboard', 'chair', 'chair', 'chair', 'chair', 'chair', 'person', 'person', 'person', 'person', 'person', 'person', 'person', 'person']}}"
0412,"{'<DENSE_REGION_CAPTION>': {'bboxes': [[58.12800216674805, 4.815999984741211, 144.81600952148438, 110.99200439453125], [63.28000259399414, 145.26400756835938, 114.57600402832031, 223.66400146484375], [78.95999908447266, 145.26400756835938, 114.35200500488281, 223.66400146484375], [6.160000324249268, 193.20001220703125, 48.272003173828125, 223.66400146484375], [5.936000347137451, 156.01600646972656, 18.928001403808594, 172.36801147460938]], 'labels': ['whiteboard', 'chair', 'chair', 'chair', 'chair']}}"
0413,"{'<DENSE_REGION_CAPTION>': {'bboxes': [[0.1120000034570694, 130.92800903320312, 83.66400146484375, 223.66400146484375], [176.62400817871094, 142.1280059814453, 223.66400146484375, 223.66400146484375], [0.1120000034570694, 22.288000106811523, 38.63999938964844, 161.6160125732422], [0.1120000034570694, 22.288000106811523, 25.87200164794922, 161.6160125732422], [144.36801147460938, 100.91200256347656, 180.8800048828125, 149.74400329589844], [206.19200134277344, 98.0, 223.66400146484375, 140.33599853515625], [117.04000091552734, 116.81600189208984, 133.39199829101562, 161.6160125732422], [177.74400329589844, 98.67200469970703, 193.87200927734375, 136.7519989013672]], 'labels': ['desk', 'desk', 'person', 'person', 'person', 'person', 'person', 'person']}}"
0414,"{'<DENSE_REGION_CAPTION>': {'bboxes': [[58.12800216674805, 4.815999984741211, 144.59201049804688, 110.76800537109375], [78.95999908447266, 145.26400756835938, 114.35200500488281, 223.66400146484375], [5.936000347137451, 193.42401123046875, 47.82400131225586, 223.66400146484375], [0.1120000034570694, 22.736000061035156, 31.920000076293945, 161.16799926757812], [147.95201110839844, 97.552001953125, 180.2080078125, 149.74400329589844], [101.8080062866211, 93.96800231933594, 122.64000701904297, 151.08799743652344], [116.81600189208984, 116.59200286865234, 133.8400115966797, 161.6160125732422], [177.29600524902344, 99.12000274658203, 194.09600830078125, 137.1999969482422]], 'labels': ['whiteboard', 'chair', 'chair', 'person', 'person', 'person', 'person', 'person']}}"
0415,"{'<DENSE_REGION_CAPTION>': {'bboxes': [[58.12800216674805, 4.815999984741211, 144.59201049804688, 110.99200439453125], [78.95999908447266, 145.48800659179688, 114.35200500488281, 223.66400146484375], [5.936000347137451, 193.42401123046875, 48.272003173828125, 223.66400146484375], [0.1120000034570694, 22.512001037597656, 28.784000396728516, 160.94400024414062], [144.36801147460938, 98.0, 180.2080078125, 149.29600524902344], [101.13600158691406, 93.96800231933594, 122.41600036621094, 151.08799743652344], [206.63999938964844, 94.86400604248047, 223.66400146484375, 140.33599853515625], [189.8400115966797, 96.43199920654297, 205.96800231933594, 143.0240020751953], [117.04000091552734, 116.59200286865234, 133.16799926757812, 161.6160125732422], [177.29600524902344, 98.44800567626953, 193.87200927734375, 136.9759979248047]], 'labels': ['whiteboard', 'chair', 'chair', 'person', 'person', 'person', 'person', 'person', 'person', 'person']}}"
0416,"{'<DENSE_REGION_CAPTION>': {'bboxes': [[0.1120000034570694, 130.48001098632812, 83.66400146484375, 223.66400146484375], [176.40000915527344, 142.1280059814453, 223.66400146484375, 223.66400146484375], [78.95999908447266, 145.71200561523438, 114.35200500488281, 223.66400146484375], [5.936000347137451, 156.01600646972656, 38.63999938964844, 223.66400146484375], [6.384000301361084, 193.20001220703125, 49.16800308227539, 223.66400146484375], [6.160000324249268, 156.01600646972656, 18.70400047302246, 171.6959991455078]], 'labels': ['desk', 'desk', 'chair', 'chair', 'chair', 'chair']}}"
0417,"{'<DENSE_REGION_CAPTION>': {'bboxes': [[0.1120000034570694, 130.48001098632812, 83.66400146484375, 223.66400146484375], [176.84800720214844, 142.1280059814453, 223.66400146484375, 223.66400146484375], [78.51200103759766, 145.71200561523438, 114.35200500488281, 223.66400146484375], [5.936000347137451, 155.79200744628906, 38.63999938964844, 223.66400146484375], [6.384000301361084, 192.97601318359375, 49.16800308227539, 223.66400146484375], [0.1120000034570694, 22.064001083374023, 22.064001083374023, 127.56800079345703], [145.93600463867188, 111.21600341796875, 179.9840087890625, 149.52000427246094], [117.04000091552734, 115.92000579833984, 133.39199829101562, 161.6160125732422]], 'labels': ['desk', 'desk', 'chair', 'chair', 'chair', 'person', 'person', 'person']}}"
0418,"{'<DENSE_REGION_CAPTION>': {'bboxes': [[0.1120000034570694, 130.48001098632812, 83.66400146484375, 223.66400146484375], [176.40000915527344, 142.3520050048828, 223.66400146484375, 223.66400146484375], [0.1120000034570694, 22.512001037597656, 27.216001510620117, 161.6160125732422], [150.41600036621094, 98.0, 179.9840087890625, 149.07200622558594], [206.63999938964844, 72.46400451660156, 223.66400146484375, 140.33599853515625], [102.9280014038086, 92.6240005493164, 121.29600524902344, 151.08799743652344], [189.6160125732422, 95.53600311279297, 205.96800231933594, 142.8000030517578], [117.04000091552734, 115.92000579833984, 132.72000122070312, 161.6160125732422]], 'labels': ['desk', 'desk', 'person', 'person', 'person', 'person', 'person', 'person']}}"
0419,"{'<DENSE_REGION_CAPTION>': {'bboxes': [[0.1120000034570694, 130.48001098632812, 83.66400146484375, 223.66400146484375], [176.40000915527344, 142.1280059814453, 223.66400146484375, 223.66400146484375], [0.1120000034570694, 22.512001037597656, 27.216001510620117, 161.6160125732422], [0.1120000034570694, 22.512001037597656, 22.064001083374023, 128.01600646972656], [150.41600036621094, 98.44800567626953, 179.760009765625, 149.52000427246094], [116.59200286865234, 112.33600616455078, 132.94400024414062, 161.8400115966797], [189.39199829101562, 95.98400115966797, 205.29600524902344, 143.0240020751953]], 'labels': ['desk', 'desk', 'person', 'person', 'person', 'person', 'person']}}"
0420,"{'<DENSE_REGION_CAPTION>': {'bboxes': [[0.1120000034570694, 130.48001098632812, 83.66400146484375, 223.66400146484375], [176.40000915527344, 142.3520050048828, 223.66400146484375, 223.66400146484375], [78.51200103759766, 145.71200561523438, 114.57600402832031, 223.66400146484375], [5.936000347137451, 156.01600646972656, 47.60000228881836, 223.66400146484375], [0.1120000034570694, 24.079999923706055, 27.66400146484375, 163.8560028076172], [145.93600463867188, 98.0, 179.5360107421875, 149.29600524902344], [102.2560043334961, 93.07200622558594, 121.52000427246094, 151.08799743652344], [116.59200286865234, 112.33600616455078, 133.16799926757812, 161.6160125732422]], 'labels': ['desk', 'desk', 'chair', 'chair', 'person', 'person', 'person', 'person']}}"
0421,"{'<DENSE_REGION_CAPTION>': {'bboxes': [[0.1120000034570694, 130.48001098632812, 83.66400146484375, 223.66400146484375], [176.40000915527344, 142.1280059814453, 223.66400146484375, 223.66400146484375], [78.51200103759766, 145.71200561523438, 114.35200500488281, 223.66400146484375], [5.936000347137451, 193.20001220703125, 49.16800308227539, 223.66400146484375], [0.1120000034570694, 24.079999923706055, 21.392000198364258, 122.64000701904297], [143.0240020751953, 99.34400177001953, 178.86399841308594, 149.29600524902344], [116.59200286865234, 115.47200012207031, 132.94400024414062, 161.8400115966797]], 'labels': ['desk', 'desk', 'chair', 'chair', 'person', 'person', 'person']}}"
0422,"{'<DENSE_REGION_CAPTION>': {'bboxes': [[0.1120000034570694, 130.48001098632812, 83.66400146484375, 223.66400146484375], [176.40000915527344, 142.1280059814453, 223.66400146484375, 223.66400146484375], [0.1120000034570694, 23.631999969482422, 27.216001510620117, 161.6160125732422], [0.1120000034570694, 23.631999969482422, 21.61600112915039, 126.44800567626953], [143.0240020751953, 97.7760009765625, 179.760009765625, 149.74400329589844], [116.14400482177734, 115.47200012207031, 133.39199829101562, 161.8400115966797], [189.8400115966797, 96.43199920654297, 205.74400329589844, 143.0240020751953]], 'labels': ['desk', 'desk', 'person', 'person', 'person', 'person', 'person']}}"
0423,"{'<DENSE_REGION_CAPTION>': {'bboxes': [[0.1120000034570694, 130.48001098632812, 83.66400146484375, 223.66400146484375], [175.50399780273438, 140.7840118408203, 223.66400146484375, 223.66400146484375], [0.1120000034570694, 22.736000061035156, 27.66400146484375, 161.6160125732422], [0.1120000034570694, 22.736000061035156, 22.512001037597656, 124.8800048828125], [142.5760040283203, 96.656005859375, 179.760009765625, 150.19200134277344], [115.92000579833984, 115.47200012207031, 133.16799926757812, 161.8400115966797]], 'labels': ['desk', 'desk', 'person', 'person', 'person', 'person']}}"
0424,"{'<DENSE_REGION_CAPTION>': {'bboxes': [[0.1120000034570694, 130.48001098632812, 83.66400146484375, 223.66400146484375], [175.72801208496094, 140.7840118408203, 223.66400146484375, 223.66400146484375], [78.51200103759766, 145.71200561523438, 114.80000305175781, 223.66400146484375], [5.936000347137451, 192.97601318359375, 49.39200210571289, 223.66400146484375], [0.1120000034570694, 22.288000106811523, 26.992000579833984, 160.27200317382812], [143.0240020751953, 96.20800018310547, 179.31201171875, 150.86399841308594]], 'labels': ['desk', 'desk', 'chair', 'chair', 'person', 'person']}}"
0425,"{'<DENSE_REGION_CAPTION>': {'bboxes': [[0.1120000034570694, 130.48001098632812, 83.66400146484375, 223.66400146484375], [175.72801208496094, 140.7840118408203, 223.66400146484375, 223.66400146484375], [78.51200103759766, 145.71200561523438, 114.35200500488281, 223.66400146484375], [5.936000347137451, 155.79200744628906, 48.272003173828125, 223.66400146484375], [5.936000347137451, 192.97601318359375, 48.272003173828125, 223.66400146484375], [0.1120000034570694, 22.064001083374023, 26.32000160217285, 170.5760040283203], [142.1280059814453, 96.656005859375, 179.31201171875, 150.63999938964844], [181.10400390625, 96.43199920654297, 205.29600524902344, 142.5760040283203], [106.51200103759766, 115.02400207519531, 126.44800567626953, 157.36000061035156]], 'labels': ['desk', 'desk', 'chair', 'chair', 'chair', 'person', 'person', 'person', 'person']}}"
0426,"{'<DENSE_REGION_CAPTION>': {'bboxes': [[0.1120000034570694, 130.48001098632812, 83.66400146484375, 223.66400146484375], [177.96800231933594, 139.88800048828125, 223.66400146484375, 223.66400146484375], [78.51200103759766, 145.71200561523438, 114.12800598144531, 223.66400146484375], [6.160000324249268, 192.97601318359375, 49.16800308227539, 223.66400146484375], [5.936000347137451, 155.79200744628906, 18.48000144958496, 171.2480010986328]], 'labels': ['desk', 'desk', 'chair', 'chair', 'chair']}}"
0427,"{'<DENSE_REGION_CAPTION>': {'bboxes': [[58.12800216674805, 5.039999961853027, 145.04000854492188, 110.76800537109375], [78.95999908447266, 145.71200561523438, 114.12800598144531, 223.66400146484375], [143.9199981689453, 146.60800170898438, 178.63999938964844, 223.66400146484375], [5.936000347137451, 156.01600646972656, 49.39200210571289, 223.66400146484375], [6.384000301361084, 193.20001220703125, 49.39200210571289, 223.66400146484375], [0.1120000034570694, 22.736000061035156, 27.216001510620117, 171.6959991455078], [141.4560089111328, 98.89600372314453, 178.63999938964844, 151.760009765625], [177.96800231933594, 100.24000549316406, 204.17601013183594, 143.0240020751953], [210.2239990234375, 96.43199920654297, 223.66400146484375, 140.55999755859375]], 'labels': ['whiteboard', 'chair', 'chair', 'chair', 'chair', 'person', 'person', 'person', 'person']}}"
0428,"{'<DENSE_REGION_CAPTION>': {'bboxes': [[58.12800216674805, 5.039999961853027, 145.04000854492188, 110.54400634765625], [78.95999908447266, 145.71200561523438, 114.12800598144531, 223.66400146484375], [144.36801147460938, 147.05599975585938, 178.63999938964844, 206.41600036621094], [6.384000301361084, 192.97601318359375, 49.61600112915039, 223.66400146484375], [0.1120000034570694, 22.736000061035156, 20.496000289916992, 128.01600646972656], [141.6800079345703, 108.08000183105469, 179.9840087890625, 152.8800048828125], [111.66400146484375, 116.59200286865234, 135.8560028076172, 162.7360076904297], [189.6160125732422, 97.3280029296875, 204.40000915527344, 143.0240020751953], [210.44801330566406, 96.20800018310547, 223.66400146484375, 143.2480010986328], [178.86399841308594, 110.76800537109375, 193.87200927734375, 136.9759979248047]], 'labels': ['whiteboard', 'chair', 'chair', 'chair', 'person', 'person', 'person', 'person', 'person', 'person']}}"
0429,"{'<DENSE_REGION_CAPTION>': {'bboxes': [[58.12800216674805, 5.263999938964844, 144.81600952148438, 110.99200439453125], [78.95999908447266, 145.71200561523438, 114.12800598144531, 223.66400146484375], [143.9199981689453, 147.27999877929688, 178.41600036621094, 223.66400146484375], [5.936000347137451, 156.01600646972656, 49.39200210571289, 223.66400146484375], [144.36801147460938, 147.27999877929688, 177.96800231933594, 207.0880126953125], [6.384000301361084, 193.20001220703125, 49.39200210571289, 223.66400146484375], [78.95999908447266, 182.89601135253906, 113.90400695800781, 223.66400146484375], [6.160000324249268, 156.01600646972656, 18.48000144958496, 172.36801147460938]], 'labels': ['whiteboard', 'chair', 'chair', 'chair', 'chair', 'chair', 'chair', 'chair']}}"
0430,"{'<DENSE_REGION_CAPTION>': {'bboxes': [[0.1120000034570694, 131.15200805664062, 83.21600341796875, 223.66400146484375], [176.40000915527344, 142.3520050048828, 223.66400146484375, 223.66400146484375], [78.95999908447266, 145.71200561523438, 114.12800598144531, 223.66400146484375], [143.9199981689453, 147.05599975585938, 177.96800231933594, 223.66400146484375], [5.712000370025635, 155.79200744628906, 49.39200210571289, 223.66400146484375], [6.160000324249268, 192.97601318359375, 49.39200210571289, 223.66400146484375], [0.1120000034570694, 22.512001037597656, 18.032001495361328, 128.01600646972656], [142.1280059814453, 109.87200164794922, 178.86399841308594, 151.5360107421875], [111.21600341796875, 116.36800384521484, 127.34400177001953, 158.25601196289062]], 'labels': ['desk', 'desk', 'chair', 'chair', 'chair', 'chair', 'person', 'person', 'person']}}"
0431,"{'<DENSE_REGION_CAPTION>': {'bboxes': [[0.1120000034570694, 131.15200805664062, 83.21600341796875, 223.66400146484375], [176.40000915527344, 142.3520050048828, 223.66400146484375, 223.66400146484375], [78.95999908447266, 145.26400756835938, 114.12800598144531, 223.66400146484375], [143.9199981689453, 147.27999877929688, 178.63999938964844, 223.66400146484375], [5.712000370025635, 156.01600646972656, 49.39200210571289, 223.66400146484375], [6.160000324249268, 193.20001220703125, 49.39200210571289, 223.66400146484375], [5.936000347137451, 156.01600646972656, 18.48000144958496, 172.36801147460938]], 'labels': ['desk', 'desk', 'chair', 'chair', 'chair', 'chair', 'chair']}}"
0432,"{'<DENSE_REGION_CAPTION>': {'bboxes': [[0.1120000034570694, 130.92800903320312, 83.66400146484375, 223.66400146484375], [176.40000915527344, 142.3520050048828, 223.66400146484375, 223.66400146484375], [78.95999908447266, 145.71200561523438, 114.12800598144531, 223.66400146484375], [143.9199981689453, 147.27999877929688, 178.19200134277344, 223.66400146484375], [5.712000370025635, 156.01600646972656, 38.63999938964844, 197.2320098876953], [6.384000301361084, 193.20001220703125, 49.16800308227539, 223.66400146484375], [5.936000347137451, 156.01600646972656, 18.48000144958496, 172.36801147460938]], 'labels': ['desk', 'desk', 'chair', 'chair', 'chair', 'chair', 'chair']}}"
0433,"{'<DENSE_REGION_CAPTION>': {'bboxes': [[0.1120000034570694, 131.15200805664062, 83.21600341796875, 223.66400146484375], [176.40000915527344, 142.3520050048828, 223.66400146484375, 223.66400146484375], [78.95999908447266, 145.48800659179688, 114.12800598144531, 223.66400146484375], [143.9199981689453, 147.27999877929688, 178.41600036621094, 223.66400146484375], [5.712000370025635, 156.01600646972656, 49.39200210571289, 223.66400146484375], [144.36801147460938, 147.27999877929688, 177.96800231933594, 207.0880126953125], [6.160000324249268, 193.20001220703125, 49.39200210571289, 223.66400146484375], [175.72801208496094, 165.20001220703125, 193.64801025390625, 223.66400146484375], [5.936000347137451, 156.01600646972656, 18.48000144958496, 172.36801147460938]], 'labels': ['desk', 'desk', 'chair', 'chair', 'chair', 'chair', 'chair', 'chair', 'chair']}}"
0434,"{'<DENSE_REGION_CAPTION>': {'bboxes': [[0.1120000034570694, 130.92800903320312, 83.66400146484375, 223.66400146484375], [175.50399780273438, 142.1280059814453, 223.66400146484375, 223.66400146484375], [78.95999908447266, 145.04000854492188, 114.12800598144531, 223.66400146484375], [143.9199981689453, 147.27999877929688, 177.96800231933594, 209.552001953125], [5.936000347137451, 193.20001220703125, 49.39200210571289, 223.66400146484375], [5.936000347137451, 156.01600646972656, 18.48000144958496, 172.36801147460938]], 'labels': ['desk', 'desk', 'chair', 'chair', 'chair', 'chair']}}"
0435,"{'<DENSE_REGION_CAPTION>': {'bboxes': [[0.1120000034570694, 131.15200805664062, 83.66400146484375, 223.66400146484375], [175.50399780273438, 142.1280059814453, 223.66400146484375, 223.66400146484375], [78.95999908447266, 145.93600463867188, 114.12800598144531, 223.66400146484375], [143.9199981689453, 147.05599975585938, 177.96800231933594, 223.66400146484375], [5.263999938964844, 156.01600646972656, 49.39200210571289, 223.66400146484375], [5.712000370025635, 193.20001220703125, 49.39200210571289, 223.66400146484375], [0.1120000034570694, 22.96000099182129, 18.928001403808594, 129.13600158691406], [142.5760040283203, 106.96000671386719, 180.2080078125, 151.760009765625], [101.13600158691406, 125.3280029296875, 127.56800079345703, 172.59201049804688], [179.0880126953125, 97.552001953125, 195.44000244140625, 142.8000030517578], [211.34400939941406, 97.552001953125, 223.66400146484375, 140.7840118408203]], 'labels': ['desk', 'desk', 'chair', 'chair', 'chair', 'chair', 'person', 'person', 'person', 'person', 'person']}}"
0436,"{'<DENSE_REGION_CAPTION>': {'bboxes': [[0.1120000034570694, 131.15200805664062, 83.21600341796875, 223.66400146484375], [175.50399780273438, 142.1280059814453, 223.66400146484375, 223.66400146484375], [78.95999908447266, 145.26400756835938, 114.12800598144531, 223.66400146484375], [5.263999938964844, 156.01600646972656, 49.39200210571289, 223.66400146484375], [144.36801147460938, 147.05599975585938, 177.96800231933594, 211.12001037597656], [5.936000347137451, 193.20001220703125, 49.39200210571289, 223.66400146484375], [179.5360107421875, 100.01600646972656, 205.07200622558594, 143.0240020751953], [210.89601135253906, 97.552001953125, 223.66400146484375, 140.7840118408203]], 'labels': ['desk', 'desk', 'chair', 'chair', 'chair', 'chair', 'person', 'person']}}"
0437,"{'<DENSE_REGION_CAPTION>': {'bboxes': [[0.1120000034570694, 131.15200805664062, 83.66400146484375, 223.66400146484375], [175.50399780273438, 142.3520050048828, 223.66400146484375, 223.66400146484375], [0.1120000034570694, 22.512001037597656, 29.23200035095215, 161.39199829101562], [167.66400146484375, 34.832000732421875, 196.5600128173828, 78.95999908447266], [179.5360107421875, 97.7760009765625, 204.62400817871094, 143.0240020751953], [101.13600158691406, 94.86400604248047, 120.6240005493164, 128.01600646972656]], 'labels': ['desk', 'desk', 'person', 'person', 'person', 'person']}}"
0438,"{'<DENSE_REGION_CAPTION>': {'bboxes': [[0.1120000034570694, 130.92800903320312, 83.66400146484375, 223.66400146484375], [175.50399780273438, 142.3520050048828, 223.66400146484375, 223.66400146484375], [0.1120000034570694, 23.856000900268555, 27.66400146484375, 160.72000122070312], [102.0320053100586, 93.74400329589844, 128.68800354003906, 159.60000610351562], [161.6160125732422, 36.847999572753906, 196.7840118408203, 78.73600006103516], [111.88800048828125, 110.54400634765625, 135.6320037841797, 160.94400024414062], [190.2880096435547, 96.656005859375, 205.29600524902344, 143.0240020751953], [178.63999938964844, 98.44800567626953, 194.32000732421875, 142.8000030517578], [212.46400451660156, 97.10400390625, 223.66400146484375, 140.7840118408203], [144.36801147460938, 100.68800354003906, 158.03199768066406, 128.01600646972656]], 'labels': ['desk', 'desk', 'person', 'person', 'person', 'person', 'person', 'person', 'person', 'person']}}"
0439,"{'<DENSE_REGION_CAPTION>': {'bboxes': [[0.1120000034570694, 130.92800903320312, 83.66400146484375, 223.66400146484375], [175.50399780273438, 142.3520050048828, 223.66400146484375, 223.66400146484375], [78.95999908447266, 145.26400756835938, 113.90400695800781, 223.66400146484375], [142.8000030517578, 146.83200073242188, 177.96800231933594, 216.27200317382812], [6.384000301361084, 193.20001220703125, 49.84000015258789, 223.66400146484375], [0.1120000034570694, 22.96000099182129, 18.928001403808594, 128.91200256347656], [101.8080062866211, 93.52000427246094, 119.2800064086914, 159.37600708007812], [115.92000579833984, 107.63200378417969, 134.7360076904297, 160.27200317382812], [189.8400115966797, 96.43199920654297, 205.29600524902344, 143.0240020751953], [178.63999938964844, 98.89600372314453, 193.87200927734375, 142.5760040283203]], 'labels': ['desk', 'desk', 'chair', 'chair', 'chair', 'person', 'person', 'person', 'person', 'person']}}"
0440,"{'<DENSE_REGION_CAPTION>': {'bboxes': [[0.1120000034570694, 131.15200805664062, 83.66400146484375, 223.66400146484375], [175.50399780273438, 142.1280059814453, 223.66400146484375, 223.66400146484375], [0.1120000034570694, 22.288000106811523, 27.216001510620117, 164.5279998779297], [101.13600158691406, 93.52000427246094, 122.86400604248047, 159.37600708007812], [117.48800659179688, 116.14400482177734, 138.09600830078125, 160.49600219726562], [189.8400115966797, 96.20800018310547, 205.96800231933594, 143.0240020751953], [178.41600036621094, 99.12000274658203, 193.64801025390625, 142.3520050048828], [212.46400451660156, 96.656005859375, 223.66400146484375, 140.7840118408203]], 'labels': ['desk', 'desk', 'person', 'person', 'person', 'person', 'person', 'person']}}"
0441,"{'<DENSE_REGION_CAPTION>': {'bboxes': [[0.1120000034570694, 131.15200805664062, 83.66400146484375, 223.66400146484375], [175.50399780273438, 142.1280059814453, 223.66400146484375, 223.66400146484375], [0.1120000034570694, 22.064001083374023, 27.216001510620117, 162.0640106201172], [144.36801147460938, 107.63200378417969, 180.2080078125, 151.08799743652344], [118.60800170898438, 115.47200012207031, 143.0240020751953, 160.94400024414062], [189.39199829101562, 96.20800018310547, 205.74400329589844, 142.8000030517578], [139.21600341796875, 101.8080062866211, 155.12001037597656, 139.88800048828125]], 'labels': ['desk', 'desk', 'person', 'person', 'person', 'person', 'person']}}"
0442,"{'<DENSE_REGION_CAPTION>': {'bboxes': [[0.1120000034570694, 131.15200805664062, 83.66400146484375, 223.66400146484375], [175.50399780273438, 142.1280059814453, 223.66400146484375, 223.66400146484375], [0.1120000034570694, 22.064001083374023, 27.66400146484375, 161.6160125732422], [0.1120000034570694, 22.064001083374023, 20.496000289916992, 138.99200439453125], [143.0240020751953, 107.18400573730469, 180.4320068359375, 150.19200134277344], [118.60800170898438, 108.52799987792969, 142.3520050048828, 161.6160125732422], [190.2880096435547, 96.20800018310547, 205.74400329589844, 143.0240020751953], [211.34400939941406, 94.86400604248047, 223.66400146484375, 140.33599853515625]], 'labels': ['desk', 'desk', 'person', 'person', 'person', 'person', 'person', 'person']}}"
0443,"{'<DENSE_REGION_CAPTION>': {'bboxes': [[0.1120000034570694, 131.15200805664062, 83.21600341796875, 223.66400146484375], [175.50399780273438, 142.1280059814453, 223.66400146484375, 223.66400146484375], [0.1120000034570694, 22.96000099182129, 27.66400146484375, 160.27200317382812], [143.0240020751953, 116.36800384521484, 180.8800048828125, 170.1280059814453], [102.4800033569336, 96.656005859375, 132.72000122070312, 159.60000610351562], [143.4720001220703, 116.36800384521484, 178.19200134277344, 151.31201171875], [118.60800170898438, 109.64800262451172, 143.2480010986328, 162.2880096435547], [177.07200622558594, 35.50400161743164, 197.0080108642578, 78.73600006103516], [190.9600067138672, 95.98400115966797, 205.96800231933594, 143.0240020751953], [177.96800231933594, 98.67200469970703, 194.09600830078125, 136.7519989013672], [140.33599853515625, 101.36000061035156, 154.67201232910156, 142.1280059814453], [212.24000549316406, 94.86400604248047, 223.66400146484375, 140.55999755859375]], 'labels': ['desk', 'desk', 'person', 'person', 'person', 'person', 'person', 'person', 'person', 'person', 'person', 'person']}}"
0444,"{'<DENSE_REGION_CAPTION>': {'bboxes': [[58.35200119018555, 0.1120000034570694, 145.04000854492188, 110.76800537109375], [63.28000259399414, 145.04000854492188, 114.12800598144531, 223.66400146484375], [78.95999908447266, 145.04000854492188, 113.90400695800781, 223.66400146484375], [143.2480010986328, 147.05599975585938, 178.63999938964844, 216.27200317382812], [6.832000255584717, 193.20001220703125, 50.288002014160156, 223.66400146484375], [0.1120000034570694, 22.288000106811523, 25.200000762939453, 162.0640106201172], [103.3759994506836, 94.86400604248047, 131.15200805664062, 159.37600708007812], [143.4720001220703, 108.08000183105469, 181.10400390625, 150.86399841308594], [117.48800659179688, 111.66400146484375, 143.6959991455078, 161.8400115966797], [209.7760009765625, 94.86400604248047, 223.66400146484375, 140.33599853515625], [190.2880096435547, 106.28800201416016, 205.52000427246094, 142.5760040283203], [178.19200134277344, 107.85600280761719, 194.09600830078125, 141.9040069580078]], 'labels': ['poster', 'chair', 'chair', 'chair', 'chair', 'person', 'person', 'person', 'person', 'person', 'person', 'person']}}"
0445,"{'<DENSE_REGION_CAPTION>': {'bboxes': [[58.12800216674805, 0.1120000034570694, 144.59201049804688, 110.76800537109375], [63.28000259399414, 145.26400756835938, 113.90400695800781, 223.66400146484375], [143.0240020751953, 147.27999877929688, 179.5360107421875, 223.66400146484375], [78.95999908447266, 145.26400756835938, 113.68000030517578, 223.66400146484375], [6.384000301361084, 193.20001220703125, 49.84000015258789, 223.66400146484375], [0.1120000034570694, 21.61600112915039, 20.272001266479492, 124.20800018310547], [142.5760040283203, 111.88800048828125, 181.10400390625, 151.9840087890625], [101.8080062866211, 93.96800231933594, 126.22400665283203, 151.08799743652344], [117.48800659179688, 111.66400146484375, 143.0240020751953, 161.8400115966797], [209.552001953125, 96.656005859375, 223.66400146484375, 140.33599853515625], [177.74400329589844, 107.85600280761719, 194.09600830078125, 141.9040069580078], [190.7360076904297, 106.28800201416016, 205.07200622558594, 142.5760040283203], [139.66400146484375, 101.8080062866211, 153.7760009765625, 134.0640106201172]], 'labels': ['poster', 'chair', 'chair', 'chair', 'chair', 'person', 'person', 'person', 'person', 'person', 'person', 'person', 'person']}}"
0446,"{'<DENSE_REGION_CAPTION>': {'bboxes': [[58.35200119018555, 5.488000392913818, 144.59201049804688, 110.99200439453125], [78.95999908447266, 145.71200561523438, 113.90400695800781, 223.66400146484375], [144.36801147460938, 147.50399780273438, 178.63999938964844, 210.67201232910156], [6.832000255584717, 193.42401123046875, 50.064002990722656, 223.66400146484375], [175.27999877929688, 164.7519989013672, 194.99200439453125, 223.66400146484375], [0.1120000034570694, 21.84000015258789, 27.216001510620117, 161.6160125732422], [142.8000030517578, 113.00800323486328, 180.656005859375, 152.656005859375], [102.0320053100586, 95.98400115966797, 120.84800720214844, 159.60000610351562], [119.0560073852539, 116.81600189208984, 137.64801025390625, 161.39199829101562], [209.7760009765625, 95.08800506591797, 223.66400146484375, 140.55999755859375], [178.41600036621094, 109.20000457763672, 194.32000732421875, 142.3520050048828], [192.0800018310547, 107.18400573730469, 205.74400329589844, 142.8000030517578], [140.33599853515625, 102.2560043334961, 153.552001953125, 134.0640106201172]], 'labels': ['poster', 'chair', 'chair', 'chair', 'chair', 'person', 'person', 'person', 'person', 'person', 'person', 'person', 'person']}}"
0447,"{'<DENSE_REGION_CAPTION>': {'bboxes': [[58.12800216674805, 5.039999961853027, 144.81600952148438, 110.99200439453125], [78.95999908447266, 145.71200561523438, 114.35200500488281, 223.66400146484375], [6.160000324249268, 192.97601318359375, 49.84000015258789, 223.66400146484375], [79.18400573730469, 182.89601135253906, 114.12800598144531, 223.66400146484375], [5.936000347137451, 156.01600646972656, 18.70400047302246, 171.4720001220703]], 'labels': ['whiteboard', 'chair', 'chair', 'chair', 'chair']}}"
0448,"{'<DENSE_REGION_CAPTION>': {'bboxes': [[58.12800216674805, 5.039999961853027, 144.81600952148438, 110.76800537109375], [78.95999908447266, 145.26400756835938, 114.35200500488281, 223.66400146484375], [5.936000347137451, 192.97601318359375, 49.84000015258789, 223.66400146484375], [0.1120000034570694, 22.512001037597656, 26.768001556396484, 161.6160125732422], [117.48800659179688, 111.88800048828125, 143.9199981689453, 161.6160125732422], [102.0320053100586, 96.8800048828125, 121.52000427246094, 151.9840087890625], [147.95201110839844, 126.44800567626953, 178.86399841308594, 151.31201171875], [140.33599853515625, 100.68800354003906, 157.36000061035156, 141.6800079345703], [177.96800231933594, 107.18400573730469, 194.54400634765625, 142.5760040283203], [212.91200256347656, 94.41600036621094, 223.66400146484375, 140.55999755859375]], 'labels': ['whiteboard', 'chair', 'chair', 'person', 'person', 'person', 'person', 'person', 'person', 'person']}}"
0449,"{'<DENSE_REGION_CAPTION>': {'bboxes': [[58.12800216674805, 5.039999961853027, 144.81600952148438, 110.76800537109375], [78.95999908447266, 145.26400756835938, 114.35200500488281, 223.66400146484375], [144.81600952148438, 147.05599975585938, 178.63999938964844, 223.66400146484375], [5.936000347137451, 192.97601318359375, 49.84000015258789, 223.66400146484375], [79.18400573730469, 182.89601135253906, 114.12800598144531, 223.66400146484375], [6.160000324249268, 20.04800033569336, 31.248001098632812, 160.27200317382812], [145.04000854492188, 107.63200378417969, 181.10400390625, 151.760009765625], [101.13600158691406, 96.20800018310547, 121.07200622558594, 158.70401000976562], [118.16000366210938, 111.44000244140625, 138.09600830078125, 161.6160125732422], [178.19200134277344, 98.0, 197.0080108642578, 143.0240020751953], [139.66400146484375, 100.91200256347656, 157.13600158691406, 142.1280059814453], [212.91200256347656, 94.41600036621094, 223.66400146484375, 140.55999755859375]], 'labels': ['whiteboard', 'chair', 'chair', 'chair', 'chair', 'person', 'person', 'person', 'person', 'person', 'person', 'person']}}"
0450,"{'<DENSE_REGION_CAPTION>': {'bboxes': [[0.1120000034570694, 130.48001098632812, 83.66400146484375, 223.66400146484375], [175.50399780273438, 142.1280059814453, 223.66400146484375, 223.66400146484375], [14.672000885009766, 20.272001266479492, 40.432003021240234, 137.64801025390625], [143.2480010986328, 107.18400573730469, 179.760009765625, 151.5360107421875], [118.16000366210938, 111.88800048828125, 137.42401123046875, 158.70401000976562]], 'labels': ['desk', 'desk', 'person', 'person', 'person']}}"
0451,"{'<DENSE_REGION_CAPTION>': {'bboxes': [[58.12800216674805, 5.039999961853027, 144.81600952148438, 110.76800537109375], [78.95999908447266, 145.48800659179688, 114.35200500488281, 223.66400146484375], [143.9199981689453, 147.05599975585938, 180.4320068359375, 223.66400146484375], [5.936000347137451, 192.7519989013672, 49.84000015258789, 223.66400146484375], [18.928001403808594, 25.200000762939453, 45.13600158691406, 138.09600830078125], [144.36801147460938, 110.54400634765625, 180.2080078125, 151.9840087890625], [100.91200256347656, 95.31200408935547, 121.52000427246094, 158.25601196289062], [118.16000366210938, 111.66400146484375, 143.6959991455078, 161.6160125732422], [179.9840087890625, 95.98400115966797, 205.07200622558594, 142.5760040283203]], 'labels': ['whiteboard', 'chair', 'chair', 'chair', 'person', 'person', 'person', 'person', 'person']}}"
0452,"{'<DENSE_REGION_CAPTION>': {'bboxes': [[0.1120000034570694, 130.25599670410156, 83.66400146484375, 223.66400146484375], [176.40000915527344, 142.3520050048828, 223.66400146484375, 223.66400146484375], [79.18400573730469, 145.48800659179688, 114.12800598144531, 223.66400146484375], [6.160000324249268, 192.97601318359375, 49.61600112915039, 223.66400146484375], [20.496000289916992, 23.18400001525879, 48.272003173828125, 136.5279998779297], [144.36801147460938, 117.04000091552734, 180.4320068359375, 151.760009765625], [101.8080062866211, 95.53600311279297, 120.6240005493164, 152.656005859375], [118.60800170898438, 111.88800048828125, 137.42401123046875, 161.6160125732422], [140.33599853515625, 100.91200256347656, 157.58399963378906, 140.7840118408203]], 'labels': ['desk', 'desk', 'chair', 'chair', 'person', 'person', 'person', 'person', 'person']}}"
0453,"{'<DENSE_REGION_CAPTION>': {'bboxes': [[58.12800216674805, 4.815999984741211, 144.81600952148438, 110.54400634765625], [78.95999908447266, 145.26400756835938, 114.35200500488281, 223.66400146484375], [5.936000347137451, 192.7519989013672, 49.16800308227539, 223.66400146484375], [20.04800033569336, 19.82400131225586, 45.58399963378906, 137.64801025390625], [101.36000061035156, 95.53600311279297, 121.74400329589844, 152.656005859375], [118.16000366210938, 111.66400146484375, 138.09600830078125, 160.94400024414062], [188.27200317382812, 101.58399963378906, 206.864013671875, 142.5760040283203], [140.33599853515625, 100.01600646972656, 156.24000549316406, 140.11199951171875], [211.34400939941406, 95.98400115966797, 223.66400146484375, 140.55999755859375]], 'labels': ['whiteboard', 'chair', 'chair', 'person', 'person', 'person', 'person', 'person', 'person']}}"
0454,"{'<DENSE_REGION_CAPTION>': {'bboxes': [[58.12800216674805, 5.039999961853027, 144.81600952148438, 110.54400634765625], [79.18400573730469, 145.04000854492188, 114.35200500488281, 223.66400146484375], [144.36801147460938, 147.05599975585938, 178.86399841308594, 206.63999938964844], [6.384000301361084, 192.7519989013672, 49.39200210571289, 223.66400146484375], [16.91200065612793, 19.82400131225586, 46.03200149536133, 138.54400634765625], [102.2560043334961, 95.08800506591797, 121.74400329589844, 156.46400451660156], [118.83200073242188, 111.66400146484375, 138.09600830078125, 161.16799926757812], [181.10400390625, 96.43199920654297, 200.81600952148438, 142.8000030517578], [193.20001220703125, 95.31200408935547, 209.7760009765625, 133.61599731445312], [213.13600158691406, 95.98400115966797, 223.66400146484375, 140.55999755859375]], 'labels': ['whiteboard', 'chair', 'chair', 'chair', 'person', 'person', 'person', 'person', 'person', 'person']}}"
0455,"{'<DENSE_REGION_CAPTION>': {'bboxes': [[58.12800216674805, 4.815999984741211, 144.81600952148438, 110.76800537109375], [79.18400573730469, 145.26400756835938, 114.35200500488281, 223.66400146484375], [6.384000301361084, 192.97601318359375, 49.39200210571289, 223.66400146484375], [20.496000289916992, 18.928001403808594, 44.0160026550293, 128.01600646972656], [145.48800659179688, 108.08000183105469, 179.9840087890625, 152.2080078125], [101.8080062866211, 94.86400604248047, 122.19200134277344, 158.92800903320312], [118.16000366210938, 112.11200714111328, 137.64801025390625, 161.39199829101562], [192.0800018310547, 93.96800231933594, 212.91200256347656, 134.2880096435547], [140.33599853515625, 101.36000061035156, 156.24000549316406, 141.0080108642578], [213.36000061035156, 96.20800018310547, 223.66400146484375, 141.0080108642578]], 'labels': ['whiteboard', 'chair', 'chair', 'person', 'person', 'person', 'person', 'person', 'person', 'person']}}"
0456,"{'<DENSE_REGION_CAPTION>': {'bboxes': [[57.90400314331055, 0.1120000034570694, 144.81600952148438, 110.54400634765625], [78.95999908447266, 145.26400756835938, 114.12800598144531, 223.66400146484375], [144.36801147460938, 147.05599975585938, 178.63999938964844, 206.63999938964844], [6.384000301361084, 192.5279998779297, 49.16800308227539, 223.66400146484375], [7.952000141143799, 19.376001358032227, 39.98400115966797, 90.38400268554688], [143.2480010986328, 106.96000671386719, 179.5360107421875, 151.9840087890625], [101.36000061035156, 94.63999938964844, 121.29600524902344, 151.08799743652344], [118.16000366210938, 111.44000244140625, 137.1999969482422, 158.25601196289062], [212.46400451660156, 95.98400115966797, 223.66400146484375, 140.55999755859375]], 'labels': ['whiteboard', 'chair', 'chair', 'chair', 'person', 'person', 'person', 'person', 'person']}}"
0457,"{'<DENSE_REGION_CAPTION>': {'bboxes': [[58.12800216674805, 5.039999961853027, 145.04000854492188, 110.99200439453125], [63.28000259399414, 145.93600463867188, 114.57600402832031, 223.66400146484375], [143.6959991455078, 147.27999877929688, 179.31201171875, 223.66400146484375], [78.95999908447266, 145.71200561523438, 114.35200500488281, 223.66400146484375], [144.1439971923828, 147.27999877929688, 178.63999938964844, 207.0880126953125], [6.384000301361084, 193.20001220703125, 49.84000015258789, 223.66400146484375], [78.95999908447266, 182.89601135253906, 114.35200500488281, 223.66400146484375], [0.1120000034570694, 21.392000198364258, 37.74399948120117, 138.99200439453125], [143.4720001220703, 107.63200378417969, 179.760009765625, 151.760009765625], [118.38400268554688, 116.59200286865234, 137.42401123046875, 161.6160125732422]], 'labels': ['whiteboard', 'chair', 'chair', 'chair', 'chair', 'chair', 'chair', 'person', 'person', 'person']}}"
0458,"{'<DENSE_REGION_CAPTION>': {'bboxes': [[57.90400314331055, 0.1120000034570694, 144.59201049804688, 110.76800537109375], [62.608001708984375, 145.71200561523438, 114.57600402832031, 223.66400146484375], [143.2480010986328, 147.05599975585938, 178.86399841308594, 223.66400146484375], [5.936000347137451, 192.7519989013672, 49.84000015258789, 223.66400146484375], [0.1120000034570694, 21.84000015258789, 29.904001235961914, 160.04800415039062], [101.8080062866211, 94.63999938964844, 120.84800720214844, 158.25601196289062], [117.93600463867188, 116.36800384521484, 137.42401123046875, 161.39199829101562], [188.27200317382812, 95.76000213623047, 205.29600524902344, 142.1280059814453]], 'labels': ['whiteboard', 'chair', 'chair', 'chair', 'person', 'person', 'person', 'person']}}"
0459,"{'<DENSE_REGION_CAPTION>': {'bboxes': [[58.12800216674805, 0.1120000034570694, 144.81600952148438, 110.99200439453125], [63.05600357055664, 145.48800659179688, 114.80000305175781, 223.66400146484375], [143.6959991455078, 147.05599975585938, 178.63999938964844, 223.66400146484375], [6.160000324249268, 192.97601318359375, 49.84000015258789, 223.66400146484375], [0.1120000034570694, 22.288000106811523, 37.96800231933594, 161.16799926757812], [144.36801147460938, 107.40800476074219, 180.8800048828125, 151.760009765625], [102.4800033569336, 94.86400604248047, 120.6240005493164, 160.04800415039062], [118.16000366210938, 113.90400695800781, 137.64801025390625, 161.39199829101562], [138.99200439453125, 100.91200256347656, 156.24000549316406, 141.0080108642578]], 'labels': ['whiteboard', 'chair', 'chair', 'chair', 'person', 'person', 'person', 'person', 'person']}}"
0460,"{'<DENSE_REGION_CAPTION>': {'bboxes': [[0.1120000034570694, 22.512001037597656, 27.66400146484375, 161.6160125732422], [62.832000732421875, 145.48800659179688, 114.57600402832031, 223.66400146484375], [143.0240020751953, 147.05599975585938, 178.63999938964844, 223.66400146484375], [78.95999908447266, 145.48800659179688, 114.35200500488281, 223.66400146484375], [5.936000347137451, 192.97601318359375, 49.84000015258789, 223.66400146484375], [145.93600463867188, 109.20000457763672, 179.9840087890625, 151.760009765625], [117.48800659179688, 113.45600128173828, 137.64801025390625, 161.6160125732422]], 'labels': ['person', 'chair', 'chair', 'chair', 'chair', 'person', 'person']}}"
0461,"{'<DENSE_REGION_CAPTION>': {'bboxes': [[58.12800216674805, 0.1120000034570694, 144.81600952148438, 110.76800537109375], [0.1120000034570694, 128.91200256347656, 87.02400207519531, 223.66400146484375], [175.72801208496094, 141.9040069580078, 223.66400146484375, 223.66400146484375], [63.28000259399414, 145.26400756835938, 114.80000305175781, 223.66400146484375], [143.2480010986328, 147.05599975585938, 178.86399841308594, 223.66400146484375], [6.160000324249268, 192.7519989013672, 50.064002990722656, 223.66400146484375], [0.1120000034570694, 22.064001083374023, 27.66400146484375, 161.16799926757812], [146.83200073242188, 109.64800262451172, 181.10400390625, 155.79200744628906], [102.0320053100586, 94.86400604248047, 121.07200622558594, 160.72000122070312], [118.38400268554688, 113.23200225830078, 143.6959991455078, 161.39199829101562], [138.99200439453125, 97.552001953125, 159.82400512695312, 141.0080108642578]], 'labels': ['whiteboard', 'table', 'table', 'chair', 'chair', 'chair', 'person', 'person', 'person', 'person', 'person']}}"
0462,"{'<DENSE_REGION_CAPTION>': {'bboxes': [[0.1120000034570694, 130.48001098632812, 83.66400146484375, 223.66400146484375], [177.96800231933594, 142.1280059814453, 223.66400146484375, 223.66400146484375], [63.05600357055664, 145.26400756835938, 114.80000305175781, 223.66400146484375], [143.2480010986328, 146.60800170898438, 179.5360107421875, 223.66400146484375], [5.936000347137451, 192.7519989013672, 50.064002990722656, 223.66400146484375], [0.1120000034570694, 21.61600112915039, 27.88800048828125, 160.94400024414062], [145.26400756835938, 102.2560043334961, 182.447998046875, 151.31201171875], [101.8080062866211, 94.63999938964844, 120.6240005493164, 151.5360107421875], [118.16000366210938, 115.47200012207031, 137.42401123046875, 161.39199829101562], [176.40000915527344, 98.44800567626953, 193.20001220703125, 135.6320037841797]], 'labels': ['desk', 'desk', 'chair', 'chair', 'chair', 'person', 'person', 'person', 'person', 'person']}}"
0463,"{'<DENSE_REGION_CAPTION>': {'bboxes': [[58.12800216674805, 0.1120000034570694, 144.81600952148438, 110.76800537109375], [0.1120000034570694, 130.48001098632812, 84.33600616455078, 223.66400146484375], [176.84800720214844, 141.6800079345703, 223.66400146484375, 223.66400146484375], [63.28000259399414, 145.26400756835938, 114.57600402832031, 223.66400146484375], [143.2480010986328, 147.05599975585938, 178.63999938964844, 223.66400146484375], [6.160000324249268, 192.7519989013672, 50.064002990722656, 223.66400146484375], [0.1120000034570694, 21.84000015258789, 29.45600128173828, 158.92800903320312], [143.2480010986328, 106.73600006103516, 181.3280029296875, 150.86399841308594], [102.4800033569336, 94.41600036621094, 121.07200622558594, 160.94400024414062], [118.16000366210938, 113.45600128173828, 137.64801025390625, 161.39199829101562]], 'labels': ['whiteboard', 'table', 'table', 'chair', 'chair', 'chair', 'person', 'person', 'person', 'person']}}"
0464,"{'<DENSE_REGION_CAPTION>': {'bboxes': [[58.12800216674805, 5.263999938964844, 144.81600952148438, 110.99200439453125], [63.28000259399414, 145.48800659179688, 114.12800598144531, 223.66400146484375], [143.9199981689453, 147.27999877929688, 179.31201171875, 223.66400146484375], [6.160000324249268, 193.20001220703125, 50.064002990722656, 223.66400146484375], [0.1120000034570694, 21.168001174926758, 31.472000122070312, 160.94400024414062], [141.0080108642578, 105.84000396728516, 182.2239990234375, 150.63999938964844], [102.2560043334961, 94.63999938964844, 120.4000015258789, 151.9840087890625], [118.38400268554688, 114.80000305175781, 137.64801025390625, 161.6160125732422], [191.1840057373047, 95.31200408935547, 210.44801330566406, 134.2880096435547], [178.86399841308594, 99.34400177001953, 194.32000732421875, 134.9600067138672]], 'labels': ['whiteboard', 'chair', 'chair', 'chair', 'person', 'person', 'person', 'person', 'person', 'person']}}"
0465,"{'<DENSE_REGION_CAPTION>': {'bboxes': [[58.12800216674805, 4.815999984741211, 144.81600952148438, 110.76800537109375], [63.05600357055664, 145.26400756835938, 113.90400695800781, 223.66400146484375], [143.0240020751953, 147.27999877929688, 179.31201171875, 223.66400146484375], [5.936000347137451, 193.20001220703125, 50.064002990722656, 223.66400146484375], [0.1120000034570694, 19.600000381469727, 27.66400146484375, 160.04800415039062], [143.2480010986328, 106.28800201416016, 182.0, 151.31201171875], [117.48800659179688, 113.45600128173828, 137.64801025390625, 161.39199829101562], [194.32000732421875, 92.4000015258789, 211.79200744628906, 142.5760040283203], [178.41600036621094, 98.44800567626953, 194.32000732421875, 134.9600067138672]], 'labels': ['whiteboard', 'chair', 'chair', 'chair', 'person', 'person', 'person', 'person', 'person']}}"
0466,"{'<DENSE_REGION_CAPTION>': {'bboxes': [[58.12800216674805, 4.815999984741211, 144.59201049804688, 110.76800537109375], [63.05600357055664, 145.71200561523438, 113.68000030517578, 223.66400146484375], [5.936000347137451, 156.01600646972656, 49.84000015258789, 223.66400146484375], [0.1120000034570694, 21.168001174926758, 28.112001419067383, 166.32000732421875], [144.36801147460938, 106.28800201416016, 181.7760009765625, 150.86399841308594], [118.16000366210938, 113.45600128173828, 145.48800659179688, 161.8400115966797], [102.4800033569336, 95.08800506591797, 121.07200622558594, 151.5360107421875]], 'labels': ['whiteboard', 'chair', 'chair', 'person', 'person', 'person', 'person']}}"
0467,"{'<DENSE_REGION_CAPTION>': {'bboxes': [[58.12800216674805, 5.263999938964844, 144.81600952148438, 110.99200439453125], [78.95999908447266, 145.71200561523438, 114.35200500488281, 223.66400146484375], [6.160000324249268, 156.01600646972656, 49.84000015258789, 223.66400146484375], [0.1120000034570694, 22.96000099182129, 26.768001556396484, 171.6959991455078], [142.3520050048828, 107.63200378417969, 182.0, 150.63999938964844], [101.36000061035156, 94.86400604248047, 121.07200622558594, 160.27200317382812], [116.81600189208984, 114.35200500488281, 139.66400146484375, 161.16799926757812], [178.19200134277344, 99.34400177001953, 194.76800537109375, 136.0800018310547]], 'labels': ['whiteboard', 'chair', 'chair', 'person', 'person', 'person', 'person', 'person']}}"
0468,"{'<DENSE_REGION_CAPTION>': {'bboxes': [[0.1120000034570694, 131.15200805664062, 83.66400146484375, 223.66400146484375], [176.40000915527344, 142.1280059814453, 223.66400146484375, 223.66400146484375], [79.18400573730469, 145.71200561523438, 114.12800598144531, 223.66400146484375], [6.160000324249268, 156.01600646972656, 49.84000015258789, 223.66400146484375], [6.384000301361084, 193.20001220703125, 49.84000015258789, 223.66400146484375], [79.18400573730469, 182.89601135253906, 114.12800598144531, 223.66400146484375], [24.75200080871582, 129.58399963378906, 35.95199966430664, 148.17601013183594], [6.384000301361084, 156.01600646972656, 18.928001403808594, 172.81600952148438]], 'labels': ['desk', 'desk', 'chair', 'chair', 'chair', 'chair', 'chair', 'chair']}}"
0469,"{'<DENSE_REGION_CAPTION>': {'bboxes': [[58.12800216674805, 0.1120000034570694, 145.04000854492188, 110.76800537109375], [0.1120000034570694, 23.408000946044922, 31.920000076293945, 171.6959991455078], [0.1120000034570694, 22.736000061035156, 25.87200164794922, 159.15200805664062], [144.36801147460938, 93.52000427246094, 180.8800048828125, 149.52000427246094], [157.80799865722656, 40.880001068115234, 194.76800537109375, 79.18400573730469], [115.02400207519531, 110.76800537109375, 141.6800079345703, 161.16799926757812], [135.8560028076172, 99.12000274658203, 157.80799865722656, 150.63999938964844], [177.96800231933594, 97.10400390625, 193.42401123046875, 134.9600067138672], [200.36801147460938, 95.98400115966797, 214.92800903320312, 133.8400115966797], [212.01600646972656, 106.51200103759766, 223.66400146484375, 140.55999755859375]], 'labels': ['whiteboard', 'person', 'person', 'person', 'person', 'person', 'person', 'person', 'person', 'person']}}"
0470,"{'<DENSE_REGION_CAPTION>': {'bboxes': [[58.12800216674805, 5.488000392913818, 145.04000854492188, 110.99200439453125], [78.95999908447266, 145.26400756835938, 114.35200500488281, 223.66400146484375], [5.936000347137451, 156.01600646972656, 49.84000015258789, 223.66400146484375], [0.1120000034570694, 23.408000946044922, 32.36800003051758, 159.82400512695312], [136.5279998779297, 93.96800231933594, 180.8800048828125, 176.40000915527344], [158.03199768066406, 40.880001068115234, 194.54400634765625, 79.40800476074219], [149.07200622558594, 112.56000518798828, 180.656005859375, 149.07200622558594], [192.7519989013672, 100.46400451660156, 215.60000610351562, 134.2880096435547], [177.74400329589844, 99.79199981689453, 193.42401123046875, 135.8560028076172], [212.91200256347656, 96.656005859375, 223.66400146484375, 140.7840118408203]], 'labels': ['whiteboard', 'chair', 'chair', 'person', 'person', 'person', 'person', 'person', 'person', 'person']}}"
0471,"{'<DENSE_REGION_CAPTION>': {'bboxes': [[58.12800216674805, 5.039999961853027, 145.04000854492188, 110.99200439453125], [78.95999908447266, 145.04000854492188, 114.35200500488281, 223.66400146484375], [143.9199981689453, 146.83200073242188, 179.9840087890625, 223.66400146484375], [5.936000347137451, 156.01600646972656, 49.84000015258789, 223.66400146484375], [6.384000301361084, 193.20001220703125, 49.84000015258789, 223.66400146484375], [79.18400573730469, 182.89601135253906, 114.12800598144531, 223.66400146484375], [177.96800231933594, 165.20001220703125, 194.09600830078125, 223.66400146484375], [24.75200080871582, 129.80799865722656, 36.176002502441406, 148.17601013183594], [5.936000347137451, 156.01600646972656, 18.928001403808594, 173.04000854492188]], 'labels': ['whiteboard', 'chair', 'chair', 'chair', 'chair', 'chair', 'chair', 'chair', 'chair']}}"
0472,"{'<DENSE_REGION_CAPTION>': {'bboxes': [[58.12800216674805, 5.263999938964844, 144.81600952148438, 110.99200439453125], [78.95999908447266, 145.04000854492188, 114.12800598144531, 223.66400146484375], [143.4720001220703, 146.83200073242188, 179.5360107421875, 223.66400146484375], [6.384000301361084, 193.20001220703125, 49.84000015258789, 223.66400146484375], [78.95999908447266, 182.89601135253906, 114.12800598144531, 223.66400146484375], [6.160000324249268, 156.01600646972656, 18.928001403808594, 172.81600952148438], [24.97599983215332, 129.80799865722656, 35.95199966430664, 148.17601013183594]], 'labels': ['whiteboard', 'chair', 'chair', 'chair', 'chair', 'chair', 'chair']}}"
0473,"{'<DENSE_REGION_CAPTION>': {'bboxes': [[0.1120000034570694, 131.37600708007812, 83.66400146484375, 223.66400146484375], [175.50399780273438, 142.3520050048828, 223.66400146484375, 223.66400146484375], [78.95999908447266, 145.04000854492188, 113.68000030517578, 223.66400146484375], [5.712000370025635, 156.01600646972656, 49.84000015258789, 223.66400146484375], [144.36801147460938, 146.60800170898438, 179.31201171875, 223.66400146484375], [5.936000347137451, 155.79200744628906, 38.19200134277344, 223.66400146484375], [78.95999908447266, 182.67201232910156, 113.45600128173828, 223.66400146484375], [6.160000324249268, 192.0800018310547, 49.84000015258789, 223.66400146484375], [175.72801208496094, 164.7519989013672, 193.42401123046875, 223.66400146484375], [5.712000370025635, 155.79200744628906, 18.48000144958496, 172.81600952148438], [24.527999877929688, 129.58399963378906, 35.28000259399414, 147.72801208496094]], 'labels': ['desk', 'desk', 'chair', 'chair', 'chair', 'chair', 'chair', 'chair', 'chair', 'chair', 'chair']}}"
0474,"{'<DENSE_REGION_CAPTION>': {'bboxes': [[58.12800216674805, 5.488000392913818, 144.81600952148438, 110.76800537109375], [78.95999908447266, 145.71200561523438, 113.68000030517578, 223.66400146484375], [5.936000347137451, 155.56800842285156, 49.84000015258789, 223.66400146484375], [0.1120000034570694, 21.61600112915039, 27.66400146484375, 158.25601196289062], [143.0240020751953, 93.52000427246094, 178.63999938964844, 149.52000427246094], [101.13600158691406, 96.8800048828125, 123.31200408935547, 158.25601196289062], [192.0800018310547, 94.86400604248047, 215.82400512695312, 142.8000030517578]], 'labels': ['whiteboard', 'chair', 'chair', 'person', 'person', 'person', 'person']}}"
0475,"{'<DENSE_REGION_CAPTION>': {'bboxes': [[58.12800216674805, 5.936000347137451, 144.81600952148438, 111.44000244140625], [78.95999908447266, 145.71200561523438, 113.68000030517578, 223.66400146484375], [144.36801147460938, 146.83200073242188, 179.5360107421875, 223.66400146484375], [5.263999938964844, 156.01600646972656, 38.63999938964844, 223.66400146484375], [5.936000347137451, 192.97601318359375, 49.84000015258789, 223.66400146484375], [79.18400573730469, 182.89601135253906, 113.45600128173828, 223.66400146484375], [5.712000370025635, 156.01600646972656, 18.928001403808594, 172.81600952148438]], 'labels': ['whiteboard', 'chair', 'chair', 'chair', 'chair', 'chair', 'chair']}}"
0476,"{'<DENSE_REGION_CAPTION>': {'bboxes': [[58.12800216674805, 5.488000392913818, 144.81600952148438, 111.21600341796875], [63.28000259399414, 145.93600463867188, 113.68000030517578, 223.66400146484375], [143.0240020751953, 147.27999877929688, 179.5360107421875, 223.66400146484375], [78.51200103759766, 145.93600463867188, 113.45600128173828, 223.66400146484375], [143.4720001220703, 147.27999877929688, 178.86399841308594, 207.0880126953125], [5.936000347137451, 193.42401123046875, 50.064002990722656, 223.66400146484375], [0.1120000034570694, 22.064001083374023, 34.608001708984375, 161.6160125732422], [143.2480010986328, 106.28800201416016, 179.760009765625, 151.31201171875], [102.2560043334961, 97.552001953125, 123.53600311279297, 166.54400634765625], [189.8400115966797, 95.53600311279297, 215.15200805664062, 134.2880096435547], [212.91200256347656, 95.98400115966797, 223.66400146484375, 140.7840118408203]], 'labels': ['whiteboard', 'chair', 'chair', 'chair', 'chair', 'chair', 'person', 'person', 'person', 'person', 'person']}}"
0477,"{'<DENSE_REGION_CAPTION>': {'bboxes': [[0.1120000034570694, 129.58399963378906, 87.24800109863281, 223.66400146484375], [176.40000915527344, 142.1280059814453, 223.66400146484375, 223.66400146484375], [0.1120000034570694, 23.631999969482422, 35.50400161743164, 171.4720001220703], [154.89601135253906, 34.608001708984375, 196.5600128173828, 79.63200378417969]], 'labels': ['desk', 'desk', 'person', 'person']}}"
0478,"{'<DENSE_REGION_CAPTION>': {'bboxes': [[48.944000244140625, 0.1120000034570694, 136.5279998779297, 110.99200439453125], [0.1120000034570694, 195.44000244140625, 29.00800132751465, 223.66400146484375]], 'labels': ['poster', 'chair']}}"
