image_num,bboxes,labels
0001,"{'<DENSE_REGION_CAPTION>': {'bboxes': [[0.1120000034570694, 144.36801147460938, 83.21600341796875, 223.66400146484375], [0.1120000034570694, 144.36801147460938, 82.99200439453125, 205.74400329589844], [173.71200561523438, 156.91200256347656, 223.66400146484375, 223.66400146484375], [75.82400512695312, 160.94400024414062, 109.64800262451172, 223.66400146484375], [59.24800109863281, 73.58399963378906, 94.63999938964844, 148.17601013183594], [188.49600219726562, 110.09600067138672, 212.46400451660156, 156.46400451660156]], 'labels': ['table', 'table', 'table', 'chair', 'person', 'person']}}"
0002,"{'<DENSE_REGION_CAPTION>': {'bboxes': [[0.1120000034570694, 154.2239990234375, 81.87200164794922, 223.66400146484375], [170.1280059814453, 164.7519989013672, 223.66400146484375, 223.66400146484375], [59.02400207519531, 79.85600280761719, 88.59200286865234, 140.55999755859375]], 'labels': ['desk', 'desk', 'person']}}"
0003,"{'<DENSE_REGION_CAPTION>': {'bboxes': [[0.1120000034570694, 154.0, 82.76800537109375, 223.66400146484375], [172.14401245117188, 164.9759979248047, 223.66400146484375, 223.66400146484375], [131.60000610351562, 125.552001953125, 171.2480010986328, 223.66400146484375], [56.784000396728516, 81.20000457763672, 93.07200622558594, 156.01600646972656], [131.60000610351562, 125.552001953125, 171.0240020751953, 195.21600341796875], [56.784000396728516, 81.20000457763672, 80.30400085449219, 155.79200744628906], [197.9040069580078, 22.288000106811523, 223.66400146484375, 81.20000457763672], [197.4560089111328, 80.97600555419922, 218.0640106201172, 125.10400390625], [75.82400512695312, 169.4560089111328, 109.42400360107422, 223.66400146484375], [162.9600067138672, 0.1120000034570694, 173.93600463867188, 9.744000434875488]], 'labels': ['desk', 'desk', 'person', 'person', 'person', 'person', 'poster', 'poster', 'chair', 'clock']}}"
0004,"{'<DENSE_REGION_CAPTION>': {'bboxes': [[54.992000579833984, 28.112001419067383, 141.0080108642578, 137.1999969482422], [139.66400146484375, 50.736000061035156, 194.09600830078125, 109.64800262451172], [197.6800079345703, 29.00800132751465, 223.66400146484375, 83.88800048828125], [75.60000610351562, 172.59201049804688, 109.20000457763672, 223.66400146484375], [145.48800659179688, 184.46400451660156, 178.41600036621094, 223.66400146484375], [59.47200012207031, 91.7280044555664, 93.74400329589844, 160.27200317382812], [59.47200012207031, 91.7280044555664, 79.40800476074219, 160.04800415039062], [191.4080047607422, 127.34400177001953, 218.2880096435547, 165.20001220703125], [168.5600128173828, 135.6320037841797, 194.09600830078125, 169.6800079345703]], 'labels': ['poster', 'poster', 'poster', 'chair', 'chair', 'person', 'person', 'person', 'person']}}"
0005,"{'<DENSE_REGION_CAPTION>': {'bboxes': [[0.1120000034570694, 156.46400451660156, 82.76800537109375, 223.66400146484375], [171.9199981689453, 168.7840118408203, 223.66400146484375, 223.66400146484375], [130.92800903320312, 139.21600341796875, 175.50399780273438, 223.66400146484375], [55.21600341796875, 100.01600646972656, 93.52000427246094, 160.49600219726562], [55.44000244140625, 100.01600646972656, 78.73600006103516, 160.49600219726562]], 'labels': ['desk', 'desk', 'person', 'person', 'person']}}"
0006,"{'<DENSE_REGION_CAPTION>': {'bboxes': [[142.3520050048828, 45.80800247192383, 203.27999877929688, 110.54400634765625], [48.04800033569336, 102.0320053100586, 75.60000610351562, 166.99200439453125], [171.4720001220703, 136.3040008544922, 202.83200073242188, 181.10400390625]], 'labels': ['poster', 'person', 'person']}}"
0007,"{'<DENSE_REGION_CAPTION>': {'bboxes': [[141.2320098876953, 37.52000045776367, 208.2080078125, 108.97600555419922], [29.23200035095215, 81.87200164794922, 75.1520004272461, 170.8000030517578], [134.2880096435547, 134.7360076904297, 176.17601013183594, 219.1840057373047], [174.60800170898438, 128.01600646972656, 203.05599975585938, 184.24000549316406], [162.0640106201172, 55.44000244140625, 191.6320037841797, 102.2560043334961]], 'labels': ['poster', 'person', 'person', 'person', 'person']}}"
0008,"{'<DENSE_REGION_CAPTION>': {'bboxes': [[145.04000854492188, 15.568000793457031, 223.66400146484375, 100.46400451660156], [154.2239990234375, 208.2080078125, 201.71200561523438, 223.66400146484375], [55.88800048828125, 5.712000370025635, 76.49600219726562, 41.3280029296875], [45.80800247192383, 2.8000001907348633, 60.14400100708008, 53.64800262451172], [45.36000061035156, 71.12000274658203, 55.66400146484375, 93.52000427246094]], 'labels': ['poster', 'chair', 'clock', 'flag', 'human face']}}"
0009,"{'<DENSE_REGION_CAPTION>': {'bboxes': [[3.9200000762939453, 0.1120000034570694, 151.31201171875, 137.87200927734375], [176.84800720214844, 0.1120000034570694, 223.66400146484375, 82.09600067138672], [24.304000854492188, 139.44000244140625, 37.74399948120117, 181.10400390625]], 'labels': ['whiteboard', 'poster', 'bottle']}}"
0010,"{'<DENSE_REGION_CAPTION>': {'bboxes': [[179.9840087890625, 0.1120000034570694, 223.66400146484375, 82.31999969482422], [113.45600128173828, 57.00800323486328, 153.10400390625, 134.2880096435547], [21.392000198364258, 141.4560089111328, 35.72800064086914, 184.68800354003906], [177.52000427246094, 160.04800415039062, 190.7360076904297, 185.80799865722656], [162.2880096435547, 150.19200134277344, 173.71200561523438, 174.83200073242188], [40.20800018310547, 61.48800277709961, 49.84000015258789, 87.47200012207031]], 'labels': ['poster', 'poster', 'bottle', 'human face', 'human face', 'human face']}}"
0011,"{'<DENSE_REGION_CAPTION>': {'bboxes': [[180.4320068359375, 0.1120000034570694, 223.66400146484375, 82.09600067138672], [21.61600112915039, 141.9040069580078, 35.50400161743164, 184.68800354003906]], 'labels': ['poster', 'bottle']}}"
0012,"{'<DENSE_REGION_CAPTION>': {'bboxes': [[179.5360107421875, 0.1120000034570694, 223.66400146484375, 82.09600067138672], [0.1120000034570694, 177.07200622558594, 21.168001174926758, 215.37600708007812], [21.168001174926758, 141.9040069580078, 35.28000259399414, 184.68800354003906]], 'labels': ['poster', 'bottle', 'bottle']}}"
0013,"{'<DENSE_REGION_CAPTION>': {'bboxes': [[113.23200225830078, 53.42399978637695, 156.01600646972656, 136.5279998779297], [15.568000793457031, 143.9199981689453, 30.576000213623047, 189.8400115966797], [0.1120000034570694, 181.10400390625, 15.568000793457031, 223.66400146484375], [24.75200080871582, 56.784000396728516, 38.41600036621094, 82.99200439453125]], 'labels': ['poster', 'bottle', 'bottle', 'human face']}}"
0014,"{'<DENSE_REGION_CAPTION>': {'bboxes': [[0.1120000034570694, 0.1120000034570694, 223.66400146484375, 223.66400146484375], [113.00800323486328, 54.09600067138672, 155.79200744628906, 136.5279998779297], [15.120000839233398, 143.6959991455078, 30.576000213623047, 190.5120086669922], [26.768001556396484, 0.1120000034570694, 45.80800247192383, 32.36800003051758], [14.672000885009766, 57.68000030517578, 29.68000030517578, 89.26399993896484]], 'labels': ['whiteboard', 'poster', 'bottle', 'flag', 'human face']}}"
0015,"{'<DENSE_REGION_CAPTION>': {'bboxes': [[0.1120000034570694, 0.1120000034570694, 223.66400146484375, 223.66400146484375], [0.1120000034570694, 19.82400131225586, 73.80799865722656, 162.2880096435547], [148.40000915527344, 109.42400360107422, 206.41600036621094, 223.66400146484375]], 'labels': ['whiteboard', 'person', 'person']}}"
0016,"{'<DENSE_REGION_CAPTION>': {'bboxes': [[0.1120000034570694, 27.440000534057617, 61.26400375366211, 169.9040069580078], [151.08799743652344, 120.1760025024414, 216.04800415039062, 223.66400146484375], [72.24000549316406, 97.10400390625, 115.47200012207031, 223.66400146484375], [186.70401000976562, 3.9200000762939453, 223.66400146484375, 67.31200408935547], [206.63999938964844, 97.10400390625, 223.66400146484375, 189.16799926757812], [187.15200805664062, 102.0320053100586, 210.67201232910156, 154.0], [15.568000793457031, 131.15200805664062, 30.80000114440918, 177.74400329589844]], 'labels': ['person', 'person', 'person', 'person', 'person', 'person', 'bottle']}}"
0017,"{'<DENSE_REGION_CAPTION>': {'bboxes': [[0.1120000034570694, 0.1120000034570694, 151.760009765625, 129.36000061035156], [0.1120000034570694, 46.704002380371094, 57.90400314331055, 169.9040069580078], [140.33599853515625, 117.04000091552734, 197.4560089111328, 223.66400146484375], [70.89600372314453, 90.38400268554688, 114.35200500488281, 223.66400146484375], [0.1120000034570694, 46.704002380371094, 32.14400100708008, 169.9040069580078], [180.656005859375, 0.1120000034570694, 223.66400146484375, 67.31200408935547], [185.58399963378906, 106.96000671386719, 205.52000427246094, 177.29600524902344]], 'labels': ['whiteboard', 'person', 'person', 'person', 'person', 'person', 'person']}}"
0018,"{'<DENSE_REGION_CAPTION>': {'bboxes': [[149.96800231933594, 0.1120000034570694, 223.66400146484375, 77.61600494384766], [11.312000274658203, 131.82400512695312, 26.09600067138672, 178.19200134277344], [6.160000324249268, 63.72800064086914, 23.408000946044922, 96.8800048828125], [105.39200592041016, 98.0, 117.26399993896484, 119.7280044555664]], 'labels': ['whiteboard', 'bottle', 'human face', 'human face']}}"
0019,"{'<DENSE_REGION_CAPTION>': {'bboxes': [[149.96800231933594, 0.1120000034570694, 223.66400146484375, 78.06400299072266], [0.1120000034570694, 172.59201049804688, 11.088000297546387, 211.34400939941406], [9.296000480651855, 50.064002990722656, 24.97599983215332, 82.09600067138672], [195.44000244140625, 0.1120000034570694, 212.46400451660156, 20.944000244140625], [81.20000457763672, 101.8080062866211, 92.8479995727539, 123.31200408935547]], 'labels': ['whiteboard', 'bottle', 'human face', 'human face', 'human face']}}"
0020,"{'<DENSE_REGION_CAPTION>': {'bboxes': [[149.96800231933594, 0.1120000034570694, 223.66400146484375, 77.84000396728516], [109.64800262451172, 42.0, 151.5360107421875, 124.656005859375], [68.8800048828125, 75.82400512695312, 111.66400146484375, 130.25599670410156], [21.61600112915039, 0.1120000034570694, 68.20800018310547, 34.384002685546875], [109.20000457763672, 16.687999725341797, 150.19200134277344, 46.25600051879883], [108.52799987792969, 0.1120000034570694, 149.74400329589844, 23.631999969482422], [100.01600646972656, 49.16800308227539, 111.21600341796875, 76.49600219726562]], 'labels': ['whiteboard', 'poster', 'poster', 'poster', 'poster', 'poster', 'poster']}}"
0021,"{'<DENSE_REGION_CAPTION>': {'bboxes': [[149.96800231933594, 0.1120000034570694, 223.66400146484375, 78.06400299072266], [109.87200164794922, 42.224002838134766, 151.5360107421875, 125.10400390625], [0.1120000034570694, 0.1120000034570694, 68.656005859375, 36.176002502441406], [69.10400390625, 0.1120000034570694, 110.09600067138672, 48.496002197265625], [109.20000457763672, 16.91200065612793, 150.86399841308594, 46.25600051879883], [108.52799987792969, 0.1120000034570694, 149.96800231933594, 23.856000900268555], [100.01600646972656, 48.944000244140625, 111.21600341796875, 76.94400024414062], [11.53600025177002, 132.49600219726562, 26.09600067138672, 178.63999938964844], [3.248000144958496, 24.75200080871582, 59.24800109863281, 171.4720001220703], [148.40000915527344, 127.12000274658203, 214.48001098632812, 223.66400146484375], [77.84000396728516, 93.52000427246094, 108.97600555419922, 223.66400146484375], [104.94400024414062, 144.1439971923828, 147.27999877929688, 223.66400146484375], [182.0, 0.1120000034570694, 223.66400146484375, 68.20800018310547], [202.60800170898438, 112.56000518798828, 223.66400146484375, 179.0880126953125], [184.68800354003906, 98.44800567626953, 200.14401245117188, 134.9600067138672]], 'labels': ['whiteboard', 'poster', 'poster', 'poster', 'poster', 'poster', 'poster', 'bottle', 'person', 'person', 'person', 'person', 'person', 'person', 'person']}}"
0022,"{'<DENSE_REGION_CAPTION>': {'bboxes': [[149.74400329589844, 0.1120000034570694, 223.66400146484375, 78.06400299072266], [3.696000099182129, 26.992000579833984, 63.50400161743164, 170.8000030517578], [148.17601013183594, 123.98400115966797, 217.3920135498047, 223.66400146484375], [80.30400085449219, 93.74400329589844, 129.58399963378906, 223.66400146484375], [130.03199768066406, 98.22400665283203, 165.42401123046875, 185.58399963378906], [182.0, 0.1120000034570694, 223.66400146484375, 67.98400115966797], [202.16000366210938, 103.82400512695312, 223.66400146484375, 173.48800659179688], [185.13600158691406, 97.3280029296875, 200.59201049804688, 132.94400024414062]], 'labels': ['whiteboard', 'person', 'person', 'person', 'person', 'person', 'person', 'person']}}"
0023,"{'<DENSE_REGION_CAPTION>': {'bboxes': [[0.1120000034570694, 0.1120000034570694, 151.760009765625, 130.25599670410156], [11.312000274658203, 132.27200317382812, 26.09600067138672, 178.41600036621094], [168.7840118408203, 215.15200805664062, 223.66400146484375, 223.66400146484375], [195.21600341796875, 0.1120000034570694, 212.46400451660156, 20.720001220703125], [29.68000030517578, 42.448001861572266, 39.3120002746582, 72.01599884033203], [79.63200378417969, 101.58399963378906, 90.16000366210938, 123.53600311279297], [143.0240020751953, 112.11200714111328, 153.7760009765625, 132.49600219726562]], 'labels': ['whiteboard', 'bottle', 'chair', 'human face', 'human face', 'human face', 'human face']}}"
0024,"{'<DENSE_REGION_CAPTION>': {'bboxes': [[0.1120000034570694, 0.1120000034570694, 223.66400146484375, 223.66400146484375], [0.1120000034570694, 0.1120000034570694, 154.2239990234375, 130.70401000976562], [0.1120000034570694, 28.560001373291016, 66.41600036621094, 171.6959991455078], [152.4320068359375, 134.7360076904297, 216.94400024414062, 223.66400146484375], [80.75199890136719, 94.63999938964844, 114.80000305175781, 223.66400146484375], [181.10400390625, 0.1120000034570694, 223.66400146484375, 67.76000213623047], [117.93600463867188, 136.9759979248047, 146.60800170898438, 223.66400146484375], [142.5760040283203, 97.552001953125, 163.6320037841797, 161.8400115966797]], 'labels': ['whiteboard', 'whiteboard', 'person', 'person', 'person', 'person', 'person', 'person']}}"
0025,"{'<DENSE_REGION_CAPTION>': {'bboxes': [[0.1120000034570694, 0.1120000034570694, 223.66400146484375, 223.66400146484375], [0.1120000034570694, 0.1120000034570694, 154.2239990234375, 130.70401000976562], [4.144000053405762, 28.112001419067383, 65.29600524902344, 136.3040008544922], [149.52000427246094, 129.58399963378906, 217.6160125732422, 223.66400146484375], [81.20000457763672, 96.656005859375, 115.92000579833984, 194.99200439453125], [106.51200103759766, 136.7519989013672, 138.32000732421875, 223.66400146484375], [136.0800018310547, 106.73600006103516, 161.6160125732422, 173.26400756835938], [161.6160125732422, 96.20800018310547, 187.37600708007812, 148.17601013183594]], 'labels': ['whiteboard', 'whiteboard', 'person', 'person', 'person', 'person', 'person', 'person']}}"
0026,"{'<DENSE_REGION_CAPTION>': {'bboxes': [[0.1120000034570694, 0.1120000034570694, 152.4320068359375, 130.70401000976562], [11.312000274658203, 132.27200317382812, 25.87200164794922, 178.86399841308594], [31.472000122070312, 40.880001068115234, 39.76000213623047, 68.43199920654297], [83.21600341796875, 101.13600158691406, 93.52000427246094, 121.74400329589844], [142.8000030517578, 111.88800048828125, 152.8800048828125, 129.13600158691406]], 'labels': ['whiteboard', 'bottle', 'human face', 'human face', 'human face']}}"
0027,"{'<DENSE_REGION_CAPTION>': {'bboxes': [[0.1120000034570694, 0.1120000034570694, 152.4320068359375, 130.70401000976562], [29.00800132751465, 146.83200073242188, 67.98400115966797, 223.66400146484375], [28.784000396728516, 163.8560028076172, 45.36000061035156, 223.66400146484375], [11.312000274658203, 131.82400512695312, 25.648000717163086, 178.41600036621094], [18.70400047302246, 42.224002838134766, 32.592002868652344, 72.46400451660156], [101.58399963378906, 97.3280029296875, 112.56000518798828, 118.83200073242188], [141.6800079345703, 112.11200714111328, 151.760009765625, 130.92800903320312], [169.9040069580078, 117.48800659179688, 179.5360107421875, 134.7360076904297]], 'labels': ['whiteboard', 'chair', 'chair', 'coffee cup', 'human face', 'human face', 'human face', 'human face']}}"
0028,"{'<DENSE_REGION_CAPTION>': {'bboxes': [[0.1120000034570694, 27.216001510620117, 59.24800109863281, 169.2320098876953], [0.1120000034570694, 27.216001510620117, 40.880001068115234, 142.3520050048828], [72.91200256347656, 95.98400115966797, 110.09600067138672, 193.64801025390625], [127.12000274658203, 107.85600280761719, 162.9600067138672, 187.60000610351562], [100.68800354003906, 138.32000732421875, 130.70401000976562, 223.66400146484375], [201.71200561523438, 103.3759994506836, 223.66400146484375, 188.04800415039062]], 'labels': ['person', 'person', 'person', 'person', 'person', 'person']}}"
0029,"{'<DENSE_REGION_CAPTION>': {'bboxes': [[0.1120000034570694, 0.1120000034570694, 152.4320068359375, 130.70401000976562], [5.039999961853027, 26.54400062561035, 67.76000213623047, 223.66400146484375], [5.263999938964844, 26.54400062561035, 67.76000213623047, 170.5760040283203], [148.40000915527344, 132.72000122070312, 209.7760009765625, 223.66400146484375], [82.76800537109375, 96.8800048828125, 117.26399993896484, 174.83200073242188], [127.12000274658203, 108.30400085449219, 161.39199829101562, 186.92800903320312], [98.0, 145.93600463867188, 130.25599670410156, 223.66400146484375], [72.24000549316406, 170.1280059814453, 104.04800415039062, 223.66400146484375], [201.93600463867188, 100.01600646972656, 223.66400146484375, 172.14401245117188]], 'labels': ['whiteboard', 'person', 'person', 'person', 'person', 'person', 'person', 'person', 'person']}}"
0030,"{'<DENSE_REGION_CAPTION>': {'bboxes': [[0.1120000034570694, 0.1120000034570694, 152.4320068359375, 130.70401000976562], [11.760000228881836, 131.82400512695312, 26.09600067138672, 178.63999938964844], [5.488000392913818, 28.784000396728516, 67.76000213623047, 223.66400146484375], [5.263999938964844, 28.784000396728516, 51.85600280761719, 169.9040069580078], [149.96800231933594, 133.8400115966797, 212.01600646972656, 223.66400146484375], [72.91200256347656, 97.552001953125, 108.30400085449219, 201.26400756835938], [126.89600372314453, 108.08000183105469, 161.6160125732422, 188.27200317382812], [98.67200469970703, 145.71200561523438, 130.48001098632812, 223.66400146484375], [199.2480010986328, 106.73600006103516, 223.66400146484375, 187.37600708007812]], 'labels': ['whiteboard', 'bottle', 'person', 'person', 'person', 'person', 'person', 'person', 'person']}}"
0031,"{'<DENSE_REGION_CAPTION>': {'bboxes': [[0.1120000034570694, 0.1120000034570694, 154.2239990234375, 130.25599670410156], [0.1120000034570694, 0.1120000034570694, 154.0, 48.496002197265625], [0.1120000034570694, 0.1120000034570694, 153.7760009765625, 36.624000549316406], [0.1120000034570694, 0.1120000034570694, 153.552001953125, 0.1120000034570694], [6.832000255584717, 134.2880096435547, 23.408000946044922, 182.0], [168.7840118408203, 215.15200805664062, 221.87200927734375, 223.66400146484375], [19.376001358032227, 48.272003173828125, 33.48800277709961, 76.72000122070312], [100.01600646972656, 149.74400329589844, 111.44000244140625, 174.38400268554688], [94.41600036621094, 102.2560043334961, 106.28800201416016, 123.53600311279297], [141.6800079345703, 113.00800323486328, 151.760009765625, 131.82400512695312], [168.7840118408203, 119.5040054321289, 178.19200134277344, 136.0800018310547]], 'labels': ['whiteboard', 'whiteboard', 'whiteboard', 'whiteboard', 'bottle', 'chair', 'human face', 'human face', 'human face', 'human face', 'human face']}}"
0032,"{'<DENSE_REGION_CAPTION>': {'bboxes': [[0.1120000034570694, 39.76000213623047, 69.7760009765625, 223.66400146484375], [0.1120000034570694, 39.76000213623047, 53.42399978637695, 143.4720001220703], [0.1120000034570694, 39.76000213623047, 69.552001953125, 143.4720001220703], [149.07200622558594, 136.5279998779297, 209.552001953125, 223.66400146484375], [72.46400451660156, 98.22400665283203, 110.76800537109375, 203.95201110839844], [84.78400421142578, 141.6800079345703, 130.70401000976562, 223.66400146484375], [126.44800567626953, 107.85600280761719, 163.1840057373047, 188.49600219726562], [198.5760040283203, 106.73600006103516, 223.66400146484375, 186.92800903320312], [166.54400634765625, 100.46400451660156, 183.34400939941406, 134.7360076904297]], 'labels': ['woman', 'woman', 'person', 'person', 'person', 'person', 'person', 'person', 'person']}}"
0033,"{'<DENSE_REGION_CAPTION>': {'bboxes': [[0.1120000034570694, 0.1120000034570694, 152.4320068359375, 130.48001098632812], [0.1120000034570694, 29.68000030517578, 69.10400390625, 223.66400146484375], [0.1120000034570694, 29.68000030517578, 59.24800109863281, 145.04000854492188], [149.29600524902344, 127.56800079345703, 215.37600708007812, 223.66400146484375], [72.24000549316406, 98.89600372314453, 108.52799987792969, 203.95201110839844], [84.56000518798828, 142.3520050048828, 130.70401000976562, 223.66400146484375], [126.44800567626953, 108.08000183105469, 164.0800018310547, 188.94400024414062], [181.7760009765625, 0.1120000034570694, 223.66400146484375, 67.98400115966797], [198.3520050048828, 106.73600006103516, 223.66400146484375, 186.92800903320312]], 'labels': ['whiteboard', 'woman', 'woman', 'person', 'person', 'person', 'person', 'person', 'person']}}"
0034,"{'<DENSE_REGION_CAPTION>': {'bboxes': [[0.1120000034570694, 0.1120000034570694, 152.4320068359375, 130.70401000976562], [3.248000144958496, 25.648000717163086, 67.76000213623047, 223.66400146484375], [3.248000144958496, 25.648000717163086, 67.53600311279297, 181.10400390625], [149.96800231933594, 133.61599731445312, 209.552001953125, 223.66400146484375], [74.4800033569336, 97.552001953125, 111.66400146484375, 192.97601318359375], [127.12000274658203, 107.85600280761719, 164.5279998779297, 189.39199829101562], [181.552001953125, 0.1120000034570694, 223.66400146484375, 67.98400115966797], [98.89600372314453, 145.71200561523438, 130.92800903320312, 223.66400146484375]], 'labels': ['whiteboard', 'person', 'person', 'person', 'person', 'person', 'person', 'person']}}"
0035,"{'<DENSE_REGION_CAPTION>': {'bboxes': [[0.1120000034570694, 0.1120000034570694, 223.66400146484375, 223.66400146484375], [109.64800262451172, 42.224002838134766, 151.760009765625, 124.8800048828125], [7.504000186920166, 134.2880096435547, 23.631999969482422, 182.0], [4.5920000076293945, 30.80000114440918, 68.8800048828125, 223.66400146484375], [4.5920000076293945, 30.80000114440918, 52.97600173950195, 138.76800537109375], [151.08799743652344, 132.72000122070312, 211.12001037597656, 223.66400146484375], [72.91200256347656, 98.0, 109.87200164794922, 223.66400146484375], [127.12000274658203, 108.08000183105469, 166.09600830078125, 186.92800903320312], [182.2239990234375, 0.1120000034570694, 223.66400146484375, 67.98400115966797], [99.56800079345703, 143.2480010986328, 130.48001098632812, 223.66400146484375], [190.9600067138672, 106.73600006103516, 215.82400512695312, 177.07200622558594], [203.72801208496094, 131.60000610351562, 223.66400146484375, 188.04800415039062], [169.6800079345703, 100.46400451660156, 183.56800842285156, 136.3040008544922]], 'labels': ['whiteboard', 'poster', 'bottle', 'person', 'person', 'person', 'person', 'person', 'person', 'person', 'person', 'person', 'person']}}"
0036,"{'<DENSE_REGION_CAPTION>': {'bboxes': [[0.1120000034570694, 0.1120000034570694, 151.760009765625, 130.48001098632812], [7.504000186920166, 134.0640106201172, 22.96000099182129, 181.7760009765625], [3.248000144958496, 28.784000396728516, 68.43199920654297, 223.66400146484375], [149.52000427246094, 132.27200317382812, 215.37600708007812, 223.66400146484375], [3.0240001678466797, 28.784000396728516, 43.79199981689453, 143.4720001220703], [76.49600219726562, 98.0, 110.09600067138672, 194.54400634765625], [127.12000274658203, 107.63200378417969, 162.5120086669922, 185.80799865722656], [99.34400177001953, 142.8000030517578, 130.25599670410156, 223.66400146484375], [212.01600646972656, 130.25599670410156, 223.66400146484375, 187.37600708007812]], 'labels': ['whiteboard', 'bottle', 'person', 'person', 'person', 'person', 'person', 'person', 'person']}}"
0037,"{'<DENSE_REGION_CAPTION>': {'bboxes': [[0.1120000034570694, 0.1120000034570694, 151.760009765625, 130.70401000976562], [3.696000099182129, 27.88800048828125, 68.43199920654297, 223.66400146484375], [154.0, 134.7360076904297, 218.2880096435547, 223.66400146484375], [3.696000099182129, 27.88800048828125, 43.34400177001953, 142.8000030517578], [86.12800598144531, 134.5120086669922, 132.04800415039062, 223.66400146484375], [78.06400299072266, 96.8800048828125, 110.99200439453125, 194.54400634765625], [130.03199768066406, 107.85600280761719, 164.0800018310547, 186.25601196289062], [212.46400451660156, 130.92800903320312, 223.66400146484375, 187.60000610351562], [169.4560089111328, 100.68800354003906, 184.91200256347656, 137.87200927734375]], 'labels': ['whiteboard', 'person', 'person', 'person', 'person', 'person', 'person', 'person', 'person']}}"
0038,"{'<DENSE_REGION_CAPTION>': {'bboxes': [[0.1120000034570694, 0.1120000034570694, 151.760009765625, 130.70401000976562], [3.248000144958496, 26.54400062561035, 67.53600311279297, 223.66400146484375], [3.248000144958496, 26.54400062561035, 67.76000213623047, 169.2320098876953], [159.15200805664062, 131.82400512695312, 217.16799926757812, 223.66400146484375], [79.85600280761719, 96.8800048828125, 110.76800537109375, 223.66400146484375], [94.86400604248047, 135.1840057373047, 131.60000610351562, 223.66400146484375], [129.58399963378906, 107.63200378417969, 162.0640106201172, 186.92800903320312], [211.56800842285156, 132.04800415039062, 223.66400146484375, 187.37600708007812], [169.0080108642578, 100.46400451660156, 183.34400939941406, 136.7519989013672]], 'labels': ['whiteboard', 'person', 'person', 'person', 'person', 'person', 'person', 'person', 'person']}}"
0039,"{'<DENSE_REGION_CAPTION>': {'bboxes': [[0.1120000034570694, 0.1120000034570694, 151.760009765625, 130.70401000976562], [8.40000057220459, 134.0640106201172, 23.631999969482422, 181.552001953125], [4.5920000076293945, 27.216001510620117, 67.76000213623047, 223.66400146484375], [163.1840057373047, 45.36000061035156, 212.68800354003906, 171.6959991455078], [158.03199768066406, 134.9600067138672, 217.3920135498047, 223.66400146484375], [74.4800033569336, 95.98400115966797, 109.20000457763672, 223.66400146484375], [93.96800231933594, 135.6320037841797, 132.49600219726562, 223.66400146484375], [130.48001098632812, 107.40800476074219, 163.1840057373047, 187.60000610351562]], 'labels': ['whiteboard', 'bottle', 'person', 'person', 'person', 'person', 'person', 'person']}}"
0040,"{'<DENSE_REGION_CAPTION>': {'bboxes': [[0.1120000034570694, 0.1120000034570694, 152.2080078125, 130.70401000976562], [5.712000370025635, 27.88800048828125, 68.20800018310547, 223.66400146484375], [94.86400604248047, 43.56800079345703, 132.72000122070312, 223.66400146484375], [157.36000061035156, 133.8400115966797, 217.6160125732422, 223.66400146484375], [181.10400390625, 0.1120000034570694, 223.66400146484375, 68.20800018310547], [136.9759979248047, 107.40800476074219, 161.6160125732422, 167.44000244140625], [206.63999938964844, 132.49600219726562, 223.66400146484375, 188.04800415039062]], 'labels': ['whiteboard', 'person', 'person', 'person', 'person', 'person', 'person']}}"
0041,"{'<DENSE_REGION_CAPTION>': {'bboxes': [[0.1120000034570694, 0.1120000034570694, 152.2080078125, 125.552001953125], [3.248000144958496, 30.352001190185547, 67.76000213623047, 223.66400146484375], [68.8800048828125, 41.104000091552734, 110.76800537109375, 223.66400146484375], [157.13600158691406, 135.6320037841797, 217.6160125732422, 223.66400146484375], [127.12000274658203, 107.40800476074219, 162.0640106201172, 187.60000610351562], [104.04800415039062, 140.33599853515625, 131.37600708007812, 223.66400146484375]], 'labels': ['whiteboard', 'girl', 'girl', 'girl', 'girl', 'girl']}}"
0042,"{'<DENSE_REGION_CAPTION>': {'bboxes': [[0.1120000034570694, 0.1120000034570694, 151.760009765625, 125.552001953125], [2.5759999752044678, 26.768001556396484, 67.76000213623047, 223.66400146484375], [60.816001892089844, 41.552001953125, 108.97600555419922, 223.66400146484375], [2.8000001907348633, 26.768001556396484, 67.76000213623047, 169.2320098876953], [147.05599975585938, 136.5279998779297, 217.6160125732422, 223.66400146484375], [155.79200744628906, 102.2560043334961, 208.2080078125, 200.36801147460938], [127.56800079345703, 107.18400573730469, 160.04800415039062, 187.37600708007812], [103.82400512695312, 140.11199951171875, 131.15200805664062, 223.66400146484375], [210.67201232910156, 132.94400024414062, 223.66400146484375, 187.82400512695312]], 'labels': ['whiteboard', 'person', 'person', 'person', 'person', 'person', 'person', 'person', 'person']}}"
0043,"{'<DENSE_REGION_CAPTION>': {'bboxes': [[0.1120000034570694, 0.1120000034570694, 152.2080078125, 126.00000762939453], [8.40000057220459, 133.8400115966797, 23.856000900268555, 176.84800720214844], [2.5759999752044678, 31.02400016784668, 67.76000213623047, 223.66400146484375], [68.8800048828125, 41.104000091552734, 114.57600402832031, 223.66400146484375], [159.60000610351562, 135.6320037841797, 219.6320037841797, 223.66400146484375], [127.56800079345703, 107.18400573730469, 161.39199829101562, 187.37600708007812], [104.94400024414062, 138.99200439453125, 131.37600708007812, 223.66400146484375], [165.42401123046875, 100.91200256347656, 196.7840118408203, 145.93600463867188], [210.89601135253906, 132.72000122070312, 223.66400146484375, 187.60000610351562]], 'labels': ['whiteboard', 'bottle', 'person', 'person', 'person', 'person', 'person', 'person', 'person']}}"
0044,"{'<DENSE_REGION_CAPTION>': {'bboxes': [[0.1120000034570694, 0.1120000034570694, 152.2080078125, 125.552001953125], [1.6800000667572021, 28.560001373291016, 67.76000213623047, 223.66400146484375], [74.4800033569336, 40.880001068115234, 119.9520034790039, 223.66400146484375], [1.6800000667572021, 28.560001373291016, 48.04800033569336, 169.4560089111328], [127.34400177001953, 107.40800476074219, 163.1840057373047, 185.58399963378906], [105.39200592041016, 137.64801025390625, 131.60000610351562, 223.66400146484375]], 'labels': ['whiteboard', 'woman', 'woman', 'woman', 'person', 'person']}}"
0045,"{'<DENSE_REGION_CAPTION>': {'bboxes': [[0.1120000034570694, 0.1120000034570694, 152.2080078125, 125.552001953125], [2.128000020980835, 26.992000579833984, 66.86399841308594, 223.66400146484375], [2.128000020980835, 26.992000579833984, 66.41600036621094, 168.7840118408203], [67.31200408935547, 44.6879997253418, 112.11200714111328, 223.66400146484375], [152.8800048828125, 144.36801147460938, 216.72000122070312, 223.66400146484375], [182.0, 0.1120000034570694, 223.66400146484375, 67.98400115966797], [100.01600646972656, 142.8000030517578, 132.27200317382812, 223.66400146484375], [136.0800018310547, 106.96000671386719, 158.70401000976562, 173.26400756835938], [211.56800842285156, 132.27200317382812, 223.66400146484375, 187.60000610351562]], 'labels': ['whiteboard', 'woman', 'woman', 'woman', 'person', 'person', 'person', 'person', 'person']}}"
0046,"{'<DENSE_REGION_CAPTION>': {'bboxes': [[0.1120000034570694, 0.1120000034570694, 152.2080078125, 127.79200744628906], [8.624000549316406, 133.8400115966797, 23.631999969482422, 180.8800048828125], [170.1280059814453, 216.04800415039062, 221.20001220703125, 223.66400146484375], [71.56800079345703, 62.832000732421875, 82.09600067138672, 87.92000579833984]], 'labels': ['whiteboard', 'bottle', 'chair', 'human face']}}"
0047,"{'<DENSE_REGION_CAPTION>': {'bboxes': [[0.1120000034570694, 0.1120000034570694, 152.2080078125, 127.79200744628906], [8.848000526428223, 133.61599731445312, 23.631999969482422, 180.8800048828125], [170.5760040283203, 216.04800415039062, 221.20001220703125, 223.66400146484375], [103.3759994506836, 105.16800689697266, 117.93600463867188, 130.25599670410156], [159.15200805664062, 141.0080108642578, 170.3520050048828, 166.76800537109375], [142.3520050048828, 113.45600128173828, 152.656005859375, 131.82400512695312]], 'labels': ['whiteboard', 'bottle', 'chair', 'human face', 'human face', 'human face']}}"
0048,"{'<DENSE_REGION_CAPTION>': {'bboxes': [[0.1120000034570694, 0.1120000034570694, 152.2080078125, 126.00000762939453], [9.520000457763672, 133.16799926757812, 25.200000762939453, 180.4320068359375], [47.152000427246094, 50.736000061035156, 95.53600311279297, 223.66400146484375], [2.128000020980835, 32.36800003051758, 51.40800094604492, 169.9040069580078], [156.46400451660156, 140.11199951171875, 215.82400512695312, 223.66400146484375], [91.2800064086914, 137.42401123046875, 132.49600219726562, 223.66400146484375], [182.0, 0.1120000034570694, 223.66400146484375, 67.98400115966797], [136.3040008544922, 107.18400573730469, 161.16799926757812, 173.26400756835938], [211.56800842285156, 132.27200317382812, 223.66400146484375, 187.60000610351562]], 'labels': ['whiteboard', 'bottle', 'person', 'person', 'person', 'person', 'person', 'person', 'person']}}"
0049,"{'<DENSE_REGION_CAPTION>': {'bboxes': [[0.1120000034570694, 0.1120000034570694, 152.2080078125, 126.00000762939453], [9.520000457763672, 133.39199829101562, 24.527999877929688, 180.656005859375], [2.5759999752044678, 28.784000396728516, 52.97600173950195, 169.4560089111328], [51.18400192260742, 51.18400192260742, 90.16000366210938, 223.66400146484375], [156.46400451660156, 136.0800018310547, 216.49600219726562, 223.66400146484375], [182.0, 0.1120000034570694, 223.66400146484375, 67.98400115966797], [136.0800018310547, 107.18400573730469, 162.7360076904297, 173.71200561523438], [211.34400939941406, 132.27200317382812, 223.66400146484375, 187.60000610351562]], 'labels': ['whiteboard', 'bottle', 'person', 'person', 'person', 'person', 'person', 'person']}}"
0050,"{'<DENSE_REGION_CAPTION>': {'bboxes': [[0.1120000034570694, 0.1120000034570694, 152.4320068359375, 126.22400665283203], [57.23200225830078, 54.320003509521484, 115.69600677490234, 223.66400146484375], [1.2319999933242798, 30.352001190185547, 55.44000244140625, 169.6800079345703], [155.56800842285156, 133.8400115966797, 216.94400024414062, 223.66400146484375], [181.10400390625, 0.1120000034570694, 223.66400146484375, 68.20800018310547]], 'labels': ['whiteboard', 'woman', 'woman', 'woman', 'person']}}"
0051,"{'<DENSE_REGION_CAPTION>': {'bboxes': [[0.1120000034570694, 0.1120000034570694, 151.760009765625, 133.39199829101562], [9.296000480651855, 133.61599731445312, 24.527999877929688, 180.656005859375], [169.6800079345703, 215.82400512695312, 223.66400146484375, 223.66400146484375], [171.2480010986328, 160.72000122070312, 183.34400939941406, 185.58399963378906]], 'labels': ['whiteboard', 'bottle', 'chair', 'human face']}}"
0052,"{'<DENSE_REGION_CAPTION>': {'bboxes': [[0.1120000034570694, 0.1120000034570694, 152.2080078125, 125.552001953125], [9.520000457763672, 133.61599731445312, 24.75200080871582, 180.656005859375], [170.1280059814453, 216.27200317382812, 223.66400146484375, 223.66400146484375], [194.76800537109375, 0.1120000034570694, 214.03201293945312, 21.61600112915039], [103.1520004272461, 147.05599975585938, 115.47200012207031, 170.5760040283203], [161.16799926757812, 142.1280059814453, 173.04000854492188, 165.20001220703125], [142.3520050048828, 113.23200225830078, 153.10400390625, 132.72000122070312], [213.36000061035156, 143.6959991455078, 223.66400146484375, 159.82400512695312]], 'labels': ['whiteboard', 'bottle', 'chair', 'human face', 'human face', 'human face', 'human face', 'human face']}}"
0053,"{'<DENSE_REGION_CAPTION>': {'bboxes': [[0.1120000034570694, 0.1120000034570694, 152.2080078125, 130.70401000976562], [7.952000141143799, 54.09600067138672, 70.89600372314453, 223.66400146484375], [1.4560000896453857, 30.352001190185547, 41.104000091552734, 170.3520050048828], [94.86400604248047, 139.88800048828125, 131.82400512695312, 223.66400146484375], [180.656005859375, 0.1120000034570694, 223.66400146484375, 68.20800018310547], [136.3040008544922, 107.18400573730469, 161.16799926757812, 167.88800048828125], [88.81600189208984, 107.40800476074219, 112.78400421142578, 167.44000244140625], [211.34400939941406, 131.82400512695312, 223.66400146484375, 187.82400512695312]], 'labels': ['whiteboard', 'person', 'person', 'person', 'person', 'person', 'person', 'person']}}"
0054,"{'<DENSE_REGION_CAPTION>': {'bboxes': [[0.1120000034570694, 0.1120000034570694, 152.2080078125, 130.70401000976562], [0.1120000034570694, 54.544002532958984, 70.67200469970703, 223.66400146484375], [0.1120000034570694, 29.00800132751465, 38.19200134277344, 156.91200256347656], [95.31200408935547, 139.66400146484375, 131.82400512695312, 223.66400146484375], [127.12000274658203, 107.40800476074219, 162.0640106201172, 186.25601196289062], [88.14400482177734, 107.85600280761719, 112.56000518798828, 166.09600830078125], [210.89601135253906, 132.04800415039062, 223.66400146484375, 188.04800415039062]], 'labels': ['whiteboard', 'person', 'person', 'person', 'person', 'person', 'person']}}"
0055,"{'<DENSE_REGION_CAPTION>': {'bboxes': [[0.1120000034570694, 0.1120000034570694, 154.2239990234375, 130.92800903320312], [0.1120000034570694, 53.87200164794922, 70.44800567626953, 223.66400146484375], [0.1120000034570694, 27.440000534057617, 37.74399948120117, 168.33599853515625], [156.46400451660156, 136.0800018310547, 217.16799926757812, 223.66400146484375], [94.41600036621094, 140.11199951171875, 131.37600708007812, 223.66400146484375], [126.89600372314453, 107.40800476074219, 162.5120086669922, 184.91200256347656], [87.24800109863281, 107.63200378417969, 113.68000030517578, 165.64801025390625]], 'labels': ['whiteboard', 'person', 'person', 'person', 'person', 'person', 'person']}}"
0056,"{'<DENSE_REGION_CAPTION>': {'bboxes': [[0.1120000034570694, 0.1120000034570694, 154.2239990234375, 130.70401000976562], [0.1120000034570694, 53.87200164794922, 69.7760009765625, 223.66400146484375], [156.46400451660156, 136.0800018310547, 216.27200317382812, 223.66400146484375], [1.2319999933242798, 25.424001693725586, 36.176002502441406, 136.0800018310547], [94.86400604248047, 141.0080108642578, 131.15200805664062, 223.66400146484375], [127.56800079345703, 107.63200378417969, 161.6160125732422, 185.58399963378906], [87.24800109863281, 107.85600280761719, 113.00800323486328, 165.20001220703125]], 'labels': ['whiteboard', 'person', 'person', 'person', 'person', 'person', 'person']}}"
0057,"{'<DENSE_REGION_CAPTION>': {'bboxes': [[0.1120000034570694, 0.1120000034570694, 154.2239990234375, 130.70401000976562], [9.968000411987305, 54.09600067138672, 69.3280029296875, 223.66400146484375], [149.96800231933594, 126.00000762939453, 216.49600219726562, 223.66400146484375], [3.248000144958496, 26.32000160217285, 36.847999572753906, 135.8560028076172], [94.86400604248047, 141.0080108642578, 130.92800903320312, 223.66400146484375], [127.12000274658203, 107.85600280761719, 161.6160125732422, 186.03201293945312], [87.69599914550781, 108.08000183105469, 112.56000518798828, 163.8560028076172], [212.24000549316406, 132.49600219726562, 223.66400146484375, 188.04800415039062], [169.2320098876953, 215.37600708007812, 221.87200927734375, 223.66400146484375]], 'labels': ['whiteboard', 'person', 'person', 'person', 'person', 'person', 'person', 'person', 'chair']}}"
0058,"{'<DENSE_REGION_CAPTION>': {'bboxes': [[0.1120000034570694, 0.1120000034570694, 152.8800048828125, 130.70401000976562], [169.0080108642578, 215.15200805664062, 222.09600830078125, 223.66400146484375], [93.07200622558594, 112.78400421142578, 104.04800415039062, 133.16799926757812], [28.784000396728516, 46.47999954223633, 37.29600143432617, 69.10400390625], [142.5760040283203, 112.78400421142578, 152.2080078125, 130.70401000976562], [212.68800354003906, 146.60800170898438, 222.54400634765625, 161.8400115966797]], 'labels': ['whiteboard', 'chair', 'human face', 'human face', 'human face', 'human face']}}"
0059,"{'<DENSE_REGION_CAPTION>': {'bboxes': [[149.96800231933594, 0.1120000034570694, 223.66400146484375, 77.84000396728516], [9.520000457763672, 133.39199829101562, 24.304000854492188, 180.4320068359375], [169.0080108642578, 215.15200805664062, 221.87200927734375, 223.66400146484375], [114.12800598144531, 146.83200073242188, 127.56800079345703, 173.26400756835938], [92.6240005493164, 112.78400421142578, 104.94400024414062, 134.7360076904297], [26.32000160217285, 47.37600326538086, 37.07200241088867, 69.3280029296875], [143.0240020751953, 113.00800323486328, 152.656005859375, 131.15200805664062], [212.91200256347656, 147.95201110839844, 222.76800537109375, 163.1840057373047]], 'labels': ['whiteboard', 'bottle', 'chair', 'human face', 'human face', 'human face', 'human face', 'human face']}}"
0060,"{'<DENSE_REGION_CAPTION>': {'bboxes': [[0.1120000034570694, 0.1120000034570694, 152.8800048828125, 130.70401000976562], [10.86400032043457, 53.20000076293945, 69.552001953125, 223.66400146484375], [4.144000053405762, 28.336000442504883, 40.656002044677734, 169.9040069580078], [157.13600158691406, 132.94400024414062, 218.0640106201172, 223.66400146484375], [85.90399932861328, 108.08000183105469, 116.59200286865234, 223.66400146484375], [180.656005859375, 0.1120000034570694, 223.66400146484375, 68.20800018310547], [117.93600463867188, 165.87200927734375, 152.656005859375, 223.66400146484375], [137.42401123046875, 107.40800476074219, 164.0800018310547, 173.71200561523438], [211.56800842285156, 132.49600219726562, 223.66400146484375, 187.82400512695312]], 'labels': ['whiteboard', 'woman', 'woman', 'woman', 'person', 'person', 'person', 'person', 'person']}}"
0061,"{'<DENSE_REGION_CAPTION>': {'bboxes': [[0.1120000034570694, 0.1120000034570694, 152.4320068359375, 131.15200805664062], [9.520000457763672, 133.39199829101562, 24.079999923706055, 180.4320068359375], [21.392000198364258, 0.1120000034570694, 41.104000091552734, 19.600000381469727], [163.8560028076172, 141.9040069580078, 178.63999938964844, 168.7840118408203], [169.6800079345703, 117.26399993896484, 185.80799865722656, 138.54400634765625], [101.8080062866211, 111.88800048828125, 116.14400482177734, 129.80799865722656], [142.5760040283203, 113.68000030517578, 152.4320068359375, 132.27200317382812], [214.25601196289062, 145.93600463867188, 223.66400146484375, 160.94400024414062]], 'labels': ['whiteboard', 'bottle', 'flag', 'human face', 'human face', 'human face', 'human face', 'human face']}}"
0062,"{'<DENSE_REGION_CAPTION>': {'bboxes': [[0.1120000034570694, 0.1120000034570694, 153.7760009765625, 125.552001953125], [38.41600036621094, 56.112003326416016, 106.51200103759766, 223.66400146484375], [3.0240001678466797, 25.424001693725586, 66.19200134277344, 169.6800079345703], [159.15200805664062, 131.15200805664062, 217.8400115966797, 223.66400146484375], [102.7040023803711, 154.0, 149.07200622558594, 223.66400146484375], [136.9759979248047, 107.40800476074219, 161.16799926757812, 167.44000244140625]], 'labels': ['whiteboard', 'woman', 'woman', 'woman', 'woman', 'woman']}}"
0063,"{'<DENSE_REGION_CAPTION>': {'bboxes': [[0.1120000034570694, 0.1120000034570694, 153.7760009765625, 125.552001953125], [9.520000457763672, 133.61599731445312, 24.97599983215332, 180.4320068359375], [170.3520050048828, 216.04800415039062, 222.76800537109375, 223.66400146484375], [143.0240020751953, 113.90400695800781, 153.552001953125, 133.16799926757812]], 'labels': ['whiteboard', 'bottle', 'chair', 'human face']}}"
0064,"{'<DENSE_REGION_CAPTION>': {'bboxes': [[0.1120000034570694, 0.1120000034570694, 152.4320068359375, 125.3280029296875], [9.520000457763672, 133.61599731445312, 24.75200080871582, 180.4320068359375], [170.1280059814453, 216.04800415039062, 222.54400634765625, 223.66400146484375], [25.424001693725586, 46.47999954223633, 39.3120002746582, 75.3759994506836]], 'labels': ['whiteboard', 'bottle', 'chair', 'human face']}}"
0065,"{'<DENSE_REGION_CAPTION>': {'bboxes': [[0.1120000034570694, 0.1120000034570694, 152.2080078125, 125.3280029296875], [9.520000457763672, 132.72000122070312, 24.527999877929688, 177.52000427246094], [24.527999877929688, 46.704002380371094, 38.41600036621094, 75.82400512695312]], 'labels': ['whiteboard', 'bottle', 'human face']}}"
0066,"{'<DENSE_REGION_CAPTION>': {'bboxes': [[0.1120000034570694, 0.1120000034570694, 151.9840087890625, 223.66400146484375], [5.936000347137451, 27.440000534057617, 84.33600616455078, 223.66400146484375], [159.37600708007812, 134.5120086669922, 222.09600830078125, 223.66400146484375], [100.46400451660156, 18.256000518798828, 142.5760040283203, 125.10400390625], [117.48800659179688, 97.552001953125, 159.37600708007812, 189.6160125732422], [180.656005859375, 0.1120000034570694, 223.66400146484375, 68.43199920654297], [211.34400939941406, 132.72000122070312, 223.66400146484375, 187.60000610351562], [170.5760040283203, 102.7040023803711, 186.03201293945312, 137.42401123046875]], 'labels': ['whiteboard', 'person', 'person', 'person', 'person', 'person', 'person', 'person']}}"
0067,"{'<DENSE_REGION_CAPTION>': {'bboxes': [[0.1120000034570694, 0.1120000034570694, 152.2080078125, 131.60000610351562], [9.744000434875488, 133.8400115966797, 22.736000061035156, 177.29600524902344], [169.9040069580078, 216.04800415039062, 222.54400634765625, 223.66400146484375], [169.2320098876953, 117.71200561523438, 179.9840087890625, 137.64801025390625]], 'labels': ['whiteboard', 'bottle', 'chair', 'human face']}}"
0068,"{'<DENSE_REGION_CAPTION>': {'bboxes': [[0.1120000034570694, 0.1120000034570694, 152.4320068359375, 168.7840118408203], [4.5920000076293945, 28.560001373291016, 65.29600524902344, 168.11199951171875], [9.520000457763672, 97.552001953125, 68.20800018310547, 223.66400146484375], [86.12800598144531, 12.656000137329102, 131.37600708007812, 146.38400268554688], [160.04800415039062, 134.2880096435547, 218.2880096435547, 223.66400146484375], [86.35200500488281, 12.656000137329102, 131.15200805664062, 103.82400512695312], [136.0800018310547, 105.16800689697266, 162.9600067138672, 223.66400146484375], [162.0640106201172, 102.4800033569336, 185.58399963378906, 190.5120086669922], [212.46400451660156, 132.04800415039062, 223.66400146484375, 187.60000610351562]], 'labels': ['whiteboard', 'woman', 'person', 'person', 'person', 'person', 'person', 'person', 'person']}}"
0069,"{'<DENSE_REGION_CAPTION>': {'bboxes': [[86.35200500488281, 50.736000061035156, 166.99200439453125, 223.66400146484375], [12.208000183105469, 52.52799987792969, 68.20800018310547, 223.66400146484375], [159.60000610351562, 134.2880096435547, 218.2880096435547, 223.66400146484375], [5.263999938964844, 28.784000396728516, 37.29600143432617, 162.7360076904297], [181.552001953125, 0.1120000034570694, 223.66400146484375, 68.20800018310547], [162.7360076904297, 102.9280014038086, 184.46400451660156, 190.2880096435547], [106.28800201416016, 14.0, 133.8400115966797, 82.54400634765625], [162.9600067138672, 102.9280014038086, 183.79200744628906, 169.9040069580078], [212.24000549316406, 132.49600219726562, 223.66400146484375, 188.04800415039062]], 'labels': ['person', 'person', 'person', 'person', 'person', 'person', 'person', 'person', 'person']}}"
0070,"{'<DENSE_REGION_CAPTION>': {'bboxes': [[0.1120000034570694, 31.696001052856445, 67.76000213623047, 223.66400146484375], [0.1120000034570694, 31.696001052856445, 67.53600311279297, 167.88800048828125], [0.1120000034570694, 31.696001052856445, 33.93600082397461, 167.66400146484375], [88.81600189208984, 106.73600006103516, 118.83200073242188, 173.71200561523438]], 'labels': ['person', 'person', 'person', 'person']}}"
0071,"{'<DENSE_REGION_CAPTION>': {'bboxes': [[20.272001266479492, 0.1120000034570694, 152.4320068359375, 130.48001098632812], [15.120000839233398, 53.64800262451172, 68.656005859375, 223.66400146484375], [0.1120000034570694, 28.560001373291016, 31.472000122070312, 167.44000244140625], [10.416000366210938, 44.0160026550293, 25.200000762939453, 73.36000061035156]], 'labels': ['whiteboard', 'woman', 'woman', 'human face']}}"
0072,"{'<DENSE_REGION_CAPTION>': {'bboxes': [[0.1120000034570694, 0.1120000034570694, 152.4320068359375, 130.70401000976562], [0.1120000034570694, 28.784000396728516, 68.20800018310547, 177.74400329589844], [0.1120000034570694, 28.784000396728516, 49.84000015258789, 136.5279998779297], [158.92800903320312, 134.7360076904297, 217.8400115966797, 223.66400146484375], [125.3280029296875, 107.40800476074219, 164.0800018310547, 191.1840057373047], [83.44000244140625, 104.94400024414062, 116.14400482177734, 189.6160125732422]], 'labels': ['whiteboard', 'woman', 'woman', 'person', 'person', 'person']}}"
0073,"{'<DENSE_REGION_CAPTION>': {'bboxes': [[0.1120000034570694, 0.1120000034570694, 152.4320068359375, 130.70401000976562], [0.1120000034570694, 28.784000396728516, 39.3120002746582, 169.9040069580078], [11.760000228881836, 91.2800064086914, 64.6240005493164, 199.4720001220703], [159.15200805664062, 134.2880096435547, 218.0640106201172, 223.66400146484375], [1.0080000162124634, 28.784000396728516, 39.3120002746582, 136.9759979248047], [125.3280029296875, 107.63200378417969, 163.1840057373047, 191.6320037841797], [83.66400146484375, 105.84000396728516, 115.02400207519531, 190.2880096435547], [163.1840057373047, 102.7040023803711, 184.91200256347656, 171.6959991455078]], 'labels': ['whiteboard', 'person', 'woman', 'person', 'person', 'person', 'person', 'person']}}"
0074,"{'<DENSE_REGION_CAPTION>': {'bboxes': [[0.1120000034570694, 0.1120000034570694, 152.4320068359375, 130.70401000976562], [1.6800000667572021, 25.648000717163086, 70.0, 141.2320098876953], [15.120000839233398, 93.74400329589844, 68.8800048828125, 223.66400146484375], [159.37600708007812, 133.8400115966797, 217.6160125732422, 223.66400146484375], [1.6800000667572021, 25.648000717163086, 37.07200241088867, 136.3040008544922], [125.3280029296875, 107.63200378417969, 163.1840057373047, 191.6320037841797], [83.88800048828125, 106.06400299072266, 117.04000091552734, 189.6160125732422], [181.552001953125, 0.1120000034570694, 223.66400146484375, 68.43199920654297], [157.13600158691406, 103.1520004272461, 184.46400451660156, 190.9600067138672], [163.4080047607422, 103.1520004272461, 184.24000549316406, 171.4720001220703], [213.13600158691406, 133.8400115966797, 223.66400146484375, 187.60000610351562]], 'labels': ['whiteboard', 'person', 'person', 'person', 'person', 'person', 'person', 'person', 'person', 'person', 'person']}}"
0075,"{'<DENSE_REGION_CAPTION>': {'bboxes': [[0.1120000034570694, 0.1120000034570694, 152.4320068359375, 131.15200805664062], [3.0240001678466797, 26.32000160217285, 48.944000244140625, 169.0080108642578], [15.792000770568848, 94.19200134277344, 67.76000213623047, 223.66400146484375], [159.60000610351562, 135.4080047607422, 217.6160125732422, 223.66400146484375], [3.0240001678466797, 26.32000160217285, 40.432003021240234, 134.9600067138672], [83.21600341796875, 105.61600494384766, 116.81600189208984, 191.6320037841797], [125.3280029296875, 107.18400573730469, 160.04800415039062, 191.1840057373047], [182.0, 0.1120000034570694, 223.66400146484375, 68.20800018310547], [163.1840057373047, 102.9280014038086, 184.91200256347656, 171.9199981689453], [212.24000549316406, 132.72000122070312, 223.66400146484375, 187.60000610351562]], 'labels': ['whiteboard', 'person', 'person', 'person', 'person', 'person', 'person', 'person', 'person', 'person']}}"
0076,"{'<DENSE_REGION_CAPTION>': {'bboxes': [[0.1120000034570694, 0.1120000034570694, 152.4320068359375, 131.15200805664062], [3.0240001678466797, 27.88800048828125, 50.064002990722656, 168.7840118408203], [16.239999771118164, 95.31200408935547, 67.08800506591797, 223.66400146484375], [159.37600708007812, 135.4080047607422, 217.16799926757812, 223.66400146484375], [3.0240001678466797, 27.88800048828125, 49.84000015258789, 135.4080047607422], [82.76800537109375, 106.73600006103516, 126.89600372314453, 199.92001342773438], [125.3280029296875, 107.40800476074219, 159.37600708007812, 191.1840057373047], [181.552001953125, 0.1120000034570694, 223.66400146484375, 68.20800018310547], [163.1840057373047, 103.3759994506836, 184.01600646972656, 172.36801147460938], [212.24000549316406, 132.72000122070312, 223.66400146484375, 187.60000610351562]], 'labels': ['whiteboard', 'person', 'person', 'person', 'person', 'person', 'person', 'person', 'person', 'person']}}"
0077,"{'<DENSE_REGION_CAPTION>': {'bboxes': [[0.1120000034570694, 0.1120000034570694, 152.4320068359375, 130.92800903320312], [1.2319999933242798, 29.45600128173828, 68.43199920654297, 144.59201049804688], [16.239999771118164, 95.08800506591797, 67.08800506591797, 223.66400146484375], [159.37600708007812, 134.7360076904297, 217.16799926757812, 223.66400146484375], [1.2319999933242798, 29.45600128173828, 39.98400115966797, 134.7360076904297], [125.3280029296875, 107.18400573730469, 159.37600708007812, 190.9600067138672], [83.66400146484375, 106.28800201416016, 115.02400207519531, 187.60000610351562], [163.4080047607422, 104.04800415039062, 183.79200744628906, 171.4720001220703], [212.24000549316406, 132.72000122070312, 223.66400146484375, 187.37600708007812]], 'labels': ['whiteboard', 'person', 'person', 'person', 'person', 'person', 'person', 'person', 'person']}}"
0078,"{'<DENSE_REGION_CAPTION>': {'bboxes': [[0.1120000034570694, 0.1120000034570694, 152.4320068359375, 130.70401000976562], [9.520000457763672, 132.27200317382812, 24.079999923706055, 173.26400756835938], [21.168001174926758, 0.1120000034570694, 41.7760009765625, 22.96000099182129], [14.672000885009766, 45.58399963378906, 28.336000442504883, 74.7040023803711], [92.1760025024414, 110.99200439453125, 103.1520004272461, 132.72000122070312], [170.5760040283203, 118.16000366210938, 180.656005859375, 139.88800048828125], [139.44000244140625, 113.90400695800781, 148.84800720214844, 133.61599731445312], [213.58399963378906, 145.71200561523438, 223.66400146484375, 161.16799926757812]], 'labels': ['whiteboard', 'bottle', 'flag', 'human face', 'human face', 'human face', 'human face', 'human face']}}"
0079,"{'<DENSE_REGION_CAPTION>': {'bboxes': [[0.1120000034570694, 0.1120000034570694, 152.4320068359375, 130.92800903320312], [0.1120000034570694, 33.263999938964844, 68.656005859375, 168.11199951171875], [0.1120000034570694, 33.263999938964844, 35.055999755859375, 168.11199951171875], [0.1120000034570694, 33.263999938964844, 35.95199966430664, 137.64801025390625], [159.37600708007812, 134.5120086669922, 217.6160125732422, 223.66400146484375], [85.00800323486328, 106.51200103759766, 126.67200469970703, 199.92001342773438], [125.3280029296875, 107.63200378417969, 159.37600708007812, 191.1840057373047], [181.552001953125, 0.1120000034570694, 223.66400146484375, 68.43199920654297], [163.1840057373047, 104.04800415039062, 184.01600646972656, 171.4720001220703], [212.01600646972656, 132.72000122070312, 223.66400146484375, 187.82400512695312]], 'labels': ['whiteboard', 'person', 'person', 'woman', 'person', 'person', 'person', 'person', 'person', 'person']}}"
0080,"{'<DENSE_REGION_CAPTION>': {'bboxes': [[0.1120000034570694, 0.1120000034570694, 152.4320068359375, 130.70401000976562], [0.1120000034570694, 32.36800003051758, 68.656005859375, 223.66400146484375], [0.1120000034570694, 32.36800003051758, 68.8800048828125, 147.05599975585938], [0.1120000034570694, 32.36800003051758, 37.29600143432617, 223.66400146484375], [0.1120000034570694, 32.592002868652344, 37.29600143432617, 223.66400146484375], [21.392000198364258, 91.2800064086914, 66.19200134277344, 223.66400146484375], [159.15200805664062, 136.9759979248047, 217.6160125732422, 223.66400146484375], [0.1120000034570694, 32.816001892089844, 37.07200241088867, 137.42401123046875], [85.00800323486328, 105.84000396728516, 126.89600372314453, 199.2480010986328], [125.3280029296875, 107.63200378417969, 160.04800415039062, 191.1840057373047], [181.552001953125, 0.1120000034570694, 223.66400146484375, 68.43199920654297], [163.4080047607422, 103.82400512695312, 184.68800354003906, 170.8000030517578], [212.46400451660156, 132.72000122070312, 223.66400146484375, 187.82400512695312]], 'labels': ['whiteboard', 'person', 'person', 'person', 'person', 'person', 'person', 'person', 'person', 'person', 'person', 'person', 'person']}}"
0081,"{'<DENSE_REGION_CAPTION>': {'bboxes': [[0.1120000034570694, 0.1120000034570694, 152.4320068359375, 130.70401000976562], [0.1120000034570694, 28.560001373291016, 68.656005859375, 161.6160125732422], [0.1120000034570694, 28.560001373291016, 37.52000045776367, 161.6160125732422], [17.360000610351562, 89.26399993896484, 65.74400329589844, 223.66400146484375], [155.34400939941406, 136.7519989013672, 216.94400024414062, 223.66400146484375], [84.33600616455078, 106.06400299072266, 126.67200469970703, 210.0], [125.3280029296875, 107.63200378417969, 159.60000610351562, 191.1840057373047], [181.552001953125, 0.1120000034570694, 223.66400146484375, 68.20800018310547], [156.46400451660156, 103.82400512695312, 185.58399963378906, 191.4080047607422], [212.24000549316406, 132.72000122070312, 223.66400146484375, 187.60000610351562]], 'labels': ['whiteboard', 'woman', 'woman', 'person', 'person', 'person', 'person', 'person', 'person', 'person']}}"
0082,"{'<DENSE_REGION_CAPTION>': {'bboxes': [[0.1120000034570694, 0.1120000034570694, 152.4320068359375, 130.70401000976562], [0.1120000034570694, 26.09600067138672, 35.95199966430664, 171.6959991455078], [153.3280029296875, 136.9759979248047, 212.46400451660156, 223.66400146484375], [22.064001083374023, 88.36800384521484, 65.74400329589844, 188.72000122070312], [84.33600616455078, 106.28800201416016, 126.67200469970703, 210.0], [125.10400390625, 107.40800476074219, 160.04800415039062, 191.1840057373047], [181.552001953125, 0.1120000034570694, 223.66400146484375, 68.20800018310547], [162.9600067138672, 103.82400512695312, 190.9600067138672, 184.46400451660156], [212.46400451660156, 133.8400115966797, 223.66400146484375, 188.04800415039062]], 'labels': ['whiteboard', 'person', 'person', 'person', 'person', 'person', 'person', 'person', 'person']}}"
0083,"{'<DENSE_REGION_CAPTION>': {'bboxes': [[0.1120000034570694, 0.1120000034570694, 152.4320068359375, 130.70401000976562], [9.744000434875488, 133.16799926757812, 24.079999923706055, 175.95201110839844], [39.98400115966797, 172.81600952148438, 60.816001892089844, 223.66400146484375], [92.1760025024414, 110.76800537109375, 103.60000610351562, 134.0640106201172], [138.99200439453125, 113.45600128173828, 149.29600524902344, 133.61599731445312], [170.5760040283203, 118.60800170898438, 180.656005859375, 137.1999969482422], [30.352001190185547, 37.96800231933594, 36.400001525878906, 60.36800003051758]], 'labels': ['whiteboard', 'bottle', 'chair', 'human face', 'human face', 'human face', 'human face']}}"
0084,"{'<DENSE_REGION_CAPTION>': {'bboxes': [[0.1120000034570694, 0.1120000034570694, 152.4320068359375, 130.70401000976562], [39.76000213623047, 172.14401245117188, 61.040000915527344, 223.66400146484375], [169.9040069580078, 216.04800415039062, 222.09600830078125, 223.66400146484375], [93.29600524902344, 113.90400695800781, 106.51200103759766, 138.09600830078125], [138.99200439453125, 113.68000030517578, 149.29600524902344, 133.39199829101562], [170.8000030517578, 118.60800170898438, 180.656005859375, 137.1999969482422], [31.02400016784668, 36.847999572753906, 36.847999572753906, 59.92000198364258], [216.94400024414062, 147.72801208496094, 223.66400146484375, 163.1840057373047]], 'labels': ['whiteboard', 'chair', 'chair', 'human face', 'human face', 'human face', 'human face', 'human face']}}"
0085,"{'<DENSE_REGION_CAPTION>': {'bboxes': [[0.1120000034570694, 0.1120000034570694, 152.4320068359375, 130.70401000976562], [0.1120000034570694, 92.4000015258789, 65.29600524902344, 223.66400146484375], [0.1120000034570694, 23.631999969482422, 38.19200134277344, 171.9199981689453], [158.48001098632812, 134.2880096435547, 217.3920135498047, 223.66400146484375], [83.88800048828125, 106.06400299072266, 126.67200469970703, 210.2239990234375], [125.10400390625, 107.18400573730469, 160.04800415039062, 190.5120086669922], [181.552001953125, 0.1120000034570694, 223.66400146484375, 67.98400115966797], [162.9600067138672, 115.92000579833984, 183.79200744628906, 171.2480010986328], [208.8800048828125, 135.1840057373047, 223.66400146484375, 188.72000122070312]], 'labels': ['whiteboard', 'person', 'person', 'person', 'person', 'person', 'person', 'person', 'person']}}"
0086,"{'<DENSE_REGION_CAPTION>': {'bboxes': [[0.1120000034570694, 0.1120000034570694, 223.66400146484375, 223.66400146484375], [0.1120000034570694, 0.1120000034570694, 154.0, 130.48001098632812], [3.9200000762939453, 23.631999969482422, 66.63999938964844, 172.14401245117188], [0.1120000034570694, 92.8479995727539, 62.608001708984375, 223.66400146484375], [158.92800903320312, 132.94400024414062, 217.3920135498047, 223.66400146484375], [84.33600616455078, 106.51200103759766, 126.67200469970703, 210.0], [125.3280029296875, 107.18400573730469, 159.82400512695312, 190.5120086669922], [181.552001953125, 0.1120000034570694, 223.66400146484375, 67.98400115966797], [163.1840057373047, 102.9280014038086, 184.24000549316406, 170.8000030517578], [211.56800842285156, 135.8560028076172, 223.66400146484375, 187.82400512695312]], 'labels': ['whiteboard', 'whiteboard', 'person', 'person', 'person', 'person', 'person', 'person', 'person', 'person']}}"
0087,"{'<DENSE_REGION_CAPTION>': {'bboxes': [[0.1120000034570694, 0.1120000034570694, 152.8800048828125, 130.70401000976562], [3.696000099182129, 23.631999969482422, 100.91200256347656, 133.8400115966797], [9.520000457763672, 95.08800506591797, 61.26400375366211, 223.66400146484375], [158.92800903320312, 133.39199829101562, 217.6160125732422, 223.66400146484375], [84.33600616455078, 106.51200103759766, 126.67200469970703, 210.44801330566406], [125.3280029296875, 107.63200378417969, 159.82400512695312, 190.9600067138672], [181.7760009765625, 0.1120000034570694, 223.66400146484375, 68.20800018310547], [163.1840057373047, 102.2560043334961, 191.1840057373047, 190.0640106201172], [211.34400939941406, 135.8560028076172, 223.66400146484375, 188.04800415039062]], 'labels': ['whiteboard', 'person', 'person', 'person', 'person', 'person', 'person', 'person', 'person']}}"
0088,"{'<DENSE_REGION_CAPTION>': {'bboxes': [[0.1120000034570694, 0.1120000034570694, 153.7760009765625, 130.70401000976562], [1.0080000162124634, 23.856000900268555, 82.76800537109375, 135.4080047607422], [10.416000366210938, 95.08800506591797, 61.26400375366211, 223.66400146484375], [158.92800903320312, 140.11199951171875, 217.6160125732422, 223.66400146484375], [84.33600616455078, 106.28800201416016, 126.67200469970703, 210.44801330566406], [125.3280029296875, 107.18400573730469, 159.60000610351562, 190.9600067138672], [182.2239990234375, 0.1120000034570694, 223.66400146484375, 68.20800018310547], [163.6320037841797, 102.9280014038086, 192.3040008544922, 189.6160125732422], [163.8560028076172, 116.81600189208984, 191.8560028076172, 189.8400115966797], [214.92800903320312, 132.04800415039062, 223.66400146484375, 187.37600708007812]], 'labels': ['whiteboard', 'person', 'person', 'person', 'person', 'person', 'person', 'person', 'person', 'person']}}"
0089,"{'<DENSE_REGION_CAPTION>': {'bboxes': [[0.1120000034570694, 0.1120000034570694, 154.67201232910156, 130.48001098632812], [0.1120000034570694, 24.079999923706055, 80.08000183105469, 171.6959991455078], [0.1120000034570694, 24.079999923706055, 79.85600280761719, 134.5120086669922], [9.520000457763672, 95.08800506591797, 61.48800277709961, 223.66400146484375], [141.2320098876953, 31.696001052856445, 171.6959991455078, 208.656005859375], [158.48001098632812, 135.4080047607422, 217.6160125732422, 223.66400146484375], [82.31999969482422, 106.51200103759766, 127.79200744628906, 210.44801330566406], [181.10400390625, 0.1120000034570694, 223.66400146484375, 68.20800018310547]], 'labels': ['whiteboard', 'person', 'person', 'person', 'person', 'person', 'person', 'person']}}"
0090,"{'<DENSE_REGION_CAPTION>': {'bboxes': [[0.1120000034570694, 0.1120000034570694, 151.9840087890625, 130.25599670410156], [20.720001220703125, 0.1120000034570694, 42.672000885009766, 23.631999969482422], [117.48800659179688, 197.2320098876953, 128.91200256347656, 222.09600830078125], [102.4800033569336, 210.0, 116.14400482177734, 223.66400146484375]], 'labels': ['whiteboard', 'flag', 'footwear', 'footwear']}}"
0091,"{'<DENSE_REGION_CAPTION>': {'bboxes': [[0.1120000034570694, 0.1120000034570694, 151.760009765625, 130.70401000976562], [0.1120000034570694, 23.631999969482422, 67.53600311279297, 171.6959991455078], [0.1120000034570694, 86.80000305175781, 61.26400375366211, 223.66400146484375], [109.42400360107422, 39.76000213623047, 151.760009765625, 223.66400146484375], [158.48001098632812, 133.8400115966797, 217.8400115966797, 223.66400146484375], [78.51200103759766, 110.54400634765625, 118.38400268554688, 204.62400817871094], [163.6320037841797, 103.82400512695312, 197.0080108642578, 189.8400115966797]], 'labels': ['whiteboard', 'woman', 'woman', 'woman', 'woman', 'person', 'person']}}"
0092,"{'<DENSE_REGION_CAPTION>': {'bboxes': [[0.1120000034570694, 0.1120000034570694, 152.4320068359375, 130.48001098632812], [153.7760009765625, 41.3280029296875, 211.79200744628906, 223.66400146484375], [1.2319999933242798, 25.648000717163086, 57.23200225830078, 172.14401245117188], [16.687999725341797, 87.69599914550781, 62.608001708984375, 223.66400146484375], [159.37600708007812, 133.39199829101562, 217.8400115966797, 223.66400146484375], [78.95999908447266, 111.44000244140625, 127.56800079345703, 210.89601135253906], [125.3280029296875, 107.18400573730469, 159.60000610351562, 191.4080047607422], [183.12001037597656, 0.1120000034570694, 220.75201416015625, 68.20800018310547], [0.1120000034570694, 0.1120000034570694, 23.631999969482422, 91.9520034790039], [0.1120000034570694, 0.1120000034570694, 23.408000946044922, 57.45600128173828], [0.1120000034570694, 0.1120000034570694, 4.815999984741211, 92.1760025024414]], 'labels': ['whiteboard', 'person', 'person', 'person', 'person', 'person', 'person', 'person', 'person', 'person', 'person']}}"
0093,"{'<DENSE_REGION_CAPTION>': {'bboxes': [[0.1120000034570694, 0.1120000034570694, 151.760009765625, 130.70401000976562], [0.1120000034570694, 0.1120000034570694, 67.53600311279297, 172.14401245117188], [0.1120000034570694, 0.1120000034570694, 35.95199966430664, 172.14401245117188], [157.36000061035156, 135.6320037841797, 216.72000122070312, 223.66400146484375], [78.06400299072266, 111.44000244140625, 126.89600372314453, 210.44801330566406], [1.2319999933242798, 25.200000762939453, 36.624000549316406, 136.0800018310547], [124.8800048828125, 112.56000518798828, 160.27200317382812, 190.9600067138672], [210.67201232910156, 40.880001068115234, 223.66400146484375, 187.60000610351562], [163.8560028076172, 104.04800415039062, 186.03201293945312, 177.29600524902344]], 'labels': ['whiteboard', 'person', 'person', 'person', 'person', 'person', 'person', 'person', 'person']}}"
0094,"{'<DENSE_REGION_CAPTION>': {'bboxes': [[0.1120000034570694, 0.1120000034570694, 151.760009765625, 130.70401000976562], [0.1120000034570694, 0.1120000034570694, 67.31200408935547, 223.66400146484375], [0.1120000034570694, 0.1120000034570694, 67.53600311279297, 147.05599975585938], [10.86400032043457, 86.57600402832031, 67.31200408935547, 223.66400146484375], [156.46400451660156, 133.61599731445312, 216.04800415039062, 223.66400146484375], [0.1120000034570694, 25.87200164794922, 36.624000549316406, 136.3040008544922], [78.51200103759766, 111.66400146484375, 117.71200561523438, 204.40000915527344], [124.4320068359375, 118.38400268554688, 168.5600128173828, 192.3040008544922], [182.67201232910156, 0.1120000034570694, 223.66400146484375, 68.43199920654297], [164.3040008544922, 103.3759994506836, 184.91200256347656, 172.81600952148438]], 'labels': ['whiteboard', 'person', 'person', 'person', 'person', 'person', 'person', 'person', 'person', 'person']}}"
0095,"{'<DENSE_REGION_CAPTION>': {'bboxes': [[0.1120000034570694, 0.1120000034570694, 154.2239990234375, 130.70401000976562], [0.1120000034570694, 30.128000259399414, 67.31200408935547, 161.8400115966797], [0.1120000034570694, 30.128000259399414, 40.880001068115234, 161.6160125732422], [0.1120000034570694, 30.128000259399414, 39.3120002746582, 223.66400146484375], [0.1120000034570694, 30.128000259399414, 40.20800018310547, 141.2320098876953], [0.1120000034570694, 29.904001235961914, 40.432003021240234, 141.4560089111328], [156.91200256347656, 134.7360076904297, 217.8400115966797, 223.66400146484375], [9.520000457763672, 93.07200622558594, 59.69600296020508, 188.72000122070312], [72.24000549316406, 111.66400146484375, 116.81600189208984, 203.72801208496094], [123.98400115966797, 119.0560073852539, 160.04800415039062, 190.9600067138672], [163.8560028076172, 115.92000579833984, 184.68800354003906, 189.16799926757812]], 'labels': ['whiteboard', 'woman', 'woman', 'person', 'person', 'woman', 'person', 'person', 'person', 'person', 'person']}}"
0096,"{'<DENSE_REGION_CAPTION>': {'bboxes': [[0.1120000034570694, 0.1120000034570694, 223.66400146484375, 223.66400146484375], [0.1120000034570694, 29.904001235961914, 67.76000213623047, 176.40000915527344], [0.1120000034570694, 95.76000213623047, 57.90400314331055, 223.66400146484375], [0.1120000034570694, 29.904001235961914, 60.14400100708008, 136.3040008544922], [157.13600158691406, 133.39199829101562, 217.8400115966797, 223.66400146484375], [72.46400451660156, 111.66400146484375, 126.44800567626953, 210.2239990234375], [124.20800018310547, 119.2800064086914, 161.6160125732422, 190.9600067138672], [163.8560028076172, 102.2560043334961, 185.13600158691406, 189.16799926757812]], 'labels': ['whiteboard', 'woman', 'woman', 'woman', 'woman', 'person', 'person', 'person']}}"
0097,"{'<DENSE_REGION_CAPTION>': {'bboxes': [[0.1120000034570694, 0.1120000034570694, 154.2239990234375, 130.70401000976562], [0.1120000034570694, 27.88800048828125, 67.53600311279297, 223.66400146484375], [0.1120000034570694, 27.88800048828125, 67.31200408935547, 149.74400329589844], [0.1120000034570694, 91.7280044555664, 63.50400161743164, 223.66400146484375], [0.1120000034570694, 28.112001419067383, 35.95199966430664, 223.66400146484375], [0.1120000034570694, 27.66400146484375, 67.53600311279297, 149.74400329589844], [157.80799865722656, 133.16799926757812, 216.04800415039062, 223.66400146484375], [0.1120000034570694, 27.440000534057617, 36.624000549316406, 135.4080047607422], [124.4320068359375, 118.38400268554688, 161.16799926757812, 190.9600067138672], [78.95999908447266, 111.66400146484375, 113.68000030517578, 171.0240020751953], [164.0800018310547, 102.9280014038086, 184.01600646972656, 184.46400451660156]], 'labels': ['whiteboard', 'person', 'person', 'person', 'person', 'person', 'person', 'person', 'person', 'person', 'person']}}"
0098,"{'<DENSE_REGION_CAPTION>': {'bboxes': [[0.1120000034570694, 0.1120000034570694, 153.7760009765625, 130.70401000976562], [0.1120000034570694, 24.97599983215332, 67.31200408935547, 172.14401245117188], [0.1120000034570694, 95.98400115966797, 61.26400375366211, 223.66400146484375], [157.13600158691406, 132.49600219726562, 216.27200317382812, 223.66400146484375], [72.46400451660156, 111.44000244140625, 118.38400268554688, 204.84800720214844], [124.20800018310547, 117.93600463867188, 161.8400115966797, 190.9600067138672]], 'labels': ['whiteboard', 'woman', 'woman', 'woman', 'person', 'person']}}"
0099,"{'<DENSE_REGION_CAPTION>': {'bboxes': [[0.1120000034570694, 0.1120000034570694, 154.2239990234375, 130.70401000976562], [0.1120000034570694, 26.32000160217285, 86.12800598144531, 223.66400146484375], [0.1120000034570694, 26.32000160217285, 85.90399932861328, 154.67201232910156], [0.1120000034570694, 97.7760009765625, 57.23200225830078, 223.66400146484375], [155.34400939941406, 133.39199829101562, 217.6160125732422, 223.66400146484375], [0.1120000034570694, 97.7760009765625, 56.112003326416016, 186.03201293945312], [124.20800018310547, 110.76800537109375, 161.39199829101562, 190.7360076904297], [181.7760009765625, 0.1120000034570694, 223.66400146484375, 67.98400115966797], [163.4080047607422, 103.1520004272461, 185.36000061035156, 176.17601013183594]], 'labels': ['whiteboard', 'woman', 'woman', 'woman', 'woman', 'woman', 'woman', 'woman', 'woman']}}"
0100,"{'<DENSE_REGION_CAPTION>': {'bboxes': [[0.1120000034570694, 0.1120000034570694, 154.2239990234375, 130.70401000976562], [1.2319999933242798, 24.527999877929688, 88.36800384521484, 171.6959991455078], [0.1120000034570694, 93.29600524902344, 61.93600082397461, 223.66400146484375], [147.27999877929688, 139.44000244140625, 223.66400146484375, 223.66400146484375], [76.49600219726562, 111.44000244140625, 117.71200561523438, 204.40000915527344], [124.20800018310547, 113.00800323486328, 161.16799926757812, 191.1840057373047], [181.552001953125, 0.1120000034570694, 223.66400146484375, 67.98400115966797], [163.6320037841797, 102.2560043334961, 187.15200805664062, 186.92800903320312]], 'labels': ['whiteboard', 'woman', 'woman', 'person', 'person', 'person', 'person', 'person']}}"
0101,"{'<DENSE_REGION_CAPTION>': {'bboxes': [[0.1120000034570694, 0.1120000034570694, 154.2239990234375, 130.70401000976562], [0.1120000034570694, 26.992000579833984, 91.5040054321289, 223.66400146484375], [0.1120000034570694, 26.992000579833984, 91.05599975585938, 133.8400115966797], [0.1120000034570694, 97.552001953125, 61.26400375366211, 223.66400146484375], [124.8800048828125, 102.2560043334961, 161.16799926757812, 191.6320037841797], [181.10400390625, 0.1120000034570694, 223.66400146484375, 68.20800018310547], [163.6320037841797, 102.9280014038086, 185.36000061035156, 187.37600708007812]], 'labels': ['whiteboard', 'woman', 'woman', 'woman', 'person', 'person', 'person']}}"
0102,"{'<DENSE_REGION_CAPTION>': {'bboxes': [[0.1120000034570694, 0.1120000034570694, 154.2239990234375, 130.70401000976562], [0.1120000034570694, 26.54400062561035, 89.26399993896484, 223.66400146484375], [0.1120000034570694, 26.54400062561035, 89.04000091552734, 138.54400634765625], [0.1120000034570694, 100.91200256347656, 61.93600082397461, 223.66400146484375], [123.53600311279297, 88.59200286865234, 194.09600830078125, 184.91200256347656], [153.3280029296875, 136.5279998779297, 221.42401123046875, 223.66400146484375], [78.51200103759766, 111.66400146484375, 126.89600372314453, 210.89601135253906], [181.552001953125, 0.1120000034570694, 223.66400146484375, 68.20800018310547], [123.53600311279297, 96.8800048828125, 155.12001037597656, 184.68800354003906]], 'labels': ['whiteboard', 'woman', 'woman', 'woman', 'person', 'person', 'person', 'person', 'person']}}"
0103,"{'<DENSE_REGION_CAPTION>': {'bboxes': [[0.1120000034570694, 0.1120000034570694, 154.2239990234375, 131.15200805664062], [2.5759999752044678, 23.631999969482422, 91.9520034790039, 170.5760040283203], [104.94400024414062, 43.34400177001953, 163.8560028076172, 223.66400146484375], [0.1120000034570694, 100.46400451660156, 61.71200180053711, 223.66400146484375], [153.10400390625, 135.1840057373047, 220.3040008544922, 223.66400146484375], [16.91200065612793, 31.472000122070312, 30.80000114440918, 62.832000732421875], [171.0240020751953, 119.2800064086914, 181.552001953125, 139.44000244140625], [129.13600158691406, 59.47200012207031, 137.64801025390625, 77.84000396728516]], 'labels': ['whiteboard', 'woman', 'woman', 'woman', 'woman', 'human face', 'human face', 'human face']}}"
0104,"{'<DENSE_REGION_CAPTION>': {'bboxes': [[0.1120000034570694, 0.1120000034570694, 153.7760009765625, 125.552001953125], [0.1120000034570694, 24.527999877929688, 57.68000030517578, 223.66400146484375], [0.1120000034570694, 24.527999877929688, 57.45600128173828, 165.87200927734375], [0.1120000034570694, 100.46400451660156, 60.14400100708008, 223.66400146484375], [75.1520004272461, 43.12000274658203, 112.56000518798828, 223.66400146484375], [21.168001174926758, 34.832000732421875, 35.28000259399414, 67.08800506591797], [81.20000457763672, 66.19200134277344, 93.52000427246094, 83.21600341796875], [171.4720001220703, 119.7280044555664, 181.552001953125, 137.64801025390625], [141.0080108642578, 119.0560073852539, 150.63999938964844, 136.5279998779297]], 'labels': ['whiteboard', 'woman', 'woman', 'woman', 'woman', 'human face', 'human face', 'human face', 'human face']}}"
0105,"{'<DENSE_REGION_CAPTION>': {'bboxes': [[0.1120000034570694, 0.1120000034570694, 223.66400146484375, 223.66400146484375], [112.78400421142578, 65.0719985961914, 196.5600128173828, 223.66400146484375], [1.6800000667572021, 14.44800090789795, 59.69600296020508, 223.66400146484375], [2.128000020980835, 14.44800090789795, 59.24800109863281, 142.3520050048828], [0.1120000034570694, 104.72000122070312, 57.23200225830078, 223.66400146484375], [63.50400161743164, 45.36000061035156, 99.12000274658203, 223.66400146484375]], 'labels': ['whiteboard', 'person', 'woman', 'person', 'person', 'person']}}"
0106,"{'<DENSE_REGION_CAPTION>': {'bboxes': [[130.48001098632812, 46.03200149536133, 180.8800048828125, 223.66400146484375], [0.1120000034570694, 106.28800201416016, 57.68000030517578, 223.66400146484375], [5.488000392913818, 27.216001510620117, 61.040000915527344, 151.760009765625], [78.95999908447266, 110.99200439453125, 119.7280044555664, 209.552001953125]], 'labels': ['girl', 'girl', 'girl', 'person']}}"
0107,"{'<DENSE_REGION_CAPTION>': {'bboxes': [[0.1120000034570694, 0.1120000034570694, 152.2080078125, 124.4320068359375], [68.8800048828125, 29.904001235961914, 132.49600219726562, 223.66400146484375], [4.144000053405762, 27.66400146484375, 67.76000213623047, 176.40000915527344], [0.1120000034570694, 106.96000671386719, 57.68000030517578, 223.66400146484375], [156.46400451660156, 102.0320053100586, 191.8560028076172, 193.20001220703125], [125.7760009765625, 112.56000518798828, 162.0640106201172, 186.70401000976562]], 'labels': ['whiteboard', 'person', 'person', 'person', 'person', 'person']}}"
0108,"{'<DENSE_REGION_CAPTION>': {'bboxes': [[0.1120000034570694, 0.1120000034570694, 151.760009765625, 124.8800048828125], [59.69600296020508, 39.0880012512207, 121.96800231933594, 223.66400146484375], [0.1120000034570694, 33.93600082397461, 39.3120002746582, 223.66400146484375], [0.1120000034570694, 33.71200180053711, 40.20800018310547, 166.54400634765625], [8.40000057220459, 101.36000061035156, 57.23200225830078, 209.552001953125], [155.12001037597656, 102.2560043334961, 191.8560028076172, 192.7519989013672], [125.552001953125, 112.78400421142578, 161.16799926757812, 186.48001098632812], [21.168001174926758, 0.1120000034570694, 44.2400016784668, 24.079999923706055], [11.760000228881836, 48.720001220703125, 26.09600067138672, 76.72000122070312], [171.6959991455078, 120.6240005493164, 180.656005859375, 140.11199951171875], [145.48800659179688, 119.2800064086914, 154.447998046875, 137.42401123046875]], 'labels': ['whiteboard', 'person', 'person', 'person', 'person', 'person', 'person', 'flag', 'human face', 'human face', 'human face']}}"
0109,"{'<DENSE_REGION_CAPTION>': {'bboxes': [[0.1120000034570694, 0.1120000034570694, 152.4320068359375, 131.15200805664062], [0.1120000034570694, 29.45600128173828, 69.10400390625, 223.66400146484375], [93.52000427246094, 43.56800079345703, 158.25601196289062, 223.66400146484375], [0.1120000034570694, 29.45600128173828, 69.3280029296875, 166.54400634765625], [0.1120000034570694, 29.45600128173828, 40.20800018310547, 166.09600830078125], [7.952000141143799, 103.1520004272461, 59.02400207519531, 223.66400146484375], [68.8800048828125, 100.01600646972656, 108.08000183105469, 223.66400146484375], [129.13600158691406, 112.11200714111328, 166.76800537109375, 223.66400146484375], [155.79200744628906, 102.4800033569336, 192.0800018310547, 192.7519989013672]], 'labels': ['whiteboard', 'woman', 'woman', 'woman', 'woman', 'person', 'person', 'person', 'person']}}"
0110,"{'<DENSE_REGION_CAPTION>': {'bboxes': [[0.1120000034570694, 0.1120000034570694, 223.66400146484375, 223.66400146484375], [0.1120000034570694, 0.1120000034570694, 155.12001037597656, 130.48001098632812], [2.128000020980835, 24.75200080871582, 68.20800018310547, 223.66400146484375], [129.13600158691406, 39.98400115966797, 177.29600524902344, 223.66400146484375], [2.128000020980835, 24.75200080871582, 52.30400085449219, 166.09600830078125], [6.832000255584717, 103.60000610351562, 58.80000305175781, 223.66400146484375], [2.128000020980835, 24.527999877929688, 42.672000885009766, 137.42401123046875], [90.60800170898438, 96.656005859375, 123.31200408935547, 194.54400634765625], [164.7519989013672, 102.4800033569336, 192.5279998779297, 193.42401123046875]], 'labels': ['whiteboard', 'whiteboard', 'woman', 'woman', 'woman', 'woman', 'woman', 'woman', 'woman']}}"
0111,"{'<DENSE_REGION_CAPTION>': {'bboxes': [[0.1120000034570694, 0.1120000034570694, 154.2239990234375, 130.70401000976562], [143.4720001220703, 43.79199981689453, 199.0240020751953, 223.66400146484375], [22.512001037597656, 37.29600143432617, 34.608001708984375, 69.10400390625], [98.44800567626953, 90.60800170898438, 110.31999969482422, 112.78400421142578]], 'labels': ['whiteboard', 'girl', 'human face', 'human face']}}"
0112,"{'<DENSE_REGION_CAPTION>': {'bboxes': [[0.1120000034570694, 0.1120000034570694, 154.2239990234375, 130.70401000976562], [3.0240001678466797, 27.440000534057617, 67.98400115966797, 223.66400146484375], [154.447998046875, 44.2400016784668, 208.8800048828125, 223.66400146484375], [3.0240001678466797, 27.440000534057617, 67.76000213623047, 166.54400634765625], [7.056000232696533, 103.82400512695312, 58.12800216674805, 223.66400146484375], [88.14400482177734, 85.90399932861328, 119.9520034790039, 193.64801025390625], [125.552001953125, 112.56000518798828, 161.8400115966797, 187.15200805664062], [23.856000900268555, 44.0160026550293, 36.176002502441406, 72.01599884033203], [95.76000213623047, 91.2800064086914, 106.28800201416016, 112.56000518798828], [145.26400756835938, 119.5040054321289, 154.0, 136.7519989013672]], 'labels': ['whiteboard', 'girl', 'girl', 'girl', 'girl', 'girl', 'girl', 'human face', 'human face', 'human face']}}"
0113,"{'<DENSE_REGION_CAPTION>': {'bboxes': [[0.1120000034570694, 0.1120000034570694, 152.4320068359375, 130.70401000976562], [3.696000099182129, 27.66400146484375, 67.98400115966797, 223.66400146484375], [164.0800018310547, 42.895999908447266, 220.97601318359375, 219.8560028076172], [3.696000099182129, 27.66400146484375, 67.76000213623047, 165.64801025390625], [7.056000232696533, 105.16800689697266, 58.12800216674805, 223.66400146484375], [89.26399993896484, 86.35200500488281, 120.4000015258789, 192.97601318359375], [125.552001953125, 112.56000518798828, 161.8400115966797, 187.15200805664062], [24.079999923706055, 44.6879997253418, 36.624000549316406, 72.91200256347656], [96.8800048828125, 91.7280044555664, 107.63200378417969, 113.45600128173828], [145.48800659179688, 119.5040054321289, 154.2239990234375, 136.7519989013672]], 'labels': ['whiteboard', 'girl', 'girl', 'girl', 'girl', 'girl', 'girl', 'human face', 'human face', 'human face']}}"
0114,"{'<DENSE_REGION_CAPTION>': {'bboxes': [[0.1120000034570694, 0.1120000034570694, 152.4320068359375, 130.70401000976562], [2.5759999752044678, 28.784000396728516, 68.20800018310547, 223.66400146484375], [180.4320068359375, 42.895999908447266, 223.66400146484375, 219.6320037841797], [9.968000411987305, 103.1520004272461, 59.02400207519531, 223.66400146484375], [3.0240001678466797, 28.784000396728516, 39.3120002746582, 167.88800048828125], [89.48799896240234, 86.35200500488281, 120.4000015258789, 192.5279998779297], [125.7760009765625, 112.33600616455078, 161.6160125732422, 187.37600708007812], [164.0800018310547, 102.7040023803711, 190.9600067138672, 192.0800018310547]], 'labels': ['whiteboard', 'woman', 'person', 'person', 'person', 'person', 'person', 'person']}}"
0115,"{'<DENSE_REGION_CAPTION>': {'bboxes': [[0.1120000034570694, 0.1120000034570694, 152.2080078125, 130.70401000976562], [0.1120000034570694, 31.472000122070312, 67.76000213623047, 223.66400146484375], [0.1120000034570694, 31.472000122070312, 67.53600311279297, 185.13600158691406], [180.4320068359375, 44.0160026550293, 223.66400146484375, 223.66400146484375], [0.1120000034570694, 31.248001098632812, 43.34400177001953, 171.4720001220703], [10.86400032043457, 104.27200317382812, 59.69600296020508, 223.66400146484375], [88.59200286865234, 86.57600402832031, 120.4000015258789, 192.3040008544922], [125.552001953125, 112.33600616455078, 163.1840057373047, 186.92800903320312], [17.360000610351562, 47.82400131225586, 31.02400016784668, 75.82400512695312], [96.8800048828125, 91.7280044555664, 107.40800476074219, 113.68000030517578], [145.26400756835938, 119.9520034790039, 153.552001953125, 136.7519989013672]], 'labels': ['whiteboard', 'girl', 'girl', 'girl', 'girl', 'girl', 'girl', 'girl', 'human face', 'human face', 'human face']}}"
0116,"{'<DENSE_REGION_CAPTION>': {'bboxes': [[0.1120000034570694, 0.1120000034570694, 153.7760009765625, 130.70401000976562], [152.4320068359375, 43.79199981689453, 223.66400146484375, 223.66400146484375], [1.2319999933242798, 27.440000534057617, 67.76000213623047, 184.24000549316406], [1.2319999933242798, 27.440000534057617, 42.672000885009766, 137.42401123046875], [170.3520050048828, 61.040000915527344, 186.48001098632812, 98.44800567626953], [23.408000946044922, 41.3280029296875, 34.832000732421875, 71.56800079345703], [95.76000213623047, 91.5040054321289, 106.28800201416016, 113.45600128173828], [145.48800659179688, 119.5040054321289, 154.67201232910156, 137.42401123046875]], 'labels': ['whiteboard', 'girl', 'girl', 'girl', 'human face', 'human face', 'human face', 'human face']}}"
0117,"{'<DENSE_REGION_CAPTION>': {'bboxes': [[110.99200439453125, 49.39200210571289, 183.56800842285156, 223.66400146484375], [1.6800000667572021, 27.216001510620117, 78.73600006103516, 184.91200256347656], [11.312000274658203, 103.60000610351562, 58.12800216674805, 223.66400146484375], [94.41600036621094, 93.96800231933594, 104.94400024414062, 115.92000579833984]], 'labels': ['girl', 'girl', 'girl', 'human face']}}"
0118,"{'<DENSE_REGION_CAPTION>': {'bboxes': [[1.6800000667572021, 29.45600128173828, 69.3280029296875, 223.66400146484375], [115.24800109863281, 44.91200256347656, 181.7760009765625, 223.66400146484375], [1.6800000667572021, 29.45600128173828, 69.10400390625, 137.42401123046875], [9.296000480651855, 102.2560043334961, 56.112003326416016, 223.66400146484375], [80.75199890136719, 67.76000213623047, 118.60800170898438, 192.97601318359375], [159.15200805664062, 102.9280014038086, 192.7519989013672, 193.64801025390625]], 'labels': ['woman', 'woman', 'woman', 'woman', 'person', 'person']}}"
0119,"{'<DENSE_REGION_CAPTION>': {'bboxes': [[0.1120000034570694, 0.1120000034570694, 153.7760009765625, 130.70401000976562], [0.1120000034570694, 27.440000534057617, 67.53600311279297, 223.66400146484375], [0.1120000034570694, 27.440000534057617, 67.31200408935547, 165.64801025390625], [133.39199829101562, 40.432003021240234, 174.60800170898438, 223.66400146484375], [82.76800537109375, 39.98400115966797, 122.19200134277344, 207.31201171875], [11.088000297546387, 103.3759994506836, 54.768001556396484, 223.66400146484375], [83.21600341796875, 39.98400115966797, 121.96800231933594, 136.5279998779297]], 'labels': ['whiteboard', 'person', 'person', 'person', 'person', 'person', 'person']}}"
0120,"{'<DENSE_REGION_CAPTION>': {'bboxes': [[0.1120000034570694, 0.1120000034570694, 154.2239990234375, 131.15200805664062], [0.1120000034570694, 27.88800048828125, 67.53600311279297, 223.66400146484375], [0.1120000034570694, 27.88800048828125, 67.31200408935547, 172.14401245117188], [136.9759979248047, 40.432003021240234, 177.96800231933594, 223.66400146484375], [98.67200469970703, 24.079999923706055, 132.04800415039062, 223.66400146484375], [0.1120000034570694, 28.112001419067383, 46.704002380371094, 140.11199951171875], [11.088000297546387, 104.04800415039062, 54.320003509521484, 223.66400146484375]], 'labels': ['whiteboard', 'person', 'person', 'person', 'person', 'person', 'person']}}"
0121,"{'<DENSE_REGION_CAPTION>': {'bboxes': [[0.1120000034570694, 0.1120000034570694, 152.4320068359375, 130.70401000976562], [0.1120000034570694, 26.992000579833984, 67.76000213623047, 223.66400146484375], [0.1120000034570694, 26.992000579833984, 67.53600311279297, 173.04000854492188], [137.87200927734375, 40.656002044677734, 183.79200744628906, 223.66400146484375], [11.53600025177002, 104.27200317382812, 54.09600067138672, 223.66400146484375], [201.93600463867188, 24.304000854492188, 223.66400146484375, 219.8560028076172]], 'labels': ['whiteboard', 'woman', 'woman', 'person', 'person', 'person']}}"
0122,"{'<DENSE_REGION_CAPTION>': {'bboxes': [[0.1120000034570694, 30.80000114440918, 67.53600311279297, 172.59201049804688], [0.1120000034570694, 30.80000114440918, 40.20800018310547, 172.14401245117188], [166.54400634765625, 87.47200012207031, 214.25601196289062, 223.66400146484375], [11.088000297546387, 104.72000122070312, 54.768001556396484, 223.66400146484375], [126.00000762939453, 111.88800048828125, 161.6160125732422, 185.13600158691406]], 'labels': ['woman', 'woman', 'person', 'person', 'person']}}"
0123,"{'<DENSE_REGION_CAPTION>': {'bboxes': [[0.1120000034570694, 0.1120000034570694, 223.66400146484375, 131.15200805664062], [0.1120000034570694, 28.560001373291016, 67.76000213623047, 223.66400146484375], [123.31200408935547, 23.631999969482422, 178.19200134277344, 217.6160125732422], [171.0240020751953, 40.432003021240234, 223.66400146484375, 223.66400146484375], [0.1120000034570694, 28.560001373291016, 67.53600311279297, 134.9600067138672], [11.088000297546387, 104.94400024414062, 54.320003509521484, 223.66400146484375], [129.13600158691406, 196.5600128173828, 147.95201110839844, 217.6160125732422]], 'labels': ['whiteboard', 'person', 'person', 'person', 'person', 'person', 'sneakers']}}"
0124,"{'<DENSE_REGION_CAPTION>': {'bboxes': [[0.1120000034570694, 0.1120000034570694, 152.4320068359375, 131.15200805664062], [0.1120000034570694, 26.09600067138672, 78.51200103759766, 223.66400146484375], [0.1120000034570694, 26.09600067138672, 78.28800201416016, 171.9199981689453], [169.9040069580078, 43.34400177001953, 223.66400146484375, 223.66400146484375], [105.39200592041016, 29.45600128173828, 133.39199829101562, 218.2880096435547], [11.088000297546387, 104.72000122070312, 54.768001556396484, 223.66400146484375], [128.46400451660156, 112.11200714111328, 160.94400024414062, 217.3920135498047], [154.67201232910156, 106.06400299072266, 182.447998046875, 192.0800018310547]], 'labels': ['whiteboard', 'woman', 'woman', 'person', 'person', 'person', 'person', 'person']}}"
0125,"{'<DENSE_REGION_CAPTION>': {'bboxes': [[0.1120000034570694, 0.1120000034570694, 151.760009765625, 130.70401000976562], [0.1120000034570694, 27.440000534057617, 80.30400085449219, 147.05599975585938], [175.72801208496094, 53.20000076293945, 223.66400146484375, 223.66400146484375], [89.26399993896484, 45.80800247192383, 119.5040054321289, 218.7360076904297], [10.416000366210938, 104.94400024414062, 54.768001556396484, 216.27200317382812], [125.552001953125, 113.00800323486328, 160.94400024414062, 185.80799865722656], [163.1840057373047, 102.0320053100586, 187.37600708007812, 191.6320037841797]], 'labels': ['whiteboard', 'person', 'person', 'person', 'person', 'person', 'person']}}"
0126,"{'<DENSE_REGION_CAPTION>': {'bboxes': [[0.1120000034570694, 0.1120000034570694, 152.4320068359375, 126.67200469970703], [0.1120000034570694, 27.440000534057617, 82.31999969482422, 223.66400146484375], [0.1120000034570694, 27.440000534057617, 82.09600067138672, 172.14401245117188], [164.3040008544922, 37.96800231933594, 223.66400146484375, 223.66400146484375], [86.12800598144531, 28.336000442504883, 126.44800567626953, 221.20001220703125], [11.088000297546387, 104.72000122070312, 54.09600067138672, 215.15200805664062], [125.552001953125, 112.56000518798828, 161.16799926757812, 185.13600158691406]], 'labels': ['whiteboard', 'woman', 'woman', 'woman', 'person', 'person', 'person']}}"
0127,"{'<DENSE_REGION_CAPTION>': {'bboxes': [[0.1120000034570694, 0.1120000034570694, 223.66400146484375, 223.66400146484375], [0.1120000034570694, 28.112001419067383, 82.54400634765625, 171.4720001220703], [0.1120000034570694, 28.112001419067383, 82.31999969482422, 133.8400115966797], [171.0240020751953, 43.34400177001953, 223.66400146484375, 223.66400146484375], [14.223999977111816, 97.7760009765625, 59.47200012207031, 223.66400146484375], [72.46400451660156, 23.408000946044922, 101.36000061035156, 165.20001220703125], [125.7760009765625, 112.78400421142578, 160.27200317382812, 184.91200256347656]], 'labels': ['whiteboard', 'woman', 'person', 'person', 'person', 'person', 'person']}}"
0128,"{'<DENSE_REGION_CAPTION>': {'bboxes': [[0.1120000034570694, 0.1120000034570694, 223.66400146484375, 223.66400146484375], [0.1120000034570694, 26.992000579833984, 82.99200439453125, 223.66400146484375], [0.1120000034570694, 26.992000579833984, 82.76800537109375, 179.31201171875], [0.1120000034570694, 26.992000579833984, 82.54400634765625, 134.9600067138672], [175.72801208496094, 54.09600067138672, 221.87200927734375, 223.66400146484375], [0.1120000034570694, 95.31200408935547, 53.42399978637695, 223.66400146484375], [64.8479995727539, 23.631999969482422, 95.08800506591797, 180.656005859375], [125.552001953125, 112.33600616455078, 160.72000122070312, 184.91200256347656]], 'labels': ['whiteboard', 'woman', 'woman', 'woman', 'person', 'person', 'person', 'person']}}"
0129,"{'<DENSE_REGION_CAPTION>': {'bboxes': [[0.1120000034570694, 26.54400062561035, 85.23200225830078, 223.66400146484375], [0.1120000034570694, 26.54400062561035, 85.00800323486328, 170.5760040283203], [0.1120000034570694, 26.54400062561035, 84.78400421142578, 134.2880096435547], [0.1120000034570694, 26.54400062561035, 85.45600128173828, 134.2880096435547], [7.504000186920166, 68.20800018310547, 63.50400161743164, 223.66400146484375], [169.9040069580078, 88.36800384521484, 210.89601135253906, 223.66400146484375], [67.08800506591797, 24.079999923706055, 92.8479995727539, 179.760009765625], [177.96800231933594, 21.392000198364258, 206.63999938964844, 146.83200073242188], [126.00000762939453, 112.11200714111328, 160.94400024414062, 184.91200256347656], [154.0, 93.74400329589844, 178.63999938964844, 190.0640106201172]], 'labels': ['woman', 'woman', 'woman', 'person', 'person', 'person', 'person', 'person', 'person', 'person']}}"
0130,"{'<DENSE_REGION_CAPTION>': {'bboxes': [[0.1120000034570694, 0.1120000034570694, 223.66400146484375, 223.66400146484375], [0.1120000034570694, 24.97599983215332, 78.06400299072266, 170.5760040283203], [0.1120000034570694, 24.97599983215332, 77.84000396728516, 121.74400329589844], [73.36000061035156, 22.288000106811523, 115.24800109863281, 223.66400146484375], [15.120000839233398, 55.44000244140625, 67.98400115966797, 223.66400146484375], [0.1120000034570694, 24.97599983215332, 40.880001068115234, 170.8000030517578], [0.1120000034570694, 24.75200080871582, 40.880001068115234, 120.84800720214844]], 'labels': ['whiteboard', 'woman', 'woman', 'person', 'woman', 'person', 'woman']}}"
0131,"{'<DENSE_REGION_CAPTION>': {'bboxes': [[88.14400482177734, 23.408000946044922, 135.8560028076172, 223.66400146484375], [2.128000020980835, 24.97599983215332, 68.656005859375, 171.4720001220703], [161.39199829101562, 88.36800384521484, 223.66400146484375, 223.66400146484375], [15.568000793457031, 55.88800048828125, 69.3280029296875, 209.3280029296875], [130.70401000976562, 37.52000045776367, 168.33599853515625, 195.66400146484375], [2.3519999980926514, 24.97599983215332, 37.74399948120117, 135.6320037841797], [167.88800048828125, 29.45600128173828, 189.6160125732422, 94.19200134277344]], 'labels': ['person', 'woman', 'person', 'person', 'person', 'person', 'person']}}"
0132,"{'<DENSE_REGION_CAPTION>': {'bboxes': [[0.1120000034570694, 0.1120000034570694, 223.66400146484375, 223.66400146484375], [11.53600025177002, 130.92800903320312, 25.87200164794922, 177.74400329589844], [21.168001174926758, 51.40800094604492, 92.6240005493164, 223.66400146484375], [2.5759999752044678, 23.18400001525879, 55.66400146484375, 171.0240020751953], [157.58399963378906, 88.14400482177734, 211.34400939941406, 223.66400146484375], [157.58399963378906, 19.600000381469727, 182.447998046875, 106.96000671386719], [204.17601013183594, 58.80000305175781, 223.66400146484375, 150.41600036621094]], 'labels': ['whiteboard', 'bottle', 'woman', 'woman', 'woman', 'woman', 'woman']}}"
0133,"{'<DENSE_REGION_CAPTION>': {'bboxes': [[0.1120000034570694, 0.1120000034570694, 151.760009765625, 126.00000762939453], [10.86400032043457, 130.25599670410156, 26.09600067138672, 177.52000427246094], [20.272001266479492, 38.8640022277832, 34.608001708984375, 68.656005859375]], 'labels': ['whiteboard', 'bottle', 'human face']}}"
0134,"{'<DENSE_REGION_CAPTION>': {'bboxes': [[0.1120000034570694, 0.1120000034570694, 151.31201171875, 130.70401000976562], [11.312000274658203, 130.48001098632812, 26.09600067138672, 177.74400329589844]], 'labels': ['whiteboard', 'bottle']}}"
0135,"{'<DENSE_REGION_CAPTION>': {'bboxes': [[0.1120000034570694, 0.1120000034570694, 151.760009765625, 130.25599670410156], [11.312000274658203, 130.92800903320312, 26.32000160217285, 177.74400329589844], [36.847999572753906, 149.74400329589844, 58.57600021362305, 176.62400817871094], [113.45600128173828, 194.99200439453125, 125.7760009765625, 212.68800354003906], [102.2560043334961, 199.92001342773438, 114.57600402832031, 209.10400390625]], 'labels': ['whiteboard', 'bottle', 'footwear', 'footwear', 'footwear']}}"
0136,"{'<DENSE_REGION_CAPTION>': {'bboxes': [[0.1120000034570694, 0.1120000034570694, 152.4320068359375, 130.70401000976562], [11.53600025177002, 130.48001098632812, 26.09600067138672, 177.29600524902344], [1.4560000896453857, 25.648000717163086, 67.76000213623047, 223.66400146484375], [94.41600036621094, 24.079999923706055, 141.2320098876953, 223.66400146484375], [177.96800231933594, 95.53600311279297, 223.66400146484375, 223.66400146484375]], 'labels': ['whiteboard', 'bottle', 'person', 'person', 'person']}}"
0137,"{'<DENSE_REGION_CAPTION>': {'bboxes': [[0.1120000034570694, 0.1120000034570694, 223.66400146484375, 223.66400146484375], [0.1120000034570694, 0.1120000034570694, 152.2080078125, 130.70401000976562], [0.1120000034570694, 23.18400001525879, 67.76000213623047, 223.66400146484375], [0.1120000034570694, 23.18400001525879, 67.53600311279297, 177.29600524902344], [133.8400115966797, 26.09600067138672, 172.81600952148438, 223.66400146484375], [169.0080108642578, 100.46400451660156, 223.66400146484375, 223.66400146484375], [110.09600067138672, 63.28000259399414, 138.99200439453125, 199.2480010986328], [181.7760009765625, 0.1120000034570694, 223.66400146484375, 68.20800018310547]], 'labels': ['whiteboard', 'whiteboard', 'person', 'person', 'person', 'person', 'person', 'person']}}"
0138,"{'<DENSE_REGION_CAPTION>': {'bboxes': [[0.1120000034570694, 0.1120000034570694, 152.4320068359375, 130.25599670410156], [0.1120000034570694, 25.87200164794922, 68.20800018310547, 223.66400146484375], [0.1120000034570694, 25.87200164794922, 67.98400115966797, 178.41600036621094], [73.36000061035156, 18.256000518798828, 129.80799865722656, 217.3920135498047], [0.1120000034570694, 25.87200164794922, 67.76000213623047, 147.72801208496094], [169.0080108642578, 97.10400390625, 215.37600708007812, 223.66400146484375], [198.8000030517578, 30.352001190185547, 223.66400146484375, 187.15200805664062]], 'labels': ['whiteboard', 'woman', 'woman', 'person', 'person', 'person', 'person']}}"
0139,"{'<DENSE_REGION_CAPTION>': {'bboxes': [[0.1120000034570694, 32.36800003051758, 67.98400115966797, 223.66400146484375], [71.12000274658203, 20.272001266479492, 122.19200134277344, 218.0640106201172], [0.1120000034570694, 32.36800003051758, 67.76000213623047, 178.41600036621094], [177.96800231933594, 95.31200408935547, 222.76800537109375, 223.66400146484375], [146.38400268554688, 65.52000427246094, 179.5360107421875, 167.88800048828125], [181.552001953125, 0.1120000034570694, 223.66400146484375, 68.20800018310547]], 'labels': ['person', 'person', 'person', 'person', 'person', 'person']}}"
0140,"{'<DENSE_REGION_CAPTION>': {'bboxes': [[0.1120000034570694, 0.1120000034570694, 151.760009765625, 125.10400390625], [0.1120000034570694, 32.36800003051758, 67.76000213623047, 223.66400146484375], [68.8800048828125, 19.376001358032227, 118.60800170898438, 217.6160125732422], [166.99200439453125, 96.656005859375, 223.66400146484375, 223.66400146484375], [149.96800231933594, 82.54400634765625, 188.49600219726562, 166.76800537109375], [181.10400390625, 0.1120000034570694, 223.66400146484375, 68.20800018310547], [11.53600025177002, 130.70401000976562, 25.648000717163086, 177.52000427246094]], 'labels': ['whiteboard', 'person', 'person', 'person', 'person', 'person', 'bottle']}}"
0141,"{'<DENSE_REGION_CAPTION>': {'bboxes': [[0.1120000034570694, 0.1120000034570694, 151.760009765625, 130.25599670410156], [11.312000274658203, 130.25599670410156, 26.09600067138672, 177.52000427246094], [0.1120000034570694, 24.527999877929688, 73.58399963378906, 223.66400146484375], [0.1120000034570694, 24.527999877929688, 73.36000061035156, 134.5120086669922], [151.760009765625, 90.16000366210938, 223.66400146484375, 223.66400146484375], [79.63200378417969, 19.376001358032227, 123.76000213623047, 217.6160125732422]], 'labels': ['whiteboard', 'bottle', 'person', 'person', 'woman', 'person']}}"
0142,"{'<DENSE_REGION_CAPTION>': {'bboxes': [[0.1120000034570694, 0.1120000034570694, 152.4320068359375, 130.70401000976562], [11.53600025177002, 131.37600708007812, 25.87200164794922, 177.52000427246094], [4.144000053405762, 23.856000900268555, 67.53600311279297, 223.66400146484375], [82.31999969482422, 18.928001403808594, 122.86400604248047, 217.6160125732422], [163.6320037841797, 99.12000274658203, 223.66400146484375, 223.66400146484375], [115.69600677490234, 26.32000160217285, 144.1439971923828, 186.92800903320312]], 'labels': ['whiteboard', 'bottle', 'person', 'person', 'person', 'person']}}"
0143,"{'<DENSE_REGION_CAPTION>': {'bboxes': [[0.1120000034570694, 0.1120000034570694, 151.760009765625, 125.552001953125], [11.53600025177002, 131.15200805664062, 26.09600067138672, 177.52000427246094], [37.96800231933594, 147.95201110839844, 59.69600296020508, 175.05599975585938], [25.87200164794922, 31.920000076293945, 37.29600143432617, 63.28000259399414], [95.98400115966797, 29.23200035095215, 107.40800476074219, 53.87200164794922], [78.51200103759766, 32.36800003051758, 88.81600189208984, 52.30400085449219]], 'labels': ['whiteboard', 'bottle', 'footwear', 'human face', 'human face', 'human face']}}"
0144,"{'<DENSE_REGION_CAPTION>': {'bboxes': [[5.712000370025635, 24.079999923706055, 68.656005859375, 223.66400146484375], [82.31999969482422, 19.82400131225586, 120.6240005493164, 217.6160125732422], [162.5120086669922, 101.36000061035156, 223.66400146484375, 223.66400146484375], [50.288002014160156, 24.527999877929688, 86.80000305175781, 190.2880096435547], [181.7760009765625, 0.1120000034570694, 223.66400146484375, 68.20800018310547], [11.53600025177002, 131.15200805664062, 25.87200164794922, 177.52000427246094]], 'labels': ['person', 'person', 'person', 'person', 'person', 'bottle']}}"
0145,"{'<DENSE_REGION_CAPTION>': {'bboxes': [[0.1120000034570694, 0.1120000034570694, 151.760009765625, 124.8800048828125], [11.312000274658203, 131.60000610351562, 25.87200164794922, 177.74400329589844], [23.856000900268555, 38.41600036621094, 35.72800064086914, 69.10400390625], [92.6240005493164, 30.128000259399414, 104.72000122070312, 54.320003509521484], [70.67200469970703, 35.95199966430664, 80.75199890136719, 55.66400146484375]], 'labels': ['whiteboard', 'bottle', 'human face', 'human face', 'human face']}}"
0146,"{'<DENSE_REGION_CAPTION>': {'bboxes': [[0.1120000034570694, 0.1120000034570694, 151.760009765625, 130.92800903320312], [11.53600025177002, 131.60000610351562, 25.87200164794922, 177.74400329589844], [112.11200714111328, 187.60000610351562, 129.58399963378906, 204.40000915527344], [96.8800048828125, 212.46400451660156, 106.51200103759766, 217.8400115966797]], 'labels': ['whiteboard', 'bottle', 'footwear', 'footwear']}}"
0147,"{'<DENSE_REGION_CAPTION>': {'bboxes': [[0.1120000034570694, 0.1120000034570694, 151.760009765625, 130.70401000976562], [11.53600025177002, 131.60000610351562, 25.87200164794922, 177.74400329589844], [97.10400390625, 212.46400451660156, 106.51200103759766, 217.8400115966797], [104.49600219726562, 209.10400390625, 112.33600616455078, 214.70401000976562]], 'labels': ['whiteboard', 'bottle', 'footwear', 'footwear']}}"
0148,"{'<DENSE_REGION_CAPTION>': {'bboxes': [[0.1120000034570694, 0.1120000034570694, 151.760009765625, 130.70401000976562], [11.53600025177002, 131.60000610351562, 25.87200164794922, 177.74400329589844], [37.96800231933594, 149.74400329589844, 59.47200012207031, 175.95201110839844], [24.304000854492188, 40.432003021240234, 37.07200241088867, 70.0], [93.29600524902344, 34.384002685546875, 106.96000671386719, 56.560001373291016]], 'labels': ['whiteboard', 'bottle', 'footwear', 'human face', 'human face']}}"
0149,"{'<DENSE_REGION_CAPTION>': {'bboxes': [[0.1120000034570694, 0.1120000034570694, 151.760009765625, 130.70401000976562], [0.1120000034570694, 0.1120000034570694, 109.20000457763672, 118.16000366210938], [0.1120000034570694, 28.336000442504883, 67.53600311279297, 223.66400146484375], [0.1120000034570694, 28.336000442504883, 67.31200408935547, 177.74400329589844], [162.0640106201172, 103.82400512695312, 223.66400146484375, 223.66400146484375], [89.93600463867188, 22.288000106811523, 118.60800170898438, 217.6160125732422], [182.0, 0.1120000034570694, 223.66400146484375, 68.20800018310547], [197.9040069580078, 47.82400131225586, 223.66400146484375, 159.60000610351562], [37.52000045776367, 149.96800231933594, 58.35200119018555, 176.62400817871094]], 'labels': ['whiteboard', 'whiteboard', 'person', 'person', 'person', 'person', 'person', 'person', 'sneakers']}}"
0150,"{'<DENSE_REGION_CAPTION>': {'bboxes': [[0.1120000034570694, 27.440000534057617, 66.86399841308594, 223.66400146484375], [166.76800537109375, 77.16799926757812, 223.66400146484375, 223.66400146484375], [93.96800231933594, 48.720001220703125, 131.15200805664062, 223.66400146484375], [90.16000366210938, 22.512001037597656, 108.08000183105469, 223.66400146484375]], 'labels': ['person', 'person', 'person', 'person']}}"
0151,"{'<DENSE_REGION_CAPTION>': {'bboxes': [[0.1120000034570694, 0.1120000034570694, 151.760009765625, 128.68800354003906], [11.760000228881836, 130.70401000976562, 26.09600067138672, 177.74400329589844], [0.1120000034570694, 179.9840087890625, 9.968000411987305, 214.70401000976562]], 'labels': ['whiteboard', 'bottle', 'bottle']}}"
0152,"{'<DENSE_REGION_CAPTION>': {'bboxes': [[0.1120000034570694, 0.1120000034570694, 151.760009765625, 130.25599670410156], [11.53600025177002, 130.70401000976562, 26.09600067138672, 177.74400329589844], [21.168001174926758, 0.1120000034570694, 41.7760009765625, 23.408000946044922]], 'labels': ['whiteboard', 'bottle', 'flag']}}"
0153,"{'<DENSE_REGION_CAPTION>': {'bboxes': [[0.1120000034570694, 0.1120000034570694, 151.760009765625, 129.58399963378906], [11.760000228881836, 130.92800903320312, 25.87200164794922, 177.52000427246094], [21.61600112915039, 0.1120000034570694, 42.0, 23.18400001525879], [61.93600082397461, 133.8400115966797, 82.54400634765625, 146.60800170898438], [199.6959991455078, 93.74400329589844, 207.5360107421875, 107.40800476074219]], 'labels': ['whiteboard', 'bottle', 'flag', 'mobile phone', 'power plugs and sockets']}}"
0154,"{'<DENSE_REGION_CAPTION>': {'bboxes': [[0.1120000034570694, 0.1120000034570694, 151.760009765625, 130.25599670410156], [11.760000228881836, 131.37600708007812, 25.87200164794922, 177.74400329589844], [21.168001174926758, 0.1120000034570694, 41.7760009765625, 23.408000946044922], [32.36800003051758, 68.43199920654297, 46.704002380371094, 99.79199981689453]], 'labels': ['whiteboard', 'bottle', 'flag', 'human face']}}"
0155,"{'<DENSE_REGION_CAPTION>': {'bboxes': [[0.1120000034570694, 0.1120000034570694, 151.760009765625, 130.70401000976562], [0.1120000034570694, 0.1120000034570694, 109.64800262451172, 130.48001098632812], [0.1120000034570694, 0.1120000034570694, 68.656005859375, 36.624000549316406], [11.760000228881836, 131.15200805664062, 26.09600067138672, 177.52000427246094], [21.392000198364258, 0.1120000034570694, 42.0, 23.18400001525879], [14.896000862121582, 42.224002838134766, 29.00800132751465, 70.44800567626953]], 'labels': ['whiteboard', 'whiteboard', 'whiteboard', 'bottle', 'flag', 'human face']}}"
0156,"{'<DENSE_REGION_CAPTION>': {'bboxes': [[0.1120000034570694, 0.1120000034570694, 151.760009765625, 131.15200805664062], [173.04000854492188, 65.52000427246094, 223.66400146484375, 223.66400146484375], [28.336000442504883, 47.82400131225586, 71.56800079345703, 223.66400146484375], [0.1120000034570694, 25.200000762939453, 37.29600143432617, 169.9040069580078], [88.81600189208984, 23.856000900268555, 117.26399993896484, 218.0640106201172]], 'labels': ['whiteboard', 'person', 'person', 'person', 'person']}}"
0157,"{'<DENSE_REGION_CAPTION>': {'bboxes': [[0.1120000034570694, 0.1120000034570694, 151.760009765625, 130.25599670410156], [11.53600025177002, 130.70401000976562, 25.87200164794922, 177.74400329589844], [21.168001174926758, 0.1120000034570694, 41.7760009765625, 23.18400001525879], [202.16000366210938, 77.39200592041016, 220.97601318359375, 119.2800064086914], [93.74400329589844, 30.80000114440918, 106.28800201416016, 53.42399978637695]], 'labels': ['whiteboard', 'bottle', 'flag', 'human face', 'human face']}}"
0158,"{'<DENSE_REGION_CAPTION>': {'bboxes': [[0.1120000034570694, 0.1120000034570694, 152.2080078125, 130.70401000976562], [63.28000259399414, 145.71200561523438, 129.13600158691406, 223.66400146484375], [21.168001174926758, 0.1120000034570694, 41.7760009765625, 23.18400001525879], [203.72801208496094, 79.63200378417969, 220.97601318359375, 120.84800720214844], [13.32800006866455, 33.263999938964844, 27.66400146484375, 64.4000015258789]], 'labels': ['whiteboard', 'television', 'flag', 'human face', 'human face']}}"
0159,"{'<DENSE_REGION_CAPTION>': {'bboxes': [[0.1120000034570694, 0.1120000034570694, 152.4320068359375, 130.48001098632812], [0.1120000034570694, 0.1120000034570694, 66.86399841308594, 223.66400146484375], [0.1120000034570694, 0.1120000034570694, 67.76000213623047, 122.41600036621094], [27.88800048828125, 3.4720001220703125, 44.0160026550293, 36.176002502441406]], 'labels': ['whiteboard', 'woman', 'woman', 'human face']}}"
0160,"{'<DENSE_REGION_CAPTION>': {'bboxes': [[0.1120000034570694, 0.1120000034570694, 223.66400146484375, 223.66400146484375], [109.64800262451172, 41.552001953125, 151.5360107421875, 124.4320068359375], [11.53600025177002, 131.15200805664062, 26.09600067138672, 177.74400329589844]], 'labels': ['whiteboard', 'poster', 'bottle']}}"
0161,"{'<DENSE_REGION_CAPTION>': {'bboxes': [[0.1120000034570694, 0.1120000034570694, 38.41600036621094, 171.0240020751953], [0.1120000034570694, 0.1120000034570694, 31.02400016784668, 223.66400146484375], [0.1120000034570694, 0.1120000034570694, 38.19200134277344, 104.49600219726562], [0.1120000034570694, 0.1120000034570694, 31.248001098632812, 104.49600219726562], [0.1120000034570694, 184.91200256347656, 46.47999954223633, 223.66400146484375]], 'labels': ['person', 'person', 'person', 'person', 'person']}}"
0162,"{'<DENSE_REGION_CAPTION>': {'bboxes': [[109.87200164794922, 46.25600051879883, 149.07200622558594, 123.98400115966797], [71.79199981689453, 77.61600494384766, 111.66400146484375, 128.68800354003906]], 'labels': ['poster', 'poster']}}"
0163,"{'<DENSE_REGION_CAPTION>': {'bboxes': [[4.5920000076293945, 0.1120000034570694, 146.83200073242188, 127.56800079345703], [109.64800262451172, 50.288002014160156, 146.38400268554688, 123.08800506591797], [74.4800033569336, 55.44000244140625, 110.54400634765625, 127.56800079345703], [0.1120000034570694, 147.72801208496094, 17.808000564575195, 218.0640106201172], [24.527999877929688, 127.56800079345703, 36.624000549316406, 165.20001220703125], [46.928001403808594, 0.1120000034570694, 67.31200408935547, 16.464000701904297]], 'labels': ['whiteboard', 'poster', 'poster', 'bottle', 'bottle', 'clock']}}"
0164,"{'<DENSE_REGION_CAPTION>': {'bboxes': [[21.61600112915039, 0.1120000034570694, 140.55999755859375, 124.656005859375], [139.66400146484375, 7.952000141143799, 212.24000549316406, 85.90399932861328], [161.6160125732422, 8.624000549316406, 210.67201232910156, 79.63200378417969], [210.89601135253906, 10.86400032043457, 223.66400146484375, 113.00800323486328], [212.91200256347656, 163.6320037841797, 223.66400146484375, 221.87200927734375], [38.63999938964844, 124.4320068359375, 47.60000228881836, 158.92800903320312]], 'labels': ['whiteboard', 'poster', 'poster', 'poster', 'bottle', 'bottle']}}"
0165,"{'<DENSE_REGION_CAPTION>': {'bboxes': [[135.4080047607422, 21.61600112915039, 197.2320098876953, 89.26399993896484], [196.5600128173828, 146.38400268554688, 221.20001220703125, 207.31201171875], [21.168001174926758, 149.07200622558594, 44.6879997253418, 186.48001098632812], [61.040000915527344, 206.63999938964844, 92.4000015258789, 223.66400146484375], [149.52000427246094, 209.10400390625, 174.83200073242188, 223.66400146484375]], 'labels': ['poster', 'handbag', 'handbag', 'chair', 'stool']}}"
0166,"{'<DENSE_REGION_CAPTION>': {'bboxes': [[66.86399841308594, 192.97601318359375, 94.86400604248047, 223.66400146484375], [32.36800003051758, 143.9199981689453, 53.20000076293945, 176.17601013183594]], 'labels': ['chair', 'handbag']}}"
0167,"{'<DENSE_REGION_CAPTION>': {'bboxes': [[131.60000610351562, 33.71200180053711, 185.13600158691406, 91.5040054321289], [66.86399841308594, 155.12001037597656, 101.58399963378906, 223.66400146484375], [149.52000427246094, 101.58399963378906, 190.5120086669922, 177.29600524902344], [53.42399978637695, 99.56800079345703, 83.44000244140625, 181.552001953125], [78.06400299072266, 29.45600128173828, 101.13600158691406, 110.99200439453125], [0.1120000034570694, 118.60800170898438, 20.496000289916992, 175.72801208496094]], 'labels': ['poster', 'chair', 'person', 'person', 'person', 'person']}}"
0168,"{'<DENSE_REGION_CAPTION>': {'bboxes': [[45.80800247192383, 15.120000839233398, 132.94400024414062, 119.9520034790039], [123.31200408935547, 28.784000396728516, 156.46400451660156, 169.9040069580078], [123.31200408935547, 85.00800323486328, 155.34400939941406, 169.9040069580078], [50.736000061035156, 110.99200439453125, 84.11199951171875, 185.80799865722656], [147.95201110839844, 98.22400665283203, 171.4720001220703, 178.19200134277344], [51.18400192260742, 110.99200439453125, 83.88800048828125, 156.68800354003906], [210.44801330566406, 97.10400390625, 223.66400146484375, 169.0080108642578]], 'labels': ['whiteboard', 'person', 'person', 'person', 'person', 'person', 'person']}}"
0169,"{'<DENSE_REGION_CAPTION>': {'bboxes': [[132.27200317382812, 34.384002685546875, 186.48001098632812, 92.1760025024414], [67.31200408935547, 155.56800842285156, 102.0320053100586, 223.66400146484375], [145.93600463867188, 98.89600372314453, 179.0880126953125, 177.52000427246094], [49.61600112915039, 116.81600189208984, 83.88800048828125, 186.92800903320312], [207.31201171875, 26.09600067138672, 223.66400146484375, 163.1840057373047]], 'labels': ['poster', 'chair', 'person', 'person', 'person']}}"
