image_num,bboxes,labels
0001,"{'<DENSE_REGION_CAPTION>': {'bboxes': [[0.1120000034570694, 131.60000610351562, 78.95999908447266, 223.66400146484375], [171.0240020751953, 141.6800079345703, 223.66400146484375, 223.66400146484375], [74.9280014038086, 145.71200561523438, 109.87200164794922, 223.66400146484375], [140.11199951171875, 140.55999755859375, 170.3520050048828, 199.4720001220703], [0.1120000034570694, 193.87200927734375, 45.13600158691406, 223.66400146484375], [74.9280014038086, 183.12001037597656, 109.64800262451172, 223.66400146484375], [0.1120000034570694, 157.58399963378906, 13.552000045776367, 173.48800659179688]], 'labels': ['desk', 'desk', 'chair', 'chair', 'chair', 'chair', 'chair']}}"
0002,"{'<DENSE_REGION_CAPTION>': {'bboxes': [[0.1120000034570694, 131.60000610351562, 78.95999908447266, 223.66400146484375], [171.0240020751953, 141.6800079345703, 223.66400146484375, 223.66400146484375], [0.1120000034570694, 21.61600112915039, 30.576000213623047, 139.21600341796875], [139.44000244140625, 97.10400390625, 171.2480010986328, 142.5760040283203], [74.9280014038086, 183.12001037597656, 109.64800262451172, 223.66400146484375], [1.6800000667572021, 193.64801025390625, 44.6879997253418, 223.66400146484375]], 'labels': ['desk', 'desk', 'person', 'person', 'chair', 'chair']}}"
0003,"{'<DENSE_REGION_CAPTION>': {'bboxes': [[0.1120000034570694, 131.60000610351562, 78.95999908447266, 223.66400146484375], [171.0240020751953, 141.6800079345703, 223.66400146484375, 223.66400146484375], [0.1120000034570694, 21.84000015258789, 30.576000213623047, 162.0640106201172], [139.44000244140625, 97.10400390625, 171.4720001220703, 143.2480010986328], [115.24800109863281, 115.92000579833984, 134.7360076904297, 174.83200073242188], [176.62400817871094, 98.0, 194.09600830078125, 142.1280059814453], [193.20001220703125, 113.00800323486328, 215.82400512695312, 141.6800079345703]], 'labels': ['desk', 'desk', 'person', 'person', 'person', 'person', 'person']}}"
0004,"{'<DENSE_REGION_CAPTION>': {'bboxes': [[0.1120000034570694, 21.84000015258789, 30.128000259399414, 162.0640106201172], [0.1120000034570694, 50.064002990722656, 30.128000259399414, 161.8400115966797], [139.66400146484375, 97.10400390625, 171.9199981689453, 143.2480010986328], [74.9280014038086, 183.12001037597656, 109.64800262451172, 223.66400146484375], [1.6800000667572021, 193.64801025390625, 44.6879997253418, 223.66400146484375], [19.376001358032227, 129.58399963378906, 31.696001052856445, 149.74400329589844]], 'labels': ['person', 'person', 'person', 'chair', 'chair', 'chair']}}"
0005,"{'<DENSE_REGION_CAPTION>': {'bboxes': [[0.1120000034570694, 21.392000198364258, 30.128000259399414, 160.04800415039062], [0.1120000034570694, 21.392000198364258, 24.304000854492188, 139.21600341796875], [139.44000244140625, 106.06400299072266, 171.4720001220703, 143.6959991455078], [115.92000579833984, 117.26399993896484, 135.1840057373047, 173.26400756835938]], 'labels': ['person', 'person', 'person', 'person']}}"
0006,"{'<DENSE_REGION_CAPTION>': {'bboxes': [[0.1120000034570694, 21.392000198364258, 31.248001098632812, 160.27200317382812], [138.99200439453125, 96.8800048828125, 171.9199981689453, 143.4720001220703], [74.7040023803711, 182.89601135253906, 109.87200164794922, 223.66400146484375], [1.6800000667572021, 194.09600830078125, 43.56800079345703, 223.66400146484375]], 'labels': ['person', 'person', 'chair', 'chair']}}"
0007,"{'<DENSE_REGION_CAPTION>': {'bboxes': [[0.1120000034570694, 21.392000198364258, 31.248001098632812, 160.27200317382812], [138.09600830078125, 96.656005859375, 171.2480010986328, 143.9199981689453], [74.7040023803711, 182.89601135253906, 109.87200164794922, 223.66400146484375], [0.1120000034570694, 193.87200927734375, 43.79199981689453, 223.66400146484375]], 'labels': ['person', 'person', 'chair', 'chair']}}"
0008,"{'<DENSE_REGION_CAPTION>': {'bboxes': [[0.1120000034570694, 131.82400512695312, 79.40800476074219, 223.66400146484375], [171.2480010986328, 141.6800079345703, 223.66400146484375, 223.66400146484375], [0.1120000034570694, 49.84000015258789, 31.02400016784668, 160.49600219726562], [138.99200439453125, 98.0, 171.4720001220703, 143.9199981689453], [115.92000579833984, 117.04000091552734, 135.6320037841797, 174.60800170898438]], 'labels': ['desk', 'desk', 'person', 'person', 'person']}}"
0009,"{'<DENSE_REGION_CAPTION>': {'bboxes': [[0.1120000034570694, 131.82400512695312, 79.40800476074219, 223.66400146484375], [171.2480010986328, 141.6800079345703, 223.66400146484375, 223.66400146484375], [0.1120000034570694, 21.61600112915039, 25.200000762939453, 160.94400024414062], [139.66400146484375, 98.0, 174.16000366210938, 143.6959991455078], [74.9280014038086, 183.12001037597656, 110.54400634765625, 223.66400146484375], [2.128000020980835, 194.32000732421875, 43.34400177001953, 223.66400146484375]], 'labels': ['desk', 'desk', 'person', 'person', 'chair', 'chair']}}"
0010,"{'<DENSE_REGION_CAPTION>': {'bboxes': [[0.1120000034570694, 131.60000610351562, 78.95999908447266, 223.66400146484375], [171.2480010986328, 141.6800079345703, 223.66400146484375, 223.66400146484375], [0.1120000034570694, 21.392000198364258, 23.631999969482422, 160.49600219726562], [139.44000244140625, 100.01600646972656, 171.6959991455078, 143.4720001220703], [116.36800384521484, 116.81600189208984, 134.7360076904297, 173.48800659179688]], 'labels': ['desk', 'desk', 'person', 'person', 'person']}}"
0011,"{'<DENSE_REGION_CAPTION>': {'bboxes': [[0.1120000034570694, 131.60000610351562, 79.40800476074219, 223.66400146484375], [171.2480010986328, 141.6800079345703, 223.66400146484375, 223.66400146484375], [0.1120000034570694, 21.61600112915039, 23.631999969482422, 161.6160125732422], [140.33599853515625, 97.3280029296875, 172.36801147460938, 143.9199981689453], [117.48800659179688, 113.68000030517578, 136.5279998779297, 175.05599975585938], [171.0240020751953, 97.3280029296875, 193.87200927734375, 141.6800079345703]], 'labels': ['desk', 'desk', 'person', 'person', 'person', 'person']}}"
0012,"{'<DENSE_REGION_CAPTION>': {'bboxes': [[0.1120000034570694, 131.60000610351562, 79.40800476074219, 223.66400146484375], [171.2480010986328, 141.9040069580078, 223.66400146484375, 223.66400146484375], [75.1520004272461, 145.71200561523438, 110.09600067138672, 223.66400146484375], [139.66400146484375, 140.7840118408203, 170.5760040283203, 200.36801147460938], [0.1120000034570694, 194.09600830078125, 45.13600158691406, 223.66400146484375], [75.1520004272461, 183.12001037597656, 110.09600067138672, 223.66400146484375], [0.1120000034570694, 21.61600112915039, 23.18400001525879, 141.0080108642578], [139.88800048828125, 97.10400390625, 171.6959991455078, 143.4720001220703], [117.04000091552734, 116.59200286865234, 135.4080047607422, 174.16000366210938], [172.14401245117188, 98.0, 194.76800537109375, 141.9040069580078]], 'labels': ['desk', 'desk', 'chair', 'chair', 'chair', 'chair', 'person', 'person', 'person', 'person']}}"
0013,"{'<DENSE_REGION_CAPTION>': {'bboxes': [[0.1120000034570694, 132.04800415039062, 78.95999908447266, 223.66400146484375], [171.2480010986328, 141.9040069580078, 223.66400146484375, 223.66400146484375], [0.1120000034570694, 22.736000061035156, 30.576000213623047, 160.72000122070312], [138.99200439453125, 98.22400665283203, 169.2320098876953, 143.6959991455078], [116.36800384521484, 116.36800384521484, 134.9600067138672, 174.16000366210938], [170.5760040283203, 96.8800048828125, 190.0640106201172, 141.9040069580078]], 'labels': ['desk', 'desk', 'person', 'person', 'person', 'person']}}"
0014,"{'<DENSE_REGION_CAPTION>': {'bboxes': [[0.1120000034570694, 131.82400512695312, 80.30400085449219, 223.66400146484375], [171.6959991455078, 141.9040069580078, 223.66400146484375, 223.66400146484375], [0.1120000034570694, 45.13600158691406, 22.736000061035156, 160.27200317382812], [139.44000244140625, 100.01600646972656, 171.6959991455078, 144.36801147460938], [113.90400695800781, 117.48800659179688, 135.4080047607422, 173.71200561523438]], 'labels': ['desk', 'desk', 'person', 'person', 'person']}}"
0015,"{'<DENSE_REGION_CAPTION>': {'bboxes': [[54.544002532958984, 5.263999938964844, 141.4560089111328, 110.99200439453125], [140.33599853515625, 25.648000717163086, 193.64801025390625, 83.44000244140625], [139.66400146484375, 141.0080108642578, 172.36801147460938, 203.95201110839844], [75.3759994506836, 183.12001037597656, 110.09600067138672, 223.66400146484375], [2.5759999752044678, 193.64801025390625, 45.58399963378906, 223.66400146484375], [139.44000244140625, 97.7760009765625, 171.9199981689453, 143.9199981689453], [117.48800659179688, 116.81600189208984, 135.6320037841797, 174.60800170898438], [174.60800170898438, 98.89600372314453, 197.2320098876953, 141.6800079345703], [159.82400512695312, 48.272003173828125, 179.760009765625, 78.73600006103516], [193.20001220703125, 82.31999969482422, 203.72801208496094, 104.27200317382812]], 'labels': ['whiteboard', 'poster', 'chair', 'chair', 'chair', 'person', 'person', 'person', 'person', 'person']}}"
0016,"{'<DENSE_REGION_CAPTION>': {'bboxes': [[0.1120000034570694, 129.58399963378906, 85.68000030517578, 223.66400146484375], [173.71200561523438, 142.1280059814453, 223.66400146484375, 223.66400146484375], [9.296000480651855, 19.82400131225586, 42.672000885009766, 158.25601196289062], [141.2320098876953, 98.0, 174.16000366210938, 144.36801147460938], [3.9200000762939453, 193.20001220703125, 48.04800033569336, 223.66400146484375], [77.39200592041016, 183.12001037597656, 112.11200714111328, 223.66400146484375], [22.512001037597656, 129.36000061035156, 34.384002685546875, 149.74400329589844]], 'labels': ['desk', 'desk', 'person', 'person', 'chair', 'chair', 'chair']}}"
0017,"{'<DENSE_REGION_CAPTION>': {'bboxes': [[0.1120000034570694, 129.58399963378906, 87.69599914550781, 223.66400146484375], [175.72801208496094, 142.5760040283203, 223.66400146484375, 223.66400146484375], [7.728000164031982, 18.48000144958496, 36.176002502441406, 158.70401000976562], [143.6959991455078, 97.7760009765625, 175.72801208496094, 143.9199981689453], [121.74400329589844, 116.81600189208984, 140.33599853515625, 174.60800170898438]], 'labels': ['desk', 'desk', 'person', 'person', 'person']}}"
0018,"{'<DENSE_REGION_CAPTION>': {'bboxes': [[0.1120000034570694, 130.48001098632812, 84.11199951171875, 223.66400146484375], [175.50399780273438, 142.5760040283203, 223.66400146484375, 223.66400146484375], [162.9600067138672, 25.87200164794922, 191.4080047607422, 79.18400573730469], [63.50400161743164, 182.89601135253906, 113.68000030517578, 223.66400146484375], [6.384000301361084, 192.3040008544922, 49.84000015258789, 223.66400146484375], [79.18400573730469, 182.89601135253906, 113.68000030517578, 223.44000244140625], [24.079999923706055, 129.58399963378906, 36.176002502441406, 150.86399841308594]], 'labels': ['desk', 'desk', 'poster', 'chair', 'chair', 'chair', 'chair']}}"
0019,"{'<DENSE_REGION_CAPTION>': {'bboxes': [[58.12800216674805, 4.815999984741211, 144.81600952148438, 111.21600341796875], [143.6959991455078, 25.424001693725586, 197.2320098876953, 82.99200439453125], [78.95999908447266, 145.48800659179688, 114.12800598144531, 223.66400146484375], [143.0240020751953, 141.0080108642578, 175.72801208496094, 203.05599975585938], [6.384000301361084, 192.3040008544922, 49.39200210571289, 223.66400146484375], [79.18400573730469, 182.89601135253906, 114.12800598144531, 223.66400146484375], [143.0240020751953, 102.9280014038086, 171.9199981689453, 143.9199981689453], [122.19200134277344, 117.04000091552734, 141.0080108642578, 172.14401245117188], [162.0640106201172, 103.60000610351562, 177.96800231933594, 143.2480010986328], [194.54400634765625, 98.0, 210.89601135253906, 133.61599731445312], [208.2080078125, 95.98400115966797, 220.75201416015625, 136.5279998779297]], 'labels': ['whiteboard', 'poster', 'chair', 'chair', 'chair', 'chair', 'person', 'person', 'person', 'person', 'person']}}"
0020,"{'<DENSE_REGION_CAPTION>': {'bboxes': [[0.1120000034570694, 130.48001098632812, 85.23200225830078, 223.66400146484375], [175.50399780273438, 142.3520050048828, 223.66400146484375, 223.66400146484375], [0.1120000034570694, 21.168001174926758, 26.768001556396484, 158.25601196289062], [143.0240020751953, 98.22400665283203, 175.50399780273438, 144.1439971923828]], 'labels': ['desk', 'desk', 'person', 'person']}}"
0021,"{'<DENSE_REGION_CAPTION>': {'bboxes': [[0.1120000034570694, 130.48001098632812, 84.11199951171875, 223.66400146484375], [175.50399780273438, 142.3520050048828, 223.66400146484375, 223.66400146484375], [0.1120000034570694, 21.392000198364258, 26.32000160217285, 159.15200805664062], [140.33599853515625, 97.3280029296875, 175.50399780273438, 144.81600952148438], [117.48800659179688, 116.81600189208984, 143.9199981689453, 175.72801208496094], [177.52000427246094, 97.10400390625, 201.26400756835938, 142.3520050048828]], 'labels': ['desk', 'desk', 'person', 'person', 'person', 'person']}}"
0022,"{'<DENSE_REGION_CAPTION>': {'bboxes': [[0.1120000034570694, 130.48001098632812, 83.66400146484375, 223.66400146484375], [175.50399780273438, 142.1280059814453, 223.66400146484375, 223.66400146484375], [0.1120000034570694, 21.392000198364258, 26.768001556396484, 159.82400512695312], [141.0080108642578, 97.10400390625, 177.29600524902344, 144.81600952148438], [115.92000579833984, 116.36800384521484, 140.7840118408203, 173.71200561523438], [175.27999877929688, 97.3280029296875, 200.81600952148438, 141.9040069580078]], 'labels': ['desk', 'desk', 'person', 'person', 'person', 'person']}}"
0023,"{'<DENSE_REGION_CAPTION>': {'bboxes': [[58.57600021362305, 4.815999984741211, 145.04000854492188, 111.44000244140625], [144.1439971923828, 25.424001693725586, 194.32000732421875, 82.76800537109375], [143.0240020751953, 140.7840118408203, 177.07200622558594, 223.66400146484375], [143.0240020751953, 140.7840118408203, 176.62400817871094, 197.4560089111328], [79.40800476074219, 182.67201232910156, 114.57600402832031, 223.66400146484375], [6.6080002784729, 192.0800018310547, 49.61600112915039, 223.66400146484375], [177.74400329589844, 164.7519989013672, 194.32000732421875, 223.66400146484375], [24.75200080871582, 129.36000061035156, 36.624000549316406, 150.63999938964844]], 'labels': ['whiteboard', 'poster', 'chair', 'chair', 'chair', 'chair', 'chair', 'chair']}}"
0024,"{'<DENSE_REGION_CAPTION>': {'bboxes': [[0.1120000034570694, 130.48001098632812, 83.66400146484375, 223.66400146484375], [175.50399780273438, 142.5760040283203, 223.66400146484375, 223.66400146484375], [0.1120000034570694, 21.392000198364258, 26.768001556396484, 159.37600708007812], [142.1280059814453, 106.73600006103516, 177.07200622558594, 145.71200561523438], [116.81600189208984, 116.81600189208984, 137.64801025390625, 174.16000366210938], [176.40000915527344, 97.3280029296875, 201.04000854492188, 142.1280059814453]], 'labels': ['desk', 'desk', 'person', 'person', 'person', 'person']}}"
0025,"{'<DENSE_REGION_CAPTION>': {'bboxes': [[0.1120000034570694, 130.48001098632812, 83.66400146484375, 223.66400146484375], [175.50399780273438, 142.1280059814453, 223.66400146484375, 223.66400146484375], [0.1120000034570694, 21.168001174926758, 26.32000160217285, 158.70401000976562], [78.95999908447266, 145.71200561523438, 113.90400695800781, 223.66400146484375], [143.6959991455078, 141.4560089111328, 175.72801208496094, 204.62400817871094], [78.95999908447266, 182.67201232910156, 113.90400695800781, 223.66400146484375], [6.384000301361084, 192.97601318359375, 49.16800308227539, 223.66400146484375], [177.52000427246094, 165.20001220703125, 193.64801025390625, 223.66400146484375], [177.74400329589844, 126.44800567626953, 200.14401245117188, 142.5760040283203], [24.304000854492188, 129.13600158691406, 35.72800064086914, 147.95201110839844]], 'labels': ['desk', 'desk', 'person', 'chair', 'chair', 'chair', 'chair', 'chair', 'chair', 'chair']}}"
0026,"{'<DENSE_REGION_CAPTION>': {'bboxes': [[0.1120000034570694, 130.48001098632812, 83.66400146484375, 223.66400146484375], [175.50399780273438, 142.1280059814453, 223.66400146484375, 223.66400146484375], [0.1120000034570694, 20.944000244140625, 27.216001510620117, 160.04800415039062], [110.76800537109375, 117.04000091552734, 138.99200439453125, 173.93600463867188], [142.8000030517578, 107.40800476074219, 175.27999877929688, 145.71200561523438], [175.72801208496094, 98.0, 201.26400756835938, 141.6800079345703]], 'labels': ['desk', 'desk', 'person', 'person', 'person', 'person']}}"
0027,"{'<DENSE_REGION_CAPTION>': {'bboxes': [[0.1120000034570694, 130.48001098632812, 83.66400146484375, 223.66400146484375], [175.72801208496094, 142.1280059814453, 223.66400146484375, 223.66400146484375], [0.1120000034570694, 21.168001174926758, 26.768001556396484, 141.4560089111328], [142.1280059814453, 101.8080062866211, 180.8800048828125, 170.8000030517578], [111.66400146484375, 117.04000091552734, 139.21600341796875, 174.83200073242188], [174.16000366210938, 96.8800048828125, 201.48800659179688, 141.9040069580078], [142.3520050048828, 101.8080062866211, 173.48800659179688, 145.93600463867188]], 'labels': ['desk', 'desk', 'person', 'person', 'person', 'person', 'person']}}"
0028,"{'<DENSE_REGION_CAPTION>': {'bboxes': [[0.1120000034570694, 130.48001098632812, 83.66400146484375, 223.66400146484375], [175.50399780273438, 142.1280059814453, 223.66400146484375, 223.66400146484375], [0.1120000034570694, 21.168001174926758, 28.112001419067383, 159.37600708007812], [142.1280059814453, 101.58399963378906, 180.8800048828125, 170.8000030517578], [118.60800170898438, 117.04000091552734, 140.7840118408203, 174.60800170898438], [174.60800170898438, 97.3280029296875, 200.36801147460938, 141.6800079345703], [141.9040069580078, 101.58399963378906, 164.5279998779297, 146.38400268554688], [158.48001098632812, 101.8080062866211, 177.29600524902344, 143.6959991455078], [210.44801330566406, 97.3280029296875, 223.21600341796875, 138.76800537109375]], 'labels': ['desk', 'desk', 'person', 'person', 'person', 'person', 'person', 'person', 'person']}}"
0029,"{'<DENSE_REGION_CAPTION>': {'bboxes': [[0.1120000034570694, 130.48001098632812, 83.66400146484375, 223.66400146484375], [175.50399780273438, 142.3520050048828, 223.66400146484375, 223.66400146484375], [0.1120000034570694, 20.720001220703125, 27.66400146484375, 159.15200805664062], [142.5760040283203, 122.19200134277344, 180.4320068359375, 223.66400146484375], [119.7280044555664, 117.71200561523438, 142.3520050048828, 175.05599975585938], [175.72801208496094, 96.43199920654297, 200.36801147460938, 141.6800079345703]], 'labels': ['desk', 'desk', 'person', 'person', 'person', 'person']}}"
0030,"{'<DENSE_REGION_CAPTION>': {'bboxes': [[0.1120000034570694, 130.48001098632812, 83.66400146484375, 223.66400146484375], [175.50399780273438, 142.3520050048828, 223.66400146484375, 223.66400146484375], [0.1120000034570694, 21.168001174926758, 27.66400146484375, 159.15200805664062], [142.1280059814453, 115.47200012207031, 175.95201110839844, 199.92001342773438], [111.66400146484375, 116.81600189208984, 140.11199951171875, 174.60800170898438], [194.09600830078125, 83.21600341796875, 220.0800018310547, 138.32000732421875], [160.72000122070312, 101.58399963378906, 182.0, 142.3520050048828], [178.41600036621094, 97.552001953125, 197.2320098876953, 136.3040008544922], [142.1280059814453, 99.34400177001953, 157.36000061035156, 141.4560089111328]], 'labels': ['desk', 'desk', 'person', 'person', 'person', 'person', 'person', 'person', 'person']}}"
0031,"{'<DENSE_REGION_CAPTION>': {'bboxes': [[0.1120000034570694, 130.48001098632812, 83.66400146484375, 223.66400146484375], [175.50399780273438, 142.1280059814453, 223.66400146484375, 223.66400146484375], [0.1120000034570694, 20.944000244140625, 27.66400146484375, 159.60000610351562], [142.3520050048828, 117.71200561523438, 176.17601013183594, 205.07200622558594], [110.99200439453125, 117.04000091552734, 140.55999755859375, 174.38400268554688], [194.32000732421875, 84.33600616455078, 220.97601318359375, 138.76800537109375], [171.4720001220703, 98.22400665283203, 199.6959991455078, 144.36801147460938], [102.0320053100586, 99.12000274658203, 119.9520034790039, 150.19200134277344], [140.33599853515625, 101.58399963378906, 159.37600708007812, 145.26400756835938], [160.04800415039062, 102.2560043334961, 176.62400817871094, 143.6959991455078]], 'labels': ['desk', 'desk', 'person', 'person', 'person', 'person', 'person', 'person', 'person', 'person']}}"
0032,"{'<DENSE_REGION_CAPTION>': {'bboxes': [[0.1120000034570694, 130.48001098632812, 83.66400146484375, 223.66400146484375], [175.50399780273438, 142.1280059814453, 223.66400146484375, 223.66400146484375], [0.1120000034570694, 21.61600112915039, 27.66400146484375, 159.37600708007812], [142.1280059814453, 118.38400268554688, 180.656005859375, 213.58399963378906], [117.48800659179688, 116.81600189208984, 140.33599853515625, 174.16000366210938], [173.04000854492188, 97.3280029296875, 197.2320098876953, 142.8000030517578], [194.76800537109375, 82.31999969482422, 213.80801391601562, 133.16799926757812], [160.04800415039062, 102.0320053100586, 177.52000427246094, 143.6959991455078]], 'labels': ['desk', 'desk', 'person', 'person', 'person', 'person', 'person', 'person']}}"
0033,"{'<DENSE_REGION_CAPTION>': {'bboxes': [[0.1120000034570694, 130.92800903320312, 83.66400146484375, 223.66400146484375], [175.50399780273438, 142.3520050048828, 223.66400146484375, 223.66400146484375], [0.1120000034570694, 21.61600112915039, 27.216001510620117, 159.37600708007812], [142.5760040283203, 118.16000366210938, 176.62400817871094, 212.46400451660156], [120.6240005493164, 112.56000518798828, 141.6800079345703, 174.83200073242188], [174.16000366210938, 98.0, 199.92001342773438, 143.0240020751953], [160.04800415039062, 101.8080062866211, 177.96800231933594, 145.48800659179688], [143.4720001220703, 101.8080062866211, 159.82400512695312, 146.16000366210938]], 'labels': ['desk', 'desk', 'person', 'person', 'person', 'person', 'person', 'person']}}"
0034,"{'<DENSE_REGION_CAPTION>': {'bboxes': [[58.12800216674805, 0.1120000034570694, 144.59201049804688, 110.99200439453125], [63.28000259399414, 145.48800659179688, 113.90400695800781, 223.66400146484375], [142.5760040283203, 146.83200073242188, 176.40000915527344, 223.66400146484375], [79.18400573730469, 182.89601135253906, 113.90400695800781, 223.66400146484375], [6.384000301361084, 192.97601318359375, 49.16800308227539, 223.66400146484375], [1.2319999933242798, 21.392000198364258, 27.440000534057617, 159.60000610351562], [170.5760040283203, 98.44800567626953, 197.6800079345703, 145.93600463867188], [194.76800537109375, 85.00800323486328, 212.24000549316406, 133.8400115966797], [160.49600219726562, 102.0320053100586, 177.52000427246094, 144.1439971923828], [144.81600952148438, 100.91200256347656, 159.37600708007812, 143.9199981689453]], 'labels': ['whiteboard', 'chair', 'chair', 'chair', 'chair', 'person', 'person', 'person', 'person', 'person']}}"
0035,"{'<DENSE_REGION_CAPTION>': {'bboxes': [[0.1120000034570694, 130.92800903320312, 83.66400146484375, 223.66400146484375], [175.50399780273438, 142.3520050048828, 223.66400146484375, 223.66400146484375], [78.95999908447266, 145.71200561523438, 114.57600402832031, 223.66400146484375], [142.5760040283203, 147.95201110839844, 176.17601013183594, 223.66400146484375], [78.95999908447266, 182.89601135253906, 114.57600402832031, 223.66400146484375], [6.384000301361084, 193.42401123046875, 47.82400131225586, 223.66400146484375], [24.75200080871582, 129.58399963378906, 36.176002502441406, 148.17601013183594]], 'labels': ['desk', 'desk', 'chair', 'chair', 'chair', 'chair', 'chair']}}"
0036,"{'<DENSE_REGION_CAPTION>': {'bboxes': [[0.1120000034570694, 130.48001098632812, 83.66400146484375, 223.66400146484375], [175.50399780273438, 142.3520050048828, 223.66400146484375, 223.66400146484375], [78.95999908447266, 145.71200561523438, 114.57600402832031, 223.66400146484375], [140.55999755859375, 152.656005859375, 177.96800231933594, 223.66400146484375], [6.384000301361084, 193.20001220703125, 49.39200210571289, 223.66400146484375], [78.95999908447266, 182.67201232910156, 114.57600402832031, 223.66400146484375], [24.527999877929688, 129.36000061035156, 36.176002502441406, 147.95201110839844]], 'labels': ['desk', 'desk', 'chair', 'chair', 'chair', 'chair', 'chair']}}"
0037,"{'<DENSE_REGION_CAPTION>': {'bboxes': [[0.1120000034570694, 130.48001098632812, 83.66400146484375, 223.66400146484375], [175.50399780273438, 142.3520050048828, 223.66400146484375, 223.66400146484375], [78.95999908447266, 145.71200561523438, 114.80000305175781, 223.66400146484375], [140.7840118408203, 152.8800048828125, 177.74400329589844, 223.66400146484375], [6.384000301361084, 193.42401123046875, 49.61600112915039, 223.66400146484375], [79.18400573730469, 182.89601135253906, 114.80000305175781, 223.66400146484375], [1.2319999933242798, 21.392000198364258, 27.216001510620117, 159.60000610351562], [143.0240020751953, 126.89600372314453, 180.4320068359375, 168.7840118408203], [120.6240005493164, 116.81600189208984, 138.99200439453125, 175.05599975585938], [178.86399841308594, 97.10400390625, 199.6959991455078, 142.3520050048828], [145.04000854492188, 100.46400451660156, 158.70401000976562, 147.05599975585938], [197.2320098876953, 87.47200012207031, 209.7760009765625, 133.61599731445312], [162.2880096435547, 100.24000549316406, 174.83200073242188, 121.74400329589844]], 'labels': ['desk', 'desk', 'chair', 'chair', 'chair', 'chair', 'person', 'person', 'person', 'person', 'person', 'person', 'person']}}"
0038,"{'<DENSE_REGION_CAPTION>': {'bboxes': [[0.1120000034570694, 130.92800903320312, 83.66400146484375, 223.66400146484375], [175.50399780273438, 142.3520050048828, 223.66400146484375, 223.66400146484375], [78.95999908447266, 145.48800659179688, 114.35200500488281, 223.66400146484375], [140.55999755859375, 152.8800048828125, 177.74400329589844, 223.66400146484375], [6.384000301361084, 193.42401123046875, 49.61600112915039, 223.66400146484375], [79.18400573730469, 182.89601135253906, 114.35200500488281, 223.66400146484375], [1.0080000162124634, 21.392000198364258, 27.216001510620117, 159.37600708007812], [142.8000030517578, 126.44800567626953, 180.4320068359375, 169.9040069580078], [157.36000061035156, 100.46400451660156, 177.07200622558594, 146.83200073242188], [193.20001220703125, 88.14400482177734, 209.552001953125, 133.8400115966797], [144.81600952148438, 100.46400451660156, 159.15200805664062, 145.93600463867188]], 'labels': ['desk', 'desk', 'chair', 'chair', 'chair', 'chair', 'person', 'person', 'person', 'person', 'person']}}"
0039,"{'<DENSE_REGION_CAPTION>': {'bboxes': [[58.12800216674805, 4.815999984741211, 145.04000854492188, 110.76800537109375], [78.95999908447266, 145.26400756835938, 114.80000305175781, 223.66400146484375], [140.7840118408203, 153.10400390625, 178.41600036621094, 223.66400146484375], [4.5920000076293945, 193.20001220703125, 49.84000015258789, 223.66400146484375], [79.18400573730469, 182.67201232910156, 114.80000305175781, 223.66400146484375], [0.1120000034570694, 21.84000015258789, 29.904001235961914, 158.92800903320312], [142.1280059814453, 123.08800506591797, 180.2080078125, 169.2320098876953], [111.88800048828125, 116.59200286865234, 138.32000732421875, 176.62400817871094], [161.16799926757812, 100.46400451660156, 180.656005859375, 167.44000244140625], [176.84800720214844, 97.3280029296875, 198.5760040283203, 142.8000030517578], [193.87200927734375, 88.14400482177734, 210.67201232910156, 133.8400115966797], [208.8800048828125, 101.58399963378906, 223.66400146484375, 143.4720001220703], [144.81600952148438, 100.01600646972656, 158.25601196289062, 139.44000244140625]], 'labels': ['whiteboard', 'chair', 'chair', 'chair', 'chair', 'person', 'person', 'person', 'person', 'person', 'person', 'person', 'person']}}"
0040,"{'<DENSE_REGION_CAPTION>': {'bboxes': [[0.1120000034570694, 130.92800903320312, 83.66400146484375, 223.66400146484375], [175.50399780273438, 142.3520050048828, 223.66400146484375, 223.66400146484375], [78.95999908447266, 145.48800659179688, 114.57600402832031, 223.66400146484375], [140.33599853515625, 153.3280029296875, 177.74400329589844, 223.66400146484375], [6.384000301361084, 193.42401123046875, 49.61600112915039, 223.66400146484375], [79.18400573730469, 182.89601135253906, 114.57600402832031, 223.66400146484375], [1.4560000896453857, 21.61600112915039, 27.66400146484375, 159.82400512695312], [142.1280059814453, 126.44800567626953, 180.2080078125, 169.4560089111328], [112.78400421142578, 116.81600189208984, 135.8560028076172, 176.62400817871094], [160.72000122070312, 100.46400451660156, 179.760009765625, 155.79200744628906], [177.29600524902344, 97.3280029296875, 196.5600128173828, 142.1280059814453], [198.8000030517578, 87.92000579833984, 210.0, 126.00000762939453]], 'labels': ['desk', 'desk', 'chair', 'chair', 'chair', 'chair', 'person', 'person', 'person', 'person', 'person', 'person']}}"
0041,"{'<DENSE_REGION_CAPTION>': {'bboxes': [[0.1120000034570694, 130.48001098632812, 83.66400146484375, 223.66400146484375], [175.50399780273438, 142.1280059814453, 223.66400146484375, 223.66400146484375], [0.1120000034570694, 21.84000015258789, 27.66400146484375, 159.37600708007812], [140.55999755859375, 122.64000701904297, 180.656005859375, 223.66400146484375], [112.33600616455078, 117.26399993896484, 136.5279998779297, 176.40000915527344], [159.60000610351562, 100.24000549316406, 181.10400390625, 145.93600463867188], [189.6160125732422, 99.56800079345703, 216.04800415039062, 134.0640106201172], [178.41600036621094, 109.64800262451172, 201.93600463867188, 143.0240020751953], [144.81600952148438, 101.13600158691406, 158.03199768066406, 138.99200439453125]], 'labels': ['desk', 'desk', 'person', 'person', 'person', 'person', 'person', 'person', 'person']}}"
0042,"{'<DENSE_REGION_CAPTION>': {'bboxes': [[0.1120000034570694, 130.92800903320312, 83.21600341796875, 223.66400146484375], [175.50399780273438, 142.1280059814453, 223.66400146484375, 223.66400146484375], [78.95999908447266, 145.48800659179688, 114.57600402832031, 223.66400146484375], [140.33599853515625, 155.34400939941406, 179.9840087890625, 223.66400146484375], [78.95999908447266, 182.89601135253906, 114.57600402832031, 223.66400146484375], [6.384000301361084, 193.42401123046875, 47.60000228881836, 223.66400146484375], [1.4560000896453857, 21.61600112915039, 27.216001510620117, 159.60000610351562], [141.6800079345703, 126.00000762939453, 177.29600524902344, 166.99200439453125], [156.91200256347656, 100.68800354003906, 179.9840087890625, 159.82400512695312], [116.59200286865234, 117.04000091552734, 136.3040008544922, 176.62400817871094], [178.86399841308594, 97.552001953125, 202.16000366210938, 142.8000030517578], [143.9199981689453, 100.46400451660156, 159.15200805664062, 154.447998046875], [212.68800354003906, 105.16800689697266, 223.66400146484375, 143.6959991455078], [202.16000366210938, 107.40800476074219, 217.6160125732422, 133.8400115966797]], 'labels': ['desk', 'desk', 'chair', 'chair', 'chair', 'chair', 'person', 'person', 'person', 'person', 'person', 'person', 'person', 'person']}}"
0043,"{'<DENSE_REGION_CAPTION>': {'bboxes': [[0.1120000034570694, 130.92800903320312, 83.66400146484375, 223.66400146484375], [175.50399780273438, 142.3520050048828, 223.66400146484375, 223.66400146484375], [78.95999908447266, 145.48800659179688, 114.80000305175781, 223.66400146484375], [140.7840118408203, 155.12001037597656, 179.5360107421875, 223.66400146484375], [79.18400573730469, 182.89601135253906, 114.80000305175781, 223.66400146484375], [6.384000301361084, 193.42401123046875, 48.272003173828125, 223.66400146484375], [177.96800231933594, 166.54400634765625, 193.64801025390625, 223.66400146484375], [24.75200080871582, 129.36000061035156, 36.400001525878906, 148.40000915527344]], 'labels': ['desk', 'desk', 'chair', 'chair', 'chair', 'chair', 'chair', 'chair']}}"
0044,"{'<DENSE_REGION_CAPTION>': {'bboxes': [[0.1120000034570694, 130.92800903320312, 83.66400146484375, 223.66400146484375], [175.50399780273438, 142.3520050048828, 223.66400146484375, 223.66400146484375], [140.7840118408203, 155.34400939941406, 179.9840087890625, 223.66400146484375], [79.18400573730469, 182.89601135253906, 114.80000305175781, 223.66400146484375], [6.384000301361084, 193.20001220703125, 38.63999938964844, 223.66400146484375], [24.75200080871582, 129.58399963378906, 36.400001525878906, 147.95201110839844]], 'labels': ['desk', 'desk', 'chair', 'chair', 'chair', 'chair']}}"
0045,"{'<DENSE_REGION_CAPTION>': {'bboxes': [[58.12800216674805, 0.1120000034570694, 145.04000854492188, 110.76800537109375], [63.05600357055664, 145.71200561523438, 115.24800109863281, 223.66400146484375], [140.33599853515625, 155.12001037597656, 178.86399841308594, 223.66400146484375], [79.18400573730469, 182.67201232910156, 115.24800109863281, 223.66400146484375], [6.384000301361084, 192.7519989013672, 50.288002014160156, 223.66400146484375], [24.75200080871582, 129.13600158691406, 36.400001525878906, 149.29600524902344]], 'labels': ['whiteboard', 'chair', 'chair', 'chair', 'chair', 'chair']}}"
0046,"{'<DENSE_REGION_CAPTION>': {'bboxes': [[58.12800216674805, 0.1120000034570694, 145.04000854492188, 110.76800537109375], [63.28000259399414, 145.93600463867188, 115.24800109863281, 223.66400146484375], [140.33599853515625, 155.12001037597656, 179.5360107421875, 223.66400146484375], [6.384000301361084, 192.7519989013672, 49.84000015258789, 223.66400146484375], [78.95999908447266, 182.447998046875, 115.24800109863281, 223.66400146484375], [1.4560000896453857, 21.168001174926758, 27.66400146484375, 159.37600708007812], [140.55999755859375, 128.91200256347656, 177.96800231933594, 185.36000061035156], [103.3759994506836, 96.656005859375, 122.19200134277344, 158.25601196289062], [176.40000915527344, 98.89600372314453, 199.4720001220703, 142.5760040283203], [161.16799926757812, 101.58399963378906, 179.9840087890625, 146.83200073242188], [145.04000854492188, 100.24000549316406, 158.25601196289062, 145.26400756835938], [202.16000366210938, 96.8800048828125, 217.6160125732422, 129.36000061035156]], 'labels': ['whiteboard', 'chair', 'chair', 'chair', 'chair', 'person', 'person', 'person', 'person', 'person', 'person', 'person']}}"
0047,"{'<DENSE_REGION_CAPTION>': {'bboxes': [[58.12800216674805, 0.1120000034570694, 144.81600952148438, 110.54400634765625], [63.05600357055664, 145.26400756835938, 115.24800109863281, 223.66400146484375], [140.33599853515625, 155.12001037597656, 179.5360107421875, 223.66400146484375], [6.384000301361084, 192.7519989013672, 49.61600112915039, 223.66400146484375], [79.18400573730469, 182.447998046875, 115.24800109863281, 223.66400146484375], [2.5759999752044678, 20.944000244140625, 27.216001510620117, 159.37600708007812], [102.9280014038086, 96.43199920654297, 131.37600708007812, 166.76800537109375], [146.83200073242188, 101.36000061035156, 177.29600524902344, 146.38400268554688], [177.07200622558594, 98.22400665283203, 198.3520050048828, 142.3520050048828], [162.7360076904297, 101.36000061035156, 177.29600524902344, 146.16000366210938], [203.72801208496094, 95.08800506591797, 218.2880096435547, 133.61599731445312]], 'labels': ['whiteboard', 'chair', 'chair', 'chair', 'chair', 'person', 'person', 'person', 'person', 'person', 'person']}}"
0048,"{'<DENSE_REGION_CAPTION>': {'bboxes': [[0.1120000034570694, 130.92800903320312, 83.66400146484375, 223.66400146484375], [175.50399780273438, 142.3520050048828, 223.66400146484375, 223.66400146484375], [2.128000020980835, 21.61600112915039, 27.440000534057617, 159.37600708007812], [141.2320098876953, 118.38400268554688, 180.2080078125, 167.88800048828125], [102.2560043334961, 96.656005859375, 131.37600708007812, 168.5600128173828], [146.38400268554688, 118.38400268554688, 173.48800659179688, 156.91200256347656], [176.40000915527344, 98.22400665283203, 196.5600128173828, 142.5760040283203], [209.7760009765625, 101.13600158691406, 223.66400146484375, 143.6959991455078], [162.7360076904297, 101.8080062866211, 176.62400817871094, 144.59201049804688]], 'labels': ['desk', 'desk', 'person', 'person', 'person', 'person', 'person', 'person', 'person']}}"
0049,"{'<DENSE_REGION_CAPTION>': {'bboxes': [[58.12800216674805, 0.1120000034570694, 144.59201049804688, 110.99200439453125], [63.05600357055664, 145.26400756835938, 114.80000305175781, 223.66400146484375], [140.33599853515625, 155.34400939941406, 179.9840087890625, 223.66400146484375], [62.832000732421875, 182.447998046875, 114.80000305175781, 223.66400146484375], [6.160000324249268, 192.7519989013672, 49.61600112915039, 223.66400146484375], [24.527999877929688, 128.91200256347656, 35.72800064086914, 148.62400817871094]], 'labels': ['whiteboard', 'chair', 'chair', 'chair', 'chair', 'chair']}}"
0050,"{'<DENSE_REGION_CAPTION>': {'bboxes': [[0.1120000034570694, 130.48001098632812, 87.24800109863281, 223.66400146484375], [175.50399780273438, 142.3520050048828, 223.66400146484375, 223.66400146484375], [63.28000259399414, 145.26400756835938, 114.35200500488281, 223.66400146484375], [140.7840118408203, 155.56800842285156, 179.5360107421875, 223.66400146484375], [78.95999908447266, 145.26400756835938, 114.12800598144531, 223.66400146484375], [6.384000301361084, 192.97601318359375, 49.61600112915039, 223.66400146484375], [78.95999908447266, 182.89601135253906, 114.35200500488281, 223.66400146484375], [2.128000020980835, 21.392000198364258, 26.768001556396484, 159.60000610351562], [175.72801208496094, 98.0, 203.72801208496094, 143.0240020751953], [161.6160125732422, 101.8080062866211, 180.2080078125, 167.88800048828125], [143.0240020751953, 100.01600646972656, 164.3040008544922, 155.12001037597656], [161.8400115966797, 101.8080062866211, 178.19200134277344, 146.38400268554688], [210.2239990234375, 101.36000061035156, 223.66400146484375, 143.6959991455078], [201.93600463867188, 95.76000213623047, 215.60000610351562, 133.8400115966797]], 'labels': ['desk', 'desk', 'chair', 'chair', 'chair', 'chair', 'chair', 'person', 'person', 'person', 'person', 'person', 'person', 'person']}}"
0051,"{'<DENSE_REGION_CAPTION>': {'bboxes': [[58.12800216674805, 0.1120000034570694, 144.59201049804688, 110.99200439453125], [63.05600357055664, 145.26400756835938, 114.12800598144531, 223.66400146484375], [140.33599853515625, 154.0, 179.5360107421875, 223.66400146484375], [5.936000347137451, 192.5279998779297, 49.61600112915039, 223.66400146484375], [78.73600006103516, 182.447998046875, 114.12800598144531, 223.66400146484375], [24.527999877929688, 128.91200256347656, 35.72800064086914, 148.40000915527344]], 'labels': ['whiteboard', 'chair', 'chair', 'chair', 'chair', 'chair']}}"
0052,"{'<DENSE_REGION_CAPTION>': {'bboxes': [[0.1120000034570694, 130.92800903320312, 83.66400146484375, 223.66400146484375], [175.50399780273438, 142.3520050048828, 223.66400146484375, 223.66400146484375], [63.28000259399414, 145.26400756835938, 113.90400695800781, 223.66400146484375], [140.55999755859375, 154.0, 180.4320068359375, 223.66400146484375], [78.95999908447266, 145.26400756835938, 113.68000030517578, 223.66400146484375], [6.160000324249268, 192.7519989013672, 49.61600112915039, 223.66400146484375], [78.95999908447266, 182.89601135253906, 113.68000030517578, 223.66400146484375], [1.0080000162124634, 22.288000106811523, 27.440000534057617, 159.60000610351562], [143.9199981689453, 109.20000457763672, 175.72801208496094, 156.01600646972656], [175.72801208496094, 97.552001953125, 203.27999877929688, 143.2480010986328], [117.71200561523438, 117.26399993896484, 135.6320037841797, 176.84800720214844], [203.05599975585938, 97.552001953125, 218.7360076904297, 134.0640106201172], [214.25601196289062, 98.0, 223.66400146484375, 141.6800079345703]], 'labels': ['desk', 'desk', 'chair', 'chair', 'chair', 'chair', 'chair', 'person', 'person', 'person', 'person', 'person', 'person']}}"
0053,"{'<DENSE_REGION_CAPTION>': {'bboxes': [[0.1120000034570694, 130.48001098632812, 87.24800109863281, 223.66400146484375], [175.27999877929688, 142.3520050048828, 223.66400146484375, 223.66400146484375], [0.1120000034570694, 23.18400001525879, 28.112001419067383, 160.04800415039062], [143.2480010986328, 106.51200103759766, 180.656005859375, 168.5600128173828], [112.56000518798828, 117.04000091552734, 142.8000030517578, 175.95201110839844], [143.4720001220703, 106.51200103759766, 175.50399780273438, 156.24000549316406], [174.83200073242188, 96.656005859375, 201.71200561523438, 143.2480010986328]], 'labels': ['desk', 'desk', 'person', 'person', 'person', 'person', 'person']}}"
0054,"{'<DENSE_REGION_CAPTION>': {'bboxes': [[0.1120000034570694, 130.48001098632812, 87.02400207519531, 223.66400146484375], [175.50399780273438, 142.3520050048828, 223.66400146484375, 223.66400146484375], [0.1120000034570694, 22.288000106811523, 31.696001052856445, 159.37600708007812], [143.0240020751953, 110.99200439453125, 180.656005859375, 168.5600128173828], [115.47200012207031, 117.48800659179688, 143.2480010986328, 176.17601013183594], [211.34400939941406, 103.1520004272461, 223.66400146484375, 143.4720001220703]], 'labels': ['desk', 'desk', 'person', 'person', 'person', 'person']}}"
0055,"{'<DENSE_REGION_CAPTION>': {'bboxes': [[0.1120000034570694, 131.15200805664062, 83.66400146484375, 223.66400146484375], [174.83200073242188, 142.3520050048828, 223.66400146484375, 223.66400146484375], [75.3759994506836, 15.120000839233398, 85.23200225830078, 50.064002990722656]], 'labels': ['desk', 'desk', 'flag']}}"
0056,"{'<DENSE_REGION_CAPTION>': {'bboxes': [[0.1120000034570694, 131.15200805664062, 83.66400146484375, 223.66400146484375], [175.50399780273438, 142.5760040283203, 223.66400146484375, 223.66400146484375], [0.1120000034570694, 22.96000099182129, 31.920000076293945, 160.04800415039062], [0.1120000034570694, 22.96000099182129, 26.32000160217285, 126.00000762939453], [144.36801147460938, 109.64800262451172, 176.17601013183594, 156.24000549316406], [108.97600555419922, 144.81600952148438, 136.3040008544922, 175.50399780273438]], 'labels': ['desk', 'desk', 'person', 'person', 'person', 'person']}}"
0057,"{'<DENSE_REGION_CAPTION>': {'bboxes': [[58.57600021362305, 0.1120000034570694, 144.81600952148438, 110.99200439453125], [0.1120000034570694, 130.48001098632812, 84.11199951171875, 223.66400146484375], [175.27999877929688, 142.3520050048828, 223.66400146484375, 223.66400146484375], [78.95999908447266, 145.71200561523438, 113.68000030517578, 223.66400146484375], [140.7840118408203, 154.2239990234375, 179.9840087890625, 223.66400146484375], [4.5920000076293945, 188.27200317382812, 49.84000015258789, 223.66400146484375], [79.18400573730469, 183.12001037597656, 113.68000030517578, 223.66400146484375]], 'labels': ['whiteboard', 'table', 'table', 'chair', 'chair', 'chair', 'chair']}}"
0058,"{'<DENSE_REGION_CAPTION>': {'bboxes': [[0.1120000034570694, 131.15200805664062, 83.66400146484375, 223.66400146484375], [175.50399780273438, 142.5760040283203, 223.66400146484375, 223.66400146484375], [0.1120000034570694, 21.84000015258789, 32.816001892089844, 159.60000610351562], [0.1120000034570694, 21.84000015258789, 25.424001693725586, 126.00000762939453], [113.90400695800781, 111.44000244140625, 139.88800048828125, 176.84800720214844], [143.6959991455078, 106.51200103759766, 175.72801208496094, 155.79200744628906]], 'labels': ['desk', 'desk', 'person', 'person', 'person', 'person']}}"
0059,"{'<DENSE_REGION_CAPTION>': {'bboxes': [[58.12800216674805, 0.1120000034570694, 144.59201049804688, 110.99200439453125], [78.95999908447266, 145.71200561523438, 113.23200225830078, 223.66400146484375], [140.33599853515625, 154.0, 178.63999938964844, 223.66400146484375], [5.936000347137451, 192.7519989013672, 49.61600112915039, 223.66400146484375], [78.95999908447266, 182.89601135253906, 113.23200225830078, 223.66400146484375], [0.1120000034570694, 21.61600112915039, 32.592002868652344, 159.60000610351562], [113.00800323486328, 110.99200439453125, 138.99200439453125, 176.62400817871094], [144.81600952148438, 101.8080062866211, 175.72801208496094, 155.56800842285156], [197.2320098876953, 102.0320053100586, 216.04800415039062, 133.8400115966797], [214.25601196289062, 100.01600646972656, 223.66400146484375, 143.0240020751953]], 'labels': ['whiteboard', 'chair', 'chair', 'chair', 'chair', 'person', 'person', 'person', 'person', 'person']}}"
0060,"{'<DENSE_REGION_CAPTION>': {'bboxes': [[58.57600021362305, 5.039999961853027, 144.81600952148438, 111.21600341796875], [0.1120000034570694, 130.48001098632812, 84.11199951171875, 223.66400146484375], [175.27999877929688, 142.3520050048828, 223.66400146484375, 223.66400146484375], [79.18400573730469, 145.93600463867188, 113.68000030517578, 223.66400146484375], [140.7840118408203, 154.0, 179.5360107421875, 223.66400146484375], [6.384000301361084, 192.7519989013672, 49.84000015258789, 223.66400146484375], [79.40800476074219, 183.12001037597656, 113.45600128173828, 223.66400146484375], [24.75200080871582, 129.80799865722656, 36.400001525878906, 147.95201110839844]], 'labels': ['whiteboard', 'table', 'table', 'chair', 'chair', 'chair', 'chair', 'chair']}}"
0061,"{'<DENSE_REGION_CAPTION>': {'bboxes': [[58.12800216674805, 4.5920000076293945, 144.59201049804688, 111.21600341796875], [63.28000259399414, 145.71200561523438, 113.68000030517578, 223.66400146484375], [140.33599853515625, 153.7760009765625, 180.4320068359375, 223.66400146484375], [4.5920000076293945, 188.27200317382812, 50.288002014160156, 223.66400146484375], [79.18400573730469, 182.89601135253906, 113.68000030517578, 223.66400146484375], [24.527999877929688, 129.58399963378906, 36.400001525878906, 147.72801208496094]], 'labels': ['whiteboard', 'chair', 'chair', 'chair', 'chair', 'chair']}}"
0062,"{'<DENSE_REGION_CAPTION>': {'bboxes': [[0.1120000034570694, 131.15200805664062, 83.66400146484375, 223.66400146484375], [175.50399780273438, 142.3520050048828, 223.66400146484375, 223.66400146484375], [0.1120000034570694, 21.84000015258789, 31.920000076293945, 159.37600708007812], [141.2320098876953, 96.43199920654297, 175.72801208496094, 155.56800842285156], [63.28000259399414, 182.89601135253906, 113.68000030517578, 223.66400146484375], [6.384000301361084, 192.7519989013672, 50.288002014160156, 223.66400146484375], [79.18400573730469, 182.89601135253906, 113.45600128173828, 223.66400146484375], [20.496000289916992, 129.58399963378906, 36.176002502441406, 156.24000549316406], [24.527999877929688, 129.58399963378906, 36.176002502441406, 147.95201110839844]], 'labels': ['desk', 'desk', 'person', 'person', 'chair', 'chair', 'chair', 'chair', 'chair']}}"
0063,"{'<DENSE_REGION_CAPTION>': {'bboxes': [[58.12800216674805, 4.815999984741211, 144.81600952148438, 111.21600341796875], [63.28000259399414, 145.26400756835938, 113.68000030517578, 223.66400146484375], [140.33599853515625, 153.7760009765625, 180.4320068359375, 223.66400146484375], [5.936000347137451, 192.5279998779297, 50.288002014160156, 223.66400146484375], [79.18400573730469, 182.89601135253906, 113.68000030517578, 223.66400146484375], [24.527999877929688, 129.58399963378906, 36.400001525878906, 147.95201110839844]], 'labels': ['whiteboard', 'chair', 'chair', 'chair', 'chair', 'chair']}}"
0064,"{'<DENSE_REGION_CAPTION>': {'bboxes': [[58.12800216674805, 4.815999984741211, 145.04000854492188, 110.76800537109375], [63.05600357055664, 145.26400756835938, 113.68000030517578, 223.66400146484375], [140.33599853515625, 154.0, 180.4320068359375, 223.66400146484375], [5.936000347137451, 192.5279998779297, 50.288002014160156, 223.66400146484375], [79.18400573730469, 182.89601135253906, 113.68000030517578, 223.66400146484375], [0.1120000034570694, 21.61600112915039, 32.14400100708008, 159.60000610351562], [143.0240020751953, 96.656005859375, 173.04000854492188, 155.79200744628906], [117.48800659179688, 112.11200714111328, 137.1999969482422, 181.10400390625], [173.71200561523438, 97.7760009765625, 192.5279998779297, 142.8000030517578], [194.09600830078125, 87.47200012207031, 212.68800354003906, 133.8400115966797]], 'labels': ['whiteboard', 'chair', 'chair', 'chair', 'chair', 'person', 'person', 'person', 'person', 'person']}}"
0065,"{'<DENSE_REGION_CAPTION>': {'bboxes': [[58.12800216674805, 3.9200000762939453, 145.04000854492188, 110.76800537109375], [63.05600357055664, 145.26400756835938, 114.12800598144531, 223.66400146484375], [140.33599853515625, 153.7760009765625, 180.4320068359375, 223.66400146484375], [5.936000347137451, 192.5279998779297, 50.288002014160156, 223.66400146484375], [79.18400573730469, 182.67201232910156, 114.12800598144531, 223.66400146484375], [0.1120000034570694, 21.61600112915039, 31.920000076293945, 159.15200805664062], [134.5120086669922, 95.76000213623047, 175.72801208496094, 155.56800842285156], [108.97600555419922, 117.04000091552734, 135.4080047607422, 180.2080078125], [188.72000122070312, 87.02400207519531, 209.552001953125, 142.8000030517578], [173.71200561523438, 97.552001953125, 192.5279998779297, 142.3520050048828], [213.58399963378906, 101.58399963378906, 223.66400146484375, 142.5760040283203]], 'labels': ['whiteboard', 'chair', 'chair', 'chair', 'chair', 'person', 'person', 'person', 'person', 'person', 'person']}}"
0066,"{'<DENSE_REGION_CAPTION>': {'bboxes': [[0.1120000034570694, 130.92800903320312, 83.66400146484375, 223.66400146484375], [175.50399780273438, 142.3520050048828, 223.66400146484375, 223.66400146484375], [0.1120000034570694, 21.392000198364258, 32.14400100708008, 171.0240020751953], [0.1120000034570694, 21.392000198364258, 25.424001693725586, 141.4560089111328], [144.36801147460938, 98.44800567626953, 180.2080078125, 167.44000244140625], [78.95999908447266, 145.71200561523438, 114.35200500488281, 223.66400146484375], [78.95999908447266, 182.67201232910156, 114.35200500488281, 223.66400146484375], [6.384000301361084, 193.20001220703125, 48.272003173828125, 223.66400146484375]], 'labels': ['desk', 'desk', 'person', 'person', 'person', 'chair', 'chair', 'chair']}}"
0067,"{'<DENSE_REGION_CAPTION>': {'bboxes': [[0.1120000034570694, 130.48001098632812, 83.66400146484375, 223.66400146484375], [175.50399780273438, 142.3520050048828, 223.66400146484375, 223.66400146484375], [0.1120000034570694, 21.61600112915039, 26.32000160217285, 160.72000122070312], [143.9199981689453, 99.34400177001953, 177.07200622558594, 156.24000549316406]], 'labels': ['desk', 'desk', 'person', 'person']}}"
0068,"{'<DENSE_REGION_CAPTION>': {'bboxes': [[0.1120000034570694, 130.92800903320312, 83.66400146484375, 223.66400146484375], [175.50399780273438, 142.3520050048828, 223.66400146484375, 223.66400146484375], [0.1120000034570694, 19.600000381469727, 27.440000534057617, 160.27200317382812], [143.2480010986328, 108.75200653076172, 176.84800720214844, 152.4320068359375], [176.40000915527344, 86.57600402832031, 198.5760040283203, 142.3520050048828]], 'labels': ['desk', 'desk', 'person', 'person', 'person']}}"
0069,"{'<DENSE_REGION_CAPTION>': {'bboxes': [[0.1120000034570694, 131.15200805664062, 83.66400146484375, 223.66400146484375], [175.50399780273438, 142.3520050048828, 223.66400146484375, 223.66400146484375], [0.1120000034570694, 21.392000198364258, 29.45600128173828, 160.27200317382812], [144.36801147460938, 126.00000762939453, 180.656005859375, 223.66400146484375], [146.38400268554688, 101.8080062866211, 175.72801208496094, 147.95201110839844], [187.60000610351562, 82.99200439453125, 205.07200622558594, 142.1280059814453], [121.74400329589844, 107.40800476074219, 140.11199951171875, 147.27999877929688]], 'labels': ['desk', 'desk', 'person', 'person', 'person', 'person', 'person']}}"
0070,"{'<DENSE_REGION_CAPTION>': {'bboxes': [[58.12800216674805, 4.815999984741211, 144.59201049804688, 110.76800537109375], [78.95999908447266, 145.93600463867188, 114.12800598144531, 223.66400146484375], [143.4720001220703, 146.16000366210938, 179.5360107421875, 223.66400146484375], [6.384000301361084, 193.42401123046875, 49.84000015258789, 223.66400146484375], [78.95999908447266, 182.89601135253906, 113.90400695800781, 223.66400146484375], [0.1120000034570694, 22.512001037597656, 28.784000396728516, 159.60000610351562], [146.83200073242188, 98.67200469970703, 175.50399780273438, 147.95201110839844], [189.8400115966797, 78.95999908447266, 209.552001953125, 142.5760040283203], [103.3759994506836, 93.52000427246094, 121.07200622558594, 150.19200134277344], [122.41600036621094, 108.75200653076172, 138.32000732421875, 147.95201110839844]], 'labels': ['whiteboard', 'chair', 'chair', 'chair', 'chair', 'person', 'person', 'person', 'person', 'person']}}"
0071,"{'<DENSE_REGION_CAPTION>': {'bboxes': [[0.1120000034570694, 131.15200805664062, 83.66400146484375, 223.66400146484375], [175.50399780273438, 142.3520050048828, 223.66400146484375, 223.66400146484375], [143.0240020751953, 146.16000366210938, 179.9840087890625, 223.66400146484375], [78.95999908447266, 145.71200561523438, 113.90400695800781, 223.66400146484375], [6.160000324249268, 193.20001220703125, 49.84000015258789, 223.66400146484375], [78.95999908447266, 182.67201232910156, 113.90400695800781, 223.66400146484375], [0.1120000034570694, 21.84000015258789, 28.560001373291016, 159.37600708007812], [147.95201110839844, 103.82400512695312, 177.07200622558594, 148.17601013183594], [118.60800170898438, 109.64800262451172, 138.99200439453125, 170.8000030517578], [188.94400024414062, 87.69599914550781, 210.44801330566406, 142.8000030517578], [103.3759994506836, 93.74400329589844, 120.1760025024414, 149.96800231933594], [208.8800048828125, 97.3280029296875, 223.66400146484375, 140.11199951171875], [138.99200439453125, 103.82400512695312, 153.552001953125, 142.1280059814453]], 'labels': ['desk', 'desk', 'chair', 'chair', 'chair', 'chair', 'person', 'person', 'person', 'person', 'person', 'person', 'person']}}"
0072,"{'<DENSE_REGION_CAPTION>': {'bboxes': [[58.12800216674805, 4.815999984741211, 144.81600952148438, 110.76800537109375], [0.1120000034570694, 130.48001098632812, 84.11199951171875, 223.66400146484375], [175.50399780273438, 142.1280059814453, 223.66400146484375, 223.66400146484375], [78.51200103759766, 145.71200561523438, 114.12800598144531, 223.66400146484375], [143.2480010986328, 145.93600463867188, 179.5360107421875, 223.66400146484375], [6.160000324249268, 192.97601318359375, 49.84000015258789, 223.66400146484375], [78.73600006103516, 182.447998046875, 113.90400695800781, 223.66400146484375], [0.1120000034570694, 21.61600112915039, 27.216001510620117, 158.48001098632812], [150.41600036621094, 99.34400177001953, 179.5360107421875, 149.07200622558594], [118.16000366210938, 109.20000457763672, 138.99200439453125, 172.81600952148438], [190.5120086669922, 88.81600189208984, 214.25601196289062, 142.5760040283203], [102.9280014038086, 93.52000427246094, 120.4000015258789, 149.74400329589844], [177.52000427246094, 99.56800079345703, 192.7519989013672, 142.1280059814453], [210.67201232910156, 96.8800048828125, 223.66400146484375, 139.66400146484375], [139.21600341796875, 103.3759994506836, 154.2239990234375, 130.25599670410156]], 'labels': ['whiteboard', 'table', 'table', 'chair', 'chair', 'chair', 'chair', 'person', 'person', 'person', 'person', 'person', 'person', 'person', 'person']}}"
0073,"{'<DENSE_REGION_CAPTION>': {'bboxes': [[58.12800216674805, 5.039999961853027, 144.59201049804688, 110.76800537109375], [63.28000259399414, 145.93600463867188, 114.12800598144531, 223.66400146484375], [143.9199981689453, 146.60800170898438, 180.656005859375, 223.66400146484375], [5.936000347137451, 193.20001220703125, 49.84000015258789, 223.66400146484375], [78.73600006103516, 182.67201232910156, 114.12800598144531, 223.66400146484375], [0.1120000034570694, 21.84000015258789, 28.112001419067383, 158.48001098632812], [150.63999938964844, 92.1760025024414, 177.52000427246094, 148.84800720214844], [119.7280044555664, 108.52799987792969, 139.21600341796875, 172.14401245117188], [194.99200439453125, 89.48799896240234, 212.68800354003906, 132.72000122070312], [209.552001953125, 96.8800048828125, 223.66400146484375, 139.88800048828125]], 'labels': ['whiteboard', 'chair', 'chair', 'chair', 'chair', 'person', 'person', 'person', 'person', 'person']}}"
0074,"{'<DENSE_REGION_CAPTION>': {'bboxes': [[0.1120000034570694, 130.92800903320312, 83.66400146484375, 223.66400146484375], [175.72801208496094, 142.3520050048828, 223.66400146484375, 223.66400146484375], [0.1120000034570694, 21.84000015258789, 27.66400146484375, 159.60000610351562], [149.96800231933594, 90.83200073242188, 178.63999938964844, 148.84800720214844], [102.2560043334961, 93.74400329589844, 123.53600311279297, 169.4560089111328], [188.49600219726562, 89.71200561523438, 212.46400451660156, 143.0240020751953], [119.0560073852539, 99.56800079345703, 137.64801025390625, 149.52000427246094], [208.2080078125, 97.552001953125, 223.66400146484375, 140.11199951171875]], 'labels': ['desk', 'desk', 'person', 'person', 'person', 'person', 'person', 'person']}}"
0075,"{'<DENSE_REGION_CAPTION>': {'bboxes': [[58.12800216674805, 5.039999961853027, 144.59201049804688, 110.99200439453125], [63.28000259399414, 145.93600463867188, 114.12800598144531, 223.66400146484375], [144.36801147460938, 146.83200073242188, 180.4320068359375, 223.66400146484375], [78.95999908447266, 145.93600463867188, 113.90400695800781, 223.66400146484375], [6.160000324249268, 193.20001220703125, 49.84000015258789, 223.66400146484375], [0.1120000034570694, 21.84000015258789, 27.440000534057617, 159.82400512695312], [147.50399780273438, 95.76000213623047, 178.63999938964844, 149.52000427246094], [195.21600341796875, 89.71200561523438, 212.91200256347656, 133.39199829101562]], 'labels': ['whiteboard', 'chair', 'chair', 'chair', 'chair', 'person', 'person', 'person']}}"
0076,"{'<DENSE_REGION_CAPTION>': {'bboxes': [[58.12800216674805, 5.263999938964844, 144.59201049804688, 110.99200439453125], [0.1120000034570694, 21.84000015258789, 30.128000259399414, 159.60000610351562], [0.1120000034570694, 22.064001083374023, 22.064001083374023, 159.15200805664062], [101.8080062866211, 93.52000427246094, 121.29600524902344, 170.1280059814453], [149.07200622558594, 98.44800567626953, 178.19200134277344, 148.62400817871094], [118.16000366210938, 106.73600006103516, 138.09600830078125, 171.4720001220703], [194.99200439453125, 89.93600463867188, 214.92800903320312, 133.61599731445312], [210.67201232910156, 87.47200012207031, 223.66400146484375, 139.88800048828125]], 'labels': ['whiteboard', 'person', 'person', 'person', 'person', 'person', 'person', 'person']}}"
0077,"{'<DENSE_REGION_CAPTION>': {'bboxes': [[58.12800216674805, 5.263999938964844, 144.59201049804688, 110.99200439453125], [78.95999908447266, 145.26400756835938, 114.12800598144531, 223.66400146484375], [6.160000324249268, 192.97601318359375, 49.84000015258789, 223.66400146484375], [0.1120000034570694, 21.84000015258789, 28.112001419067383, 159.82400512695312], [101.8080062866211, 93.74400329589844, 123.53600311279297, 171.4720001220703], [164.9759979248047, 98.89600372314453, 193.20001220703125, 142.1280059814453], [190.5120086669922, 89.48799896240234, 212.46400451660156, 142.3520050048828], [206.63999938964844, 99.56800079345703, 223.66400146484375, 138.99200439453125]], 'labels': ['whiteboard', 'chair', 'chair', 'person', 'person', 'person', 'person', 'person']}}"
0078,"{'<DENSE_REGION_CAPTION>': {'bboxes': [[58.12800216674805, 5.488000392913818, 144.59201049804688, 111.21600341796875], [0.1120000034570694, 21.84000015258789, 29.45600128173828, 160.04800415039062], [0.1120000034570694, 22.064001083374023, 22.064001083374023, 160.04800415039062], [101.8080062866211, 93.52000427246094, 122.19200134277344, 170.3520050048828], [118.16000366210938, 104.04800415039062, 138.09600830078125, 171.2480010986328], [192.0800018310547, 89.26399993896484, 214.92800903320312, 133.16799926757812]], 'labels': ['whiteboard', 'person', 'person', 'person', 'person', 'person']}}"
0079,"{'<DENSE_REGION_CAPTION>': {'bboxes': [[58.12800216674805, 5.263999938964844, 144.59201049804688, 110.99200439453125], [78.95999908447266, 145.48800659179688, 114.12800598144531, 223.66400146484375], [6.160000324249268, 192.97601318359375, 49.84000015258789, 223.66400146484375], [78.95999908447266, 182.89601135253906, 113.90400695800781, 223.66400146484375], [5.936000347137451, 156.01600646972656, 18.48000144958496, 172.59201049804688]], 'labels': ['whiteboard', 'chair', 'chair', 'chair', 'chair']}}"
0080,"{'<DENSE_REGION_CAPTION>': {'bboxes': [[58.12800216674805, 5.263999938964844, 144.59201049804688, 111.21600341796875], [78.95999908447266, 145.48800659179688, 114.12800598144531, 223.66400146484375], [5.936000347137451, 156.01600646972656, 49.84000015258789, 223.66400146484375], [6.160000324249268, 193.20001220703125, 49.84000015258789, 223.66400146484375], [78.95999908447266, 182.89601135253906, 113.90400695800781, 223.66400146484375], [0.1120000034570694, 22.064001083374023, 27.66400146484375, 159.82400512695312], [145.93600463867188, 98.44800567626953, 178.86399841308594, 150.63999938964844], [101.8080062866211, 93.52000427246094, 121.74400329589844, 163.8560028076172], [166.09600830078125, 100.01600646972656, 194.54400634765625, 142.8000030517578], [192.0800018310547, 86.80000305175781, 211.34400939941406, 142.5760040283203]], 'labels': ['whiteboard', 'chair', 'chair', 'chair', 'chair', 'person', 'person', 'person', 'person', 'person']}}"
0081,"{'<DENSE_REGION_CAPTION>': {'bboxes': [[58.12800216674805, 5.263999938964844, 144.59201049804688, 111.21600341796875], [78.95999908447266, 145.48800659179688, 114.12800598144531, 223.66400146484375], [6.160000324249268, 192.97601318359375, 49.84000015258789, 223.66400146484375], [0.1120000034570694, 21.84000015258789, 27.66400146484375, 160.04800415039062], [143.9199981689453, 103.3759994506836, 178.19200134277344, 149.52000427246094], [101.8080062866211, 93.74400329589844, 119.9520034790039, 164.5279998779297], [177.07200622558594, 100.01600646972656, 194.09600830078125, 142.5760040283203]], 'labels': ['whiteboard', 'chair', 'chair', 'person', 'person', 'person', 'person']}}"
0082,"{'<DENSE_REGION_CAPTION>': {'bboxes': [[58.12800216674805, 5.712000370025635, 144.59201049804688, 110.99200439453125], [0.1120000034570694, 130.48001098632812, 83.66400146484375, 223.66400146484375], [175.50399780273438, 142.1280059814453, 223.66400146484375, 223.66400146484375], [78.95999908447266, 145.48800659179688, 113.90400695800781, 223.66400146484375], [5.936000347137451, 156.01600646972656, 49.84000015258789, 223.66400146484375], [6.160000324249268, 193.20001220703125, 49.84000015258789, 223.66400146484375], [78.95999908447266, 182.89601135253906, 113.68000030517578, 223.66400146484375], [0.1120000034570694, 22.064001083374023, 27.66400146484375, 159.82400512695312], [142.8000030517578, 102.2560043334961, 178.63999938964844, 149.07200622558594], [100.91200256347656, 93.07200622558594, 119.0560073852539, 163.1840057373047]], 'labels': ['whiteboard', 'table', 'table', 'chair', 'chair', 'chair', 'chair', 'person', 'person', 'person']}}"
0083,"{'<DENSE_REGION_CAPTION>': {'bboxes': [[58.12800216674805, 5.936000347137451, 144.59201049804688, 110.99200439453125], [78.95999908447266, 145.48800659179688, 114.12800598144531, 223.66400146484375], [5.936000347137451, 155.79200744628906, 49.84000015258789, 223.66400146484375], [0.1120000034570694, 22.064001083374023, 27.66400146484375, 159.82400512695312], [143.6959991455078, 103.60000610351562, 181.3280029296875, 150.86399841308594], [192.0800018310547, 92.8479995727539, 216.04800415039062, 133.16799926757812]], 'labels': ['whiteboard', 'chair', 'chair', 'person', 'person', 'person']}}"
0084,"{'<DENSE_REGION_CAPTION>': {'bboxes': [[58.12800216674805, 5.936000347137451, 144.59201049804688, 110.99200439453125], [78.95999908447266, 145.71200561523438, 114.12800598144531, 223.66400146484375], [5.936000347137451, 192.97601318359375, 49.84000015258789, 223.66400146484375], [0.1120000034570694, 22.288000106811523, 37.74399948120117, 160.04800415039062], [143.9199981689453, 103.3759994506836, 178.63999938964844, 149.29600524902344], [192.97601318359375, 94.63999938964844, 215.82400512695312, 132.72000122070312], [209.552001953125, 92.1760025024414, 223.66400146484375, 139.66400146484375]], 'labels': ['whiteboard', 'chair', 'chair', 'person', 'person', 'person', 'person']}}"
0085,"{'<DENSE_REGION_CAPTION>': {'bboxes': [[58.12800216674805, 5.488000392913818, 144.59201049804688, 110.76800537109375], [78.95999908447266, 145.26400756835938, 114.12800598144531, 223.66400146484375], [5.936000347137451, 193.20001220703125, 49.84000015258789, 223.66400146484375], [0.1120000034570694, 21.84000015258789, 29.904001235961914, 160.04800415039062], [102.0320053100586, 93.74400329589844, 125.3280029296875, 174.16000366210938], [147.95201110839844, 101.36000061035156, 179.0880126953125, 149.07200622558594], [194.09600830078125, 95.08800506591797, 214.48001098632812, 142.5760040283203], [180.2080078125, 95.98400115966797, 197.6800079345703, 142.8000030517578], [138.09600830078125, 103.3759994506836, 152.656005859375, 146.83200073242188], [204.17601013183594, 72.01599884033203, 221.64801025390625, 104.94400024414062]], 'labels': ['whiteboard', 'chair', 'chair', 'person', 'person', 'person', 'person', 'person', 'person', 'person']}}"
0086,"{'<DENSE_REGION_CAPTION>': {'bboxes': [[0.1120000034570694, 19.82400131225586, 27.66400146484375, 159.82400512695312], [0.1120000034570694, 19.82400131225586, 22.96000099182129, 126.00000762939453], [78.51200103759766, 145.48800659179688, 114.12800598144531, 223.66400146484375], [143.9199981689453, 146.83200073242188, 180.656005859375, 223.66400146484375], [5.936000347137451, 193.20001220703125, 49.84000015258789, 223.66400146484375], [78.73600006103516, 182.447998046875, 113.90400695800781, 223.66400146484375]], 'labels': ['person', 'person', 'chair', 'chair', 'chair', 'chair']}}"
0087,"{'<DENSE_REGION_CAPTION>': {'bboxes': [[58.12800216674805, 5.263999938964844, 145.04000854492188, 110.76800537109375], [0.1120000034570694, 130.48001098632812, 84.11199951171875, 223.66400146484375], [175.50399780273438, 142.1280059814453, 223.66400146484375, 223.66400146484375], [78.51200103759766, 145.71200561523438, 114.12800598144531, 223.66400146484375], [143.9199981689453, 148.40000915527344, 181.3280029296875, 223.66400146484375], [6.160000324249268, 193.42401123046875, 49.84000015258789, 223.66400146484375]], 'labels': ['whiteboard', 'table', 'table', 'chair', 'chair', 'chair']}}"
0088,"{'<DENSE_REGION_CAPTION>': {'bboxes': [[0.1120000034570694, 131.15200805664062, 83.66400146484375, 223.66400146484375], [175.50399780273438, 142.3520050048828, 223.66400146484375, 223.66400146484375], [0.1120000034570694, 21.61600112915039, 27.440000534057617, 162.0640106201172], [0.1120000034570694, 21.61600112915039, 20.272001266479492, 127.56800079345703], [78.95999908447266, 145.71200561523438, 114.12800598144531, 223.66400146484375], [5.936000347137451, 193.42401123046875, 49.84000015258789, 223.66400146484375], [78.95999908447266, 182.89601135253906, 114.12800598144531, 223.66400146484375], [5.712000370025635, 156.01600646972656, 18.928001403808594, 172.36801147460938]], 'labels': ['desk', 'desk', 'person', 'person', 'chair', 'chair', 'chair', 'chair']}}"
0089,"{'<DENSE_REGION_CAPTION>': {'bboxes': [[0.1120000034570694, 131.15200805664062, 83.66400146484375, 223.66400146484375], [175.50399780273438, 142.1280059814453, 223.66400146484375, 223.66400146484375], [63.28000259399414, 145.26400756835938, 114.35200500488281, 223.66400146484375], [144.36801147460938, 147.72801208496094, 181.3280029296875, 223.66400146484375], [5.936000347137451, 156.01600646972656, 49.84000015258789, 223.66400146484375], [78.51200103759766, 145.26400756835938, 114.12800598144531, 223.66400146484375], [6.160000324249268, 193.20001220703125, 49.84000015258789, 223.66400146484375]], 'labels': ['desk', 'desk', 'chair', 'chair', 'chair', 'chair', 'chair']}}"
0090,"{'<DENSE_REGION_CAPTION>': {'bboxes': [[0.1120000034570694, 130.48001098632812, 84.11199951171875, 223.66400146484375], [175.50399780273438, 142.1280059814453, 223.66400146484375, 223.66400146484375], [0.1120000034570694, 21.84000015258789, 27.216001510620117, 162.0640106201172], [101.58399963378906, 92.6240005493164, 129.80799865722656, 178.63999938964844], [78.28800201416016, 145.71200561523438, 114.35200500488281, 223.66400146484375], [144.36801147460938, 148.17601013183594, 181.10400390625, 223.66400146484375], [5.712000370025635, 156.01600646972656, 38.63999938964844, 197.2320098876953], [6.384000301361084, 193.42401123046875, 49.84000015258789, 223.66400146484375], [78.73600006103516, 182.89601135253906, 114.12800598144531, 223.66400146484375], [175.72801208496094, 165.64801025390625, 193.64801025390625, 223.66400146484375], [5.712000370025635, 156.24000549316406, 19.152000427246094, 172.81600952148438]], 'labels': ['desk', 'desk', 'person', 'person', 'chair', 'chair', 'chair', 'chair', 'chair', 'chair', 'chair']}}"
0091,"{'<DENSE_REGION_CAPTION>': {'bboxes': [[0.1120000034570694, 130.92800903320312, 83.66400146484375, 223.66400146484375], [175.50399780273438, 142.1280059814453, 223.66400146484375, 223.66400146484375], [0.1120000034570694, 21.61600112915039, 27.66400146484375, 171.4720001220703], [101.8080062866211, 92.6240005493164, 130.25599670410156, 179.9840087890625], [146.38400268554688, 110.99200439453125, 180.2080078125, 149.74400329589844], [192.0800018310547, 88.59200286865234, 211.56800842285156, 142.5760040283203]], 'labels': ['desk', 'desk', 'person', 'person', 'person', 'person']}}"
0092,"{'<DENSE_REGION_CAPTION>': {'bboxes': [[58.12800216674805, 5.488000392913818, 145.04000854492188, 110.99200439453125], [63.28000259399414, 145.71200561523438, 114.80000305175781, 223.66400146484375], [143.9199981689453, 147.95201110839844, 181.552001953125, 223.66400146484375], [5.936000347137451, 156.01600646972656, 49.84000015258789, 223.66400146484375], [78.51200103759766, 145.71200561523438, 114.57600402832031, 223.66400146484375], [6.384000301361084, 193.42401123046875, 49.84000015258789, 223.66400146484375], [0.1120000034570694, 20.944000244140625, 24.75200080871582, 162.7360076904297], [112.33600616455078, 120.84800720214844, 134.9600067138672, 177.74400329589844], [146.38400268554688, 107.40800476074219, 178.41600036621094, 149.96800231933594], [192.0800018310547, 97.552001953125, 216.72000122070312, 142.5760040283203], [101.8080062866211, 92.8479995727539, 120.6240005493164, 150.19200134277344], [175.72801208496094, 98.67200469970703, 194.54400634765625, 142.1280059814453]], 'labels': ['whiteboard', 'chair', 'chair', 'chair', 'chair', 'chair', 'person', 'person', 'person', 'person', 'person', 'person']}}"
0093,"{'<DENSE_REGION_CAPTION>': {'bboxes': [[0.1120000034570694, 21.168001174926758, 27.440000534057617, 171.4720001220703], [0.1120000034570694, 21.168001174926758, 21.392000198364258, 120.84800720214844], [101.8080062866211, 92.4000015258789, 126.89600372314453, 173.48800659179688], [146.38400268554688, 111.21600341796875, 178.86399841308594, 149.74400329589844], [191.6320037841797, 97.552001953125, 214.03201293945312, 133.61599731445312]], 'labels': ['person', 'person', 'person', 'person', 'person']}}"
0094,"{'<DENSE_REGION_CAPTION>': {'bboxes': [[0.1120000034570694, 131.15200805664062, 83.66400146484375, 223.66400146484375], [175.50399780273438, 142.3520050048828, 223.66400146484375, 223.66400146484375], [78.51200103759766, 145.71200561523438, 114.12800598144531, 223.66400146484375], [144.36801147460938, 147.05599975585938, 179.9840087890625, 223.66400146484375], [5.936000347137451, 156.01600646972656, 38.63999938964844, 223.66400146484375], [6.384000301361084, 193.20001220703125, 49.84000015258789, 223.66400146484375], [78.95999908447266, 182.89601135253906, 114.12800598144531, 223.66400146484375], [5.936000347137451, 156.24000549316406, 18.928001403808594, 172.81600952148438]], 'labels': ['desk', 'desk', 'chair', 'chair', 'chair', 'chair', 'chair', 'chair']}}"
0095,"{'<DENSE_REGION_CAPTION>': {'bboxes': [[0.1120000034570694, 131.15200805664062, 83.66400146484375, 223.66400146484375], [175.50399780273438, 142.3520050048828, 223.66400146484375, 223.66400146484375], [78.51200103759766, 145.71200561523438, 114.35200500488281, 223.66400146484375], [143.2480010986328, 146.16000366210938, 179.5360107421875, 223.66400146484375], [5.936000347137451, 156.01600646972656, 49.84000015258789, 223.66400146484375], [6.384000301361084, 193.20001220703125, 49.84000015258789, 223.66400146484375], [0.1120000034570694, 22.288000106811523, 21.392000198364258, 120.6240005493164], [145.93600463867188, 98.44800567626953, 178.19200134277344, 147.95201110839844]], 'labels': ['desk', 'desk', 'chair', 'chair', 'chair', 'chair', 'person', 'person']}}"
0096,"{'<DENSE_REGION_CAPTION>': {'bboxes': [[58.12800216674805, 5.263999938964844, 144.81600952148438, 109.20000457763672], [63.28000259399414, 145.93600463867188, 114.35200500488281, 223.66400146484375], [5.936000347137451, 156.01600646972656, 49.84000015258789, 223.66400146484375], [78.95999908447266, 145.93600463867188, 114.12800598144531, 223.66400146484375], [6.384000301361084, 193.20001220703125, 49.84000015258789, 223.66400146484375], [79.18400573730469, 182.89601135253906, 114.12800598144531, 223.66400146484375], [6.160000324249268, 156.01600646972656, 19.376001358032227, 172.36801147460938]], 'labels': ['whiteboard', 'chair', 'chair', 'chair', 'chair', 'chair', 'chair']}}"
0097,"{'<DENSE_REGION_CAPTION>': {'bboxes': [[0.1120000034570694, 130.48001098632812, 83.66400146484375, 223.66400146484375], [175.27999877929688, 142.1280059814453, 223.66400146484375, 223.66400146484375], [0.1120000034570694, 21.84000015258789, 27.216001510620117, 163.6320037841797], [0.1120000034570694, 21.84000015258789, 19.152000427246094, 138.99200439453125], [147.95201110839844, 101.58399963378906, 178.86399841308594, 148.62400817871094], [185.13600158691406, 99.79199981689453, 205.52000427246094, 143.0240020751953]], 'labels': ['desk', 'desk', 'person', 'person', 'person', 'person']}}"
0098,"{'<DENSE_REGION_CAPTION>': {'bboxes': [[0.1120000034570694, 130.48001098632812, 83.66400146484375, 223.66400146484375], [175.50399780273438, 142.3520050048828, 223.66400146484375, 223.66400146484375], [78.95999908447266, 145.26400756835938, 113.90400695800781, 223.66400146484375], [5.936000347137451, 156.01600646972656, 49.84000015258789, 223.66400146484375], [6.384000301361084, 193.20001220703125, 49.84000015258789, 223.66400146484375], [0.1120000034570694, 21.61600112915039, 19.376001358032227, 139.44000244140625], [147.50399780273438, 108.08000183105469, 178.63999938964844, 148.40000915527344], [196.33599853515625, 102.0320053100586, 215.15200805664062, 133.16799926757812]], 'labels': ['desk', 'desk', 'chair', 'chair', 'chair', 'person', 'person', 'person']}}"
0099,"{'<DENSE_REGION_CAPTION>': {'bboxes': [[58.12800216674805, 5.263999938964844, 144.81600952148438, 110.54400634765625], [0.1120000034570694, 130.48001098632812, 84.33600616455078, 223.66400146484375], [175.27999877929688, 142.3520050048828, 223.66400146484375, 223.66400146484375], [78.95999908447266, 145.48800659179688, 114.12800598144531, 223.66400146484375], [5.936000347137451, 156.01600646972656, 49.84000015258789, 223.66400146484375], [6.384000301361084, 193.20001220703125, 49.84000015258789, 223.66400146484375], [0.1120000034570694, 21.392000198364258, 27.66400146484375, 163.1840057373047], [102.4800033569336, 93.96800231933594, 131.82400512695312, 173.48800659179688], [148.40000915527344, 98.67200469970703, 178.86399841308594, 148.62400817871094]], 'labels': ['whiteboard', 'table', 'table', 'chair', 'chair', 'chair', 'person', 'person', 'person']}}"
0100,"{'<DENSE_REGION_CAPTION>': {'bboxes': [[58.12800216674805, 5.263999938964844, 144.59201049804688, 110.76800537109375], [63.28000259399414, 145.26400756835938, 114.12800598144531, 223.66400146484375], [5.936000347137451, 156.01600646972656, 49.84000015258789, 223.66400146484375], [78.95999908447266, 145.26400756835938, 113.90400695800781, 223.66400146484375], [6.160000324249268, 193.20001220703125, 49.84000015258789, 223.66400146484375], [0.1120000034570694, 21.84000015258789, 30.128000259399414, 161.16799926757812], [147.95201110839844, 102.2560043334961, 179.31201171875, 149.07200622558594], [102.2560043334961, 92.6240005493164, 121.96800231933594, 149.07200622558594], [182.447998046875, 100.68800354003906, 206.63999938964844, 143.0240020751953]], 'labels': ['whiteboard', 'chair', 'chair', 'chair', 'chair', 'person', 'person', 'person', 'person']}}"
0101,"{'<DENSE_REGION_CAPTION>': {'bboxes': [[58.12800216674805, 5.039999961853027, 144.81600952148438, 110.54400634765625], [0.1120000034570694, 21.61600112915039, 31.248001098632812, 160.49600219726562], [0.1120000034570694, 22.288000106811523, 22.512001037597656, 160.04800415039062], [102.0320053100586, 93.07200622558594, 127.79200744628906, 172.14401245117188], [145.93600463867188, 102.4800033569336, 178.86399841308594, 149.07200622558594]], 'labels': ['whiteboard', 'person', 'person', 'person', 'person']}}"
0102,"{'<DENSE_REGION_CAPTION>': {'bboxes': [[58.12800216674805, 5.039999961853027, 144.81600952148438, 110.54400634765625], [78.95999908447266, 145.26400756835938, 113.90400695800781, 223.66400146484375], [5.936000347137451, 192.97601318359375, 49.61600112915039, 223.66400146484375], [0.1120000034570694, 21.84000015258789, 28.112001419067383, 159.82400512695312], [147.95201110839844, 107.18400573730469, 178.41600036621094, 148.62400817871094]], 'labels': ['whiteboard', 'chair', 'chair', 'person', 'person']}}"
0103,"{'<DENSE_REGION_CAPTION>': {'bboxes': [[0.1120000034570694, 130.92800903320312, 83.66400146484375, 223.66400146484375], [175.72801208496094, 142.5760040283203, 223.66400146484375, 223.66400146484375], [0.1120000034570694, 22.064001083374023, 27.66400146484375, 161.16799926757812], [102.0320053100586, 93.29600524902344, 126.00000762939453, 169.0080108642578], [149.52000427246094, 98.0, 180.8800048828125, 148.84800720214844], [205.07200622558594, 88.59200286865234, 217.8400115966797, 107.85600280761719]], 'labels': ['desk', 'desk', 'person', 'person', 'person', 'person']}}"
0104,"{'<DENSE_REGION_CAPTION>': {'bboxes': [[0.1120000034570694, 130.92800903320312, 83.66400146484375, 223.66400146484375], [175.50399780273438, 142.3520050048828, 223.66400146484375, 223.66400146484375], [0.1120000034570694, 22.064001083374023, 27.66400146484375, 162.2880096435547], [101.8080062866211, 93.07200622558594, 126.44800567626953, 169.9040069580078], [147.95201110839844, 100.01600646972656, 180.656005859375, 148.62400817871094]], 'labels': ['desk', 'desk', 'person', 'person', 'person']}}"
0105,"{'<DENSE_REGION_CAPTION>': {'bboxes': [[58.12800216674805, 5.263999938964844, 144.59201049804688, 110.76800537109375], [0.1120000034570694, 156.01600646972656, 49.84000015258789, 223.66400146484375], [78.73600006103516, 145.26400756835938, 113.68000030517578, 223.66400146484375], [5.936000347137451, 192.97601318359375, 49.84000015258789, 223.66400146484375], [78.95999908447266, 182.89601135253906, 113.68000030517578, 223.66400146484375], [0.1120000034570694, 21.392000198364258, 27.66400146484375, 161.6160125732422], [148.40000915527344, 106.51200103759766, 177.96800231933594, 148.17601013183594], [181.10400390625, 99.56800079345703, 205.07200622558594, 143.2480010986328]], 'labels': ['whiteboard', 'chair', 'chair', 'chair', 'chair', 'person', 'person', 'person']}}"
0106,"{'<DENSE_REGION_CAPTION>': {'bboxes': [[0.1120000034570694, 131.15200805664062, 83.21600341796875, 223.66400146484375], [176.40000915527344, 142.5760040283203, 223.66400146484375, 223.66400146484375], [63.50400161743164, 145.93600463867188, 114.57600402832031, 223.66400146484375], [5.936000347137451, 156.01600646972656, 49.84000015258789, 223.66400146484375], [0.1120000034570694, 21.61600112915039, 27.66400146484375, 162.0640106201172], [107.63200378417969, 122.64000701904297, 147.72801208496094, 179.31201171875], [150.63999938964844, 100.01600646972656, 182.67201232910156, 149.07200622558594]], 'labels': ['desk', 'desk', 'chair', 'chair', 'person', 'person', 'person']}}"
0107,"{'<DENSE_REGION_CAPTION>': {'bboxes': [[0.1120000034570694, 130.48001098632812, 83.66400146484375, 223.66400146484375], [175.72801208496094, 142.5760040283203, 223.66400146484375, 223.66400146484375], [0.1120000034570694, 21.61600112915039, 28.336000442504883, 162.7360076904297], [63.50400161743164, 145.93600463867188, 114.35200500488281, 223.66400146484375], [5.936000347137451, 156.01600646972656, 49.84000015258789, 223.66400146484375], [78.95999908447266, 145.93600463867188, 114.12800598144531, 223.66400146484375], [6.160000324249268, 193.20001220703125, 49.84000015258789, 223.66400146484375], [79.18400573730469, 183.12001037597656, 114.12800598144531, 223.66400146484375], [5.936000347137451, 156.24000549316406, 19.152000427246094, 172.59201049804688]], 'labels': ['desk', 'desk', 'person', 'chair', 'chair', 'chair', 'chair', 'chair', 'chair']}}"
0108,"{'<DENSE_REGION_CAPTION>': {'bboxes': [[0.1120000034570694, 130.48001098632812, 83.66400146484375, 223.66400146484375], [175.50399780273438, 142.3520050048828, 223.66400146484375, 223.66400146484375], [0.1120000034570694, 21.61600112915039, 28.112001419067383, 161.6160125732422], [149.96800231933594, 100.01600646972656, 180.4320068359375, 148.84800720214844], [179.5360107421875, 96.20800018310547, 210.2239990234375, 143.0240020751953], [78.95999908447266, 183.12001037597656, 114.35200500488281, 223.66400146484375], [6.384000301361084, 193.20001220703125, 48.272003173828125, 223.66400146484375], [5.712000370025635, 156.01600646972656, 18.928001403808594, 172.59201049804688]], 'labels': ['desk', 'desk', 'person', 'person', 'person', 'chair', 'chair', 'chair']}}"
0109,"{'<DENSE_REGION_CAPTION>': {'bboxes': [[0.1120000034570694, 130.92800903320312, 83.66400146484375, 223.66400146484375], [175.50399780273438, 142.3520050048828, 223.66400146484375, 223.66400146484375], [0.1120000034570694, 21.61600112915039, 28.112001419067383, 161.6160125732422], [63.50400161743164, 145.93600463867188, 114.35200500488281, 223.66400146484375], [0.1120000034570694, 156.01600646972656, 49.84000015258789, 223.66400146484375], [63.50400161743164, 182.89601135253906, 114.35200500488281, 223.66400146484375], [6.384000301361084, 193.20001220703125, 49.84000015258789, 223.66400146484375], [150.63999938964844, 101.36000061035156, 181.3280029296875, 148.62400817871094]], 'labels': ['desk', 'desk', 'person', 'chair', 'chair', 'chair', 'chair', 'person']}}"
0110,"{'<DENSE_REGION_CAPTION>': {'bboxes': [[0.1120000034570694, 130.92800903320312, 83.66400146484375, 223.66400146484375], [175.50399780273438, 142.1280059814453, 223.66400146484375, 223.66400146484375], [0.1120000034570694, 21.392000198364258, 28.112001419067383, 161.6160125732422], [150.41600036621094, 97.552001953125, 180.4320068359375, 148.62400817871094], [135.8560028076172, 100.46400451660156, 154.67201232910156, 144.1439971923828]], 'labels': ['desk', 'desk', 'person', 'person', 'person']}}"
0111,"{'<DENSE_REGION_CAPTION>': {'bboxes': [[0.1120000034570694, 130.48001098632812, 83.66400146484375, 223.66400146484375], [176.84800720214844, 142.5760040283203, 223.66400146484375, 223.66400146484375], [0.1120000034570694, 21.61600112915039, 27.216001510620117, 161.6160125732422], [152.4320068359375, 101.8080062866211, 181.552001953125, 150.19200134277344], [138.09600830078125, 98.89600372314453, 155.56800842285156, 145.04000854492188]], 'labels': ['desk', 'desk', 'person', 'person', 'person']}}"
0112,"{'<DENSE_REGION_CAPTION>': {'bboxes': [[58.12800216674805, 5.488000392913818, 144.59201049804688, 110.76800537109375], [63.28000259399414, 145.93600463867188, 114.35200500488281, 223.66400146484375], [0.1120000034570694, 156.01600646972656, 49.84000015258789, 223.66400146484375], [0.1120000034570694, 22.064001083374023, 27.66400146484375, 161.6160125732422], [102.0320053100586, 94.63999938964844, 128.01600646972656, 176.17601013183594], [149.96800231933594, 102.0320053100586, 178.41600036621094, 149.74400329589844], [180.656005859375, 99.34400177001953, 207.5360107421875, 143.2480010986328], [138.54400634765625, 99.12000274658203, 156.46400451660156, 145.71200561523438]], 'labels': ['whiteboard', 'chair', 'chair', 'person', 'person', 'person', 'person', 'person']}}"
0113,"{'<DENSE_REGION_CAPTION>': {'bboxes': [[58.12800216674805, 5.936000347137451, 144.59201049804688, 110.76800537109375], [63.28000259399414, 145.71200561523438, 114.12800598144531, 223.66400146484375], [0.1120000034570694, 156.01600646972656, 49.84000015258789, 223.66400146484375], [0.1120000034570694, 22.064001083374023, 27.66400146484375, 171.4720001220703], [149.52000427246094, 97.552001953125, 180.2080078125, 149.07200622558594]], 'labels': ['whiteboard', 'chair', 'chair', 'person', 'person']}}"
0114,"{'<DENSE_REGION_CAPTION>': {'bboxes': [[0.1120000034570694, 130.48001098632812, 83.66400146484375, 223.66400146484375], [175.72801208496094, 142.3520050048828, 223.66400146484375, 223.66400146484375], [0.1120000034570694, 22.288000106811523, 27.66400146484375, 171.6959991455078], [150.41600036621094, 98.67200469970703, 179.9840087890625, 149.74400329589844], [132.72000122070312, 100.46400451660156, 152.8800048828125, 156.68800354003906]], 'labels': ['desk', 'desk', 'person', 'person', 'person']}}"
0115,"{'<DENSE_REGION_CAPTION>': {'bboxes': [[0.1120000034570694, 130.48001098632812, 83.66400146484375, 223.66400146484375], [175.50399780273438, 142.3520050048828, 223.66400146484375, 223.66400146484375], [63.28000259399414, 145.93600463867188, 114.12800598144531, 223.66400146484375], [5.039999961853027, 156.01600646972656, 49.84000015258789, 223.66400146484375], [0.1120000034570694, 22.288000106811523, 27.66400146484375, 171.6959991455078], [149.96800231933594, 98.89600372314453, 178.63999938964844, 149.74400329589844], [101.8080062866211, 92.8479995727539, 119.9520034790039, 160.72000122070312], [206.63999938964844, 82.99200439453125, 223.66400146484375, 143.6959991455078]], 'labels': ['desk', 'desk', 'chair', 'chair', 'person', 'person', 'person', 'person']}}"
0116,"{'<DENSE_REGION_CAPTION>': {'bboxes': [[0.1120000034570694, 130.48001098632812, 83.66400146484375, 223.66400146484375], [175.72801208496094, 142.3520050048828, 223.66400146484375, 223.66400146484375], [63.28000259399414, 145.93600463867188, 114.35200500488281, 223.66400146484375], [5.936000347137451, 156.01600646972656, 49.16800308227539, 223.66400146484375], [0.1120000034570694, 22.96000099182129, 23.631999969482422, 172.14401245117188], [0.1120000034570694, 22.96000099182129, 18.70400047302246, 138.54400634765625], [149.96800231933594, 106.96000671386719, 178.63999938964844, 149.74400329589844]], 'labels': ['desk', 'desk', 'chair', 'chair', 'person', 'person', 'person']}}"
0117,"{'<DENSE_REGION_CAPTION>': {'bboxes': [[0.1120000034570694, 131.15200805664062, 83.66400146484375, 223.66400146484375], [175.72801208496094, 142.3520050048828, 223.66400146484375, 223.66400146484375], [0.1120000034570694, 22.96000099182129, 23.631999969482422, 172.59201049804688], [63.50400161743164, 145.93600463867188, 114.12800598144531, 223.66400146484375], [78.95999908447266, 145.93600463867188, 113.90400695800781, 223.66400146484375], [5.488000392913818, 156.01600646972656, 38.19200134277344, 197.2320098876953], [6.6080002784729, 193.42401123046875, 48.272003173828125, 223.66400146484375], [5.936000347137451, 156.01600646972656, 18.928001403808594, 172.81600952148438]], 'labels': ['desk', 'desk', 'person', 'chair', 'chair', 'chair', 'chair', 'chair']}}"
0118,"{'<DENSE_REGION_CAPTION>': {'bboxes': [[0.1120000034570694, 131.15200805664062, 83.66400146484375, 223.66400146484375], [175.72801208496094, 142.3520050048828, 223.66400146484375, 223.66400146484375], [0.1120000034570694, 22.736000061035156, 23.856000900268555, 171.6959991455078], [63.50400161743164, 145.93600463867188, 114.12800598144531, 223.66400146484375], [79.18400573730469, 145.93600463867188, 113.90400695800781, 223.66400146484375], [5.488000392913818, 156.01600646972656, 38.19200134277344, 197.2320098876953], [6.6080002784729, 193.42401123046875, 48.272003173828125, 223.66400146484375], [5.936000347137451, 156.01600646972656, 18.928001403808594, 172.81600952148438]], 'labels': ['desk', 'desk', 'person', 'chair', 'chair', 'chair', 'chair', 'chair']}}"
0119,"{'<DENSE_REGION_CAPTION>': {'bboxes': [[0.1120000034570694, 131.15200805664062, 83.66400146484375, 223.66400146484375], [175.72801208496094, 142.3520050048828, 223.66400146484375, 223.66400146484375], [0.1120000034570694, 22.96000099182129, 24.079999923706055, 171.6959991455078], [63.50400161743164, 145.93600463867188, 114.12800598144531, 223.66400146484375], [78.95999908447266, 145.93600463867188, 113.90400695800781, 223.66400146484375], [5.936000347137451, 156.01600646972656, 48.496002197265625, 223.66400146484375], [6.384000301361084, 193.20001220703125, 48.496002197265625, 223.66400146484375], [5.936000347137451, 156.24000549316406, 19.152000427246094, 172.81600952148438]], 'labels': ['desk', 'desk', 'person', 'chair', 'chair', 'chair', 'chair', 'chair']}}"
0120,"{'<DENSE_REGION_CAPTION>': {'bboxes': [[0.1120000034570694, 131.15200805664062, 83.66400146484375, 223.66400146484375], [175.50399780273438, 142.3520050048828, 223.66400146484375, 223.66400146484375], [0.1120000034570694, 22.288000106811523, 27.66400146484375, 165.64801025390625], [63.50400161743164, 145.93600463867188, 114.12800598144531, 223.66400146484375], [78.95999908447266, 145.93600463867188, 113.90400695800781, 223.66400146484375], [5.488000392913818, 156.01600646972656, 38.19200134277344, 197.2320098876953], [6.6080002784729, 193.20001220703125, 48.272003173828125, 223.66400146484375], [5.712000370025635, 156.01600646972656, 19.152000427246094, 172.81600952148438]], 'labels': ['desk', 'desk', 'person', 'chair', 'chair', 'chair', 'chair', 'chair']}}"
0121,"{'<DENSE_REGION_CAPTION>': {'bboxes': [[0.1120000034570694, 131.15200805664062, 83.66400146484375, 223.66400146484375], [175.50399780273438, 142.3520050048828, 223.66400146484375, 223.66400146484375], [0.1120000034570694, 21.84000015258789, 27.66400146484375, 171.4720001220703], [63.50400161743164, 145.26400756835938, 114.12800598144531, 223.66400146484375], [5.936000347137451, 156.01600646972656, 48.496002197265625, 223.66400146484375], [63.50400161743164, 182.89601135253906, 114.12800598144531, 223.66400146484375], [6.384000301361084, 193.20001220703125, 48.496002197265625, 223.66400146484375], [5.712000370025635, 156.01600646972656, 19.152000427246094, 172.59201049804688]], 'labels': ['desk', 'desk', 'person', 'chair', 'chair', 'chair', 'chair', 'chair']}}"
0122,"{'<DENSE_REGION_CAPTION>': {'bboxes': [[0.1120000034570694, 131.15200805664062, 83.66400146484375, 223.66400146484375], [175.50399780273438, 142.3520050048828, 223.66400146484375, 223.66400146484375], [0.1120000034570694, 22.064001083374023, 27.66400146484375, 171.0240020751953], [63.50400161743164, 145.26400756835938, 114.12800598144531, 223.66400146484375], [5.488000392913818, 156.01600646972656, 48.496002197265625, 223.66400146484375], [78.95999908447266, 145.26400756835938, 113.90400695800781, 223.66400146484375], [5.936000347137451, 193.20001220703125, 48.496002197265625, 223.66400146484375], [5.712000370025635, 156.01600646972656, 19.152000427246094, 172.59201049804688]], 'labels': ['desk', 'desk', 'person', 'chair', 'chair', 'chair', 'chair', 'chair']}}"
0123,"{'<DENSE_REGION_CAPTION>': {'bboxes': [[0.1120000034570694, 131.15200805664062, 83.66400146484375, 223.66400146484375], [175.50399780273438, 142.1280059814453, 223.66400146484375, 223.66400146484375], [0.1120000034570694, 22.064001083374023, 27.66400146484375, 171.0240020751953], [63.50400161743164, 145.04000854492188, 114.12800598144531, 223.66400146484375], [78.95999908447266, 145.04000854492188, 114.12800598144531, 223.44000244140625], [5.488000392913818, 155.79200744628906, 38.19200134277344, 197.2320098876953], [6.6080002784729, 192.97601318359375, 48.496002197265625, 223.66400146484375]], 'labels': ['desk', 'desk', 'person', 'chair', 'chair', 'chair', 'chair']}}"
0124,"{'<DENSE_REGION_CAPTION>': {'bboxes': [[0.1120000034570694, 131.15200805664062, 83.66400146484375, 223.66400146484375], [175.50399780273438, 142.1280059814453, 223.66400146484375, 223.66400146484375], [63.50400161743164, 145.26400756835938, 114.12800598144531, 223.66400146484375], [5.936000347137451, 156.01600646972656, 48.496002197265625, 223.66400146484375], [78.95999908447266, 145.26400756835938, 113.90400695800781, 223.66400146484375], [6.160000324249268, 156.01600646972656, 38.19200134277344, 197.4560089111328], [6.6080002784729, 193.20001220703125, 48.496002197265625, 223.66400146484375]], 'labels': ['desk', 'desk', 'chair', 'chair', 'chair', 'chair', 'chair']}}"
0125,"{'<DENSE_REGION_CAPTION>': {'bboxes': [[0.1120000034570694, 131.15200805664062, 83.66400146484375, 223.66400146484375], [175.50399780273438, 142.3520050048828, 223.66400146484375, 223.66400146484375], [0.1120000034570694, 23.408000946044922, 26.992000579833984, 171.6959991455078], [131.60000610351562, 103.1520004272461, 156.01600646972656, 174.83200073242188], [149.52000427246094, 98.44800567626953, 177.96800231933594, 149.07200622558594], [78.95999908447266, 145.26400756835938, 114.12800598144531, 223.66400146484375], [5.712000370025635, 156.01600646972656, 38.19200134277344, 197.2320098876953], [6.384000301361084, 193.20001220703125, 48.272003173828125, 223.66400146484375]], 'labels': ['desk', 'desk', 'person', 'person', 'person', 'chair', 'chair', 'chair']}}"
0126,"{'<DENSE_REGION_CAPTION>': {'bboxes': [[0.1120000034570694, 131.15200805664062, 83.66400146484375, 223.66400146484375], [175.50399780273438, 142.5760040283203, 223.66400146484375, 223.66400146484375], [63.50400161743164, 145.26400756835938, 114.12800598144531, 223.66400146484375], [0.1120000034570694, 156.24000549316406, 48.720001220703125, 223.66400146484375], [78.95999908447266, 145.26400756835938, 113.90400695800781, 223.66400146484375], [0.1120000034570694, 193.42401123046875, 48.720001220703125, 223.66400146484375], [5.936000347137451, 156.24000549316406, 19.152000427246094, 172.81600952148438]], 'labels': ['desk', 'desk', 'chair', 'chair', 'chair', 'chair', 'chair']}}"
0127,"{'<DENSE_REGION_CAPTION>': {'bboxes': [[0.1120000034570694, 131.15200805664062, 83.66400146484375, 223.66400146484375], [175.50399780273438, 142.5760040283203, 223.66400146484375, 223.66400146484375], [0.1120000034570694, 22.96000099182129, 24.75200080871582, 171.6959991455078], [78.95999908447266, 145.93600463867188, 114.12800598144531, 223.66400146484375], [5.936000347137451, 156.01600646972656, 49.84000015258789, 223.66400146484375], [6.384000301361084, 193.20001220703125, 49.84000015258789, 223.66400146484375]], 'labels': ['desk', 'desk', 'person', 'chair', 'chair', 'chair']}}"
0128,"{'<DENSE_REGION_CAPTION>': {'bboxes': [[0.1120000034570694, 130.48001098632812, 83.66400146484375, 223.66400146484375], [175.50399780273438, 142.1280059814453, 223.66400146484375, 223.66400146484375], [0.1120000034570694, 22.736000061035156, 25.424001693725586, 171.0240020751953], [63.50400161743164, 145.71200561523438, 114.35200500488281, 223.66400146484375], [0.1120000034570694, 156.01600646972656, 49.84000015258789, 223.66400146484375], [78.73600006103516, 145.71200561523438, 114.12800598144531, 223.66400146484375], [6.384000301361084, 193.20001220703125, 49.84000015258789, 223.66400146484375], [6.384000301361084, 156.01600646972656, 19.152000427246094, 171.9199981689453]], 'labels': ['desk', 'desk', 'person', 'chair', 'chair', 'chair', 'chair', 'chair']}}"
0129,"{'<DENSE_REGION_CAPTION>': {'bboxes': [[0.1120000034570694, 130.92800903320312, 83.66400146484375, 223.66400146484375], [175.95201110839844, 142.5760040283203, 223.66400146484375, 223.66400146484375], [63.50400161743164, 145.71200561523438, 114.35200500488281, 223.66400146484375], [0.1120000034570694, 156.01600646972656, 49.84000015258789, 223.66400146484375], [78.95999908447266, 145.71200561523438, 114.12800598144531, 223.66400146484375], [6.384000301361084, 193.20001220703125, 49.84000015258789, 223.66400146484375], [6.384000301361084, 156.01600646972656, 19.152000427246094, 171.9199981689453]], 'labels': ['desk', 'desk', 'chair', 'chair', 'chair', 'chair', 'chair']}}"
0130,"{'<DENSE_REGION_CAPTION>': {'bboxes': [[0.1120000034570694, 130.92800903320312, 83.66400146484375, 223.66400146484375], [175.50399780273438, 142.3520050048828, 223.66400146484375, 223.66400146484375], [0.1120000034570694, 22.288000106811523, 27.216001510620117, 171.4720001220703], [78.95999908447266, 145.71200561523438, 114.35200500488281, 223.66400146484375], [6.384000301361084, 156.01600646972656, 49.84000015258789, 223.66400146484375], [6.384000301361084, 193.20001220703125, 49.84000015258789, 223.66400146484375]], 'labels': ['desk', 'desk', 'person', 'chair', 'chair', 'chair']}}"
0131,"{'<DENSE_REGION_CAPTION>': {'bboxes': [[58.12800216674805, 5.039999961853027, 144.81600952148438, 110.99200439453125], [63.50400161743164, 145.71200561523438, 114.35200500488281, 223.66400146484375], [5.936000347137451, 156.01600646972656, 49.84000015258789, 223.66400146484375], [78.95999908447266, 145.71200561523438, 114.12800598144531, 223.66400146484375], [6.384000301361084, 193.20001220703125, 49.84000015258789, 223.66400146484375], [6.160000324249268, 156.01600646972656, 19.376001358032227, 171.9199981689453]], 'labels': ['whiteboard', 'chair', 'chair', 'chair', 'chair', 'chair']}}"
0132,"{'<DENSE_REGION_CAPTION>': {'bboxes': [[0.1120000034570694, 131.15200805664062, 83.66400146484375, 223.66400146484375], [175.50399780273438, 142.1280059814453, 223.66400146484375, 223.66400146484375], [63.50400161743164, 145.48800659179688, 114.35200500488281, 223.66400146484375], [5.936000347137451, 156.01600646972656, 49.84000015258789, 223.66400146484375], [78.95999908447266, 145.48800659179688, 114.12800598144531, 223.66400146484375], [6.384000301361084, 193.20001220703125, 49.84000015258789, 223.66400146484375], [0.1120000034570694, 22.512001037597656, 25.424001693725586, 163.1840057373047], [131.82400512695312, 103.3759994506836, 154.89601135253906, 166.76800537109375], [150.19200134277344, 100.24000549316406, 178.19200134277344, 148.17601013183594], [183.79200744628906, 87.92000579833984, 202.16000366210938, 142.3520050048828], [212.46400451660156, 77.39200592041016, 223.66400146484375, 140.11199951171875]], 'labels': ['desk', 'desk', 'chair', 'chair', 'chair', 'chair', 'person', 'person', 'person', 'person', 'person']}}"
0133,"{'<DENSE_REGION_CAPTION>': {'bboxes': [[0.1120000034570694, 131.15200805664062, 83.66400146484375, 223.66400146484375], [175.50399780273438, 142.1280059814453, 223.66400146484375, 223.66400146484375], [0.1120000034570694, 22.288000106811523, 27.66400146484375, 161.16799926757812], [78.95999908447266, 145.26400756835938, 114.35200500488281, 223.66400146484375], [5.936000347137451, 156.01600646972656, 50.288002014160156, 223.66400146484375], [6.384000301361084, 193.20001220703125, 50.288002014160156, 223.66400146484375], [79.18400573730469, 182.89601135253906, 114.35200500488281, 223.66400146484375], [6.160000324249268, 156.01600646972656, 18.928001403808594, 172.14401245117188], [24.75200080871582, 129.80799865722656, 35.50400161743164, 147.95201110839844]], 'labels': ['desk', 'desk', 'person', 'chair', 'chair', 'chair', 'chair', 'chair', 'chair']}}"
0134,"{'<DENSE_REGION_CAPTION>': {'bboxes': [[0.1120000034570694, 131.15200805664062, 83.66400146484375, 223.66400146484375], [175.50399780273438, 142.5760040283203, 223.66400146484375, 223.66400146484375], [0.1120000034570694, 22.288000106811523, 24.079999923706055, 161.6160125732422], [0.1120000034570694, 22.288000106811523, 21.168001174926758, 123.53600311279297], [149.52000427246094, 98.44800567626953, 177.96800231933594, 147.95201110839844], [133.39199829101562, 102.9280014038086, 151.9840087890625, 156.46400451660156], [209.552001953125, 77.84000396728516, 223.66400146484375, 140.11199951171875]], 'labels': ['desk', 'desk', 'person', 'person', 'person', 'person', 'person']}}"
0135,"{'<DENSE_REGION_CAPTION>': {'bboxes': [[0.1120000034570694, 131.15200805664062, 83.66400146484375, 223.66400146484375], [175.50399780273438, 142.5760040283203, 223.66400146484375, 223.66400146484375], [0.1120000034570694, 22.288000106811523, 24.079999923706055, 161.6160125732422], [0.1120000034570694, 22.288000106811523, 20.720001220703125, 138.54400634765625], [102.0320053100586, 93.07200622558594, 126.44800567626953, 152.656005859375], [149.96800231933594, 100.68800354003906, 180.656005859375, 147.95201110839844], [183.12001037597656, 84.56000518798828, 202.83200073242188, 142.8000030517578], [213.13600158691406, 79.18400573730469, 223.66400146484375, 140.11199951171875]], 'labels': ['desk', 'desk', 'person', 'person', 'person', 'person', 'person', 'person']}}"
0136,"{'<DENSE_REGION_CAPTION>': {'bboxes': [[58.12800216674805, 4.368000030517578, 144.59201049804688, 111.21600341796875], [78.95999908447266, 145.26400756835938, 113.68000030517578, 223.66400146484375], [5.936000347137451, 155.79200744628906, 49.84000015258789, 223.66400146484375], [5.936000347137451, 192.97601318359375, 49.84000015258789, 223.66400146484375], [0.1120000034570694, 22.288000106811523, 21.392000198364258, 123.53600311279297], [149.07200622558594, 101.8080062866211, 179.9840087890625, 147.95201110839844], [133.8400115966797, 105.16800689697266, 152.656005859375, 160.49600219726562]], 'labels': ['whiteboard', 'chair', 'chair', 'chair', 'person', 'person', 'person']}}"
0137,"{'<DENSE_REGION_CAPTION>': {'bboxes': [[0.1120000034570694, 130.48001098632812, 83.66400146484375, 223.66400146484375], [175.72801208496094, 142.5760040283203, 223.66400146484375, 223.66400146484375], [0.1120000034570694, 22.288000106811523, 23.18400001525879, 161.16799926757812], [0.1120000034570694, 22.288000106811523, 22.064001083374023, 123.53600311279297], [145.93600463867188, 106.28800201416016, 178.63999938964844, 148.17601013183594], [133.8400115966797, 103.1520004272461, 154.0, 160.04800415039062], [102.2560043334961, 93.29600524902344, 118.60800170898438, 151.5360107421875]], 'labels': ['desk', 'desk', 'person', 'person', 'person', 'person', 'person']}}"
0138,"{'<DENSE_REGION_CAPTION>': {'bboxes': [[0.1120000034570694, 130.48001098632812, 83.66400146484375, 223.66400146484375], [175.50399780273438, 142.1280059814453, 223.66400146484375, 223.66400146484375], [0.1120000034570694, 21.61600112915039, 26.768001556396484, 162.0640106201172], [0.1120000034570694, 21.61600112915039, 21.392000198364258, 126.00000762939453], [143.0240020751953, 104.27200317382812, 178.63999938964844, 148.17601013183594], [102.7040023803711, 93.29600524902344, 124.8800048828125, 151.31201171875], [121.52000427246094, 125.3280029296875, 147.72801208496094, 171.2480010986328], [181.552001953125, 86.80000305175781, 201.26400756835938, 141.2320098876953]], 'labels': ['desk', 'desk', 'person', 'person', 'person', 'person', 'person', 'person']}}"
0139,"{'<DENSE_REGION_CAPTION>': {'bboxes': [[0.1120000034570694, 130.48001098632812, 83.66400146484375, 223.66400146484375], [175.50399780273438, 142.1280059814453, 223.66400146484375, 223.66400146484375], [0.1120000034570694, 22.96000099182129, 27.216001510620117, 161.6160125732422], [0.1120000034570694, 22.96000099182129, 20.272001266479492, 126.00000762939453], [144.81600952148438, 99.56800079345703, 179.31201171875, 149.29600524902344], [102.9280014038086, 93.29600524902344, 124.4320068359375, 151.5360107421875], [207.760009765625, 82.99200439453125, 223.66400146484375, 140.55999755859375], [181.552001953125, 99.79199981689453, 199.92001342773438, 142.8000030517578], [137.42401123046875, 102.9280014038086, 153.7760009765625, 149.07200622558594]], 'labels': ['desk', 'desk', 'person', 'person', 'person', 'person', 'person', 'person', 'person']}}"
0140,"{'<DENSE_REGION_CAPTION>': {'bboxes': [[0.1120000034570694, 130.48001098632812, 83.66400146484375, 223.66400146484375], [175.50399780273438, 142.1280059814453, 223.66400146484375, 223.66400146484375], [0.1120000034570694, 22.736000061035156, 22.512001037597656, 162.7360076904297], [133.39199829101562, 100.24000549316406, 180.2080078125, 157.13600158691406], [149.07200622558594, 100.24000549316406, 179.9840087890625, 148.17601013183594], [133.39199829101562, 101.13600158691406, 152.8800048828125, 156.91200256347656], [182.2239990234375, 101.36000061035156, 199.4720001220703, 142.5760040283203], [213.58399963378906, 96.43199920654297, 223.66400146484375, 140.55999755859375]], 'labels': ['desk', 'desk', 'person', 'person', 'person', 'person', 'person', 'person']}}"
0141,"{'<DENSE_REGION_CAPTION>': {'bboxes': [[0.1120000034570694, 130.48001098632812, 83.66400146484375, 223.66400146484375], [176.40000915527344, 142.3520050048828, 223.66400146484375, 223.66400146484375], [0.1120000034570694, 22.736000061035156, 27.216001510620117, 163.1840057373047], [131.60000610351562, 100.24000549316406, 179.9840087890625, 172.81600952148438], [0.1120000034570694, 22.736000061035156, 20.944000244140625, 127.56800079345703], [149.07200622558594, 100.24000549316406, 179.760009765625, 149.74400329589844], [78.95999908447266, 145.71200561523438, 113.68000030517578, 223.66400146484375], [5.936000347137451, 193.20001220703125, 49.84000015258789, 223.66400146484375], [5.936000347137451, 156.01600646972656, 18.70400047302246, 172.14401245117188]], 'labels': ['desk', 'desk', 'person', 'person', 'person', 'person', 'chair', 'chair', 'chair']}}"
0142,"{'<DENSE_REGION_CAPTION>': {'bboxes': [[0.1120000034570694, 130.48001098632812, 83.66400146484375, 223.66400146484375], [175.50399780273438, 142.1280059814453, 223.66400146484375, 223.66400146484375], [0.1120000034570694, 22.512001037597656, 23.631999969482422, 163.1840057373047], [0.1120000034570694, 22.512001037597656, 21.168001174926758, 127.34400177001953], [149.29600524902344, 99.79199981689453, 179.5360107421875, 147.72801208496094], [209.552001953125, 79.18400573730469, 223.66400146484375, 140.11199951171875]], 'labels': ['desk', 'desk', 'person', 'person', 'person', 'person']}}"
0143,"{'<DENSE_REGION_CAPTION>': {'bboxes': [[0.1120000034570694, 130.48001098632812, 83.66400146484375, 223.66400146484375], [175.50399780273438, 142.1280059814453, 223.66400146484375, 223.66400146484375], [0.1120000034570694, 22.736000061035156, 27.216001510620117, 163.1840057373047], [129.58399963378906, 99.34400177001953, 179.760009765625, 175.72801208496094], [0.1120000034570694, 22.736000061035156, 20.272001266479492, 126.00000762939453], [148.84800720214844, 99.34400177001953, 179.5360107421875, 147.72801208496094], [133.39199829101562, 103.3759994506836, 153.552001953125, 153.7760009765625], [212.68800354003906, 78.73600006103516, 223.66400146484375, 140.55999755859375], [181.10400390625, 100.68800354003906, 197.6800079345703, 142.1280059814453], [188.49600219726562, 89.93600463867188, 200.36801147460938, 117.71200561523438]], 'labels': ['desk', 'desk', 'person', 'person', 'person', 'person', 'person', 'person', 'person', 'person']}}"
0144,"{'<DENSE_REGION_CAPTION>': {'bboxes': [[0.1120000034570694, 130.48001098632812, 83.66400146484375, 223.66400146484375], [176.40000915527344, 142.1280059814453, 223.66400146484375, 223.66400146484375], [0.1120000034570694, 22.064001083374023, 23.631999969482422, 162.2880096435547], [147.95201110839844, 98.0, 178.41600036621094, 147.95201110839844], [63.50400161743164, 145.71200561523438, 113.90400695800781, 223.66400146484375], [6.384000301361084, 192.97601318359375, 50.064002990722656, 223.66400146484375], [5.936000347137451, 155.79200744628906, 18.928001403808594, 171.9199981689453]], 'labels': ['desk', 'desk', 'person', 'person', 'chair', 'chair', 'chair']}}"
0145,"{'<DENSE_REGION_CAPTION>': {'bboxes': [[0.1120000034570694, 130.48001098632812, 83.66400146484375, 223.66400146484375], [176.62400817871094, 142.1280059814453, 223.66400146484375, 223.66400146484375], [0.1120000034570694, 22.288000106811523, 27.216001510620117, 162.2880096435547], [129.58399963378906, 98.0, 179.5360107421875, 174.16000366210938], [0.1120000034570694, 22.288000106811523, 20.272001266479492, 127.56800079345703], [147.95201110839844, 98.0, 179.31201171875, 149.74400329589844], [129.58399963378906, 97.552001953125, 152.8800048828125, 151.08799743652344], [78.95999908447266, 182.89601135253906, 113.68000030517578, 223.66400146484375], [6.384000301361084, 193.20001220703125, 47.82400131225586, 223.66400146484375], [5.712000370025635, 156.01600646972656, 18.48000144958496, 172.14401245117188]], 'labels': ['desk', 'desk', 'person', 'person', 'person', 'person', 'person', 'chair', 'chair', 'chair']}}"
0146,"{'<DENSE_REGION_CAPTION>': {'bboxes': [[0.1120000034570694, 130.48001098632812, 83.66400146484375, 223.66400146484375], [175.50399780273438, 141.6800079345703, 223.66400146484375, 223.66400146484375], [0.1120000034570694, 22.288000106811523, 26.768001556396484, 163.1840057373047], [144.36801147460938, 96.8800048828125, 181.10400390625, 170.5760040283203], [144.81600952148438, 96.8800048828125, 177.96800231933594, 148.40000915527344], [129.58399963378906, 102.9280014038086, 154.0, 149.07200622558594], [210.67201232910156, 79.18400573730469, 223.66400146484375, 141.0080108642578]], 'labels': ['desk', 'desk', 'person', 'person', 'person', 'person', 'person']}}"
0147,"{'<DENSE_REGION_CAPTION>': {'bboxes': [[57.90400314331055, 0.1120000034570694, 144.59201049804688, 110.99200439453125], [63.28000259399414, 145.71200561523438, 114.35200500488281, 223.66400146484375], [5.936000347137451, 155.79200744628906, 48.944000244140625, 223.66400146484375], [78.95999908447266, 145.48800659179688, 114.35200500488281, 223.66400146484375], [6.160000324249268, 192.97601318359375, 48.944000244140625, 223.66400146484375], [5.936000347137451, 155.56800842285156, 18.70400047302246, 171.4720001220703]], 'labels': ['whiteboard', 'chair', 'chair', 'chair', 'chair', 'chair']}}"
0148,"{'<DENSE_REGION_CAPTION>': {'bboxes': [[0.1120000034570694, 130.48001098632812, 83.66400146484375, 223.66400146484375], [175.50399780273438, 142.1280059814453, 223.66400146484375, 223.66400146484375], [0.1120000034570694, 22.288000106811523, 27.216001510620117, 171.0240020751953], [0.1120000034570694, 22.288000106811523, 20.272001266479492, 171.0240020751953], [149.52000427246094, 95.76000213623047, 177.96800231933594, 149.96800231933594], [128.46400451660156, 104.27200317382812, 149.74400329589844, 172.14401245117188], [184.24000549316406, 97.3280029296875, 207.9840087890625, 143.0240020751953], [210.89601135253906, 83.44000244140625, 223.66400146484375, 141.6800079345703]], 'labels': ['desk', 'desk', 'person', 'person', 'person', 'person', 'person', 'person']}}"
0149,"{'<DENSE_REGION_CAPTION>': {'bboxes': [[0.1120000034570694, 130.48001098632812, 83.66400146484375, 223.66400146484375], [176.40000915527344, 142.1280059814453, 223.66400146484375, 223.66400146484375], [0.1120000034570694, 22.288000106811523, 27.216001510620117, 163.6320037841797], [0.1120000034570694, 22.288000106811523, 20.496000289916992, 129.58399963378906], [147.95201110839844, 103.82400512695312, 179.31201171875, 149.74400329589844], [127.56800079345703, 127.56800079345703, 146.60800170898438, 170.8000030517578]], 'labels': ['desk', 'desk', 'person', 'person', 'person', 'person']}}"
0150,"{'<DENSE_REGION_CAPTION>': {'bboxes': [[0.1120000034570694, 130.48001098632812, 83.66400146484375, 223.66400146484375], [176.40000915527344, 142.1280059814453, 223.66400146484375, 223.66400146484375], [0.1120000034570694, 22.512001037597656, 22.512001037597656, 163.1840057373047], [149.96800231933594, 103.82400512695312, 181.3280029296875, 149.74400329589844], [127.56800079345703, 123.31200408935547, 147.27999877929688, 170.8000030517578]], 'labels': ['desk', 'desk', 'person', 'person', 'person']}}"
0151,"{'<DENSE_REGION_CAPTION>': {'bboxes': [[0.1120000034570694, 130.48001098632812, 83.66400146484375, 223.66400146484375], [176.40000915527344, 142.3520050048828, 223.66400146484375, 223.66400146484375], [0.1120000034570694, 22.512001037597656, 27.216001510620117, 163.1840057373047], [0.1120000034570694, 22.512001037597656, 21.392000198364258, 128.68800354003906], [149.52000427246094, 99.56800079345703, 180.4320068359375, 149.07200622558594], [101.8080062866211, 93.52000427246094, 123.53600311279297, 151.5360107421875], [141.0080108642578, 100.46400451660156, 157.58399963378906, 147.95201110839844], [129.13600158691406, 114.35200500488281, 145.93600463867188, 155.34400939941406]], 'labels': ['desk', 'desk', 'person', 'person', 'person', 'person', 'person', 'person']}}"
0152,"{'<DENSE_REGION_CAPTION>': {'bboxes': [[0.1120000034570694, 130.48001098632812, 83.66400146484375, 223.66400146484375], [176.40000915527344, 142.1280059814453, 223.66400146484375, 223.66400146484375], [0.1120000034570694, 22.288000106811523, 24.079999923706055, 171.0240020751953], [0.1120000034570694, 22.288000106811523, 21.392000198364258, 128.24000549316406], [147.95201110839844, 101.36000061035156, 178.19200134277344, 148.40000915527344], [128.46400451660156, 106.96000671386719, 148.62400817871094, 171.0240020751953]], 'labels': ['desk', 'desk', 'person', 'person', 'person', 'person']}}"
0153,"{'<DENSE_REGION_CAPTION>': {'bboxes': [[0.1120000034570694, 130.48001098632812, 83.66400146484375, 223.66400146484375], [175.50399780273438, 142.1280059814453, 223.66400146484375, 223.66400146484375], [0.1120000034570694, 22.512001037597656, 27.216001510620117, 171.0240020751953], [0.1120000034570694, 22.512001037597656, 20.944000244140625, 128.46400451660156], [146.83200073242188, 101.36000061035156, 181.3280029296875, 149.74400329589844]], 'labels': ['desk', 'desk', 'person', 'person', 'person']}}"
0154,"{'<DENSE_REGION_CAPTION>': {'bboxes': [[0.1120000034570694, 130.48001098632812, 83.66400146484375, 223.66400146484375], [175.50399780273438, 142.1280059814453, 223.66400146484375, 223.66400146484375], [0.1120000034570694, 22.512001037597656, 22.064001083374023, 126.00000762939453], [145.93600463867188, 99.34400177001953, 182.2239990234375, 149.74400329589844], [63.28000259399414, 145.26400756835938, 113.90400695800781, 223.66400146484375], [5.488000392913818, 156.01600646972656, 49.16800308227539, 223.66400146484375], [6.384000301361084, 193.20001220703125, 49.16800308227539, 223.66400146484375], [5.936000347137451, 156.01600646972656, 18.70400047302246, 172.14401245117188]], 'labels': ['desk', 'desk', 'person', 'person', 'chair', 'chair', 'chair', 'chair']}}"
0155,"{'<DENSE_REGION_CAPTION>': {'bboxes': [[0.1120000034570694, 130.48001098632812, 83.66400146484375, 223.66400146484375], [176.40000915527344, 142.1280059814453, 223.66400146484375, 223.66400146484375], [63.05600357055664, 145.26400756835938, 114.12800598144531, 223.66400146484375], [5.488000392913818, 156.01600646972656, 49.16800308227539, 223.66400146484375], [0.1120000034570694, 21.84000015258789, 27.66400146484375, 161.6160125732422], [148.40000915527344, 102.4800033569336, 181.7760009765625, 149.74400329589844], [128.01600646972656, 92.8479995727539, 147.50399780273438, 142.5760040283203], [179.760009765625, 102.9280014038086, 201.71200561523438, 143.0240020751953], [210.89601135253906, 87.69599914550781, 223.66400146484375, 141.9040069580078], [141.9040069580078, 100.46400451660156, 156.46400451660156, 137.64801025390625], [188.27200317382812, 90.38400268554688, 201.26400756835938, 116.81600189208984]], 'labels': ['desk', 'desk', 'chair', 'chair', 'person', 'person', 'person', 'person', 'person', 'person', 'person']}}"
0156,"{'<DENSE_REGION_CAPTION>': {'bboxes': [[57.90400314331055, 0.1120000034570694, 144.59201049804688, 110.99200439453125], [63.28000259399414, 145.71200561523438, 114.35200500488281, 223.66400146484375], [5.936000347137451, 155.79200744628906, 49.39200210571289, 223.66400146484375], [78.95999908447266, 145.71200561523438, 114.12800598144531, 223.66400146484375], [6.160000324249268, 192.97601318359375, 49.39200210571289, 223.66400146484375], [147.05599975585938, 98.44800567626953, 181.7760009765625, 149.52000427246094], [179.9840087890625, 82.99200439453125, 203.27999877929688, 142.8000030517578], [130.03199768066406, 117.71200561523438, 149.29600524902344, 170.8000030517578], [212.01600646972656, 87.24800109863281, 223.66400146484375, 141.4560089111328]], 'labels': ['whiteboard', 'chair', 'chair', 'chair', 'chair', 'person', 'person', 'person', 'person']}}"
0157,"{'<DENSE_REGION_CAPTION>': {'bboxes': [[0.1120000034570694, 21.61600112915039, 48.720001220703125, 161.16799926757812], [147.95201110839844, 105.39200592041016, 181.3280029296875, 149.52000427246094], [183.56800842285156, 85.00800323486328, 203.05599975585938, 142.8000030517578], [130.03199768066406, 122.19200134277344, 148.17601013183594, 166.32000732421875], [212.24000549316406, 87.47200012207031, 223.66400146484375, 140.55999755859375]], 'labels': ['person', 'person', 'person', 'person', 'person']}}"
0158,"{'<DENSE_REGION_CAPTION>': {'bboxes': [[0.1120000034570694, 130.48001098632812, 83.66400146484375, 223.66400146484375], [176.84800720214844, 142.1280059814453, 223.66400146484375, 223.66400146484375], [0.1120000034570694, 22.064001083374023, 49.84000015258789, 162.0640106201172], [147.95201110839844, 104.94400024414062, 181.7760009765625, 149.29600524902344], [211.56800842285156, 87.69599914550781, 223.66400146484375, 141.0080108642578]], 'labels': ['desk', 'desk', 'person', 'person', 'person']}}"
0159,"{'<DENSE_REGION_CAPTION>': {'bboxes': [[0.1120000034570694, 130.48001098632812, 83.66400146484375, 223.66400146484375], [176.40000915527344, 142.3520050048828, 223.66400146484375, 223.66400146484375], [63.28000259399414, 145.48800659179688, 114.12800598144531, 223.66400146484375], [0.1120000034570694, 156.01600646972656, 49.39200210571289, 223.66400146484375], [0.1120000034570694, 22.512001037597656, 27.216001510620117, 162.7360076904297], [146.38400268554688, 103.82400512695312, 181.3280029296875, 168.7840118408203], [146.60800170898438, 104.04800415039062, 180.2080078125, 149.52000427246094], [132.27200317382812, 107.18400573730469, 150.19200134277344, 170.5760040283203]], 'labels': ['desk', 'desk', 'chair', 'chair', 'person', 'person', 'person', 'person']}}"
0160,"{'<DENSE_REGION_CAPTION>': {'bboxes': [[0.1120000034570694, 130.48001098632812, 83.66400146484375, 223.66400146484375], [176.40000915527344, 142.3520050048828, 223.66400146484375, 223.66400146484375], [78.95999908447266, 145.26400756835938, 114.12800598144531, 223.66400146484375], [5.039999961853027, 156.01600646972656, 49.39200210571289, 223.66400146484375], [0.1120000034570694, 22.736000061035156, 27.216001510620117, 161.6160125732422], [145.93600463867188, 106.06400299072266, 180.656005859375, 168.5600128173828], [183.12001037597656, 85.00800323486328, 206.19200134277344, 142.8000030517578], [204.62400817871094, 85.90399932861328, 223.66400146484375, 143.2480010986328]], 'labels': ['desk', 'desk', 'chair', 'chair', 'person', 'person', 'person', 'person']}}"
0161,"{'<DENSE_REGION_CAPTION>': {'bboxes': [[0.1120000034570694, 130.48001098632812, 83.66400146484375, 223.66400146484375], [176.40000915527344, 142.3520050048828, 223.66400146484375, 223.66400146484375], [78.95999908447266, 145.04000854492188, 113.90400695800781, 223.66400146484375], [5.263999938964844, 156.01600646972656, 49.39200210571289, 223.66400146484375], [0.1120000034570694, 22.736000061035156, 18.928001403808594, 127.56800079345703], [147.95201110839844, 106.06400299072266, 177.96800231933594, 149.29600524902344], [118.16000366210938, 116.14400482177734, 134.9600067138672, 166.09600830078125], [139.44000244140625, 101.13600158691406, 154.447998046875, 147.05599975585938], [212.46400451660156, 86.80000305175781, 223.66400146484375, 143.4720001220703]], 'labels': ['desk', 'desk', 'chair', 'chair', 'person', 'person', 'person', 'person', 'person']}}"
0162,"{'<DENSE_REGION_CAPTION>': {'bboxes': [[0.1120000034570694, 130.48001098632812, 83.66400146484375, 223.66400146484375], [176.62400817871094, 142.3520050048828, 223.66400146484375, 223.66400146484375], [63.05600357055664, 145.04000854492188, 113.90400695800781, 223.66400146484375], [0.1120000034570694, 156.01600646972656, 49.39200210571289, 223.66400146484375], [78.73600006103516, 145.04000854492188, 113.68000030517578, 223.66400146484375], [144.36801147460938, 146.38400268554688, 178.41600036621094, 206.41600036621094], [6.384000301361084, 193.20001220703125, 49.39200210571289, 223.66400146484375], [0.1120000034570694, 22.736000061035156, 20.272001266479492, 128.91200256347656], [147.50399780273438, 105.61600494384766, 178.19200134277344, 148.84800720214844], [130.03199768066406, 105.16800689697266, 148.17601013183594, 160.27200317382812], [118.16000366210938, 116.59200286865234, 134.2880096435547, 161.39199829101562], [212.01600646972656, 86.80000305175781, 223.66400146484375, 143.4720001220703]], 'labels': ['desk', 'desk', 'chair', 'chair', 'chair', 'chair', 'chair', 'person', 'person', 'person', 'person', 'person']}}"
0163,"{'<DENSE_REGION_CAPTION>': {'bboxes': [[0.1120000034570694, 130.48001098632812, 83.66400146484375, 223.66400146484375], [176.84800720214844, 142.3520050048828, 223.66400146484375, 223.66400146484375], [0.1120000034570694, 22.064001083374023, 23.631999969482422, 161.6160125732422], [0.1120000034570694, 22.064001083374023, 21.84000015258789, 125.552001953125], [147.95201110839844, 101.8080062866211, 178.86399841308594, 149.52000427246094], [101.8080062866211, 92.4000015258789, 121.07200622558594, 166.09600830078125], [130.03199768066406, 106.73600006103516, 149.52000427246094, 160.04800415039062], [117.48800659179688, 116.36800384521484, 134.9600067138672, 161.6160125732422]], 'labels': ['desk', 'desk', 'person', 'person', 'person', 'person', 'person', 'person']}}"
0164,"{'<DENSE_REGION_CAPTION>': {'bboxes': [[0.1120000034570694, 130.48001098632812, 83.66400146484375, 223.66400146484375], [176.40000915527344, 142.3520050048828, 223.66400146484375, 223.66400146484375], [0.1120000034570694, 22.736000061035156, 25.200000762939453, 165.64801025390625], [100.24000549316406, 93.29600524902344, 121.74400329589844, 165.64801025390625], [147.50399780273438, 105.39200592041016, 178.86399841308594, 148.40000915527344], [117.48800659179688, 114.35200500488281, 137.42401123046875, 162.7360076904297]], 'labels': ['desk', 'desk', 'person', 'person', 'person', 'person']}}"
0165,"{'<DENSE_REGION_CAPTION>': {'bboxes': [[0.1120000034570694, 130.48001098632812, 83.66400146484375, 223.66400146484375], [176.40000915527344, 142.1280059814453, 223.66400146484375, 223.66400146484375], [0.1120000034570694, 24.079999923706055, 24.97599983215332, 164.0800018310547], [144.81600952148438, 105.16800689697266, 179.760009765625, 149.74400329589844], [117.48800659179688, 114.35200500488281, 143.9199981689453, 164.5279998779297], [211.79200744628906, 83.66400146484375, 223.66400146484375, 143.2480010986328]], 'labels': ['desk', 'desk', 'person', 'person', 'person', 'person']}}"
0166,"{'<DENSE_REGION_CAPTION>': {'bboxes': [[0.1120000034570694, 130.48001098632812, 83.66400146484375, 223.66400146484375], [176.40000915527344, 142.1280059814453, 223.66400146484375, 223.66400146484375], [0.1120000034570694, 22.512001037597656, 27.216001510620117, 172.14401245117188], [138.09600830078125, 100.46400451660156, 177.96800231933594, 156.68800354003906], [117.48800659179688, 113.68000030517578, 140.55999755859375, 165.64801025390625]], 'labels': ['desk', 'desk', 'person', 'person', 'person']}}"
0167,"{'<DENSE_REGION_CAPTION>': {'bboxes': [[0.1120000034570694, 130.48001098632812, 83.66400146484375, 223.66400146484375], [175.50399780273438, 142.3520050048828, 223.66400146484375, 223.66400146484375], [63.28000259399414, 145.93600463867188, 113.90400695800781, 223.66400146484375], [141.9040069580078, 147.27999877929688, 178.41600036621094, 223.66400146484375], [5.936000347137451, 156.01600646972656, 48.944000244140625, 223.66400146484375], [78.95999908447266, 145.93600463867188, 113.68000030517578, 223.66400146484375], [6.160000324249268, 193.20001220703125, 48.944000244140625, 223.66400146484375], [0.1120000034570694, 23.18400001525879, 24.527999877929688, 138.99200439453125], [143.6959991455078, 106.96000671386719, 176.84800720214844, 151.31201171875], [184.24000549316406, 88.36800384521484, 205.07200622558594, 142.8000030517578], [100.46400451660156, 93.29600524902344, 119.5040054321289, 151.08799743652344], [117.48800659179688, 111.88800048828125, 134.5120086669922, 161.16799926757812]], 'labels': ['desk', 'desk', 'chair', 'chair', 'chair', 'chair', 'chair', 'person', 'person', 'person', 'person', 'person']}}"
0168,"{'<DENSE_REGION_CAPTION>': {'bboxes': [[0.1120000034570694, 131.15200805664062, 83.21600341796875, 223.66400146484375], [175.50399780273438, 142.5760040283203, 223.66400146484375, 223.66400146484375], [0.1120000034570694, 23.18400001525879, 26.768001556396484, 171.0240020751953], [78.95999908447266, 145.26400756835938, 114.12800598144531, 223.66400146484375], [142.5760040283203, 146.83200073242188, 177.96800231933594, 223.66400146484375], [6.384000301361084, 192.97601318359375, 48.720001220703125, 223.66400146484375]], 'labels': ['desk', 'desk', 'person', 'chair', 'chair', 'chair']}}"
0169,"{'<DENSE_REGION_CAPTION>': {'bboxes': [[0.1120000034570694, 131.15200805664062, 83.66400146484375, 223.66400146484375], [175.27999877929688, 142.5760040283203, 223.66400146484375, 223.66400146484375], [0.1120000034570694, 22.736000061035156, 26.768001556396484, 163.1840057373047], [140.55999755859375, 113.90400695800781, 180.8800048828125, 174.83200073242188], [101.36000061035156, 92.4000015258789, 121.07200622558594, 163.6320037841797], [117.48800659179688, 111.44000244140625, 135.6320037841797, 162.2880096435547], [153.10400390625, 102.7040023803711, 173.48800659179688, 146.16000366210938], [184.68800354003906, 86.35200500488281, 201.26400756835938, 130.70401000976562]], 'labels': ['desk', 'desk', 'person', 'person', 'person', 'person', 'person', 'person']}}"
0170,"{'<DENSE_REGION_CAPTION>': {'bboxes': [[0.1120000034570694, 130.92800903320312, 83.66400146484375, 223.66400146484375], [175.50399780273438, 142.3520050048828, 223.66400146484375, 223.66400146484375], [0.1120000034570694, 22.736000061035156, 26.768001556396484, 162.2880096435547], [100.91200256347656, 92.8479995727539, 121.74400329589844, 164.5279998779297], [183.56800842285156, 85.90399932861328, 203.05599975585938, 142.8000030517578], [154.447998046875, 106.73600006103516, 179.31201171875, 149.74400329589844], [118.16000366210938, 111.21600341796875, 134.2880096435547, 162.0640106201172]], 'labels': ['desk', 'desk', 'person', 'person', 'person', 'person', 'person']}}"
0171,"{'<DENSE_REGION_CAPTION>': {'bboxes': [[0.1120000034570694, 130.92800903320312, 83.66400146484375, 223.66400146484375], [175.50399780273438, 142.3520050048828, 223.66400146484375, 223.66400146484375], [0.1120000034570694, 22.736000061035156, 26.768001556396484, 162.5120086669922], [143.4720001220703, 139.21600341796875, 177.96800231933594, 211.12001037597656], [115.92000579833984, 111.66400146484375, 138.99200439453125, 164.5279998779297], [131.82400512695312, 106.96000671386719, 150.19200134277344, 158.70401000976562], [212.01600646972656, 83.66400146484375, 223.66400146484375, 143.4720001220703]], 'labels': ['desk', 'desk', 'person', 'person', 'person', 'person', 'person']}}"
0172,"{'<DENSE_REGION_CAPTION>': {'bboxes': [[0.1120000034570694, 130.92800903320312, 83.66400146484375, 223.66400146484375], [175.50399780273438, 142.3520050048828, 223.66400146484375, 223.66400146484375], [78.95999908447266, 145.71200561523438, 114.12800598144531, 223.66400146484375], [144.36801147460938, 146.16000366210938, 177.96800231933594, 206.41600036621094], [6.384000301361084, 193.20001220703125, 47.60000228881836, 223.66400146484375], [0.1120000034570694, 22.736000061035156, 25.200000762939453, 162.0640106201172], [143.9199981689453, 96.43199920654297, 179.9840087890625, 148.62400817871094], [101.8080062866211, 93.07200622558594, 122.19200134277344, 151.5360107421875], [117.48800659179688, 113.45600128173828, 139.88800048828125, 163.6320037841797], [179.5360107421875, 110.99200439453125, 203.72801208496094, 143.0240020751953], [212.01600646972656, 83.88800048828125, 223.66400146484375, 143.4720001220703]], 'labels': ['desk', 'desk', 'chair', 'chair', 'chair', 'person', 'person', 'person', 'person', 'person', 'person']}}"
0173,"{'<DENSE_REGION_CAPTION>': {'bboxes': [[0.1120000034570694, 131.15200805664062, 83.21600341796875, 223.66400146484375], [177.96800231933594, 142.5760040283203, 223.66400146484375, 223.66400146484375], [0.1120000034570694, 23.18400001525879, 26.768001556396484, 171.6959991455078], [143.9199981689453, 98.0, 180.2080078125, 150.19200134277344], [116.59200286865234, 113.45600128173828, 141.9040069580078, 164.5279998779297], [177.96800231933594, 110.76800537109375, 203.27999877929688, 143.2480010986328]], 'labels': ['desk', 'desk', 'person', 'person', 'person', 'person']}}"
0174,"{'<DENSE_REGION_CAPTION>': {'bboxes': [[0.1120000034570694, 22.96000099182129, 49.39200210571289, 162.7360076904297], [141.2320098876953, 99.79199981689453, 179.760009765625, 151.08799743652344], [117.48800659179688, 113.45600128173828, 141.9040069580078, 164.0800018310547], [178.19200134277344, 110.99200439453125, 203.72801208496094, 143.0240020751953], [212.01600646972656, 83.88800048828125, 223.66400146484375, 143.4720001220703]], 'labels': ['person', 'person', 'person', 'person', 'person']}}"
0175,"{'<DENSE_REGION_CAPTION>': {'bboxes': [[0.1120000034570694, 22.736000061035156, 50.96000289916992, 163.1840057373047], [144.36801147460938, 102.4800033569336, 180.656005859375, 150.63999938964844], [117.48800659179688, 113.45600128173828, 144.1439971923828, 163.1840057373047]], 'labels': ['person', 'person', 'person']}}"
0176,"{'<DENSE_REGION_CAPTION>': {'bboxes': [[58.12800216674805, 0.1120000034570694, 144.59201049804688, 110.54400634765625], [63.28000259399414, 145.71200561523438, 114.12800598144531, 223.66400146484375], [79.18400573730469, 145.71200561523438, 113.90400695800781, 223.66400146484375], [143.9199981689453, 145.93600463867188, 177.74400329589844, 205.52000427246094], [6.384000301361084, 192.7519989013672, 48.944000244140625, 223.66400146484375], [0.1120000034570694, 23.408000946044922, 26.768001556396484, 162.7360076904297], [136.9759979248047, 99.34400177001953, 180.2080078125, 151.760009765625], [101.8080062866211, 93.96800231933594, 121.29600524902344, 151.31201171875], [118.16000366210938, 112.56000518798828, 140.11199951171875, 162.5120086669922], [211.34400939941406, 97.10400390625, 223.66400146484375, 143.0240020751953], [184.01600646972656, 88.59200286865234, 201.04000854492188, 114.35200500488281], [210.2239990234375, 82.54400634765625, 222.54400634765625, 112.33600616455078]], 'labels': ['poster', 'chair', 'chair', 'chair', 'chair', 'person', 'person', 'person', 'person', 'person', 'person', 'person']}}"
0177,"{'<DENSE_REGION_CAPTION>': {'bboxes': [[0.1120000034570694, 130.48001098632812, 83.66400146484375, 223.66400146484375], [175.50399780273438, 142.3520050048828, 223.66400146484375, 223.66400146484375], [75.3759994506836, 15.568000793457031, 85.45600128173828, 49.84000015258789]], 'labels': ['desk', 'desk', 'flag']}}"
0178,"{'<DENSE_REGION_CAPTION>': {'bboxes': [[0.1120000034570694, 130.92800903320312, 83.66400146484375, 223.66400146484375], [176.40000915527344, 142.1280059814453, 223.66400146484375, 223.66400146484375], [0.1120000034570694, 23.408000946044922, 25.424001693725586, 161.8400115966797], [143.0240020751953, 95.76000213623047, 180.8800048828125, 150.63999938964844], [102.0320053100586, 93.29600524902344, 120.6240005493164, 151.08799743652344], [189.8400115966797, 110.99200439453125, 210.0, 143.0240020751953]], 'labels': ['desk', 'desk', 'person', 'person', 'person', 'person']}}"
0179,"{'<DENSE_REGION_CAPTION>': {'bboxes': [[0.1120000034570694, 130.92800903320312, 83.66400146484375, 223.66400146484375], [176.40000915527344, 142.3520050048828, 223.66400146484375, 223.66400146484375], [0.1120000034570694, 23.18400001525879, 25.200000762939453, 162.0640106201172], [143.2480010986328, 97.552001953125, 180.2080078125, 150.19200134277344], [101.8080062866211, 93.29600524902344, 121.74400329589844, 151.08799743652344], [118.16000366210938, 111.88800048828125, 134.5120086669922, 162.0640106201172], [210.89601135253906, 95.98400115966797, 223.66400146484375, 143.4720001220703]], 'labels': ['desk', 'desk', 'person', 'person', 'person', 'person', 'person']}}"
0180,"{'<DENSE_REGION_CAPTION>': {'bboxes': [[0.1120000034570694, 130.48001098632812, 83.66400146484375, 223.66400146484375], [176.84800720214844, 141.6800079345703, 223.66400146484375, 223.66400146484375], [0.1120000034570694, 22.736000061035156, 25.87200164794922, 162.0640106201172], [98.44800567626953, 93.74400329589844, 121.74400329589844, 151.31201171875], [117.48800659179688, 111.66400146484375, 135.8560028076172, 162.2880096435547], [210.2239990234375, 95.53600311279297, 223.66400146484375, 141.9040069580078]], 'labels': ['desk', 'desk', 'person', 'person', 'person', 'person']}}"
0181,"{'<DENSE_REGION_CAPTION>': {'bboxes': [[0.1120000034570694, 130.48001098632812, 83.66400146484375, 223.66400146484375], [176.40000915527344, 142.1280059814453, 223.66400146484375, 223.66400146484375], [0.1120000034570694, 22.736000061035156, 25.648000717163086, 162.0640106201172], [142.1280059814453, 99.34400177001953, 181.3280029296875, 151.31201171875], [101.13600158691406, 93.74400329589844, 121.74400329589844, 151.760009765625], [118.16000366210938, 112.33600616455078, 140.33599853515625, 163.6320037841797], [190.5120086669922, 98.44800567626953, 209.552001953125, 143.0240020751953], [210.44801330566406, 95.53600311279297, 223.66400146484375, 141.4560089111328], [178.41600036621094, 98.44800567626953, 193.20001220703125, 135.6320037841797]], 'labels': ['desk', 'desk', 'person', 'person', 'person', 'person', 'person', 'person', 'person']}}"
0182,"{'<DENSE_REGION_CAPTION>': {'bboxes': [[0.1120000034570694, 130.92800903320312, 83.66400146484375, 223.66400146484375], [176.40000915527344, 142.1280059814453, 223.66400146484375, 223.66400146484375], [0.1120000034570694, 22.736000061035156, 25.424001693725586, 162.0640106201172], [143.9199981689453, 102.0320053100586, 180.4320068359375, 150.41600036621094], [101.8080062866211, 93.96800231933594, 125.552001953125, 151.08799743652344], [118.16000366210938, 111.88800048828125, 134.2880096435547, 161.8400115966797], [210.2239990234375, 95.53600311279297, 223.66400146484375, 142.1280059814453], [178.41600036621094, 99.12000274658203, 194.09600830078125, 135.6320037841797]], 'labels': ['desk', 'desk', 'person', 'person', 'person', 'person', 'person', 'person']}}"
0183,"{'<DENSE_REGION_CAPTION>': {'bboxes': [[0.1120000034570694, 130.48001098632812, 83.66400146484375, 223.66400146484375], [178.41600036621094, 142.5760040283203, 223.66400146484375, 223.66400146484375], [0.1120000034570694, 22.064001083374023, 28.336000442504883, 170.8000030517578], [142.5760040283203, 99.12000274658203, 183.12001037597656, 150.86399841308594], [116.59200286865234, 111.44000244140625, 135.1840057373047, 162.2880096435547]], 'labels': ['desk', 'desk', 'person', 'person', 'person']}}"
0184,"{'<DENSE_REGION_CAPTION>': {'bboxes': [[0.1120000034570694, 130.48001098632812, 83.66400146484375, 223.66400146484375], [176.40000915527344, 142.1280059814453, 223.66400146484375, 223.66400146484375], [0.1120000034570694, 21.61600112915039, 26.768001556396484, 165.64801025390625], [143.2480010986328, 98.89600372314453, 180.2080078125, 150.63999938964844], [100.68800354003906, 93.29600524902344, 126.22400665283203, 151.31201171875], [111.44000244140625, 115.92000579833984, 130.25599670410156, 166.99200439453125], [208.8800048828125, 95.98400115966797, 223.66400146484375, 142.3520050048828]], 'labels': ['desk', 'desk', 'person', 'person', 'person', 'person', 'person']}}"
0185,"{'<DENSE_REGION_CAPTION>': {'bboxes': [[0.1120000034570694, 130.48001098632812, 83.66400146484375, 223.66400146484375], [175.72801208496094, 142.1280059814453, 223.66400146484375, 223.66400146484375], [0.1120000034570694, 22.512001037597656, 27.66400146484375, 164.5279998779297], [138.99200439453125, 94.86400604248047, 180.4320068359375, 150.63999938964844], [101.36000061035156, 93.74400329589844, 129.80799865722656, 166.76800537109375], [111.88800048828125, 116.36800384521484, 130.03199768066406, 166.54400634765625], [177.74400329589844, 98.0, 194.54400634765625, 136.7519989013672]], 'labels': ['desk', 'desk', 'person', 'person', 'person', 'person', 'person']}}"
0186,"{'<DENSE_REGION_CAPTION>': {'bboxes': [[0.1120000034570694, 130.48001098632812, 83.66400146484375, 223.66400146484375], [175.50399780273438, 142.1280059814453, 223.66400146484375, 223.66400146484375], [0.1120000034570694, 22.064001083374023, 27.66400146484375, 162.0640106201172], [143.6959991455078, 95.08800506591797, 180.8800048828125, 149.74400329589844], [102.2560043334961, 92.6240005493164, 126.22400665283203, 149.07200622558594], [192.0800018310547, 100.01600646972656, 211.34400939941406, 142.8000030517578], [178.19200134277344, 97.7760009765625, 194.54400634765625, 136.3040008544922]], 'labels': ['desk', 'desk', 'person', 'person', 'person', 'person', 'person']}}"
0187,"{'<DENSE_REGION_CAPTION>': {'bboxes': [[0.1120000034570694, 130.48001098632812, 83.66400146484375, 223.66400146484375], [175.50399780273438, 142.1280059814453, 223.66400146484375, 223.66400146484375], [0.1120000034570694, 22.064001083374023, 27.440000534057617, 163.1840057373047], [0.1120000034570694, 22.064001083374023, 18.48000144958496, 171.6959991455078], [147.95201110839844, 95.76000213623047, 180.656005859375, 149.52000427246094], [102.0320053100586, 93.07200622558594, 125.7760009765625, 150.63999938964844], [112.56000518798828, 115.92000579833984, 130.03199768066406, 167.21600341796875], [192.0800018310547, 102.2560043334961, 211.12001037597656, 142.8000030517578], [177.74400329589844, 98.0, 194.76800537109375, 142.3520050048828]], 'labels': ['desk', 'desk', 'person', 'person', 'person', 'person', 'person', 'person', 'person']}}"
0188,"{'<DENSE_REGION_CAPTION>': {'bboxes': [[0.1120000034570694, 130.92800903320312, 83.66400146484375, 223.66400146484375], [175.72801208496094, 142.1280059814453, 223.66400146484375, 223.66400146484375], [78.95999908447266, 145.26400756835938, 114.12800598144531, 223.66400146484375], [5.263999938964844, 155.79200744628906, 49.84000015258789, 223.66400146484375], [0.1120000034570694, 23.856000900268555, 24.304000854492188, 165.64801025390625], [142.8000030517578, 96.656005859375, 181.3280029296875, 150.63999938964844], [102.4800033569336, 93.07200622558594, 125.7760009765625, 162.2880096435547], [191.1840057373047, 97.3280029296875, 212.46400451660156, 142.8000030517578], [177.52000427246094, 97.552001953125, 193.87200927734375, 135.8560028076172]], 'labels': ['desk', 'desk', 'chair', 'chair', 'person', 'person', 'person', 'person', 'person']}}"
0189,"{'<DENSE_REGION_CAPTION>': {'bboxes': [[0.1120000034570694, 130.92800903320312, 83.66400146484375, 223.66400146484375], [176.40000915527344, 142.5760040283203, 223.66400146484375, 223.66400146484375], [78.95999908447266, 145.26400756835938, 114.12800598144531, 223.66400146484375], [5.488000392913818, 156.01600646972656, 49.16800308227539, 223.66400146484375], [0.1120000034570694, 24.97599983215332, 24.079999923706055, 162.0640106201172], [149.96800231933594, 95.76000213623047, 180.2080078125, 149.74400329589844], [132.27200317382812, 102.2560043334961, 154.89601135253906, 162.0640106201172], [101.8080062866211, 93.52000427246094, 125.10400390625, 150.63999938964844], [112.33600616455078, 117.04000091552734, 130.03199768066406, 166.99200439453125], [177.96800231933594, 97.7760009765625, 193.87200927734375, 136.5279998779297]], 'labels': ['desk', 'desk', 'chair', 'chair', 'person', 'person', 'person', 'person', 'person', 'person']}}"
0190,"{'<DENSE_REGION_CAPTION>': {'bboxes': [[0.1120000034570694, 130.48001098632812, 83.66400146484375, 223.66400146484375], [176.40000915527344, 142.1280059814453, 223.66400146484375, 223.66400146484375], [0.1120000034570694, 22.736000061035156, 30.576000213623047, 162.0640106201172], [143.9199981689453, 96.8800048828125, 180.656005859375, 150.19200134277344], [100.91200256347656, 93.52000427246094, 125.7760009765625, 159.82400512695312]], 'labels': ['desk', 'desk', 'person', 'person', 'person']}}"
0191,"{'<DENSE_REGION_CAPTION>': {'bboxes': [[0.1120000034570694, 130.92800903320312, 83.66400146484375, 223.66400146484375], [176.40000915527344, 142.3520050048828, 223.66400146484375, 223.66400146484375], [0.1120000034570694, 21.61600112915039, 30.576000213623047, 161.6160125732422], [149.07200622558594, 96.20800018310547, 181.10400390625, 149.74400329589844], [101.8080062866211, 93.74400329589844, 125.552001953125, 150.63999938964844]], 'labels': ['desk', 'desk', 'person', 'person', 'person']}}"
0192,"{'<DENSE_REGION_CAPTION>': {'bboxes': [[0.1120000034570694, 130.92800903320312, 83.66400146484375, 223.66400146484375], [175.72801208496094, 142.1280059814453, 223.66400146484375, 223.66400146484375], [78.95999908447266, 145.71200561523438, 114.35200500488281, 223.66400146484375], [5.263999938964844, 155.79200744628906, 49.39200210571289, 223.66400146484375], [0.1120000034570694, 21.84000015258789, 27.66400146484375, 164.5279998779297], [143.9199981689453, 96.43199920654297, 180.656005859375, 150.19200134277344], [100.24000549316406, 93.74400329589844, 125.7760009765625, 166.54400634765625], [191.4080047607422, 98.22400665283203, 210.44801330566406, 142.8000030517578], [177.96800231933594, 97.3280029296875, 194.76800537109375, 142.3520050048828], [211.34400939941406, 97.3280029296875, 223.66400146484375, 142.1280059814453]], 'labels': ['desk', 'desk', 'chair', 'chair', 'person', 'person', 'person', 'person', 'person', 'person']}}"
0193,"{'<DENSE_REGION_CAPTION>': {'bboxes': [[0.1120000034570694, 130.92800903320312, 83.66400146484375, 223.66400146484375], [175.72801208496094, 142.3520050048828, 223.66400146484375, 223.66400146484375], [78.95999908447266, 145.93600463867188, 114.12800598144531, 223.66400146484375], [5.039999961853027, 156.01600646972656, 49.39200210571289, 223.66400146484375], [0.1120000034570694, 22.064001083374023, 37.29600143432617, 162.7360076904297], [149.96800231933594, 96.20800018310547, 180.2080078125, 149.52000427246094], [100.01600646972656, 93.96800231933594, 121.07200622558594, 149.07200622558594], [138.09600830078125, 102.9280014038086, 153.7760009765625, 158.70401000976562], [208.4320068359375, 97.10400390625, 223.66400146484375, 142.8000030517578], [178.19200134277344, 97.7760009765625, 194.09600830078125, 136.7519989013672]], 'labels': ['desk', 'desk', 'chair', 'chair', 'person', 'person', 'person', 'person', 'person', 'person']}}"
0194,"{'<DENSE_REGION_CAPTION>': {'bboxes': [[0.1120000034570694, 130.48001098632812, 83.66400146484375, 223.66400146484375], [175.72801208496094, 142.1280059814453, 223.66400146484375, 223.66400146484375], [0.1120000034570694, 22.064001083374023, 38.8640022277832, 171.0240020751953], [138.99200439453125, 96.43199920654297, 180.8800048828125, 170.1280059814453], [101.8080062866211, 93.74400329589844, 132.72000122070312, 161.6160125732422], [112.56000518798828, 116.36800384521484, 132.94400024414062, 161.8400115966797], [192.0800018310547, 98.67200469970703, 209.552001953125, 143.0240020751953], [177.96800231933594, 98.44800567626953, 194.32000732421875, 142.5760040283203], [209.3280029296875, 98.0, 223.66400146484375, 142.8000030517578]], 'labels': ['desk', 'desk', 'person', 'person', 'person', 'person', 'person', 'person', 'person']}}"
0195,"{'<DENSE_REGION_CAPTION>': {'bboxes': [[58.12800216674805, 5.039999961853027, 144.81600952148438, 110.76800537109375], [78.95999908447266, 145.26400756835938, 114.35200500488281, 223.66400146484375], [5.712000370025635, 156.01600646972656, 49.84000015258789, 223.66400146484375], [0.1120000034570694, 22.064001083374023, 27.216001510620117, 162.7360076904297], [138.99200439453125, 95.98400115966797, 181.10400390625, 168.5600128173828], [101.36000061035156, 93.74400329589844, 119.2800064086914, 158.25601196289062], [116.59200286865234, 110.76800537109375, 132.49600219726562, 162.0640106201172], [208.8800048828125, 98.22400665283203, 223.66400146484375, 143.0240020751953]], 'labels': ['whiteboard', 'chair', 'chair', 'person', 'person', 'person', 'person', 'person']}}"
0196,"{'<DENSE_REGION_CAPTION>': {'bboxes': [[0.1120000034570694, 130.48001098632812, 83.66400146484375, 223.66400146484375], [175.72801208496094, 142.1280059814453, 223.66400146484375, 223.66400146484375], [0.1120000034570694, 22.064001083374023, 27.66400146484375, 164.5279998779297], [141.0080108642578, 95.98400115966797, 180.8800048828125, 167.88800048828125], [100.91200256347656, 93.74400329589844, 119.7280044555664, 158.03199768066406], [115.47200012207031, 111.21600341796875, 132.94400024414062, 162.7360076904297]], 'labels': ['desk', 'desk', 'person', 'person', 'person', 'person']}}"
0197,"{'<DENSE_REGION_CAPTION>': {'bboxes': [[0.1120000034570694, 130.48001098632812, 83.66400146484375, 223.66400146484375], [175.72801208496094, 142.1280059814453, 223.66400146484375, 223.66400146484375], [0.1120000034570694, 22.288000106811523, 27.216001510620117, 162.5120086669922], [142.3520050048828, 97.7760009765625, 181.10400390625, 167.88800048828125], [142.8000030517578, 97.7760009765625, 178.41600036621094, 150.19200134277344], [101.13600158691406, 93.52000427246094, 120.4000015258789, 150.63999938964844], [115.92000579833984, 113.90400695800781, 132.49600219726562, 161.6160125732422]], 'labels': ['desk', 'desk', 'person', 'person', 'person', 'person', 'person']}}"
0198,"{'<DENSE_REGION_CAPTION>': {'bboxes': [[0.1120000034570694, 131.15200805664062, 82.76800537109375, 223.66400146484375], [175.72801208496094, 142.3520050048828, 223.66400146484375, 223.66400146484375], [78.95999908447266, 145.26400756835938, 114.12800598144531, 223.66400146484375], [5.712000370025635, 156.01600646972656, 49.84000015258789, 223.66400146484375], [6.384000301361084, 193.42401123046875, 49.84000015258789, 223.66400146484375], [0.1120000034570694, 23.18400001525879, 26.768001556396484, 163.6320037841797], [142.8000030517578, 111.44000244140625, 178.86399841308594, 150.19200134277344], [102.0320053100586, 93.96800231933594, 120.4000015258789, 157.58399963378906], [178.41600036621094, 98.67200469970703, 201.26400756835938, 143.0240020751953], [116.59200286865234, 117.04000091552734, 132.49600219726562, 162.5120086669922], [155.79200744628906, 98.67200469970703, 173.71200561523438, 124.8800048828125]], 'labels': ['desk', 'desk', 'chair', 'chair', 'chair', 'person', 'person', 'person', 'person', 'person', 'person']}}"
0199,"{'<DENSE_REGION_CAPTION>': {'bboxes': [[0.1120000034570694, 130.92800903320312, 82.76800537109375, 223.66400146484375], [175.72801208496094, 142.3520050048828, 223.66400146484375, 223.66400146484375], [0.1120000034570694, 22.96000099182129, 26.32000160217285, 171.4720001220703], [142.1280059814453, 99.34400177001953, 179.31201171875, 149.74400329589844], [101.13600158691406, 94.19200134277344, 128.01600646972656, 158.25601196289062], [114.35200500488281, 108.08000183105469, 132.72000122070312, 161.8400115966797], [178.41600036621094, 97.552001953125, 194.99200439453125, 142.5760040283203]], 'labels': ['desk', 'desk', 'person', 'person', 'person', 'person', 'person']}}"
0200,"{'<DENSE_REGION_CAPTION>': {'bboxes': [[0.1120000034570694, 130.92800903320312, 82.76800537109375, 223.66400146484375], [176.62400817871094, 142.5760040283203, 223.66400146484375, 223.66400146484375], [0.1120000034570694, 22.736000061035156, 25.87200164794922, 161.6160125732422], [141.2320098876953, 99.34400177001953, 179.760009765625, 152.2080078125], [100.46400451660156, 93.29600524902344, 130.70401000976562, 157.58399963378906], [100.46400451660156, 93.29600524902344, 120.84800720214844, 157.13600158691406], [113.90400695800781, 109.20000457763672, 133.39199829101562, 162.0640106201172], [192.0800018310547, 100.01600646972656, 210.0, 143.0240020751953], [178.41600036621094, 97.7760009765625, 194.32000732421875, 136.5279998779297]], 'labels': ['desk', 'desk', 'person', 'person', 'person', 'person', 'person', 'person', 'person']}}"
0201,"{'<DENSE_REGION_CAPTION>': {'bboxes': [[0.1120000034570694, 130.48001098632812, 83.21600341796875, 223.66400146484375], [176.84800720214844, 142.3520050048828, 223.66400146484375, 223.66400146484375], [0.1120000034570694, 22.736000061035156, 25.87200164794922, 162.7360076904297], [139.44000244140625, 106.06400299072266, 180.656005859375, 170.5760040283203], [143.9199981689453, 106.06400299072266, 179.9840087890625, 150.19200134277344], [116.36800384521484, 113.90400695800781, 133.61599731445312, 162.2880096435547], [178.41600036621094, 98.0, 194.32000732421875, 136.5279998779297]], 'labels': ['desk', 'desk', 'person', 'person', 'person', 'person', 'person']}}"
0202,"{'<DENSE_REGION_CAPTION>': {'bboxes': [[0.1120000034570694, 130.48001098632812, 83.21600341796875, 223.66400146484375], [176.40000915527344, 142.3520050048828, 223.66400146484375, 223.66400146484375], [0.1120000034570694, 22.736000061035156, 25.87200164794922, 162.7360076904297], [78.95999908447266, 145.26400756835938, 114.35200500488281, 223.66400146484375], [5.936000347137451, 156.01600646972656, 49.84000015258789, 223.66400146484375], [6.384000301361084, 193.20001220703125, 49.84000015258789, 223.66400146484375], [147.50399780273438, 107.63200378417969, 178.86399841308594, 149.07200622558594], [116.59200286865234, 113.90400695800781, 134.0640106201172, 162.2880096435547]], 'labels': ['desk', 'desk', 'person', 'chair', 'chair', 'chair', 'person', 'person']}}"
0203,"{'<DENSE_REGION_CAPTION>': {'bboxes': [[0.1120000034570694, 130.48001098632812, 83.21600341796875, 223.66400146484375], [176.40000915527344, 142.1280059814453, 223.66400146484375, 223.66400146484375], [0.1120000034570694, 22.288000106811523, 26.768001556396484, 163.1840057373047], [149.07200622558594, 98.0, 178.63999938964844, 149.07200622558594], [102.4800033569336, 94.19200134277344, 121.96800231933594, 151.08799743652344], [116.59200286865234, 113.45600128173828, 134.0640106201172, 162.7360076904297]], 'labels': ['desk', 'desk', 'person', 'person', 'person', 'person']}}"
0204,"{'<DENSE_REGION_CAPTION>': {'bboxes': [[0.1120000034570694, 131.15200805664062, 82.76800537109375, 223.66400146484375], [176.40000915527344, 142.5760040283203, 223.66400146484375, 223.66400146484375], [0.1120000034570694, 22.512001037597656, 25.87200164794922, 163.1840057373047], [151.08799743652344, 98.0, 179.31201171875, 149.07200622558594], [101.8080062866211, 93.29600524902344, 121.07200622558594, 158.92800903320312], [135.4080047607422, 105.61600494384766, 154.447998046875, 159.82400512695312], [117.04000091552734, 113.45600128173828, 133.8400115966797, 162.7360076904297], [178.41600036621094, 97.10400390625, 195.44000244140625, 142.5760040283203], [210.44801330566406, 97.10400390625, 223.66400146484375, 141.9040069580078]], 'labels': ['desk', 'desk', 'person', 'person', 'person', 'person', 'person', 'person', 'person']}}"
0205,"{'<DENSE_REGION_CAPTION>': {'bboxes': [[0.1120000034570694, 131.15200805664062, 82.76800537109375, 223.66400146484375], [176.40000915527344, 142.3520050048828, 223.66400146484375, 223.66400146484375], [0.1120000034570694, 22.064001083374023, 27.66400146484375, 161.16799926757812], [149.52000427246094, 97.7760009765625, 178.86399841308594, 148.62400817871094], [116.59200286865234, 113.00800323486328, 133.8400115966797, 162.7360076904297]], 'labels': ['desk', 'desk', 'person', 'person', 'person']}}"
0206,"{'<DENSE_REGION_CAPTION>': {'bboxes': [[0.1120000034570694, 130.48001098632812, 82.76800537109375, 223.66400146484375], [175.72801208496094, 142.1280059814453, 223.66400146484375, 223.66400146484375], [0.1120000034570694, 23.631999969482422, 27.66400146484375, 161.16799926757812], [149.52000427246094, 98.22400665283203, 179.31201171875, 149.07200622558594], [101.8080062866211, 94.19200134277344, 121.52000427246094, 158.92800903320312], [115.92000579833984, 113.90400695800781, 135.4080047607422, 163.4080047607422], [211.56800842285156, 98.44800567626953, 223.66400146484375, 139.88800048828125]], 'labels': ['desk', 'desk', 'person', 'person', 'person', 'person', 'person']}}"
0207,"{'<DENSE_REGION_CAPTION>': {'bboxes': [[0.1120000034570694, 130.48001098632812, 83.66400146484375, 223.66400146484375], [176.40000915527344, 142.1280059814453, 223.66400146484375, 223.66400146484375], [0.1120000034570694, 22.288000106811523, 28.784000396728516, 161.16799926757812], [149.07200622558594, 98.44800567626953, 179.760009765625, 149.07200622558594], [101.13600158691406, 93.52000427246094, 120.6240005493164, 158.92800903320312], [115.92000579833984, 112.56000518798828, 134.7360076904297, 163.1840057373047]], 'labels': ['desk', 'desk', 'person', 'person', 'person', 'person']}}"
0208,"{'<DENSE_REGION_CAPTION>': {'bboxes': [[58.12800216674805, 0.1120000034570694, 144.59201049804688, 110.76800537109375], [63.28000259399414, 145.04000854492188, 114.12800598144531, 223.66400146484375], [5.936000347137451, 156.01600646972656, 49.84000015258789, 223.66400146484375], [78.95999908447266, 145.04000854492188, 113.90400695800781, 223.66400146484375], [6.384000301361084, 193.20001220703125, 49.84000015258789, 223.66400146484375], [0.1120000034570694, 22.512001037597656, 29.00800132751465, 161.6160125732422], [102.2560043334961, 93.52000427246094, 121.29600524902344, 151.5360107421875], [150.63999938964844, 111.44000244140625, 179.0880126953125, 148.62400817871094], [117.26399993896484, 116.14400482177734, 134.2880096435547, 162.5120086669922], [211.34400939941406, 86.57600402832031, 223.66400146484375, 139.88800048828125], [179.0880126953125, 108.08000183105469, 194.76800537109375, 137.1999969482422]], 'labels': ['whiteboard', 'chair', 'chair', 'chair', 'chair', 'person', 'person', 'person', 'person', 'person', 'person']}}"
0209,"{'<DENSE_REGION_CAPTION>': {'bboxes': [[0.1120000034570694, 131.15200805664062, 83.21600341796875, 223.66400146484375], [176.40000915527344, 142.3520050048828, 223.66400146484375, 223.66400146484375], [0.1120000034570694, 22.512001037597656, 37.74399948120117, 162.0640106201172], [0.1120000034570694, 22.512001037597656, 27.216001510620117, 161.6160125732422], [100.91200256347656, 95.08800506591797, 123.53600311279297, 163.1840057373047], [149.52000427246094, 102.2560043334961, 179.5360107421875, 149.29600524902344], [117.04000091552734, 116.81600189208984, 132.94400024414062, 162.5120086669922]], 'labels': ['desk', 'desk', 'person', 'person', 'person', 'person', 'person']}}"
0210,"{'<DENSE_REGION_CAPTION>': {'bboxes': [[58.12800216674805, 5.039999961853027, 144.81600952148438, 110.76800537109375], [63.28000259399414, 145.48800659179688, 114.12800598144531, 223.66400146484375], [78.95999908447266, 145.48800659179688, 113.90400695800781, 223.66400146484375], [5.712000370025635, 156.01600646972656, 49.84000015258789, 223.66400146484375], [6.160000324249268, 193.20001220703125, 49.84000015258789, 223.66400146484375], [0.1120000034570694, 22.512001037597656, 27.88800048828125, 161.6160125732422], [146.38400268554688, 100.01600646972656, 179.31201171875, 149.07200622558594], [117.04000091552734, 111.88800048828125, 134.0640106201172, 162.5120086669922], [210.89601135253906, 87.47200012207031, 223.66400146484375, 139.88800048828125]], 'labels': ['whiteboard', 'chair', 'chair', 'chair', 'chair', 'person', 'person', 'person', 'person']}}"
0211,"{'<DENSE_REGION_CAPTION>': {'bboxes': [[58.12800216674805, 5.039999961853027, 144.81600952148438, 110.54400634765625], [63.28000259399414, 145.04000854492188, 114.12800598144531, 223.66400146484375], [78.95999908447266, 145.04000854492188, 113.90400695800781, 223.66400146484375], [5.936000347137451, 155.56800842285156, 49.84000015258789, 223.66400146484375], [6.384000301361084, 192.7519989013672, 49.84000015258789, 223.66400146484375], [0.1120000034570694, 22.512001037597656, 27.66400146484375, 162.7360076904297], [147.50399780273438, 102.2560043334961, 179.0880126953125, 148.62400817871094], [102.0320053100586, 98.89600372314453, 124.656005859375, 151.5360107421875], [117.04000091552734, 112.33600616455078, 134.2880096435547, 162.0640106201172], [190.5120086669922, 102.2560043334961, 207.0880126953125, 142.3520050048828], [211.34400939941406, 96.656005859375, 223.66400146484375, 140.11199951171875]], 'labels': ['whiteboard', 'chair', 'chair', 'chair', 'chair', 'person', 'person', 'person', 'person', 'person', 'person']}}"
0212,"{'<DENSE_REGION_CAPTION>': {'bboxes': [[0.1120000034570694, 131.15200805664062, 83.21600341796875, 223.66400146484375], [175.72801208496094, 142.3520050048828, 223.66400146484375, 223.66400146484375], [0.1120000034570694, 22.064001083374023, 27.216001510620117, 163.6320037841797], [149.52000427246094, 98.89600372314453, 179.760009765625, 149.07200622558594], [134.9600067138672, 97.7760009765625, 154.0, 161.8400115966797], [116.81600189208984, 112.33600616455078, 133.8400115966797, 162.2880096435547]], 'labels': ['desk', 'desk', 'person', 'person', 'person', 'person']}}"
0213,"{'<DENSE_REGION_CAPTION>': {'bboxes': [[0.1120000034570694, 131.15200805664062, 83.21600341796875, 223.66400146484375], [176.40000915527344, 142.5760040283203, 223.66400146484375, 223.66400146484375], [0.1120000034570694, 21.84000015258789, 27.88800048828125, 164.5279998779297], [149.96800231933594, 98.89600372314453, 179.760009765625, 149.52000427246094], [206.63999938964844, 72.01599884033203, 223.66400146484375, 140.33599853515625], [116.59200286865234, 111.88800048828125, 133.16799926757812, 162.2880096435547]], 'labels': ['desk', 'desk', 'person', 'person', 'person', 'person']}}"
0214,"{'<DENSE_REGION_CAPTION>': {'bboxes': [[0.1120000034570694, 131.15200805664062, 83.21600341796875, 223.66400146484375], [175.72801208496094, 142.1280059814453, 223.66400146484375, 223.66400146484375], [0.1120000034570694, 21.61600112915039, 27.216001510620117, 163.1840057373047], [147.95201110839844, 99.34400177001953, 179.5360107421875, 149.74400329589844], [206.63999938964844, 72.01599884033203, 223.66400146484375, 140.33599853515625], [116.81600189208984, 111.66400146484375, 133.16799926757812, 162.0640106201172]], 'labels': ['desk', 'desk', 'person', 'person', 'person', 'person']}}"
0215,"{'<DENSE_REGION_CAPTION>': {'bboxes': [[0.1120000034570694, 131.15200805664062, 83.21600341796875, 223.66400146484375], [175.50399780273438, 142.3520050048828, 223.66400146484375, 223.66400146484375], [0.1120000034570694, 22.064001083374023, 27.66400146484375, 163.1840057373047], [141.9040069580078, 100.01600646972656, 178.86399841308594, 151.08799743652344], [205.74400329589844, 72.01599884033203, 223.66400146484375, 140.33599853515625], [116.59200286865234, 111.44000244140625, 132.94400024414062, 162.0640106201172]], 'labels': ['desk', 'desk', 'person', 'person', 'person', 'person']}}"
0216,"{'<DENSE_REGION_CAPTION>': {'bboxes': [[0.1120000034570694, 131.15200805664062, 83.21600341796875, 223.66400146484375], [175.50399780273438, 142.3520050048828, 223.66400146484375, 223.66400146484375], [0.1120000034570694, 22.288000106811523, 28.336000442504883, 162.5120086669922], [142.1280059814453, 97.3280029296875, 178.86399841308594, 149.52000427246094], [206.63999938964844, 72.01599884033203, 223.66400146484375, 140.33599853515625], [117.04000091552734, 111.44000244140625, 132.72000122070312, 162.0640106201172]], 'labels': ['desk', 'desk', 'person', 'person', 'person', 'person']}}"
0217,"{'<DENSE_REGION_CAPTION>': {'bboxes': [[0.1120000034570694, 131.15200805664062, 83.21600341796875, 223.66400146484375], [175.72801208496094, 142.3520050048828, 223.66400146484375, 223.66400146484375], [0.1120000034570694, 22.064001083374023, 27.66400146484375, 162.7360076904297], [143.9199981689453, 96.8800048828125, 179.760009765625, 149.52000427246094], [206.19200134277344, 97.7760009765625, 223.66400146484375, 140.11199951171875], [117.04000091552734, 111.88800048828125, 132.72000122070312, 161.8400115966797]], 'labels': ['desk', 'desk', 'person', 'person', 'person', 'person']}}"
0218,"{'<DENSE_REGION_CAPTION>': {'bboxes': [[58.12800216674805, 0.1120000034570694, 144.59201049804688, 110.76800537109375], [63.28000259399414, 145.71200561523438, 114.35200500488281, 223.66400146484375], [78.73600006103516, 145.71200561523438, 114.12800598144531, 223.66400146484375], [5.936000347137451, 156.01600646972656, 48.496002197265625, 223.66400146484375], [6.384000301361084, 193.20001220703125, 48.496002197265625, 223.66400146484375], [24.75200080871582, 129.36000061035156, 35.72800064086914, 149.07200622558594], [6.160000324249268, 155.79200744628906, 18.70400047302246, 171.6959991455078]], 'labels': ['whiteboard', 'chair', 'chair', 'chair', 'chair', 'chair', 'chair']}}"
0219,"{'<DENSE_REGION_CAPTION>': {'bboxes': [[58.12800216674805, 0.1120000034570694, 144.59201049804688, 110.76800537109375], [0.1120000034570694, 22.736000061035156, 30.80000114440918, 160.72000122070312], [142.1280059814453, 99.56800079345703, 182.0, 149.52000427246094], [206.63999938964844, 96.656005859375, 223.66400146484375, 140.33599853515625], [117.04000091552734, 116.36800384521484, 132.72000122070312, 158.92800903320312]], 'labels': ['whiteboard', 'person', 'person', 'person', 'person']}}"
0220,"{'<DENSE_REGION_CAPTION>': {'bboxes': [[0.1120000034570694, 131.15200805664062, 83.21600341796875, 223.66400146484375], [176.40000915527344, 142.3520050048828, 223.66400146484375, 223.66400146484375], [0.1120000034570694, 23.408000946044922, 39.76000213623047, 160.72000122070312], [0.1120000034570694, 23.408000946044922, 25.87200164794922, 160.72000122070312], [147.50399780273438, 100.01600646972656, 180.2080078125, 149.74400329589844], [116.81600189208984, 116.36800384521484, 133.16799926757812, 161.8400115966797]], 'labels': ['desk', 'desk', 'person', 'person', 'person', 'person']}}"
0221,"{'<DENSE_REGION_CAPTION>': {'bboxes': [[58.12800216674805, 4.815999984741211, 144.81600952148438, 110.99200439453125], [78.95999908447266, 145.26400756835938, 114.35200500488281, 223.66400146484375], [6.160000324249268, 193.20001220703125, 47.82400131225586, 223.66400146484375], [0.1120000034570694, 23.631999969482422, 28.560001373291016, 161.6160125732422], [144.36801147460938, 101.8080062866211, 180.2080078125, 149.29600524902344], [116.81600189208984, 116.36800384521484, 132.94400024414062, 158.92800903320312]], 'labels': ['whiteboard', 'chair', 'chair', 'person', 'person', 'person']}}"
0222,"{'<DENSE_REGION_CAPTION>': {'bboxes': [[58.12800216674805, 5.039999961853027, 144.59201049804688, 110.99200439453125], [63.28000259399414, 145.26400756835938, 114.35200500488281, 223.66400146484375], [5.488000392913818, 156.01600646972656, 48.944000244140625, 223.66400146484375], [78.95999908447266, 145.26400756835938, 114.12800598144531, 223.66400146484375], [6.160000324249268, 193.20001220703125, 48.944000244140625, 223.66400146484375], [0.1120000034570694, 22.288000106811523, 28.336000442504883, 161.6160125732422], [145.93600463867188, 100.01600646972656, 180.2080078125, 149.52000427246094], [206.864013671875, 93.07200622558594, 223.66400146484375, 140.33599853515625], [117.04000091552734, 111.44000244140625, 132.72000122070312, 161.6160125732422], [189.8400115966797, 96.43199920654297, 205.96800231933594, 142.8000030517578], [177.74400329589844, 98.89600372314453, 194.09600830078125, 136.7519989013672]], 'labels': ['whiteboard', 'chair', 'chair', 'chair', 'chair', 'person', 'person', 'person', 'person', 'person', 'person']}}"
0223,"{'<DENSE_REGION_CAPTION>': {'bboxes': [[58.12800216674805, 4.815999984741211, 144.81600952148438, 110.99200439453125], [63.28000259399414, 145.71200561523438, 114.35200500488281, 223.66400146484375], [78.73600006103516, 145.71200561523438, 114.12800598144531, 223.66400146484375], [5.263999938964844, 156.01600646972656, 48.496002197265625, 223.66400146484375], [144.36801147460938, 146.16000366210938, 177.96800231933594, 206.41600036621094], [5.936000347137451, 193.20001220703125, 48.496002197265625, 223.66400146484375], [0.1120000034570694, 22.064001083374023, 28.560001373291016, 161.16799926757812], [145.93600463867188, 99.79199981689453, 180.656005859375, 149.74400329589844], [101.13600158691406, 92.8479995727539, 121.29600524902344, 151.08799743652344], [206.63999938964844, 94.19200134277344, 223.66400146484375, 140.33599853515625], [117.26399993896484, 111.44000244140625, 132.94400024414062, 159.37600708007812], [189.6160125732422, 102.2560043334961, 205.74400329589844, 143.0240020751953], [177.96800231933594, 99.34400177001953, 193.87200927734375, 136.5279998779297], [106.28800201416016, 92.8479995727539, 121.07200622558594, 127.56800079345703]], 'labels': ['whiteboard', 'chair', 'chair', 'chair', 'chair', 'chair', 'person', 'person', 'person', 'person', 'person', 'person', 'person', 'person']}}"
0224,"{'<DENSE_REGION_CAPTION>': {'bboxes': [[58.12800216674805, 4.815999984741211, 144.81600952148438, 110.99200439453125], [63.28000259399414, 145.26400756835938, 114.57600402832031, 223.66400146484375], [78.95999908447266, 145.26400756835938, 114.35200500488281, 223.66400146484375], [6.160000324249268, 193.20001220703125, 48.272003173828125, 223.66400146484375], [5.936000347137451, 156.01600646972656, 18.928001403808594, 172.36801147460938]], 'labels': ['whiteboard', 'chair', 'chair', 'chair', 'chair']}}"
0225,"{'<DENSE_REGION_CAPTION>': {'bboxes': [[0.1120000034570694, 130.92800903320312, 83.66400146484375, 223.66400146484375], [176.62400817871094, 142.1280059814453, 223.66400146484375, 223.66400146484375], [0.1120000034570694, 22.288000106811523, 38.63999938964844, 161.6160125732422], [0.1120000034570694, 22.288000106811523, 25.87200164794922, 161.6160125732422], [144.36801147460938, 100.91200256347656, 180.8800048828125, 149.74400329589844], [206.19200134277344, 98.0, 223.66400146484375, 140.33599853515625], [117.04000091552734, 116.81600189208984, 133.39199829101562, 161.6160125732422], [177.74400329589844, 98.67200469970703, 193.87200927734375, 136.7519989013672]], 'labels': ['desk', 'desk', 'person', 'person', 'person', 'person', 'person', 'person']}}"
0226,"{'<DENSE_REGION_CAPTION>': {'bboxes': [[58.12800216674805, 4.815999984741211, 144.59201049804688, 110.76800537109375], [78.95999908447266, 145.26400756835938, 114.35200500488281, 223.66400146484375], [5.936000347137451, 193.42401123046875, 47.82400131225586, 223.66400146484375], [0.1120000034570694, 22.736000061035156, 31.920000076293945, 161.16799926757812], [147.95201110839844, 97.552001953125, 180.2080078125, 149.74400329589844], [101.8080062866211, 93.96800231933594, 122.64000701904297, 151.08799743652344], [116.81600189208984, 116.59200286865234, 133.8400115966797, 161.6160125732422], [177.29600524902344, 99.12000274658203, 194.09600830078125, 137.1999969482422]], 'labels': ['whiteboard', 'chair', 'chair', 'person', 'person', 'person', 'person', 'person']}}"
0227,"{'<DENSE_REGION_CAPTION>': {'bboxes': [[58.12800216674805, 4.815999984741211, 144.59201049804688, 110.99200439453125], [78.95999908447266, 145.48800659179688, 114.35200500488281, 223.66400146484375], [5.936000347137451, 193.42401123046875, 48.272003173828125, 223.66400146484375], [0.1120000034570694, 22.512001037597656, 28.784000396728516, 160.94400024414062], [144.36801147460938, 98.0, 180.2080078125, 149.29600524902344], [101.13600158691406, 93.96800231933594, 122.41600036621094, 151.08799743652344], [206.63999938964844, 94.86400604248047, 223.66400146484375, 140.33599853515625], [189.8400115966797, 96.43199920654297, 205.96800231933594, 143.0240020751953], [117.04000091552734, 116.59200286865234, 133.16799926757812, 161.6160125732422], [177.29600524902344, 98.44800567626953, 193.87200927734375, 136.9759979248047]], 'labels': ['whiteboard', 'chair', 'chair', 'person', 'person', 'person', 'person', 'person', 'person', 'person']}}"
0228,"{'<DENSE_REGION_CAPTION>': {'bboxes': [[0.1120000034570694, 130.48001098632812, 83.66400146484375, 223.66400146484375], [176.40000915527344, 142.1280059814453, 223.66400146484375, 223.66400146484375], [78.95999908447266, 145.71200561523438, 114.35200500488281, 223.66400146484375], [5.936000347137451, 156.01600646972656, 38.63999938964844, 223.66400146484375], [6.384000301361084, 193.20001220703125, 49.16800308227539, 223.66400146484375], [6.160000324249268, 156.01600646972656, 18.70400047302246, 171.6959991455078]], 'labels': ['desk', 'desk', 'chair', 'chair', 'chair', 'chair']}}"
0229,"{'<DENSE_REGION_CAPTION>': {'bboxes': [[0.1120000034570694, 130.48001098632812, 83.66400146484375, 223.66400146484375], [176.84800720214844, 142.1280059814453, 223.66400146484375, 223.66400146484375], [78.51200103759766, 145.71200561523438, 114.35200500488281, 223.66400146484375], [5.936000347137451, 155.79200744628906, 38.63999938964844, 223.66400146484375], [6.384000301361084, 192.97601318359375, 49.16800308227539, 223.66400146484375], [0.1120000034570694, 22.064001083374023, 22.064001083374023, 127.56800079345703], [145.93600463867188, 111.21600341796875, 179.9840087890625, 149.52000427246094], [117.04000091552734, 115.92000579833984, 133.39199829101562, 161.6160125732422]], 'labels': ['desk', 'desk', 'chair', 'chair', 'chair', 'person', 'person', 'person']}}"
0230,"{'<DENSE_REGION_CAPTION>': {'bboxes': [[0.1120000034570694, 130.48001098632812, 83.66400146484375, 223.66400146484375], [176.40000915527344, 142.3520050048828, 223.66400146484375, 223.66400146484375], [0.1120000034570694, 22.512001037597656, 27.216001510620117, 161.6160125732422], [150.41600036621094, 98.0, 179.9840087890625, 149.07200622558594], [206.63999938964844, 72.46400451660156, 223.66400146484375, 140.33599853515625], [102.9280014038086, 92.6240005493164, 121.29600524902344, 151.08799743652344], [189.6160125732422, 95.53600311279297, 205.96800231933594, 142.8000030517578], [117.04000091552734, 115.92000579833984, 132.72000122070312, 161.6160125732422]], 'labels': ['desk', 'desk', 'person', 'person', 'person', 'person', 'person', 'person']}}"
0231,"{'<DENSE_REGION_CAPTION>': {'bboxes': [[0.1120000034570694, 130.48001098632812, 83.66400146484375, 223.66400146484375], [176.40000915527344, 142.1280059814453, 223.66400146484375, 223.66400146484375], [0.1120000034570694, 22.512001037597656, 27.216001510620117, 161.6160125732422], [0.1120000034570694, 22.512001037597656, 22.064001083374023, 128.01600646972656], [150.41600036621094, 98.44800567626953, 179.760009765625, 149.52000427246094], [116.59200286865234, 112.33600616455078, 132.94400024414062, 161.8400115966797], [189.39199829101562, 95.98400115966797, 205.29600524902344, 143.0240020751953]], 'labels': ['desk', 'desk', 'person', 'person', 'person', 'person', 'person']}}"
0232,"{'<DENSE_REGION_CAPTION>': {'bboxes': [[0.1120000034570694, 130.48001098632812, 83.66400146484375, 223.66400146484375], [176.40000915527344, 142.3520050048828, 223.66400146484375, 223.66400146484375], [78.51200103759766, 145.71200561523438, 114.57600402832031, 223.66400146484375], [5.936000347137451, 156.01600646972656, 47.60000228881836, 223.66400146484375], [0.1120000034570694, 24.079999923706055, 27.66400146484375, 163.8560028076172], [145.93600463867188, 98.0, 179.5360107421875, 149.29600524902344], [102.2560043334961, 93.07200622558594, 121.52000427246094, 151.08799743652344], [116.59200286865234, 112.33600616455078, 133.16799926757812, 161.6160125732422]], 'labels': ['desk', 'desk', 'chair', 'chair', 'person', 'person', 'person', 'person']}}"
0233,"{'<DENSE_REGION_CAPTION>': {'bboxes': [[0.1120000034570694, 130.48001098632812, 83.66400146484375, 223.66400146484375], [176.40000915527344, 142.1280059814453, 223.66400146484375, 223.66400146484375], [78.51200103759766, 145.71200561523438, 114.35200500488281, 223.66400146484375], [5.936000347137451, 193.20001220703125, 49.16800308227539, 223.66400146484375], [0.1120000034570694, 24.079999923706055, 21.392000198364258, 122.64000701904297], [143.0240020751953, 99.34400177001953, 178.86399841308594, 149.29600524902344], [116.59200286865234, 115.47200012207031, 132.94400024414062, 161.8400115966797]], 'labels': ['desk', 'desk', 'chair', 'chair', 'person', 'person', 'person']}}"
0234,"{'<DENSE_REGION_CAPTION>': {'bboxes': [[0.1120000034570694, 130.48001098632812, 83.66400146484375, 223.66400146484375], [176.40000915527344, 142.1280059814453, 223.66400146484375, 223.66400146484375], [0.1120000034570694, 23.631999969482422, 27.216001510620117, 161.6160125732422], [0.1120000034570694, 23.631999969482422, 21.61600112915039, 126.44800567626953], [143.0240020751953, 97.7760009765625, 179.760009765625, 149.74400329589844], [116.14400482177734, 115.47200012207031, 133.39199829101562, 161.8400115966797], [189.8400115966797, 96.43199920654297, 205.74400329589844, 143.0240020751953]], 'labels': ['desk', 'desk', 'person', 'person', 'person', 'person', 'person']}}"
0235,"{'<DENSE_REGION_CAPTION>': {'bboxes': [[0.1120000034570694, 130.48001098632812, 83.66400146484375, 223.66400146484375], [175.50399780273438, 140.7840118408203, 223.66400146484375, 223.66400146484375], [0.1120000034570694, 22.736000061035156, 27.66400146484375, 161.6160125732422], [0.1120000034570694, 22.736000061035156, 22.512001037597656, 124.8800048828125], [142.5760040283203, 96.656005859375, 179.760009765625, 150.19200134277344], [115.92000579833984, 115.47200012207031, 133.16799926757812, 161.8400115966797]], 'labels': ['desk', 'desk', 'person', 'person', 'person', 'person']}}"
0236,"{'<DENSE_REGION_CAPTION>': {'bboxes': [[0.1120000034570694, 130.48001098632812, 83.66400146484375, 223.66400146484375], [175.72801208496094, 140.7840118408203, 223.66400146484375, 223.66400146484375], [78.51200103759766, 145.71200561523438, 114.80000305175781, 223.66400146484375], [5.936000347137451, 192.97601318359375, 49.39200210571289, 223.66400146484375], [0.1120000034570694, 22.288000106811523, 26.992000579833984, 160.27200317382812], [143.0240020751953, 96.20800018310547, 179.31201171875, 150.86399841308594]], 'labels': ['desk', 'desk', 'chair', 'chair', 'person', 'person']}}"
0237,"{'<DENSE_REGION_CAPTION>': {'bboxes': [[0.1120000034570694, 130.48001098632812, 83.66400146484375, 223.66400146484375], [175.72801208496094, 140.7840118408203, 223.66400146484375, 223.66400146484375], [78.51200103759766, 145.71200561523438, 114.35200500488281, 223.66400146484375], [5.936000347137451, 155.79200744628906, 48.272003173828125, 223.66400146484375], [5.936000347137451, 192.97601318359375, 48.272003173828125, 223.66400146484375], [0.1120000034570694, 22.064001083374023, 26.32000160217285, 170.5760040283203], [142.1280059814453, 96.656005859375, 179.31201171875, 150.63999938964844], [181.10400390625, 96.43199920654297, 205.29600524902344, 142.5760040283203], [106.51200103759766, 115.02400207519531, 126.44800567626953, 157.36000061035156]], 'labels': ['desk', 'desk', 'chair', 'chair', 'chair', 'person', 'person', 'person', 'person']}}"
0238,"{'<DENSE_REGION_CAPTION>': {'bboxes': [[0.1120000034570694, 130.48001098632812, 83.66400146484375, 223.66400146484375], [177.96800231933594, 139.88800048828125, 223.66400146484375, 223.66400146484375], [78.51200103759766, 145.71200561523438, 114.12800598144531, 223.66400146484375], [6.160000324249268, 192.97601318359375, 49.16800308227539, 223.66400146484375], [5.936000347137451, 155.79200744628906, 18.48000144958496, 171.2480010986328]], 'labels': ['desk', 'desk', 'chair', 'chair', 'chair']}}"
0239,"{'<DENSE_REGION_CAPTION>': {'bboxes': [[58.12800216674805, 5.039999961853027, 145.04000854492188, 110.76800537109375], [78.95999908447266, 145.71200561523438, 114.12800598144531, 223.66400146484375], [143.9199981689453, 146.60800170898438, 178.63999938964844, 223.66400146484375], [5.936000347137451, 156.01600646972656, 49.39200210571289, 223.66400146484375], [6.384000301361084, 193.20001220703125, 49.39200210571289, 223.66400146484375], [0.1120000034570694, 22.736000061035156, 27.216001510620117, 171.6959991455078], [141.4560089111328, 98.89600372314453, 178.63999938964844, 151.760009765625], [177.96800231933594, 100.24000549316406, 204.17601013183594, 143.0240020751953], [210.2239990234375, 96.43199920654297, 223.66400146484375, 140.55999755859375]], 'labels': ['whiteboard', 'chair', 'chair', 'chair', 'chair', 'person', 'person', 'person', 'person']}}"
0240,"{'<DENSE_REGION_CAPTION>': {'bboxes': [[58.12800216674805, 5.039999961853027, 145.04000854492188, 110.54400634765625], [78.95999908447266, 145.71200561523438, 114.12800598144531, 223.66400146484375], [144.36801147460938, 147.05599975585938, 178.63999938964844, 206.41600036621094], [6.384000301361084, 192.97601318359375, 49.61600112915039, 223.66400146484375], [0.1120000034570694, 22.736000061035156, 20.496000289916992, 128.01600646972656], [141.6800079345703, 108.08000183105469, 179.9840087890625, 152.8800048828125], [111.66400146484375, 116.59200286865234, 135.8560028076172, 162.7360076904297], [189.6160125732422, 97.3280029296875, 204.40000915527344, 143.0240020751953], [210.44801330566406, 96.20800018310547, 223.66400146484375, 143.2480010986328], [178.86399841308594, 110.76800537109375, 193.87200927734375, 136.9759979248047]], 'labels': ['whiteboard', 'chair', 'chair', 'chair', 'person', 'person', 'person', 'person', 'person', 'person']}}"
0241,"{'<DENSE_REGION_CAPTION>': {'bboxes': [[58.12800216674805, 5.263999938964844, 144.81600952148438, 110.99200439453125], [78.95999908447266, 145.71200561523438, 114.12800598144531, 223.66400146484375], [143.9199981689453, 147.27999877929688, 178.41600036621094, 223.66400146484375], [5.936000347137451, 156.01600646972656, 49.39200210571289, 223.66400146484375], [144.36801147460938, 147.27999877929688, 177.96800231933594, 207.0880126953125], [6.384000301361084, 193.20001220703125, 49.39200210571289, 223.66400146484375], [78.95999908447266, 182.89601135253906, 113.90400695800781, 223.66400146484375], [6.160000324249268, 156.01600646972656, 18.48000144958496, 172.36801147460938]], 'labels': ['whiteboard', 'chair', 'chair', 'chair', 'chair', 'chair', 'chair', 'chair']}}"
0242,"{'<DENSE_REGION_CAPTION>': {'bboxes': [[0.1120000034570694, 131.15200805664062, 83.21600341796875, 223.66400146484375], [176.40000915527344, 142.3520050048828, 223.66400146484375, 223.66400146484375], [78.95999908447266, 145.71200561523438, 114.12800598144531, 223.66400146484375], [143.9199981689453, 147.05599975585938, 177.96800231933594, 223.66400146484375], [5.712000370025635, 155.79200744628906, 49.39200210571289, 223.66400146484375], [6.160000324249268, 192.97601318359375, 49.39200210571289, 223.66400146484375], [0.1120000034570694, 22.512001037597656, 18.032001495361328, 128.01600646972656], [142.1280059814453, 109.87200164794922, 178.86399841308594, 151.5360107421875], [111.21600341796875, 116.36800384521484, 127.34400177001953, 158.25601196289062]], 'labels': ['desk', 'desk', 'chair', 'chair', 'chair', 'chair', 'person', 'person', 'person']}}"
0243,"{'<DENSE_REGION_CAPTION>': {'bboxes': [[0.1120000034570694, 131.15200805664062, 83.21600341796875, 223.66400146484375], [176.40000915527344, 142.3520050048828, 223.66400146484375, 223.66400146484375], [78.95999908447266, 145.26400756835938, 114.12800598144531, 223.66400146484375], [143.9199981689453, 147.27999877929688, 178.63999938964844, 223.66400146484375], [5.712000370025635, 156.01600646972656, 49.39200210571289, 223.66400146484375], [6.160000324249268, 193.20001220703125, 49.39200210571289, 223.66400146484375], [5.936000347137451, 156.01600646972656, 18.48000144958496, 172.36801147460938]], 'labels': ['desk', 'desk', 'chair', 'chair', 'chair', 'chair', 'chair']}}"
0244,"{'<DENSE_REGION_CAPTION>': {'bboxes': [[0.1120000034570694, 130.92800903320312, 83.66400146484375, 223.66400146484375], [176.40000915527344, 142.3520050048828, 223.66400146484375, 223.66400146484375], [78.95999908447266, 145.71200561523438, 114.12800598144531, 223.66400146484375], [143.9199981689453, 147.27999877929688, 178.19200134277344, 223.66400146484375], [5.712000370025635, 156.01600646972656, 38.63999938964844, 197.2320098876953], [6.384000301361084, 193.20001220703125, 49.16800308227539, 223.66400146484375], [5.936000347137451, 156.01600646972656, 18.48000144958496, 172.36801147460938]], 'labels': ['desk', 'desk', 'chair', 'chair', 'chair', 'chair', 'chair']}}"
0245,"{'<DENSE_REGION_CAPTION>': {'bboxes': [[0.1120000034570694, 131.15200805664062, 83.21600341796875, 223.66400146484375], [176.40000915527344, 142.3520050048828, 223.66400146484375, 223.66400146484375], [78.95999908447266, 145.48800659179688, 114.12800598144531, 223.66400146484375], [143.9199981689453, 147.27999877929688, 178.41600036621094, 223.66400146484375], [5.712000370025635, 156.01600646972656, 49.39200210571289, 223.66400146484375], [144.36801147460938, 147.27999877929688, 177.96800231933594, 207.0880126953125], [6.160000324249268, 193.20001220703125, 49.39200210571289, 223.66400146484375], [175.72801208496094, 165.20001220703125, 193.64801025390625, 223.66400146484375], [5.936000347137451, 156.01600646972656, 18.48000144958496, 172.36801147460938]], 'labels': ['desk', 'desk', 'chair', 'chair', 'chair', 'chair', 'chair', 'chair', 'chair']}}"
0246,"{'<DENSE_REGION_CAPTION>': {'bboxes': [[0.1120000034570694, 130.92800903320312, 83.66400146484375, 223.66400146484375], [175.50399780273438, 142.1280059814453, 223.66400146484375, 223.66400146484375], [78.95999908447266, 145.04000854492188, 114.12800598144531, 223.66400146484375], [143.9199981689453, 147.27999877929688, 177.96800231933594, 209.552001953125], [5.936000347137451, 193.20001220703125, 49.39200210571289, 223.66400146484375], [5.936000347137451, 156.01600646972656, 18.48000144958496, 172.36801147460938]], 'labels': ['desk', 'desk', 'chair', 'chair', 'chair', 'chair']}}"
0247,"{'<DENSE_REGION_CAPTION>': {'bboxes': [[0.1120000034570694, 131.15200805664062, 83.66400146484375, 223.66400146484375], [175.50399780273438, 142.1280059814453, 223.66400146484375, 223.66400146484375], [78.95999908447266, 145.93600463867188, 114.12800598144531, 223.66400146484375], [143.9199981689453, 147.05599975585938, 177.96800231933594, 223.66400146484375], [5.263999938964844, 156.01600646972656, 49.39200210571289, 223.66400146484375], [5.712000370025635, 193.20001220703125, 49.39200210571289, 223.66400146484375], [0.1120000034570694, 22.96000099182129, 18.928001403808594, 129.13600158691406], [142.5760040283203, 106.96000671386719, 180.2080078125, 151.760009765625], [101.13600158691406, 125.3280029296875, 127.56800079345703, 172.59201049804688], [179.0880126953125, 97.552001953125, 195.44000244140625, 142.8000030517578], [211.34400939941406, 97.552001953125, 223.66400146484375, 140.7840118408203]], 'labels': ['desk', 'desk', 'chair', 'chair', 'chair', 'chair', 'person', 'person', 'person', 'person', 'person']}}"
0248,"{'<DENSE_REGION_CAPTION>': {'bboxes': [[0.1120000034570694, 131.15200805664062, 83.21600341796875, 223.66400146484375], [175.50399780273438, 142.1280059814453, 223.66400146484375, 223.66400146484375], [78.95999908447266, 145.26400756835938, 114.12800598144531, 223.66400146484375], [5.263999938964844, 156.01600646972656, 49.39200210571289, 223.66400146484375], [144.36801147460938, 147.05599975585938, 177.96800231933594, 211.12001037597656], [5.936000347137451, 193.20001220703125, 49.39200210571289, 223.66400146484375], [179.5360107421875, 100.01600646972656, 205.07200622558594, 143.0240020751953], [210.89601135253906, 97.552001953125, 223.66400146484375, 140.7840118408203]], 'labels': ['desk', 'desk', 'chair', 'chair', 'chair', 'chair', 'person', 'person']}}"
0249,"{'<DENSE_REGION_CAPTION>': {'bboxes': [[0.1120000034570694, 131.15200805664062, 83.66400146484375, 223.66400146484375], [175.50399780273438, 142.3520050048828, 223.66400146484375, 223.66400146484375], [0.1120000034570694, 22.512001037597656, 29.23200035095215, 161.39199829101562], [167.66400146484375, 34.832000732421875, 196.5600128173828, 78.95999908447266], [179.5360107421875, 97.7760009765625, 204.62400817871094, 143.0240020751953], [101.13600158691406, 94.86400604248047, 120.6240005493164, 128.01600646972656]], 'labels': ['desk', 'desk', 'person', 'person', 'person', 'person']}}"
0250,"{'<DENSE_REGION_CAPTION>': {'bboxes': [[0.1120000034570694, 130.92800903320312, 83.66400146484375, 223.66400146484375], [175.50399780273438, 142.3520050048828, 223.66400146484375, 223.66400146484375], [0.1120000034570694, 23.856000900268555, 27.66400146484375, 160.72000122070312], [102.0320053100586, 93.74400329589844, 128.68800354003906, 159.60000610351562], [161.6160125732422, 36.847999572753906, 196.7840118408203, 78.73600006103516], [111.88800048828125, 110.54400634765625, 135.6320037841797, 160.94400024414062], [190.2880096435547, 96.656005859375, 205.29600524902344, 143.0240020751953], [178.63999938964844, 98.44800567626953, 194.32000732421875, 142.8000030517578], [212.46400451660156, 97.10400390625, 223.66400146484375, 140.7840118408203], [144.36801147460938, 100.68800354003906, 158.03199768066406, 128.01600646972656]], 'labels': ['desk', 'desk', 'person', 'person', 'person', 'person', 'person', 'person', 'person', 'person']}}"
0251,"{'<DENSE_REGION_CAPTION>': {'bboxes': [[0.1120000034570694, 130.92800903320312, 83.66400146484375, 223.66400146484375], [175.50399780273438, 142.3520050048828, 223.66400146484375, 223.66400146484375], [78.95999908447266, 145.26400756835938, 113.90400695800781, 223.66400146484375], [142.8000030517578, 146.83200073242188, 177.96800231933594, 216.27200317382812], [6.384000301361084, 193.20001220703125, 49.84000015258789, 223.66400146484375], [0.1120000034570694, 22.96000099182129, 18.928001403808594, 128.91200256347656], [101.8080062866211, 93.52000427246094, 119.2800064086914, 159.37600708007812], [115.92000579833984, 107.63200378417969, 134.7360076904297, 160.27200317382812], [189.8400115966797, 96.43199920654297, 205.29600524902344, 143.0240020751953], [178.63999938964844, 98.89600372314453, 193.87200927734375, 142.5760040283203]], 'labels': ['desk', 'desk', 'chair', 'chair', 'chair', 'person', 'person', 'person', 'person', 'person']}}"
0252,"{'<DENSE_REGION_CAPTION>': {'bboxes': [[0.1120000034570694, 131.15200805664062, 83.66400146484375, 223.66400146484375], [175.50399780273438, 142.1280059814453, 223.66400146484375, 223.66400146484375], [0.1120000034570694, 22.288000106811523, 27.216001510620117, 164.5279998779297], [101.13600158691406, 93.52000427246094, 122.86400604248047, 159.37600708007812], [117.48800659179688, 116.14400482177734, 138.09600830078125, 160.49600219726562], [189.8400115966797, 96.20800018310547, 205.96800231933594, 143.0240020751953], [178.41600036621094, 99.12000274658203, 193.64801025390625, 142.3520050048828], [212.46400451660156, 96.656005859375, 223.66400146484375, 140.7840118408203]], 'labels': ['desk', 'desk', 'person', 'person', 'person', 'person', 'person', 'person']}}"
0253,"{'<DENSE_REGION_CAPTION>': {'bboxes': [[0.1120000034570694, 131.15200805664062, 83.66400146484375, 223.66400146484375], [175.50399780273438, 142.1280059814453, 223.66400146484375, 223.66400146484375], [0.1120000034570694, 22.064001083374023, 27.216001510620117, 162.0640106201172], [144.36801147460938, 107.63200378417969, 180.2080078125, 151.08799743652344], [118.60800170898438, 115.47200012207031, 143.0240020751953, 160.94400024414062], [189.39199829101562, 96.20800018310547, 205.74400329589844, 142.8000030517578], [139.21600341796875, 101.8080062866211, 155.12001037597656, 139.88800048828125]], 'labels': ['desk', 'desk', 'person', 'person', 'person', 'person', 'person']}}"
0254,"{'<DENSE_REGION_CAPTION>': {'bboxes': [[0.1120000034570694, 131.15200805664062, 83.66400146484375, 223.66400146484375], [175.50399780273438, 142.1280059814453, 223.66400146484375, 223.66400146484375], [0.1120000034570694, 22.064001083374023, 27.66400146484375, 161.6160125732422], [0.1120000034570694, 22.064001083374023, 20.496000289916992, 138.99200439453125], [143.0240020751953, 107.18400573730469, 180.4320068359375, 150.19200134277344], [118.60800170898438, 108.52799987792969, 142.3520050048828, 161.6160125732422], [190.2880096435547, 96.20800018310547, 205.74400329589844, 143.0240020751953], [211.34400939941406, 94.86400604248047, 223.66400146484375, 140.33599853515625]], 'labels': ['desk', 'desk', 'person', 'person', 'person', 'person', 'person', 'person']}}"
0255,"{'<DENSE_REGION_CAPTION>': {'bboxes': [[0.1120000034570694, 131.15200805664062, 83.21600341796875, 223.66400146484375], [175.50399780273438, 142.1280059814453, 223.66400146484375, 223.66400146484375], [0.1120000034570694, 22.96000099182129, 27.66400146484375, 160.27200317382812], [143.0240020751953, 116.36800384521484, 180.8800048828125, 170.1280059814453], [102.4800033569336, 96.656005859375, 132.72000122070312, 159.60000610351562], [143.4720001220703, 116.36800384521484, 178.19200134277344, 151.31201171875], [118.60800170898438, 109.64800262451172, 143.2480010986328, 162.2880096435547], [177.07200622558594, 35.50400161743164, 197.0080108642578, 78.73600006103516], [190.9600067138672, 95.98400115966797, 205.96800231933594, 143.0240020751953], [177.96800231933594, 98.67200469970703, 194.09600830078125, 136.7519989013672], [140.33599853515625, 101.36000061035156, 154.67201232910156, 142.1280059814453], [212.24000549316406, 94.86400604248047, 223.66400146484375, 140.55999755859375]], 'labels': ['desk', 'desk', 'person', 'person', 'person', 'person', 'person', 'person', 'person', 'person', 'person', 'person']}}"
0256,"{'<DENSE_REGION_CAPTION>': {'bboxes': [[58.35200119018555, 0.1120000034570694, 145.04000854492188, 110.76800537109375], [63.28000259399414, 145.04000854492188, 114.12800598144531, 223.66400146484375], [78.95999908447266, 145.04000854492188, 113.90400695800781, 223.66400146484375], [143.2480010986328, 147.05599975585938, 178.63999938964844, 216.27200317382812], [6.832000255584717, 193.20001220703125, 50.288002014160156, 223.66400146484375], [0.1120000034570694, 22.288000106811523, 25.200000762939453, 162.0640106201172], [103.3759994506836, 94.86400604248047, 131.15200805664062, 159.37600708007812], [143.4720001220703, 108.08000183105469, 181.10400390625, 150.86399841308594], [117.48800659179688, 111.66400146484375, 143.6959991455078, 161.8400115966797], [209.7760009765625, 94.86400604248047, 223.66400146484375, 140.33599853515625], [190.2880096435547, 106.28800201416016, 205.52000427246094, 142.5760040283203], [178.19200134277344, 107.85600280761719, 194.09600830078125, 141.9040069580078]], 'labels': ['poster', 'chair', 'chair', 'chair', 'chair', 'person', 'person', 'person', 'person', 'person', 'person', 'person']}}"
0257,"{'<DENSE_REGION_CAPTION>': {'bboxes': [[58.12800216674805, 0.1120000034570694, 144.59201049804688, 110.76800537109375], [63.28000259399414, 145.26400756835938, 113.90400695800781, 223.66400146484375], [143.0240020751953, 147.27999877929688, 179.5360107421875, 223.66400146484375], [78.95999908447266, 145.26400756835938, 113.68000030517578, 223.66400146484375], [6.384000301361084, 193.20001220703125, 49.84000015258789, 223.66400146484375], [0.1120000034570694, 21.61600112915039, 20.272001266479492, 124.20800018310547], [142.5760040283203, 111.88800048828125, 181.10400390625, 151.9840087890625], [101.8080062866211, 93.96800231933594, 126.22400665283203, 151.08799743652344], [117.48800659179688, 111.66400146484375, 143.0240020751953, 161.8400115966797], [209.552001953125, 96.656005859375, 223.66400146484375, 140.33599853515625], [177.74400329589844, 107.85600280761719, 194.09600830078125, 141.9040069580078], [190.7360076904297, 106.28800201416016, 205.07200622558594, 142.5760040283203], [139.66400146484375, 101.8080062866211, 153.7760009765625, 134.0640106201172]], 'labels': ['poster', 'chair', 'chair', 'chair', 'chair', 'person', 'person', 'person', 'person', 'person', 'person', 'person', 'person']}}"
0258,"{'<DENSE_REGION_CAPTION>': {'bboxes': [[58.35200119018555, 5.488000392913818, 144.59201049804688, 110.99200439453125], [78.95999908447266, 145.71200561523438, 113.90400695800781, 223.66400146484375], [144.36801147460938, 147.50399780273438, 178.63999938964844, 210.67201232910156], [6.832000255584717, 193.42401123046875, 50.064002990722656, 223.66400146484375], [175.27999877929688, 164.7519989013672, 194.99200439453125, 223.66400146484375], [0.1120000034570694, 21.84000015258789, 27.216001510620117, 161.6160125732422], [142.8000030517578, 113.00800323486328, 180.656005859375, 152.656005859375], [102.0320053100586, 95.98400115966797, 120.84800720214844, 159.60000610351562], [119.0560073852539, 116.81600189208984, 137.64801025390625, 161.39199829101562], [209.7760009765625, 95.08800506591797, 223.66400146484375, 140.55999755859375], [178.41600036621094, 109.20000457763672, 194.32000732421875, 142.3520050048828], [192.0800018310547, 107.18400573730469, 205.74400329589844, 142.8000030517578], [140.33599853515625, 102.2560043334961, 153.552001953125, 134.0640106201172]], 'labels': ['poster', 'chair', 'chair', 'chair', 'chair', 'person', 'person', 'person', 'person', 'person', 'person', 'person', 'person']}}"
0259,"{'<DENSE_REGION_CAPTION>': {'bboxes': [[58.12800216674805, 5.039999961853027, 144.81600952148438, 110.99200439453125], [78.95999908447266, 145.71200561523438, 114.35200500488281, 223.66400146484375], [6.160000324249268, 192.97601318359375, 49.84000015258789, 223.66400146484375], [79.18400573730469, 182.89601135253906, 114.12800598144531, 223.66400146484375], [5.936000347137451, 156.01600646972656, 18.70400047302246, 171.4720001220703]], 'labels': ['whiteboard', 'chair', 'chair', 'chair', 'chair']}}"
0260,"{'<DENSE_REGION_CAPTION>': {'bboxes': [[58.12800216674805, 5.039999961853027, 144.81600952148438, 110.76800537109375], [78.95999908447266, 145.26400756835938, 114.35200500488281, 223.66400146484375], [5.936000347137451, 192.97601318359375, 49.84000015258789, 223.66400146484375], [0.1120000034570694, 22.512001037597656, 26.768001556396484, 161.6160125732422], [117.48800659179688, 111.88800048828125, 143.9199981689453, 161.6160125732422], [102.0320053100586, 96.8800048828125, 121.52000427246094, 151.9840087890625], [147.95201110839844, 126.44800567626953, 178.86399841308594, 151.31201171875], [140.33599853515625, 100.68800354003906, 157.36000061035156, 141.6800079345703], [177.96800231933594, 107.18400573730469, 194.54400634765625, 142.5760040283203], [212.91200256347656, 94.41600036621094, 223.66400146484375, 140.55999755859375]], 'labels': ['whiteboard', 'chair', 'chair', 'person', 'person', 'person', 'person', 'person', 'person', 'person']}}"
0261,"{'<DENSE_REGION_CAPTION>': {'bboxes': [[58.12800216674805, 5.039999961853027, 144.81600952148438, 110.76800537109375], [78.95999908447266, 145.26400756835938, 114.35200500488281, 223.66400146484375], [144.81600952148438, 147.05599975585938, 178.63999938964844, 223.66400146484375], [5.936000347137451, 192.97601318359375, 49.84000015258789, 223.66400146484375], [79.18400573730469, 182.89601135253906, 114.12800598144531, 223.66400146484375], [6.160000324249268, 20.04800033569336, 31.248001098632812, 160.27200317382812], [145.04000854492188, 107.63200378417969, 181.10400390625, 151.760009765625], [101.13600158691406, 96.20800018310547, 121.07200622558594, 158.70401000976562], [118.16000366210938, 111.44000244140625, 138.09600830078125, 161.6160125732422], [178.19200134277344, 98.0, 197.0080108642578, 143.0240020751953], [139.66400146484375, 100.91200256347656, 157.13600158691406, 142.1280059814453], [212.91200256347656, 94.41600036621094, 223.66400146484375, 140.55999755859375]], 'labels': ['whiteboard', 'chair', 'chair', 'chair', 'chair', 'person', 'person', 'person', 'person', 'person', 'person', 'person']}}"
0262,"{'<DENSE_REGION_CAPTION>': {'bboxes': [[0.1120000034570694, 130.48001098632812, 83.66400146484375, 223.66400146484375], [175.50399780273438, 142.1280059814453, 223.66400146484375, 223.66400146484375], [14.672000885009766, 20.272001266479492, 40.432003021240234, 137.64801025390625], [143.2480010986328, 107.18400573730469, 179.760009765625, 151.5360107421875], [118.16000366210938, 111.88800048828125, 137.42401123046875, 158.70401000976562]], 'labels': ['desk', 'desk', 'person', 'person', 'person']}}"
0263,"{'<DENSE_REGION_CAPTION>': {'bboxes': [[58.12800216674805, 5.039999961853027, 144.81600952148438, 110.76800537109375], [78.95999908447266, 145.48800659179688, 114.35200500488281, 223.66400146484375], [143.9199981689453, 147.05599975585938, 180.4320068359375, 223.66400146484375], [5.936000347137451, 192.7519989013672, 49.84000015258789, 223.66400146484375], [18.928001403808594, 25.200000762939453, 45.13600158691406, 138.09600830078125], [144.36801147460938, 110.54400634765625, 180.2080078125, 151.9840087890625], [100.91200256347656, 95.31200408935547, 121.52000427246094, 158.25601196289062], [118.16000366210938, 111.66400146484375, 143.6959991455078, 161.6160125732422], [179.9840087890625, 95.98400115966797, 205.07200622558594, 142.5760040283203]], 'labels': ['whiteboard', 'chair', 'chair', 'chair', 'person', 'person', 'person', 'person', 'person']}}"
0264,"{'<DENSE_REGION_CAPTION>': {'bboxes': [[0.1120000034570694, 130.25599670410156, 83.66400146484375, 223.66400146484375], [176.40000915527344, 142.3520050048828, 223.66400146484375, 223.66400146484375], [79.18400573730469, 145.48800659179688, 114.12800598144531, 223.66400146484375], [6.160000324249268, 192.97601318359375, 49.61600112915039, 223.66400146484375], [20.496000289916992, 23.18400001525879, 48.272003173828125, 136.5279998779297], [144.36801147460938, 117.04000091552734, 180.4320068359375, 151.760009765625], [101.8080062866211, 95.53600311279297, 120.6240005493164, 152.656005859375], [118.60800170898438, 111.88800048828125, 137.42401123046875, 161.6160125732422], [140.33599853515625, 100.91200256347656, 157.58399963378906, 140.7840118408203]], 'labels': ['desk', 'desk', 'chair', 'chair', 'person', 'person', 'person', 'person', 'person']}}"
0265,"{'<DENSE_REGION_CAPTION>': {'bboxes': [[58.12800216674805, 4.815999984741211, 144.81600952148438, 110.54400634765625], [78.95999908447266, 145.26400756835938, 114.35200500488281, 223.66400146484375], [5.936000347137451, 192.7519989013672, 49.16800308227539, 223.66400146484375], [20.04800033569336, 19.82400131225586, 45.58399963378906, 137.64801025390625], [101.36000061035156, 95.53600311279297, 121.74400329589844, 152.656005859375], [118.16000366210938, 111.66400146484375, 138.09600830078125, 160.94400024414062], [188.27200317382812, 101.58399963378906, 206.864013671875, 142.5760040283203], [140.33599853515625, 100.01600646972656, 156.24000549316406, 140.11199951171875], [211.34400939941406, 95.98400115966797, 223.66400146484375, 140.55999755859375]], 'labels': ['whiteboard', 'chair', 'chair', 'person', 'person', 'person', 'person', 'person', 'person']}}"
0266,"{'<DENSE_REGION_CAPTION>': {'bboxes': [[58.12800216674805, 5.039999961853027, 144.81600952148438, 110.54400634765625], [79.18400573730469, 145.04000854492188, 114.35200500488281, 223.66400146484375], [144.36801147460938, 147.05599975585938, 178.86399841308594, 206.63999938964844], [6.384000301361084, 192.7519989013672, 49.39200210571289, 223.66400146484375], [16.91200065612793, 19.82400131225586, 46.03200149536133, 138.54400634765625], [102.2560043334961, 95.08800506591797, 121.74400329589844, 156.46400451660156], [118.83200073242188, 111.66400146484375, 138.09600830078125, 161.16799926757812], [181.10400390625, 96.43199920654297, 200.81600952148438, 142.8000030517578], [193.20001220703125, 95.31200408935547, 209.7760009765625, 133.61599731445312], [213.13600158691406, 95.98400115966797, 223.66400146484375, 140.55999755859375]], 'labels': ['whiteboard', 'chair', 'chair', 'chair', 'person', 'person', 'person', 'person', 'person', 'person']}}"
0267,"{'<DENSE_REGION_CAPTION>': {'bboxes': [[58.12800216674805, 4.815999984741211, 144.81600952148438, 110.76800537109375], [79.18400573730469, 145.26400756835938, 114.35200500488281, 223.66400146484375], [6.384000301361084, 192.97601318359375, 49.39200210571289, 223.66400146484375], [20.496000289916992, 18.928001403808594, 44.0160026550293, 128.01600646972656], [145.48800659179688, 108.08000183105469, 179.9840087890625, 152.2080078125], [101.8080062866211, 94.86400604248047, 122.19200134277344, 158.92800903320312], [118.16000366210938, 112.11200714111328, 137.64801025390625, 161.39199829101562], [192.0800018310547, 93.96800231933594, 212.91200256347656, 134.2880096435547], [140.33599853515625, 101.36000061035156, 156.24000549316406, 141.0080108642578], [213.36000061035156, 96.20800018310547, 223.66400146484375, 141.0080108642578]], 'labels': ['whiteboard', 'chair', 'chair', 'person', 'person', 'person', 'person', 'person', 'person', 'person']}}"
0268,"{'<DENSE_REGION_CAPTION>': {'bboxes': [[57.90400314331055, 0.1120000034570694, 144.81600952148438, 110.54400634765625], [78.95999908447266, 145.26400756835938, 114.12800598144531, 223.66400146484375], [144.36801147460938, 147.05599975585938, 178.63999938964844, 206.63999938964844], [6.384000301361084, 192.5279998779297, 49.16800308227539, 223.66400146484375], [7.952000141143799, 19.376001358032227, 39.98400115966797, 90.38400268554688], [143.2480010986328, 106.96000671386719, 179.5360107421875, 151.9840087890625], [101.36000061035156, 94.63999938964844, 121.29600524902344, 151.08799743652344], [118.16000366210938, 111.44000244140625, 137.1999969482422, 158.25601196289062], [212.46400451660156, 95.98400115966797, 223.66400146484375, 140.55999755859375]], 'labels': ['whiteboard', 'chair', 'chair', 'chair', 'person', 'person', 'person', 'person', 'person']}}"
0269,"{'<DENSE_REGION_CAPTION>': {'bboxes': [[58.12800216674805, 5.039999961853027, 145.04000854492188, 110.99200439453125], [63.28000259399414, 145.93600463867188, 114.57600402832031, 223.66400146484375], [143.6959991455078, 147.27999877929688, 179.31201171875, 223.66400146484375], [78.95999908447266, 145.71200561523438, 114.35200500488281, 223.66400146484375], [144.1439971923828, 147.27999877929688, 178.63999938964844, 207.0880126953125], [6.384000301361084, 193.20001220703125, 49.84000015258789, 223.66400146484375], [78.95999908447266, 182.89601135253906, 114.35200500488281, 223.66400146484375], [0.1120000034570694, 21.392000198364258, 37.74399948120117, 138.99200439453125], [143.4720001220703, 107.63200378417969, 179.760009765625, 151.760009765625], [118.38400268554688, 116.59200286865234, 137.42401123046875, 161.6160125732422]], 'labels': ['whiteboard', 'chair', 'chair', 'chair', 'chair', 'chair', 'chair', 'person', 'person', 'person']}}"
0270,"{'<DENSE_REGION_CAPTION>': {'bboxes': [[57.90400314331055, 0.1120000034570694, 144.59201049804688, 110.76800537109375], [62.608001708984375, 145.71200561523438, 114.57600402832031, 223.66400146484375], [143.2480010986328, 147.05599975585938, 178.86399841308594, 223.66400146484375], [5.936000347137451, 192.7519989013672, 49.84000015258789, 223.66400146484375], [0.1120000034570694, 21.84000015258789, 29.904001235961914, 160.04800415039062], [101.8080062866211, 94.63999938964844, 120.84800720214844, 158.25601196289062], [117.93600463867188, 116.36800384521484, 137.42401123046875, 161.39199829101562], [188.27200317382812, 95.76000213623047, 205.29600524902344, 142.1280059814453]], 'labels': ['whiteboard', 'chair', 'chair', 'chair', 'person', 'person', 'person', 'person']}}"
0271,"{'<DENSE_REGION_CAPTION>': {'bboxes': [[58.12800216674805, 0.1120000034570694, 144.81600952148438, 110.99200439453125], [63.05600357055664, 145.48800659179688, 114.80000305175781, 223.66400146484375], [143.6959991455078, 147.05599975585938, 178.63999938964844, 223.66400146484375], [6.160000324249268, 192.97601318359375, 49.84000015258789, 223.66400146484375], [0.1120000034570694, 22.288000106811523, 37.96800231933594, 161.16799926757812], [144.36801147460938, 107.40800476074219, 180.8800048828125, 151.760009765625], [102.4800033569336, 94.86400604248047, 120.6240005493164, 160.04800415039062], [118.16000366210938, 113.90400695800781, 137.64801025390625, 161.39199829101562], [138.99200439453125, 100.91200256347656, 156.24000549316406, 141.0080108642578]], 'labels': ['whiteboard', 'chair', 'chair', 'chair', 'person', 'person', 'person', 'person', 'person']}}"
0272,"{'<DENSE_REGION_CAPTION>': {'bboxes': [[0.1120000034570694, 22.512001037597656, 27.66400146484375, 161.6160125732422], [62.832000732421875, 145.48800659179688, 114.57600402832031, 223.66400146484375], [143.0240020751953, 147.05599975585938, 178.63999938964844, 223.66400146484375], [78.95999908447266, 145.48800659179688, 114.35200500488281, 223.66400146484375], [5.936000347137451, 192.97601318359375, 49.84000015258789, 223.66400146484375], [145.93600463867188, 109.20000457763672, 179.9840087890625, 151.760009765625], [117.48800659179688, 113.45600128173828, 137.64801025390625, 161.6160125732422]], 'labels': ['person', 'chair', 'chair', 'chair', 'chair', 'person', 'person']}}"
0273,"{'<DENSE_REGION_CAPTION>': {'bboxes': [[58.12800216674805, 0.1120000034570694, 144.81600952148438, 110.76800537109375], [0.1120000034570694, 128.91200256347656, 87.02400207519531, 223.66400146484375], [175.72801208496094, 141.9040069580078, 223.66400146484375, 223.66400146484375], [63.28000259399414, 145.26400756835938, 114.80000305175781, 223.66400146484375], [143.2480010986328, 147.05599975585938, 178.86399841308594, 223.66400146484375], [6.160000324249268, 192.7519989013672, 50.064002990722656, 223.66400146484375], [0.1120000034570694, 22.064001083374023, 27.66400146484375, 161.16799926757812], [146.83200073242188, 109.64800262451172, 181.10400390625, 155.79200744628906], [102.0320053100586, 94.86400604248047, 121.07200622558594, 160.72000122070312], [118.38400268554688, 113.23200225830078, 143.6959991455078, 161.39199829101562], [138.99200439453125, 97.552001953125, 159.82400512695312, 141.0080108642578]], 'labels': ['whiteboard', 'table', 'table', 'chair', 'chair', 'chair', 'person', 'person', 'person', 'person', 'person']}}"
0274,"{'<DENSE_REGION_CAPTION>': {'bboxes': [[0.1120000034570694, 130.48001098632812, 83.66400146484375, 223.66400146484375], [177.96800231933594, 142.1280059814453, 223.66400146484375, 223.66400146484375], [63.05600357055664, 145.26400756835938, 114.80000305175781, 223.66400146484375], [143.2480010986328, 146.60800170898438, 179.5360107421875, 223.66400146484375], [5.936000347137451, 192.7519989013672, 50.064002990722656, 223.66400146484375], [0.1120000034570694, 21.61600112915039, 27.88800048828125, 160.94400024414062], [145.26400756835938, 102.2560043334961, 182.447998046875, 151.31201171875], [101.8080062866211, 94.63999938964844, 120.6240005493164, 151.5360107421875], [118.16000366210938, 115.47200012207031, 137.42401123046875, 161.39199829101562], [176.40000915527344, 98.44800567626953, 193.20001220703125, 135.6320037841797]], 'labels': ['desk', 'desk', 'chair', 'chair', 'chair', 'person', 'person', 'person', 'person', 'person']}}"
0275,"{'<DENSE_REGION_CAPTION>': {'bboxes': [[58.12800216674805, 0.1120000034570694, 144.81600952148438, 110.76800537109375], [0.1120000034570694, 130.48001098632812, 84.33600616455078, 223.66400146484375], [176.84800720214844, 141.6800079345703, 223.66400146484375, 223.66400146484375], [63.28000259399414, 145.26400756835938, 114.57600402832031, 223.66400146484375], [143.2480010986328, 147.05599975585938, 178.63999938964844, 223.66400146484375], [6.160000324249268, 192.7519989013672, 50.064002990722656, 223.66400146484375], [0.1120000034570694, 21.84000015258789, 29.45600128173828, 158.92800903320312], [143.2480010986328, 106.73600006103516, 181.3280029296875, 150.86399841308594], [102.4800033569336, 94.41600036621094, 121.07200622558594, 160.94400024414062], [118.16000366210938, 113.45600128173828, 137.64801025390625, 161.39199829101562]], 'labels': ['whiteboard', 'table', 'table', 'chair', 'chair', 'chair', 'person', 'person', 'person', 'person']}}"
0276,"{'<DENSE_REGION_CAPTION>': {'bboxes': [[58.12800216674805, 5.263999938964844, 144.81600952148438, 110.99200439453125], [63.28000259399414, 145.48800659179688, 114.12800598144531, 223.66400146484375], [143.9199981689453, 147.27999877929688, 179.31201171875, 223.66400146484375], [6.160000324249268, 193.20001220703125, 50.064002990722656, 223.66400146484375], [0.1120000034570694, 21.168001174926758, 31.472000122070312, 160.94400024414062], [141.0080108642578, 105.84000396728516, 182.2239990234375, 150.63999938964844], [102.2560043334961, 94.63999938964844, 120.4000015258789, 151.9840087890625], [118.38400268554688, 114.80000305175781, 137.64801025390625, 161.6160125732422], [191.1840057373047, 95.31200408935547, 210.44801330566406, 134.2880096435547], [178.86399841308594, 99.34400177001953, 194.32000732421875, 134.9600067138672]], 'labels': ['whiteboard', 'chair', 'chair', 'chair', 'person', 'person', 'person', 'person', 'person', 'person']}}"
0277,"{'<DENSE_REGION_CAPTION>': {'bboxes': [[58.12800216674805, 4.815999984741211, 144.81600952148438, 110.76800537109375], [63.05600357055664, 145.26400756835938, 113.90400695800781, 223.66400146484375], [143.0240020751953, 147.27999877929688, 179.31201171875, 223.66400146484375], [5.936000347137451, 193.20001220703125, 50.064002990722656, 223.66400146484375], [0.1120000034570694, 19.600000381469727, 27.66400146484375, 160.04800415039062], [143.2480010986328, 106.28800201416016, 182.0, 151.31201171875], [117.48800659179688, 113.45600128173828, 137.64801025390625, 161.39199829101562], [194.32000732421875, 92.4000015258789, 211.79200744628906, 142.5760040283203], [178.41600036621094, 98.44800567626953, 194.32000732421875, 134.9600067138672]], 'labels': ['whiteboard', 'chair', 'chair', 'chair', 'person', 'person', 'person', 'person', 'person']}}"
0278,"{'<DENSE_REGION_CAPTION>': {'bboxes': [[58.12800216674805, 4.815999984741211, 144.59201049804688, 110.76800537109375], [63.05600357055664, 145.71200561523438, 113.68000030517578, 223.66400146484375], [5.936000347137451, 156.01600646972656, 49.84000015258789, 223.66400146484375], [0.1120000034570694, 21.168001174926758, 28.112001419067383, 166.32000732421875], [144.36801147460938, 106.28800201416016, 181.7760009765625, 150.86399841308594], [118.16000366210938, 113.45600128173828, 145.48800659179688, 161.8400115966797], [102.4800033569336, 95.08800506591797, 121.07200622558594, 151.5360107421875]], 'labels': ['whiteboard', 'chair', 'chair', 'person', 'person', 'person', 'person']}}"
0279,"{'<DENSE_REGION_CAPTION>': {'bboxes': [[58.12800216674805, 5.263999938964844, 144.81600952148438, 110.99200439453125], [78.95999908447266, 145.71200561523438, 114.35200500488281, 223.66400146484375], [6.160000324249268, 156.01600646972656, 49.84000015258789, 223.66400146484375], [0.1120000034570694, 22.96000099182129, 26.768001556396484, 171.6959991455078], [142.3520050048828, 107.63200378417969, 182.0, 150.63999938964844], [101.36000061035156, 94.86400604248047, 121.07200622558594, 160.27200317382812], [116.81600189208984, 114.35200500488281, 139.66400146484375, 161.16799926757812], [178.19200134277344, 99.34400177001953, 194.76800537109375, 136.0800018310547]], 'labels': ['whiteboard', 'chair', 'chair', 'person', 'person', 'person', 'person', 'person']}}"
0280,"{'<DENSE_REGION_CAPTION>': {'bboxes': [[0.1120000034570694, 131.15200805664062, 83.66400146484375, 223.66400146484375], [176.40000915527344, 142.1280059814453, 223.66400146484375, 223.66400146484375], [79.18400573730469, 145.71200561523438, 114.12800598144531, 223.66400146484375], [6.160000324249268, 156.01600646972656, 49.84000015258789, 223.66400146484375], [6.384000301361084, 193.20001220703125, 49.84000015258789, 223.66400146484375], [79.18400573730469, 182.89601135253906, 114.12800598144531, 223.66400146484375], [24.75200080871582, 129.58399963378906, 35.95199966430664, 148.17601013183594], [6.384000301361084, 156.01600646972656, 18.928001403808594, 172.81600952148438]], 'labels': ['desk', 'desk', 'chair', 'chair', 'chair', 'chair', 'chair', 'chair']}}"
0281,"{'<DENSE_REGION_CAPTION>': {'bboxes': [[58.12800216674805, 0.1120000034570694, 145.04000854492188, 110.76800537109375], [0.1120000034570694, 23.408000946044922, 31.920000076293945, 171.6959991455078], [0.1120000034570694, 22.736000061035156, 25.87200164794922, 159.15200805664062], [144.36801147460938, 93.52000427246094, 180.8800048828125, 149.52000427246094], [157.80799865722656, 40.880001068115234, 194.76800537109375, 79.18400573730469], [115.02400207519531, 110.76800537109375, 141.6800079345703, 161.16799926757812], [135.8560028076172, 99.12000274658203, 157.80799865722656, 150.63999938964844], [177.96800231933594, 97.10400390625, 193.42401123046875, 134.9600067138672], [200.36801147460938, 95.98400115966797, 214.92800903320312, 133.8400115966797], [212.01600646972656, 106.51200103759766, 223.66400146484375, 140.55999755859375]], 'labels': ['whiteboard', 'person', 'person', 'person', 'person', 'person', 'person', 'person', 'person', 'person']}}"
0282,"{'<DENSE_REGION_CAPTION>': {'bboxes': [[58.12800216674805, 5.488000392913818, 145.04000854492188, 110.99200439453125], [78.95999908447266, 145.26400756835938, 114.35200500488281, 223.66400146484375], [5.936000347137451, 156.01600646972656, 49.84000015258789, 223.66400146484375], [0.1120000034570694, 23.408000946044922, 32.36800003051758, 159.82400512695312], [136.5279998779297, 93.96800231933594, 180.8800048828125, 176.40000915527344], [158.03199768066406, 40.880001068115234, 194.54400634765625, 79.40800476074219], [149.07200622558594, 112.56000518798828, 180.656005859375, 149.07200622558594], [192.7519989013672, 100.46400451660156, 215.60000610351562, 134.2880096435547], [177.74400329589844, 99.79199981689453, 193.42401123046875, 135.8560028076172], [212.91200256347656, 96.656005859375, 223.66400146484375, 140.7840118408203]], 'labels': ['whiteboard', 'chair', 'chair', 'person', 'person', 'person', 'person', 'person', 'person', 'person']}}"
0283,"{'<DENSE_REGION_CAPTION>': {'bboxes': [[58.12800216674805, 5.039999961853027, 145.04000854492188, 110.99200439453125], [78.95999908447266, 145.04000854492188, 114.35200500488281, 223.66400146484375], [143.9199981689453, 146.83200073242188, 179.9840087890625, 223.66400146484375], [5.936000347137451, 156.01600646972656, 49.84000015258789, 223.66400146484375], [6.384000301361084, 193.20001220703125, 49.84000015258789, 223.66400146484375], [79.18400573730469, 182.89601135253906, 114.12800598144531, 223.66400146484375], [177.96800231933594, 165.20001220703125, 194.09600830078125, 223.66400146484375], [24.75200080871582, 129.80799865722656, 36.176002502441406, 148.17601013183594], [5.936000347137451, 156.01600646972656, 18.928001403808594, 173.04000854492188]], 'labels': ['whiteboard', 'chair', 'chair', 'chair', 'chair', 'chair', 'chair', 'chair', 'chair']}}"
0284,"{'<DENSE_REGION_CAPTION>': {'bboxes': [[58.12800216674805, 5.263999938964844, 144.81600952148438, 110.99200439453125], [78.95999908447266, 145.04000854492188, 114.12800598144531, 223.66400146484375], [143.4720001220703, 146.83200073242188, 179.5360107421875, 223.66400146484375], [6.384000301361084, 193.20001220703125, 49.84000015258789, 223.66400146484375], [78.95999908447266, 182.89601135253906, 114.12800598144531, 223.66400146484375], [6.160000324249268, 156.01600646972656, 18.928001403808594, 172.81600952148438], [24.97599983215332, 129.80799865722656, 35.95199966430664, 148.17601013183594]], 'labels': ['whiteboard', 'chair', 'chair', 'chair', 'chair', 'chair', 'chair']}}"
0285,"{'<DENSE_REGION_CAPTION>': {'bboxes': [[0.1120000034570694, 131.37600708007812, 83.66400146484375, 223.66400146484375], [175.50399780273438, 142.3520050048828, 223.66400146484375, 223.66400146484375], [78.95999908447266, 145.04000854492188, 113.68000030517578, 223.66400146484375], [5.712000370025635, 156.01600646972656, 49.84000015258789, 223.66400146484375], [144.36801147460938, 146.60800170898438, 179.31201171875, 223.66400146484375], [5.936000347137451, 155.79200744628906, 38.19200134277344, 223.66400146484375], [78.95999908447266, 182.67201232910156, 113.45600128173828, 223.66400146484375], [6.160000324249268, 192.0800018310547, 49.84000015258789, 223.66400146484375], [175.72801208496094, 164.7519989013672, 193.42401123046875, 223.66400146484375], [5.712000370025635, 155.79200744628906, 18.48000144958496, 172.81600952148438], [24.527999877929688, 129.58399963378906, 35.28000259399414, 147.72801208496094]], 'labels': ['desk', 'desk', 'chair', 'chair', 'chair', 'chair', 'chair', 'chair', 'chair', 'chair', 'chair']}}"
0286,"{'<DENSE_REGION_CAPTION>': {'bboxes': [[58.12800216674805, 5.488000392913818, 144.81600952148438, 110.76800537109375], [78.95999908447266, 145.71200561523438, 113.68000030517578, 223.66400146484375], [5.936000347137451, 155.56800842285156, 49.84000015258789, 223.66400146484375], [0.1120000034570694, 21.61600112915039, 27.66400146484375, 158.25601196289062], [143.0240020751953, 93.52000427246094, 178.63999938964844, 149.52000427246094], [101.13600158691406, 96.8800048828125, 123.31200408935547, 158.25601196289062], [192.0800018310547, 94.86400604248047, 215.82400512695312, 142.8000030517578]], 'labels': ['whiteboard', 'chair', 'chair', 'person', 'person', 'person', 'person']}}"
0287,"{'<DENSE_REGION_CAPTION>': {'bboxes': [[58.12800216674805, 5.936000347137451, 144.81600952148438, 111.44000244140625], [78.95999908447266, 145.71200561523438, 113.68000030517578, 223.66400146484375], [144.36801147460938, 146.83200073242188, 179.5360107421875, 223.66400146484375], [5.263999938964844, 156.01600646972656, 38.63999938964844, 223.66400146484375], [5.936000347137451, 192.97601318359375, 49.84000015258789, 223.66400146484375], [79.18400573730469, 182.89601135253906, 113.45600128173828, 223.66400146484375], [5.712000370025635, 156.01600646972656, 18.928001403808594, 172.81600952148438]], 'labels': ['whiteboard', 'chair', 'chair', 'chair', 'chair', 'chair', 'chair']}}"
0288,"{'<DENSE_REGION_CAPTION>': {'bboxes': [[58.12800216674805, 5.488000392913818, 144.81600952148438, 111.21600341796875], [63.28000259399414, 145.93600463867188, 113.68000030517578, 223.66400146484375], [143.0240020751953, 147.27999877929688, 179.5360107421875, 223.66400146484375], [78.51200103759766, 145.93600463867188, 113.45600128173828, 223.66400146484375], [143.4720001220703, 147.27999877929688, 178.86399841308594, 207.0880126953125], [5.936000347137451, 193.42401123046875, 50.064002990722656, 223.66400146484375], [0.1120000034570694, 22.064001083374023, 34.608001708984375, 161.6160125732422], [143.2480010986328, 106.28800201416016, 179.760009765625, 151.31201171875], [102.2560043334961, 97.552001953125, 123.53600311279297, 166.54400634765625], [189.8400115966797, 95.53600311279297, 215.15200805664062, 134.2880096435547], [212.91200256347656, 95.98400115966797, 223.66400146484375, 140.7840118408203]], 'labels': ['whiteboard', 'chair', 'chair', 'chair', 'chair', 'chair', 'person', 'person', 'person', 'person', 'person']}}"
0289,"{'<DENSE_REGION_CAPTION>': {'bboxes': [[0.1120000034570694, 129.58399963378906, 87.24800109863281, 223.66400146484375], [176.40000915527344, 142.1280059814453, 223.66400146484375, 223.66400146484375], [0.1120000034570694, 23.631999969482422, 35.50400161743164, 171.4720001220703], [154.89601135253906, 34.608001708984375, 196.5600128173828, 79.63200378417969]], 'labels': ['desk', 'desk', 'person', 'person']}}"
0290,"{'<DENSE_REGION_CAPTION>': {'bboxes': [[48.944000244140625, 0.1120000034570694, 136.5279998779297, 110.99200439453125], [0.1120000034570694, 195.44000244140625, 29.00800132751465, 223.66400146484375]], 'labels': ['poster', 'chair']}}"
