image_num,bboxes,labels
0001,"{'<DENSE_REGION_CAPTION>': {'bboxes': [[7.952000141143799, 136.3040008544922, 90.60800170898438, 223.66400146484375], [183.79200744628906, 149.74400329589844, 223.66400146484375, 223.66400146484375], [9.296000480651855, 29.00800132751465, 44.4640007019043, 164.3040008544922], [151.08799743652344, 123.31200408935547, 185.58399963378906, 159.37600708007812], [178.63999938964844, 106.28800201416016, 201.93600463867188, 149.74400329589844], [129.36000061035156, 119.7280044555664, 147.72801208496094, 168.5600128173828], [111.66400146484375, 100.46400451660156, 126.89600372314453, 157.13600158691406], [207.31201171875, 104.94400024414062, 222.54400634765625, 141.2320098876953]], 'labels': ['desk', 'desk', 'person', 'person', 'person', 'person', 'person', 'person']}}"
0002,"{'<DENSE_REGION_CAPTION>': {'bboxes': [[7.952000141143799, 136.3040008544922, 90.60800170898438, 223.66400146484375], [183.12001037597656, 149.96800231933594, 223.66400146484375, 223.66400146484375], [8.40000057220459, 29.45600128173828, 37.74399948120117, 164.9759979248047], [151.5360107421875, 120.1760025024414, 184.24000549316406, 159.82400512695312], [108.97600555419922, 100.46400451660156, 126.89600372314453, 158.25601196289062], [130.25599670410156, 119.2800064086914, 146.83200073242188, 167.44000244140625]], 'labels': ['desk', 'desk', 'person', 'person', 'person', 'person']}}"
0003,"{'<DENSE_REGION_CAPTION>': {'bboxes': [[7.952000141143799, 136.3040008544922, 90.60800170898438, 223.66400146484375], [186.03201293945312, 149.96800231933594, 223.66400146484375, 223.66400146484375], [7.952000141143799, 29.904001235961914, 39.76000213623047, 164.7519989013672], [152.656005859375, 107.18400573730469, 189.16799926757812, 159.37600708007812], [152.656005859375, 125.552001953125, 189.16799926757812, 159.37600708007812], [108.97600555419922, 100.46400451660156, 127.56800079345703, 157.13600158691406], [129.80799865722656, 118.83200073242188, 147.27999877929688, 167.88800048828125]], 'labels': ['desk', 'desk', 'person', 'person', 'person', 'person', 'person']}}"
0004,"{'<DENSE_REGION_CAPTION>': {'bboxes': [[7.952000141143799, 136.5279998779297, 90.60800170898438, 223.66400146484375], [184.24000549316406, 149.96800231933594, 223.66400146484375, 223.66400146484375], [7.728000164031982, 29.904001235961914, 40.20800018310547, 164.7519989013672], [149.96800231933594, 106.51200103759766, 183.79200744628906, 158.92800903320312], [129.58399963378906, 119.2800064086914, 147.72801208496094, 168.5600128173828]], 'labels': ['desk', 'desk', 'person', 'person', 'person']}}"
0005,"{'<DENSE_REGION_CAPTION>': {'bboxes': [[7.952000141143799, 136.3040008544922, 90.60800170898438, 223.66400146484375], [184.01600646972656, 149.96800231933594, 223.66400146484375, 223.66400146484375], [6.6080002784729, 30.576000213623047, 40.880001068115234, 165.42401123046875], [152.2080078125, 106.73600006103516, 184.91200256347656, 156.68800354003906], [108.97600555419922, 101.13600158691406, 127.34400177001953, 157.36000061035156], [129.80799865722656, 119.2800064086914, 147.27999877929688, 168.7840118408203], [180.2080078125, 110.54400634765625, 199.0240020751953, 150.19200134277344], [195.21600341796875, 118.60800170898438, 212.24000549316406, 150.41600036621094], [210.2239990234375, 116.81600189208984, 223.66400146484375, 141.6800079345703]], 'labels': ['desk', 'desk', 'person', 'person', 'person', 'person', 'person', 'person', 'person']}}"
0006,"{'<DENSE_REGION_CAPTION>': {'bboxes': [[7.952000141143799, 136.5279998779297, 90.60800170898438, 223.66400146484375], [184.01600646972656, 149.96800231933594, 223.66400146484375, 223.66400146484375], [6.6080002784729, 30.80000114440918, 43.12000274658203, 165.87200927734375], [151.08799743652344, 98.0, 184.46400451660156, 156.91200256347656], [195.66400146484375, 99.12000274658203, 223.66400146484375, 150.63999938964844], [108.75200653076172, 100.91200256347656, 126.89600372314453, 157.13600158691406], [130.25599670410156, 119.2800064086914, 147.50399780273438, 169.0080108642578], [179.760009765625, 117.04000091552734, 197.6800079345703, 150.19200134277344], [208.2080078125, 107.18400573730469, 223.66400146484375, 141.2320098876953]], 'labels': ['desk', 'desk', 'person', 'person', 'person', 'person', 'person', 'person', 'person']}}"
0007,"{'<DENSE_REGION_CAPTION>': {'bboxes': [[7.952000141143799, 136.5279998779297, 90.60800170898438, 223.66400146484375], [184.24000549316406, 149.96800231933594, 223.66400146484375, 223.66400146484375], [7.504000186920166, 30.352001190185547, 46.704002380371094, 165.87200927734375], [149.96800231933594, 101.8080062866211, 185.36000061035156, 159.37600708007812], [108.97600555419922, 100.46400451660156, 126.67200469970703, 157.36000061035156], [130.25599670410156, 119.2800064086914, 147.72801208496094, 169.0080108642578], [177.96800231933594, 115.47200012207031, 198.3520050048828, 150.19200134277344], [208.656005859375, 100.91200256347656, 223.21600341796875, 141.4560089111328], [196.7840118408203, 119.2800064086914, 213.36000061035156, 150.41600036621094]], 'labels': ['desk', 'desk', 'person', 'person', 'person', 'person', 'person', 'person', 'person']}}"
0008,"{'<DENSE_REGION_CAPTION>': {'bboxes': [[7.952000141143799, 136.5279998779297, 90.60800170898438, 223.66400146484375], [183.79200744628906, 149.96800231933594, 223.66400146484375, 223.66400146484375], [86.57600402832031, 151.9840087890625, 118.38400268554688, 223.66400146484375], [15.344000816345215, 197.2320098876953, 57.45600128173828, 223.66400146484375], [86.80000305175781, 189.16799926757812, 118.16000366210938, 223.66400146484375], [7.056000232696533, 30.128000259399414, 34.832000732421875, 165.64801025390625], [153.10400390625, 112.33600616455078, 184.01600646972656, 157.13600158691406], [197.4560089111328, 107.40800476074219, 222.99200439453125, 150.41600036621094], [130.25599670410156, 119.2800064086914, 147.27999877929688, 169.0080108642578], [180.2080078125, 113.45600128173828, 200.14401245117188, 150.41600036621094]], 'labels': ['desk', 'desk', 'chair', 'chair', 'chair', 'person', 'person', 'person', 'person', 'person']}}"
0009,"{'<DENSE_REGION_CAPTION>': {'bboxes': [[7.952000141143799, 136.5279998779297, 90.60800170898438, 223.66400146484375], [183.56800842285156, 149.96800231933594, 223.66400146484375, 223.66400146484375], [7.28000020980835, 30.128000259399414, 33.93600082397461, 164.7519989013672], [152.2080078125, 106.06400299072266, 185.58399963378906, 157.36000061035156], [197.6800079345703, 102.0320053100586, 223.66400146484375, 150.41600036621094], [108.97600555419922, 100.46400451660156, 127.56800079345703, 157.13600158691406], [130.03199768066406, 119.5040054321289, 147.72801208496094, 168.5600128173828]], 'labels': ['desk', 'desk', 'person', 'person', 'person', 'person', 'person']}}"
0010,"{'<DENSE_REGION_CAPTION>': {'bboxes': [[66.41600036621094, 9.296000480651855, 152.656005859375, 116.81600189208984], [86.57600402832031, 189.16799926757812, 117.93600463867188, 223.66400146484375], [90.16000366210938, 24.079999923706055, 104.27200317382812, 49.39200210571289]], 'labels': ['whiteboard', 'chair', 'clock']}}"
0011,"{'<DENSE_REGION_CAPTION>': {'bboxes': [[66.41600036621094, 9.296000480651855, 152.4320068359375, 116.59200286865234], [7.952000141143799, 135.8560028076172, 91.05599975585938, 223.66400146484375], [183.12001037597656, 149.74400329589844, 223.66400146484375, 223.66400146484375], [5.936000347137451, 30.352001190185547, 42.448001861572266, 166.54400634765625], [153.3280029296875, 104.72000122070312, 183.34400939941406, 157.13600158691406], [197.2320098876953, 102.2560043334961, 222.99200439453125, 150.41600036621094], [129.58399963378906, 118.60800170898438, 147.27999877929688, 170.3520050048828], [110.31999969482422, 100.46400451660156, 126.22400665283203, 155.34400939941406], [179.5360107421875, 117.04000091552734, 200.36801147460938, 150.63999938964844]], 'labels': ['whiteboard', 'desk', 'desk', 'person', 'person', 'person', 'person', 'person', 'person']}}"
0012,"{'<DENSE_REGION_CAPTION>': {'bboxes': [[66.63999938964844, 9.296000480651855, 152.656005859375, 116.59200286865234], [7.504000186920166, 135.6320037841797, 91.9520034790039, 223.66400146484375], [183.56800842285156, 149.52000427246094, 223.66400146484375, 223.66400146484375], [15.120000839233398, 196.7840118408203, 57.68000030517578, 223.66400146484375], [86.80000305175781, 188.94400024414062, 118.16000366210938, 223.66400146484375], [90.38400268554688, 24.079999923706055, 104.49600219726562, 49.61600112915039]], 'labels': ['whiteboard', 'table', 'table', 'chair', 'chair', 'clock']}}"
0013,"{'<DENSE_REGION_CAPTION>': {'bboxes': [[66.63999938964844, 9.072000503540039, 152.656005859375, 116.36800384521484], [7.504000186920166, 135.6320037841797, 91.9520034790039, 223.66400146484375], [183.56800842285156, 149.52000427246094, 223.66400146484375, 223.66400146484375], [15.120000839233398, 196.7840118408203, 57.68000030517578, 223.66400146484375], [86.80000305175781, 188.94400024414062, 118.16000366210938, 223.66400146484375], [90.38400268554688, 24.079999923706055, 104.49600219726562, 49.61600112915039]], 'labels': ['whiteboard', 'table', 'table', 'chair', 'chair', 'clock']}}"
0014,"{'<DENSE_REGION_CAPTION>': {'bboxes': [[66.41600036621094, 7.728000164031982, 152.656005859375, 116.81600189208984], [7.504000186920166, 135.6320037841797, 92.4000015258789, 223.66400146484375], [183.56800842285156, 149.52000427246094, 223.66400146484375, 223.66400146484375], [15.120000839233398, 196.7840118408203, 57.45600128173828, 223.66400146484375], [86.80000305175781, 188.94400024414062, 118.16000366210938, 223.66400146484375], [90.38400268554688, 24.079999923706055, 104.49600219726562, 49.61600112915039]], 'labels': ['whiteboard', 'table', 'table', 'chair', 'chair', 'clock']}}"
0015,"{'<DENSE_REGION_CAPTION>': {'bboxes': [[66.63999938964844, 9.520000457763672, 152.656005859375, 116.81600189208984], [7.952000141143799, 135.8560028076172, 91.05599975585938, 223.66400146484375], [184.24000549316406, 149.74400329589844, 223.66400146484375, 223.66400146484375], [5.936000347137451, 30.80000114440918, 42.672000885009766, 166.54400634765625], [151.5360107421875, 107.18400573730469, 186.25601196289062, 159.82400512695312], [113.90400695800781, 99.12000274658203, 132.94400024414062, 158.25601196289062], [176.84800720214844, 103.1520004272461, 197.9040069580078, 150.19200134277344], [130.03199768066406, 118.60800170898438, 146.83200073242188, 169.9040069580078], [195.66400146484375, 119.9520034790039, 211.34400939941406, 150.41600036621094], [209.552001953125, 121.29600524902344, 223.66400146484375, 141.4560089111328]], 'labels': ['whiteboard', 'desk', 'desk', 'person', 'person', 'person', 'person', 'person', 'person', 'person']}}"
0016,"{'<DENSE_REGION_CAPTION>': {'bboxes': [[66.63999938964844, 9.744000434875488, 152.656005859375, 116.81600189208984], [86.57600402832031, 151.5360107421875, 120.6240005493164, 223.66400146484375], [15.344000816345215, 196.7840118408203, 57.68000030517578, 223.66400146484375], [86.80000305175781, 188.94400024414062, 117.93600463867188, 223.66400146484375], [90.38400268554688, 24.079999923706055, 104.49600219726562, 49.61600112915039], [6.384000301361084, 30.80000114440918, 42.895999908447266, 166.54400634765625], [152.2080078125, 115.92000579833984, 185.80799865722656, 157.58399963378906], [115.02400207519531, 99.34400177001953, 132.94400024414062, 158.25601196289062], [129.80799865722656, 118.60800170898438, 146.83200073242188, 169.0080108642578], [195.66400146484375, 118.38400268554688, 212.01600646972656, 150.41600036621094], [209.3280029296875, 116.81600189208984, 223.66400146484375, 141.9040069580078]], 'labels': ['whiteboard', 'chair', 'chair', 'chair', 'clock', 'person', 'person', 'person', 'person', 'person', 'person']}}"
0017,"{'<DENSE_REGION_CAPTION>': {'bboxes': [[66.41600036621094, 9.744000434875488, 152.4320068359375, 116.81600189208984], [86.57600402832031, 151.5360107421875, 120.6240005493164, 223.66400146484375], [14.896000862121582, 197.0080108642578, 57.45600128173828, 223.66400146484375], [90.16000366210938, 24.079999923706055, 104.27200317382812, 49.61600112915039], [5.488000392913818, 30.352001190185547, 42.895999908447266, 166.54400634765625], [151.08799743652344, 104.72000122070312, 185.80799865722656, 159.37600708007812], [115.24800109863281, 99.12000274658203, 132.72000122070312, 158.25601196289062], [129.58399963378906, 118.83200073242188, 147.27999877929688, 169.9040069580078], [180.4320068359375, 105.61600494384766, 198.3520050048828, 150.19200134277344], [208.656005859375, 117.04000091552734, 223.66400146484375, 141.6800079345703]], 'labels': ['whiteboard', 'chair', 'chair', 'clock', 'person', 'person', 'person', 'person', 'person', 'person']}}"
0018,"{'<DENSE_REGION_CAPTION>': {'bboxes': [[66.41600036621094, 9.744000434875488, 152.4320068359375, 116.81600189208984], [86.57600402832031, 151.5360107421875, 120.4000015258789, 223.66400146484375], [14.896000862121582, 196.7840118408203, 57.23200225830078, 223.66400146484375], [90.16000366210938, 24.079999923706055, 104.27200317382812, 49.39200210571289], [7.728000164031982, 135.8560028076172, 91.05599975585938, 223.66400146484375], [183.79200744628906, 149.74400329589844, 223.66400146484375, 223.66400146484375], [6.384000301361084, 30.128000259399414, 35.28000259399414, 166.54400634765625], [151.5360107421875, 114.35200500488281, 185.13600158691406, 159.60000610351562], [115.24800109863281, 99.56800079345703, 134.5120086669922, 158.25601196289062], [174.16000366210938, 105.39200592041016, 197.4560089111328, 150.19200134277344], [198.5760040283203, 101.13600158691406, 222.54400634765625, 141.0080108642578], [130.03199768066406, 118.38400268554688, 147.05599975585938, 169.9040069580078]], 'labels': ['whiteboard', 'chair', 'chair', 'clock', 'desk', 'desk', 'person', 'person', 'person', 'person', 'person', 'person']}}"
0019,"{'<DENSE_REGION_CAPTION>': {'bboxes': [[66.63999938964844, 10.192000389099121, 152.656005859375, 116.81600189208984], [86.57600402832031, 151.5360107421875, 120.6240005493164, 223.66400146484375], [15.120000839233398, 196.7840118408203, 57.68000030517578, 223.66400146484375], [86.80000305175781, 188.94400024414062, 118.16000366210938, 223.66400146484375], [90.38400268554688, 24.079999923706055, 104.49600219726562, 49.39200210571289]], 'labels': ['whiteboard', 'chair', 'chair', 'chair', 'clock']}}"
0020,"{'<DENSE_REGION_CAPTION>': {'bboxes': [[66.63999938964844, 9.744000434875488, 152.656005859375, 116.81600189208984], [86.57600402832031, 151.5360107421875, 120.6240005493164, 223.66400146484375], [15.120000839233398, 196.7840118408203, 57.68000030517578, 223.66400146484375], [90.38400268554688, 24.079999923706055, 104.49600219726562, 49.39200210571289]], 'labels': ['whiteboard', 'chair', 'chair', 'clock']}}"
0021,"{'<DENSE_REGION_CAPTION>': {'bboxes': [[7.952000141143799, 135.8560028076172, 91.05599975585938, 223.66400146484375], [183.79200744628906, 149.74400329589844, 223.66400146484375, 223.66400146484375], [7.952000141143799, 30.128000259399414, 34.608001708984375, 164.7519989013672], [152.8800048828125, 106.96000671386719, 184.91200256347656, 158.25601196289062], [129.58399963378906, 119.0560073852539, 147.50399780273438, 169.2320098876953], [195.44000244140625, 106.28800201416016, 214.70401000976562, 150.19200134277344], [116.81600189208984, 99.34400177001953, 130.92800903320312, 157.13600158691406]], 'labels': ['desk', 'desk', 'person', 'person', 'person', 'person', 'person']}}"
0022,"{'<DENSE_REGION_CAPTION>': {'bboxes': [[66.63999938964844, 9.968000411987305, 152.656005859375, 116.14400482177734], [70.89600372314453, 151.5360107421875, 120.1760025024414, 223.66400146484375], [0.1120000034570694, 192.0800018310547, 57.68000030517578, 223.66400146484375], [15.120000839233398, 197.0080108642578, 57.68000030517578, 223.66400146484375], [90.38400268554688, 24.079999923706055, 104.49600219726562, 49.39200210571289]], 'labels': ['whiteboard', 'chair', 'chair', 'chair', 'clock']}}"
0023,"{'<DENSE_REGION_CAPTION>': {'bboxes': [[66.63999938964844, 10.640000343322754, 152.656005859375, 116.81600189208984], [70.89600372314453, 151.5360107421875, 120.1760025024414, 223.66400146484375], [0.1120000034570694, 192.0800018310547, 57.68000030517578, 223.66400146484375], [15.120000839233398, 197.0080108642578, 57.68000030517578, 223.66400146484375], [90.38400268554688, 24.079999923706055, 104.49600219726562, 49.39200210571289]], 'labels': ['whiteboard', 'chair', 'chair', 'chair', 'clock']}}"
0024,"{'<DENSE_REGION_CAPTION>': {'bboxes': [[66.41600036621094, 11.53600025177002, 152.656005859375, 116.81600189208984], [70.89600372314453, 151.5360107421875, 120.1760025024414, 223.66400146484375], [0.1120000034570694, 192.0800018310547, 57.45600128173828, 223.66400146484375], [6.832000255584717, 29.904001235961914, 35.055999755859375, 165.87200927734375], [152.2080078125, 107.40800476074219, 187.60000610351562, 158.92800903320312], [196.33599853515625, 100.46400451660156, 220.3040008544922, 150.41600036621094], [129.58399963378906, 119.2800064086914, 147.05599975585938, 169.2320098876953], [115.92000579833984, 99.79199981689453, 131.15200805664062, 151.5360107421875]], 'labels': ['whiteboard', 'chair', 'chair', 'person', 'person', 'person', 'person', 'person']}}"
0025,"{'<DENSE_REGION_CAPTION>': {'bboxes': [[66.63999938964844, 11.984000205993652, 152.656005859375, 116.81600189208984], [7.952000141143799, 135.4080047607422, 94.86400604248047, 223.66400146484375], [185.13600158691406, 149.74400329589844, 223.66400146484375, 223.66400146484375], [4.5920000076293945, 30.128000259399414, 40.432003021240234, 165.64801025390625], [151.5360107421875, 107.40800476074219, 187.60000610351562, 159.37600708007812], [108.75200653076172, 102.4800033569336, 132.49600219726562, 160.72000122070312], [195.21600341796875, 106.73600006103516, 218.7360076904297, 150.41600036621094], [130.03199768066406, 119.0560073852539, 147.27999877929688, 169.2320098876953]], 'labels': ['whiteboard', 'desk', 'desk', 'person', 'person', 'person', 'person', 'person']}}"
0026,"{'<DENSE_REGION_CAPTION>': {'bboxes': [[66.63999938964844, 11.984000205993652, 152.656005859375, 115.92000579833984], [7.504000186920166, 134.7360076904297, 94.86400604248047, 223.66400146484375], [183.79200744628906, 149.52000427246094, 223.66400146484375, 223.66400146484375], [86.57600402832031, 151.9840087890625, 119.7280044555664, 223.66400146484375], [0.1120000034570694, 192.0800018310547, 57.68000030517578, 223.66400146484375], [15.344000816345215, 197.0080108642578, 57.68000030517578, 223.66400146484375], [86.80000305175781, 189.16799926757812, 118.83200073242188, 223.66400146484375], [90.38400268554688, 24.079999923706055, 104.49600219726562, 49.39200210571289]], 'labels': ['whiteboard', 'table', 'table', 'chair', 'chair', 'chair', 'chair', 'clock']}}"
0027,"{'<DENSE_REGION_CAPTION>': {'bboxes': [[66.63999938964844, 11.984000205993652, 152.4320068359375, 116.36800384521484], [7.952000141143799, 135.1840057373047, 94.86400604248047, 223.66400146484375], [184.01600646972656, 149.74400329589844, 223.66400146484375, 223.66400146484375], [5.488000392913818, 30.80000114440918, 40.20800018310547, 166.54400634765625], [151.760009765625, 106.73600006103516, 184.46400451660156, 156.91200256347656], [108.30400085449219, 108.97600555419922, 130.48001098632812, 159.82400512695312], [196.5600128173828, 102.7040023803711, 218.9600067138672, 150.41600036621094], [130.03199768066406, 119.7280044555664, 146.83200073242188, 169.0080108642578], [182.67201232910156, 112.11200714111328, 200.36801147460938, 150.19200134277344]], 'labels': ['whiteboard', 'desk', 'desk', 'person', 'person', 'person', 'person', 'person', 'person']}}"
0028,"{'<DENSE_REGION_CAPTION>': {'bboxes': [[66.41600036621094, 11.760000228881836, 152.4320068359375, 117.04000091552734], [7.504000186920166, 134.7360076904297, 94.86400604248047, 223.66400146484375], [183.56800842285156, 149.52000427246094, 223.66400146484375, 223.66400146484375], [70.89600372314453, 151.5360107421875, 119.9520034790039, 223.66400146484375], [0.1120000034570694, 192.0800018310547, 57.45600128173828, 223.66400146484375], [4.815999984741211, 30.352001190185547, 40.432003021240234, 166.54400634765625], [108.30400085449219, 110.76800537109375, 132.04800415039062, 165.20001220703125], [196.11199951171875, 102.7040023803711, 218.2880096435547, 150.19200134277344], [129.36000061035156, 119.2800064086914, 147.72801208496094, 167.44000244140625]], 'labels': ['whiteboard', 'table', 'table', 'chair', 'chair', 'person', 'person', 'person', 'person']}}"
0029,"{'<DENSE_REGION_CAPTION>': {'bboxes': [[66.41600036621094, 11.53600025177002, 152.656005859375, 117.04000091552734], [7.504000186920166, 134.7360076904297, 95.08800506591797, 223.66400146484375], [183.56800842285156, 149.29600524902344, 223.66400146484375, 223.66400146484375], [0.1120000034570694, 191.8560028076172, 57.68000030517578, 223.66400146484375], [4.5920000076293945, 30.128000259399414, 39.98400115966797, 166.54400634765625], [149.52000427246094, 100.91200256347656, 186.70401000976562, 158.03199768066406], [108.52799987792969, 110.99200439453125, 132.27200317382812, 161.16799926757812], [197.0080108642578, 102.7040023803711, 218.2880096435547, 150.19200134277344], [129.58399963378906, 119.0560073852539, 147.27999877929688, 167.88800048828125], [183.12001037597656, 102.0320053100586, 200.36801147460938, 149.96800231933594]], 'labels': ['whiteboard', 'table', 'table', 'chair', 'person', 'person', 'person', 'person', 'person', 'person']}}"
0030,"{'<DENSE_REGION_CAPTION>': {'bboxes': [[66.41600036621094, 11.53600025177002, 152.656005859375, 116.81600189208984], [70.89600372314453, 151.5360107421875, 119.9520034790039, 223.66400146484375], [0.1120000034570694, 191.8560028076172, 57.68000030517578, 223.66400146484375], [15.120000839233398, 196.7840118408203, 57.68000030517578, 223.66400146484375], [90.38400268554688, 23.856000900268555, 104.49600219726562, 49.16800308227539]], 'labels': ['whiteboard', 'chair', 'chair', 'chair', 'clock']}}"
0031,"{'<DENSE_REGION_CAPTION>': {'bboxes': [[7.952000141143799, 135.8560028076172, 91.05599975585938, 223.66400146484375], [183.79200744628906, 149.74400329589844, 223.66400146484375, 223.66400146484375], [6.6080002784729, 27.440000534057617, 35.50400161743164, 164.7519989013672], [151.08799743652344, 105.39200592041016, 183.34400939941406, 157.36000061035156], [194.99200439453125, 102.2560043334961, 218.2880096435547, 150.63999938964844], [110.76800537109375, 111.44000244140625, 132.04800415039062, 158.25601196289062], [130.03199768066406, 119.7280044555664, 146.83200073242188, 168.5600128173828]], 'labels': ['desk', 'desk', 'person', 'person', 'person', 'person', 'person']}}"
0032,"{'<DENSE_REGION_CAPTION>': {'bboxes': [[66.63999938964844, 9.520000457763672, 152.656005859375, 116.59200286865234], [86.57600402832031, 151.760009765625, 120.4000015258789, 223.66400146484375], [15.120000839233398, 197.0080108642578, 57.68000030517578, 223.66400146484375], [90.38400268554688, 24.079999923706055, 104.49600219726562, 49.39200210571289], [83.88800048828125, 21.392000198364258, 93.07200622558594, 57.68000030517578]], 'labels': ['whiteboard', 'chair', 'chair', 'clock', 'flag']}}"
0033,"{'<DENSE_REGION_CAPTION>': {'bboxes': [[7.952000141143799, 135.8560028076172, 91.05599975585938, 223.66400146484375], [183.79200744628906, 149.96800231933594, 223.66400146484375, 223.66400146484375], [86.57600402832031, 151.760009765625, 119.7280044555664, 223.66400146484375], [15.120000839233398, 197.0080108642578, 57.68000030517578, 223.66400146484375], [90.38400268554688, 24.079999923706055, 104.49600219726562, 49.39200210571289], [83.88800048828125, 21.392000198364258, 93.07200622558594, 57.68000030517578]], 'labels': ['desk', 'desk', 'chair', 'chair', 'clock', 'flag']}}"
0034,"{'<DENSE_REGION_CAPTION>': {'bboxes': [[7.952000141143799, 135.8560028076172, 91.05599975585938, 223.66400146484375], [183.79200744628906, 149.96800231933594, 223.66400146484375, 223.66400146484375], [3.248000144958496, 29.68000030517578, 35.50400161743164, 175.72801208496094], [149.07200622558594, 106.28800201416016, 183.79200744628906, 156.91200256347656], [182.67201232910156, 103.1520004272461, 210.2239990234375, 150.41600036621094], [108.97600555419922, 111.66400146484375, 131.15200805664062, 161.16799926757812], [129.80799865722656, 119.0560073852539, 147.72801208496094, 169.2320098876953], [199.2480010986328, 104.49600219726562, 218.0640106201172, 141.9040069580078]], 'labels': ['desk', 'desk', 'person', 'person', 'person', 'person', 'person', 'person']}}"
0035,"{'<DENSE_REGION_CAPTION>': {'bboxes': [[66.63999938964844, 9.072000503540039, 152.656005859375, 116.81600189208984], [86.57600402832031, 151.760009765625, 120.1760025024414, 223.66400146484375], [15.120000839233398, 197.0080108642578, 57.68000030517578, 223.66400146484375], [90.38400268554688, 24.079999923706055, 104.49600219726562, 49.39200210571289], [83.66400146484375, 21.392000198364258, 93.07200622558594, 57.68000030517578]], 'labels': ['whiteboard', 'chair', 'chair', 'clock', 'flag']}}"
0036,"{'<DENSE_REGION_CAPTION>': {'bboxes': [[7.952000141143799, 135.8560028076172, 91.05599975585938, 223.66400146484375], [183.56800842285156, 149.74400329589844, 223.66400146484375, 223.66400146484375], [86.57600402832031, 151.760009765625, 119.7280044555664, 223.66400146484375], [15.344000816345215, 197.0080108642578, 57.68000030517578, 223.66400146484375], [90.60800170898438, 24.079999923706055, 104.49600219726562, 49.39200210571289], [83.88800048828125, 21.392000198364258, 93.07200622558594, 57.45600128173828]], 'labels': ['desk', 'desk', 'chair', 'chair', 'clock', 'flag']}}"
0037,"{'<DENSE_REGION_CAPTION>': {'bboxes': [[7.952000141143799, 135.8560028076172, 91.05599975585938, 223.66400146484375], [184.01600646972656, 149.74400329589844, 223.66400146484375, 223.66400146484375], [5.488000392913818, 29.00800132751465, 36.176002502441406, 174.83200073242188], [149.96800231933594, 105.61600494384766, 184.46400451660156, 157.36000061035156], [109.42400360107422, 111.21600341796875, 129.80799865722656, 179.9840087890625], [181.10400390625, 102.4800033569336, 208.8800048828125, 150.41600036621094], [129.58399963378906, 117.48800659179688, 149.74400329589844, 169.2320098876953], [198.8000030517578, 104.04800415039062, 218.5120086669922, 141.9040069580078]], 'labels': ['desk', 'desk', 'person', 'person', 'person', 'person', 'person', 'person']}}"
0038,"{'<DENSE_REGION_CAPTION>': {'bboxes': [[7.952000141143799, 135.8560028076172, 91.05599975585938, 223.66400146484375], [184.24000549316406, 149.74400329589844, 223.66400146484375, 223.66400146484375], [3.696000099182129, 28.112001419067383, 35.95199966430664, 175.27999877929688], [150.41600036621094, 107.18400573730469, 183.34400939941406, 156.91200256347656], [177.52000427246094, 104.04800415039062, 210.0, 150.63999938964844], [110.31999969482422, 111.44000244140625, 130.25599670410156, 161.16799926757812], [128.46400451660156, 116.36800384521484, 145.26400756835938, 169.9040069580078], [198.3520050048828, 104.72000122070312, 218.5120086669922, 141.6800079345703]], 'labels': ['desk', 'desk', 'person', 'person', 'person', 'person', 'person', 'person']}}"
0039,"{'<DENSE_REGION_CAPTION>': {'bboxes': [[7.952000141143799, 135.8560028076172, 91.05599975585938, 223.66400146484375], [184.46400451660156, 149.52000427246094, 223.66400146484375, 223.66400146484375], [83.66400146484375, 21.168001174926758, 93.07200622558594, 57.45600128173828]], 'labels': ['desk', 'desk', 'flag']}}"
0040,"{'<DENSE_REGION_CAPTION>': {'bboxes': [[7.952000141143799, 135.8560028076172, 91.05599975585938, 223.66400146484375], [183.79200744628906, 149.52000427246094, 223.66400146484375, 223.66400146484375], [86.57600402832031, 151.760009765625, 120.1760025024414, 223.66400146484375], [15.120000839233398, 197.0080108642578, 57.68000030517578, 223.66400146484375], [90.38400268554688, 24.079999923706055, 104.49600219726562, 49.39200210571289], [83.66400146484375, 21.392000198364258, 93.07200622558594, 57.68000030517578]], 'labels': ['desk', 'desk', 'chair', 'chair', 'clock', 'flag']}}"
0041,"{'<DENSE_REGION_CAPTION>': {'bboxes': [[7.952000141143799, 135.8560028076172, 90.83200073242188, 223.66400146484375], [184.01600646972656, 149.52000427246094, 223.66400146484375, 223.66400146484375], [86.57600402832031, 151.760009765625, 120.1760025024414, 223.66400146484375], [15.344000816345215, 197.2320098876953, 57.68000030517578, 223.66400146484375], [5.712000370025635, 29.68000030517578, 35.72800064086914, 166.99200439453125], [127.56800079345703, 118.16000366210938, 146.83200073242188, 170.3520050048828], [196.11199951171875, 102.2560043334961, 218.0640106201172, 150.41600036621094]], 'labels': ['desk', 'desk', 'chair', 'chair', 'person', 'person', 'person']}}"
0042,"{'<DENSE_REGION_CAPTION>': {'bboxes': [[7.952000141143799, 135.8560028076172, 90.83200073242188, 223.66400146484375], [184.01600646972656, 149.52000427246094, 223.66400146484375, 223.66400146484375], [5.936000347137451, 29.45600128173828, 38.8640022277832, 175.72801208496094], [126.89600372314453, 117.48800659179688, 147.72801208496094, 170.3520050048828]], 'labels': ['desk', 'desk', 'person', 'person']}}"
0043,"{'<DENSE_REGION_CAPTION>': {'bboxes': [[7.952000141143799, 135.8560028076172, 90.60800170898438, 223.66400146484375], [184.01600646972656, 149.52000427246094, 223.66400146484375, 223.66400146484375], [86.35200500488281, 151.760009765625, 119.9520034790039, 223.66400146484375], [15.344000816345215, 197.2320098876953, 57.68000030517578, 223.66400146484375], [90.38400268554688, 24.079999923706055, 104.49600219726562, 49.39200210571289], [83.88800048828125, 21.84000015258789, 92.8479995727539, 57.68000030517578]], 'labels': ['desk', 'desk', 'chair', 'chair', 'clock', 'flag']}}"
0044,"{'<DENSE_REGION_CAPTION>': {'bboxes': [[7.952000141143799, 135.8560028076172, 90.60800170898438, 223.66400146484375], [184.01600646972656, 149.52000427246094, 223.66400146484375, 223.66400146484375], [6.832000255584717, 28.784000396728516, 40.656002044677734, 174.83200073242188], [6.832000255584717, 28.784000396728516, 40.432003021240234, 99.34400177001953], [126.44800567626953, 117.48800659179688, 153.3280029296875, 169.4560089111328], [195.21600341796875, 102.4800033569336, 218.0640106201172, 150.41600036621094]], 'labels': ['desk', 'desk', 'person', 'person', 'person', 'person']}}"
0045,"{'<DENSE_REGION_CAPTION>': {'bboxes': [[7.952000141143799, 135.8560028076172, 90.83200073242188, 223.66400146484375], [184.01600646972656, 149.74400329589844, 223.66400146484375, 223.66400146484375], [86.57600402832031, 151.760009765625, 120.1760025024414, 223.66400146484375], [15.344000816345215, 197.2320098876953, 57.45600128173828, 223.66400146484375], [90.38400268554688, 24.079999923706055, 104.49600219726562, 49.39200210571289], [83.88800048828125, 21.84000015258789, 92.8479995727539, 57.68000030517578]], 'labels': ['desk', 'desk', 'chair', 'chair', 'clock', 'flag']}}"
0046,"{'<DENSE_REGION_CAPTION>': {'bboxes': [[7.952000141143799, 135.8560028076172, 90.83200073242188, 223.66400146484375], [183.79200744628906, 149.74400329589844, 223.66400146484375, 223.66400146484375], [86.57600402832031, 151.760009765625, 120.1760025024414, 223.66400146484375], [15.344000816345215, 197.2320098876953, 57.45600128173828, 223.66400146484375], [90.38400268554688, 24.079999923706055, 104.49600219726562, 49.39200210571289], [83.88800048828125, 21.84000015258789, 92.8479995727539, 57.68000030517578]], 'labels': ['desk', 'desk', 'chair', 'chair', 'clock', 'flag']}}"
0047,"{'<DENSE_REGION_CAPTION>': {'bboxes': [[7.952000141143799, 135.8560028076172, 91.05599975585938, 223.66400146484375], [184.01600646972656, 149.74400329589844, 223.66400146484375, 223.66400146484375], [86.57600402832031, 151.760009765625, 120.4000015258789, 223.66400146484375], [15.344000816345215, 197.0080108642578, 57.23200225830078, 223.66400146484375], [90.60800170898438, 24.079999923706055, 104.49600219726562, 49.39200210571289], [83.88800048828125, 21.84000015258789, 92.8479995727539, 57.68000030517578]], 'labels': ['desk', 'desk', 'chair', 'chair', 'clock', 'flag']}}"
0048,"{'<DENSE_REGION_CAPTION>': {'bboxes': [[7.952000141143799, 135.8560028076172, 91.05599975585938, 223.66400146484375], [183.79200744628906, 149.74400329589844, 223.66400146484375, 223.66400146484375], [86.57600402832031, 151.760009765625, 120.4000015258789, 223.66400146484375], [15.344000816345215, 197.2320098876953, 57.00800323486328, 223.66400146484375], [90.38400268554688, 24.079999923706055, 104.49600219726562, 49.39200210571289]], 'labels': ['desk', 'desk', 'chair', 'chair', 'clock']}}"
0049,"{'<DENSE_REGION_CAPTION>': {'bboxes': [[7.952000141143799, 135.4080047607422, 94.86400604248047, 223.66400146484375], [183.56800842285156, 149.74400329589844, 223.66400146484375, 223.66400146484375], [86.57600402832031, 151.760009765625, 120.6240005493164, 223.66400146484375], [15.344000816345215, 197.2320098876953, 57.23200225830078, 223.66400146484375], [37.74399948120117, 41.7760009765625, 80.97600555419922, 143.4720001220703], [151.08799743652344, 107.40800476074219, 185.13600158691406, 159.37600708007812], [108.97600555419922, 111.66400146484375, 131.15200805664062, 166.09600830078125], [197.9040069580078, 101.36000061035156, 218.2880096435547, 150.41600036621094], [129.13600158691406, 116.59200286865234, 146.16000366210938, 167.44000244140625], [182.447998046875, 116.81600189208984, 200.14401245117188, 150.19200134277344]], 'labels': ['desk', 'desk', 'chair', 'chair', 'person', 'person', 'person', 'person', 'person', 'person']}}"
0050,"{'<DENSE_REGION_CAPTION>': {'bboxes': [[7.952000141143799, 135.6320037841797, 91.05599975585938, 223.66400146484375], [183.79200744628906, 149.52000427246094, 223.66400146484375, 223.66400146484375], [41.7760009765625, 33.263999938964844, 75.1520004272461, 141.6800079345703], [151.08799743652344, 107.63200378417969, 185.58399963378906, 159.60000610351562], [179.31201171875, 104.04800415039062, 210.89601135253906, 150.41600036621094], [109.87200164794922, 111.44000244140625, 130.25599670410156, 165.64801025390625], [128.01600646972656, 116.59200286865234, 146.16000366210938, 166.09600830078125], [201.71200561523438, 100.01600646972656, 218.9600067138672, 141.0080108642578]], 'labels': ['desk', 'desk', 'person', 'person', 'person', 'person', 'person', 'person']}}"
0051,"{'<DENSE_REGION_CAPTION>': {'bboxes': [[7.952000141143799, 135.8560028076172, 91.05599975585938, 223.66400146484375], [184.01600646972656, 149.96800231933594, 223.66400146484375, 223.66400146484375], [29.23200035095215, 25.87200164794922, 57.68000030517578, 156.68800354003906], [152.4320068359375, 107.40800476074219, 184.91200256347656, 158.25601196289062], [181.10400390625, 106.06400299072266, 210.44801330566406, 150.41600036621094], [109.64800262451172, 111.88800048828125, 129.80799865722656, 161.16799926757812], [128.46400451660156, 114.80000305175781, 145.48800659179688, 167.66400146484375], [200.59201049804688, 106.96000671386719, 218.5120086669922, 142.5760040283203]], 'labels': ['desk', 'desk', 'person', 'person', 'person', 'person', 'person', 'person']}}"
0052,"{'<DENSE_REGION_CAPTION>': {'bboxes': [[7.952000141143799, 135.8560028076172, 90.83200073242188, 223.66400146484375], [183.56800842285156, 149.96800231933594, 223.66400146484375, 223.66400146484375], [28.784000396728516, 27.66400146484375, 56.784000396728516, 144.1439971923828], [152.2080078125, 107.40800476074219, 184.68800354003906, 157.80799865722656], [108.97600555419922, 111.88800048828125, 130.70401000976562, 161.16799926757812], [128.01600646972656, 114.80000305175781, 145.48800659179688, 167.44000244140625], [183.56800842285156, 104.49600219726562, 201.26400756835938, 149.96800231933594]], 'labels': ['desk', 'desk', 'person', 'person', 'person', 'person', 'person']}}"
0053,"{'<DENSE_REGION_CAPTION>': {'bboxes': [[7.952000141143799, 135.8560028076172, 90.83200073242188, 223.66400146484375], [184.01600646972656, 149.74400329589844, 223.66400146484375, 223.66400146484375], [83.88800048828125, 22.064001083374023, 93.07200622558594, 56.560001373291016]], 'labels': ['desk', 'desk', 'flag']}}"
0054,"{'<DENSE_REGION_CAPTION>': {'bboxes': [[7.952000141143799, 135.8560028076172, 90.83200073242188, 223.66400146484375], [184.01600646972656, 149.52000427246094, 223.66400146484375, 223.66400146484375], [83.88800048828125, 22.064001083374023, 93.07200622558594, 56.784000396728516]], 'labels': ['desk', 'desk', 'flag']}}"
0055,"{'<DENSE_REGION_CAPTION>': {'bboxes': [[7.952000141143799, 135.8560028076172, 90.83200073242188, 223.66400146484375], [184.01600646972656, 149.74400329589844, 223.66400146484375, 223.66400146484375], [83.88800048828125, 22.064001083374023, 92.8479995727539, 56.560001373291016]], 'labels': ['desk', 'desk', 'flag']}}"
0056,"{'<DENSE_REGION_CAPTION>': {'bboxes': [[7.952000141143799, 135.8560028076172, 91.5040054321289, 223.66400146484375], [183.79200744628906, 149.74400329589844, 223.66400146484375, 223.66400146484375], [83.88800048828125, 22.064001083374023, 92.8479995727539, 56.560001373291016]], 'labels': ['desk', 'desk', 'flag']}}"
0057,"{'<DENSE_REGION_CAPTION>': {'bboxes': [[7.952000141143799, 135.8560028076172, 91.05599975585938, 223.66400146484375], [184.68800354003906, 149.74400329589844, 223.66400146484375, 223.66400146484375], [83.66400146484375, 22.064001083374023, 92.8479995727539, 56.560001373291016]], 'labels': ['desk', 'desk', 'flag']}}"
0058,"{'<DENSE_REGION_CAPTION>': {'bboxes': [[7.952000141143799, 135.6320037841797, 91.5040054321289, 223.66400146484375], [183.79200744628906, 149.74400329589844, 223.66400146484375, 223.66400146484375], [87.02400207519531, 151.5360107421875, 119.7280044555664, 223.66400146484375], [15.344000816345215, 196.7840118408203, 57.45600128173828, 223.66400146484375], [87.02400207519531, 188.94400024414062, 119.2800064086914, 223.66400146484375], [46.704002380371094, 29.23200035095215, 71.34400177001953, 124.20800018310547], [153.7760009765625, 113.90400695800781, 183.79200744628906, 156.46400451660156], [109.64800262451172, 111.88800048828125, 131.82400512695312, 161.16799926757812], [129.13600158691406, 114.57600402832031, 145.71200561523438, 166.76800537109375], [181.552001953125, 104.04800415039062, 199.4720001220703, 149.52000427246094]], 'labels': ['desk', 'desk', 'chair', 'chair', 'chair', 'person', 'person', 'person', 'person', 'person']}}"
0059,"{'<DENSE_REGION_CAPTION>': {'bboxes': [[7.952000141143799, 135.6320037841797, 91.05599975585938, 223.66400146484375], [183.79200744628906, 149.96800231933594, 223.66400146484375, 223.66400146484375], [29.23200035095215, 26.32000160217285, 63.28000259399414, 144.1439971923828], [152.2080078125, 107.40800476074219, 185.36000061035156, 158.92800903320312], [108.52799987792969, 111.88800048828125, 131.15200805664062, 165.64801025390625], [181.552001953125, 104.27200317382812, 202.83200073242188, 150.19200134277344], [129.13600158691406, 114.80000305175781, 144.59201049804688, 167.21600341796875], [201.26400756835938, 119.0560073852539, 219.1840057373047, 150.41600036621094], [198.3520050048828, 102.4800033569336, 211.79200744628906, 135.1840057373047]], 'labels': ['desk', 'desk', 'person', 'person', 'person', 'person', 'person', 'person', 'person']}}"
0060,"{'<DENSE_REGION_CAPTION>': {'bboxes': [[7.952000141143799, 135.8560028076172, 91.05599975585938, 223.66400146484375], [185.13600158691406, 149.96800231933594, 223.66400146484375, 223.66400146484375], [28.784000396728516, 26.54400062561035, 63.72800064086914, 144.1439971923828], [152.2080078125, 108.75200653076172, 187.60000610351562, 158.48001098632812], [108.97600555419922, 111.66400146484375, 130.92800903320312, 165.64801025390625], [128.91200256347656, 114.80000305175781, 145.71200561523438, 167.21600341796875], [182.89601135253906, 103.3759994506836, 199.92001342773438, 149.96800231933594], [197.9040069580078, 118.16000366210938, 218.7360076904297, 150.63999938964844]], 'labels': ['desk', 'desk', 'person', 'person', 'person', 'person', 'person', 'person']}}"
0061,"{'<DENSE_REGION_CAPTION>': {'bboxes': [[7.952000141143799, 135.8560028076172, 90.60800170898438, 223.66400146484375], [185.13600158691406, 149.52000427246094, 223.66400146484375, 223.66400146484375], [29.23200035095215, 27.216001510620117, 63.952003479003906, 157.13600158691406], [155.79200744628906, 110.09600067138672, 186.48001098632812, 158.25601196289062], [110.09600067138672, 112.11200714111328, 130.70401000976562, 165.64801025390625], [128.46400451660156, 116.59200286865234, 146.60800170898438, 167.44000244140625], [198.3520050048828, 108.52799987792969, 218.7360076904297, 150.41600036621094]], 'labels': ['desk', 'desk', 'person', 'person', 'person', 'person', 'person']}}"
0062,"{'<DENSE_REGION_CAPTION>': {'bboxes': [[7.952000141143799, 135.8560028076172, 90.60800170898438, 223.66400146484375], [185.13600158691406, 149.96800231933594, 223.66400146484375, 223.66400146484375], [31.02400016784668, 27.88800048828125, 57.68000030517578, 143.9199981689453], [155.34400939941406, 108.75200653076172, 186.25601196289062, 158.03199768066406], [108.97600555419922, 112.11200714111328, 131.15200805664062, 165.64801025390625], [128.46400451660156, 117.71200561523438, 146.60800170898438, 167.66400146484375], [198.3520050048828, 117.48800659179688, 218.2880096435547, 150.41600036621094], [184.01600646972656, 113.90400695800781, 199.2480010986328, 149.74400329589844]], 'labels': ['desk', 'desk', 'person', 'person', 'person', 'person', 'person', 'person']}}"
0063,"{'<DENSE_REGION_CAPTION>': {'bboxes': [[7.952000141143799, 135.8560028076172, 90.83200073242188, 223.66400146484375], [184.24000549316406, 149.96800231933594, 223.66400146484375, 223.66400146484375], [43.12000274658203, 49.16800308227539, 73.80799865722656, 141.4560089111328], [152.656005859375, 108.30400085449219, 185.36000061035156, 158.48001098632812], [110.09600067138672, 111.88800048828125, 131.82400512695312, 165.87200927734375], [196.5600128173828, 103.82400512695312, 220.3040008544922, 150.41600036621094], [130.03199768066406, 116.81600189208984, 146.83200073242188, 167.88800048828125]], 'labels': ['desk', 'desk', 'person', 'person', 'person', 'person', 'person']}}"
0064,"{'<DENSE_REGION_CAPTION>': {'bboxes': [[7.952000141143799, 135.8560028076172, 90.60800170898438, 223.66400146484375], [184.24000549316406, 149.96800231933594, 223.66400146484375, 223.66400146484375], [36.624000549316406, 28.336000442504883, 57.68000030517578, 143.4720001220703], [152.2080078125, 107.40800476074219, 191.6320037841797, 159.37600708007812], [109.64800262451172, 111.44000244140625, 131.15200805664062, 165.64801025390625], [129.13600158691406, 117.04000091552734, 146.38400268554688, 167.44000244140625], [201.71200561523438, 100.46400451660156, 220.75201416015625, 141.4560089111328]], 'labels': ['desk', 'desk', 'person', 'person', 'person', 'person', 'person']}}"
0065,"{'<DENSE_REGION_CAPTION>': {'bboxes': [[7.952000141143799, 135.8560028076172, 90.60800170898438, 223.66400146484375], [185.13600158691406, 149.96800231933594, 223.66400146484375, 223.66400146484375], [27.216001510620117, 27.216001510620117, 54.320003509521484, 145.04000854492188], [152.656005859375, 108.08000183105469, 191.1840057373047, 159.15200805664062], [108.97600555419922, 109.87200164794922, 130.70401000976562, 179.9840087890625], [129.36000061035156, 117.26399993896484, 152.656005859375, 167.66400146484375], [109.64800262451172, 109.87200164794922, 130.48001098632812, 160.72000122070312], [198.8000030517578, 117.48800659179688, 218.9600067138672, 150.41600036621094], [201.04000854492188, 101.36000061035156, 215.37600708007812, 133.16799926757812]], 'labels': ['desk', 'desk', 'person', 'person', 'person', 'person', 'person', 'person', 'person']}}"
0066,"{'<DENSE_REGION_CAPTION>': {'bboxes': [[7.952000141143799, 135.8560028076172, 90.60800170898438, 223.66400146484375], [184.68800354003906, 149.74400329589844, 223.66400146484375, 223.66400146484375], [26.32000160217285, 27.216001510620117, 53.42399978637695, 144.81600952148438], [152.656005859375, 107.18400573730469, 189.8400115966797, 159.37600708007812], [116.81600189208984, 102.2560043334961, 144.81600952148438, 159.37600708007812], [195.21600341796875, 101.8080062866211, 218.2880096435547, 150.41600036621094], [175.72801208496094, 102.4800033569336, 196.5600128173828, 149.96800231933594], [129.80799865722656, 128.01600646972656, 145.26400756835938, 166.09600830078125]], 'labels': ['desk', 'desk', 'person', 'person', 'person', 'person', 'person', 'person']}}"
0067,"{'<DENSE_REGION_CAPTION>': {'bboxes': [[7.952000141143799, 135.8560028076172, 90.60800170898438, 223.66400146484375], [185.13600158691406, 149.74400329589844, 223.66400146484375, 223.66400146484375], [28.112001419067383, 27.440000534057617, 53.20000076293945, 145.04000854492188], [152.8800048828125, 108.08000183105469, 190.2880096435547, 158.92800903320312], [130.03199768066406, 116.81600189208984, 152.656005859375, 167.66400146484375], [115.92000579833984, 100.01600646972656, 133.61599731445312, 155.12001037597656], [130.25599670410156, 116.81600189208984, 144.81600952148438, 167.44000244140625], [199.92001342773438, 106.51200103759766, 212.68800354003906, 149.96800231933594]], 'labels': ['desk', 'desk', 'person', 'person', 'person', 'person', 'person', 'person']}}"
0068,"{'<DENSE_REGION_CAPTION>': {'bboxes': [[7.952000141143799, 135.8560028076172, 90.60800170898438, 223.66400146484375], [185.13600158691406, 149.74400329589844, 223.66400146484375, 223.66400146484375], [28.784000396728516, 27.440000534057617, 52.97600173950195, 157.13600158691406], [152.8800048828125, 107.40800476074219, 186.70401000976562, 159.15200805664062], [130.03199768066406, 117.71200561523438, 152.4320068359375, 168.11199951171875], [86.57600402832031, 189.16799926757812, 118.83200073242188, 223.66400146484375], [15.344000816345215, 197.0080108642578, 46.704002380371094, 223.66400146484375], [90.38400268554688, 24.079999923706055, 104.27200317382812, 49.39200210571289], [83.88800048828125, 21.392000198364258, 93.07200622558594, 57.45600128173828]], 'labels': ['desk', 'desk', 'person', 'person', 'person', 'chair', 'chair', 'clock', 'flag']}}"
0069,"{'<DENSE_REGION_CAPTION>': {'bboxes': [[7.952000141143799, 135.8560028076172, 90.83200073242188, 223.66400146484375], [185.13600158691406, 149.96800231933594, 223.66400146484375, 223.66400146484375], [0.1120000034570694, 140.11199951171875, 28.784000396728516, 180.4320068359375], [27.216001510620117, 25.424001693725586, 59.92000198364258, 145.48800659179688], [153.3280029296875, 106.73600006103516, 185.36000061035156, 157.58399963378906], [130.03199768066406, 117.26399993896484, 147.27999877929688, 167.44000244140625]], 'labels': ['desk', 'desk', 'desk', 'person', 'person', 'person']}}"
0070,"{'<DENSE_REGION_CAPTION>': {'bboxes': [[7.952000141143799, 135.8560028076172, 90.83200073242188, 223.66400146484375], [184.01600646972656, 149.96800231933594, 223.66400146484375, 223.66400146484375], [14.672000885009766, 26.09600067138672, 44.91200256347656, 164.5279998779297], [145.04000854492188, 105.16800689697266, 181.3280029296875, 159.82400512695312], [175.50399780273438, 104.72000122070312, 198.8000030517578, 150.19200134277344], [130.03199768066406, 117.04000091552734, 146.38400268554688, 167.66400146484375], [199.6959991455078, 97.7760009765625, 217.6160125732422, 136.5279998779297]], 'labels': ['desk', 'desk', 'person', 'person', 'person', 'person', 'person']}}"
0071,"{'<DENSE_REGION_CAPTION>': {'bboxes': [[7.952000141143799, 135.8560028076172, 90.60800170898438, 223.66400146484375], [184.01600646972656, 149.74400329589844, 223.66400146484375, 223.66400146484375], [13.104000091552734, 28.784000396728516, 47.37600326538086, 145.93600463867188], [150.41600036621094, 106.96000671386719, 184.01600646972656, 159.37600708007812], [171.6959991455078, 103.3759994506836, 196.11199951171875, 150.63999938964844], [130.03199768066406, 116.36800384521484, 145.71200561523438, 166.09600830078125], [204.84800720214844, 89.48799896240234, 217.8400115966797, 139.88800048828125]], 'labels': ['desk', 'desk', 'person', 'person', 'person', 'person', 'person']}}"
0072,"{'<DENSE_REGION_CAPTION>': {'bboxes': [[7.952000141143799, 135.8560028076172, 90.83200073242188, 223.66400146484375], [183.79200744628906, 149.74400329589844, 223.66400146484375, 223.66400146484375], [12.432000160217285, 28.784000396728516, 42.672000885009766, 164.5279998779297], [149.96800231933594, 105.16800689697266, 181.3280029296875, 158.92800903320312], [129.58399963378906, 116.14400482177734, 145.93600463867188, 166.54400634765625], [203.27999877929688, 89.71200561523438, 219.4080047607422, 131.82400512695312]], 'labels': ['desk', 'desk', 'person', 'person', 'person', 'person']}}"
0073,"{'<DENSE_REGION_CAPTION>': {'bboxes': [[66.41600036621094, 7.728000164031982, 152.4320068359375, 116.81600189208984], [7.952000141143799, 135.8560028076172, 90.83200073242188, 223.66400146484375], [185.58399963378906, 149.96800231933594, 223.66400146484375, 223.66400146484375], [13.104000091552734, 29.00800132751465, 42.224002838134766, 164.3040008544922], [153.7760009765625, 105.61600494384766, 193.87200927734375, 158.25601196289062], [129.36000061035156, 116.36800384521484, 145.71200561523438, 166.09600830078125]], 'labels': ['whiteboard', 'desk', 'desk', 'person', 'person', 'person']}}"
0074,"{'<DENSE_REGION_CAPTION>': {'bboxes': [[66.41600036621094, 8.848000526428223, 152.4320068359375, 116.59200286865234], [7.952000141143799, 135.8560028076172, 90.60800170898438, 223.66400146484375], [183.79200744628906, 149.74400329589844, 223.66400146484375, 223.66400146484375], [11.984000205993652, 28.784000396728516, 42.0, 164.5279998779297], [147.95201110839844, 106.51200103759766, 180.656005859375, 159.60000610351562], [177.96800231933594, 38.19200134277344, 205.96800231933594, 85.45600128173828], [177.74400329589844, 103.82400512695312, 197.6800079345703, 150.41600036621094], [129.58399963378906, 116.36800384521484, 145.71200561523438, 166.76800537109375], [202.83200073242188, 90.16000366210938, 217.16799926757812, 139.88800048828125], [196.11199951171875, 116.81600189208984, 212.68800354003906, 150.19200134277344]], 'labels': ['whiteboard', 'desk', 'desk', 'person', 'person', 'person', 'person', 'person', 'person', 'person']}}"
0075,"{'<DENSE_REGION_CAPTION>': {'bboxes': [[66.41600036621094, 8.40000057220459, 152.4320068359375, 116.59200286865234], [7.952000141143799, 135.8560028076172, 90.60800170898438, 223.66400146484375], [184.24000549316406, 149.96800231933594, 223.66400146484375, 223.66400146484375], [10.640000343322754, 28.784000396728516, 42.672000885009766, 163.6320037841797], [151.760009765625, 107.18400573730469, 186.03201293945312, 159.60000610351562], [177.96800231933594, 106.73600006103516, 203.27999877929688, 150.19200134277344], [129.58399963378906, 116.36800384521484, 145.71200561523438, 166.54400634765625], [200.36801147460938, 117.26399993896484, 217.3920135498047, 150.19200134277344], [202.83200073242188, 97.10400390625, 217.16799926757812, 131.82400512695312]], 'labels': ['whiteboard', 'desk', 'desk', 'person', 'person', 'person', 'person', 'person', 'person']}}"
0076,"{'<DENSE_REGION_CAPTION>': {'bboxes': [[66.41600036621094, 7.28000020980835, 152.4320068359375, 116.81600189208984], [7.952000141143799, 135.8560028076172, 90.60800170898438, 223.66400146484375], [183.79200744628906, 149.96800231933594, 223.66400146484375, 223.66400146484375], [11.53600025177002, 29.00800132751465, 41.552001953125, 163.1840057373047], [152.2080078125, 107.18400573730469, 185.36000061035156, 158.92800903320312], [198.8000030517578, 90.16000366210938, 220.5279998779297, 150.19200134277344], [129.58399963378906, 116.14400482177734, 145.48800659179688, 166.54400634765625], [201.93600463867188, 90.16000366210938, 218.2880096435547, 133.61599731445312]], 'labels': ['whiteboard', 'desk', 'desk', 'person', 'person', 'person', 'person', 'person']}}"
0077,"{'<DENSE_REGION_CAPTION>': {'bboxes': [[66.41600036621094, 8.176000595092773, 152.4320068359375, 116.81600189208984], [7.952000141143799, 135.8560028076172, 90.83200073242188, 223.66400146484375], [183.79200744628906, 149.74400329589844, 223.66400146484375, 223.66400146484375], [10.86400032043457, 29.23200035095215, 42.448001861572266, 163.1840057373047], [151.760009765625, 106.73600006103516, 185.58399963378906, 158.92800903320312], [129.36000061035156, 116.36800384521484, 145.71200561523438, 167.21600341796875], [197.4560089111328, 117.04000091552734, 213.58399963378906, 150.41600036621094]], 'labels': ['whiteboard', 'desk', 'desk', 'person', 'person', 'person', 'person']}}"
0078,"{'<DENSE_REGION_CAPTION>': {'bboxes': [[66.41600036621094, 8.848000526428223, 152.4320068359375, 116.59200286865234], [7.952000141143799, 135.8560028076172, 90.83200073242188, 223.66400146484375], [183.79200744628906, 149.74400329589844, 223.66400146484375, 223.66400146484375], [11.088000297546387, 29.00800132751465, 42.224002838134766, 164.3040008544922], [151.760009765625, 108.75200653076172, 185.58399963378906, 159.60000610351562], [176.62400817871094, 106.51200103759766, 205.07200622558594, 149.96800231933594], [128.01600646972656, 116.36800384521484, 147.27999877929688, 166.99200439453125], [169.4560089111328, 42.224002838134766, 188.94400024414062, 85.68000030517578], [202.38400268554688, 89.93600463867188, 217.6160125732422, 133.39199829101562]], 'labels': ['whiteboard', 'desk', 'desk', 'person', 'person', 'person', 'person', 'person', 'person']}}"
0079,"{'<DENSE_REGION_CAPTION>': {'bboxes': [[7.952000141143799, 135.8560028076172, 90.83200073242188, 223.66400146484375], [184.46400451660156, 149.96800231933594, 223.66400146484375, 223.66400146484375], [11.53600025177002, 29.00800132751465, 41.552001953125, 164.5279998779297], [152.2080078125, 107.40800476074219, 185.58399963378906, 159.37600708007812], [128.46400451660156, 116.36800384521484, 146.38400268554688, 166.54400634765625], [203.27999877929688, 91.5040054321289, 216.49600219726562, 140.11199951171875], [196.7840118408203, 117.26399993896484, 211.56800842285156, 150.41600036621094]], 'labels': ['desk', 'desk', 'person', 'person', 'person', 'person', 'person']}}"
0080,"{'<DENSE_REGION_CAPTION>': {'bboxes': [[7.952000141143799, 135.4080047607422, 94.63999938964844, 223.66400146484375], [183.79200744628906, 149.74400329589844, 223.66400146484375, 223.66400146484375], [11.312000274658203, 29.00800132751465, 41.552001953125, 163.8560028076172], [152.8800048828125, 106.96000671386719, 185.58399963378906, 157.58399963378906], [128.91200256347656, 116.59200286865234, 145.71200561523438, 166.54400634765625]], 'labels': ['desk', 'desk', 'person', 'person', 'person']}}"
0081,"{'<DENSE_REGION_CAPTION>': {'bboxes': [[66.41600036621094, 9.296000480651855, 152.4320068359375, 115.47200012207031], [7.952000141143799, 135.4080047607422, 94.63999938964844, 223.66400146484375], [184.01600646972656, 149.74400329589844, 223.66400146484375, 223.66400146484375], [11.53600025177002, 29.00800132751465, 41.552001953125, 164.0800018310547], [152.656005859375, 107.18400573730469, 185.58399963378906, 157.80799865722656], [128.46400451660156, 117.48800659179688, 146.16000366210938, 167.21600341796875], [202.83200073242188, 91.2800064086914, 217.16799926757812, 133.16799926757812], [168.5600128173828, 42.224002838134766, 188.49600219726562, 62.160003662109375]], 'labels': ['whiteboard', 'desk', 'desk', 'person', 'person', 'person', 'person', 'person']}}"
0082,"{'<DENSE_REGION_CAPTION>': {'bboxes': [[66.41600036621094, 9.296000480651855, 152.4320068359375, 116.36800384521484], [7.504000186920166, 135.6320037841797, 91.05599975585938, 223.66400146484375], [183.56800842285156, 149.52000427246094, 223.66400146484375, 223.66400146484375], [86.35200500488281, 151.760009765625, 120.4000015258789, 223.66400146484375], [11.312000274658203, 28.784000396728516, 42.224002838134766, 163.6320037841797], [151.08799743652344, 108.08000183105469, 185.58399963378906, 159.37600708007812], [181.10400390625, 106.73600006103516, 210.67201232910156, 150.19200134277344], [128.91200256347656, 116.36800384521484, 145.71200561523438, 166.99200439453125], [205.74400329589844, 92.1760025024414, 218.2880096435547, 140.11199951171875]], 'labels': ['whiteboard', 'table', 'table', 'chair', 'person', 'person', 'person', 'person', 'person']}}"
0083,"{'<DENSE_REGION_CAPTION>': {'bboxes': [[66.41600036621094, 9.744000434875488, 152.4320068359375, 116.59200286865234], [7.504000186920166, 135.6320037841797, 91.05599975585938, 223.66400146484375], [183.56800842285156, 149.52000427246094, 223.66400146484375, 223.66400146484375], [86.35200500488281, 151.760009765625, 120.4000015258789, 223.66400146484375], [14.672000885009766, 196.7840118408203, 57.45600128173828, 223.66400146484375], [11.312000274658203, 28.784000396728516, 42.224002838134766, 146.83200073242188], [151.5360107421875, 107.18400573730469, 184.91200256347656, 158.25601196289062], [179.5360107421875, 107.63200378417969, 204.62400817871094, 150.41600036621094], [129.13600158691406, 116.81600189208984, 147.72801208496094, 167.44000244140625], [203.72801208496094, 93.96800231933594, 218.7360076904297, 134.9600067138672]], 'labels': ['whiteboard', 'table', 'table', 'chair', 'chair', 'person', 'person', 'person', 'person', 'person']}}"
0084,"{'<DENSE_REGION_CAPTION>': {'bboxes': [[66.41600036621094, 9.744000434875488, 152.656005859375, 116.81600189208984], [7.504000186920166, 135.6320037841797, 91.5040054321289, 223.66400146484375], [183.56800842285156, 149.52000427246094, 223.66400146484375, 223.66400146484375], [86.35200500488281, 151.760009765625, 120.4000015258789, 223.66400146484375], [11.53600025177002, 28.560001373291016, 42.448001861572266, 164.0800018310547], [151.5360107421875, 107.18400573730469, 184.68800354003906, 157.36000061035156], [128.46400451660156, 116.59200286865234, 151.31201171875, 167.21600341796875], [179.5360107421875, 107.40800476074219, 202.60800170898438, 150.41600036621094], [201.04000854492188, 92.6240005493164, 222.32000732421875, 136.0800018310547]], 'labels': ['whiteboard', 'table', 'table', 'chair', 'person', 'person', 'person', 'person', 'person']}}"
0085,"{'<DENSE_REGION_CAPTION>': {'bboxes': [[66.41600036621094, 11.984000205993652, 152.656005859375, 116.81600189208984], [7.504000186920166, 135.6320037841797, 91.2800064086914, 223.66400146484375], [183.56800842285156, 149.52000427246094, 223.66400146484375, 223.66400146484375], [86.35200500488281, 151.5360107421875, 119.9520034790039, 223.66400146484375], [11.984000205993652, 28.784000396728516, 42.224002838134766, 164.3040008544922], [151.08799743652344, 107.18400573730469, 184.46400451660156, 157.36000061035156], [122.41600036621094, 89.04000091552734, 145.48800659179688, 153.3280029296875], [127.56800079345703, 117.04000091552734, 151.31201171875, 167.66400146484375], [179.5360107421875, 107.63200378417969, 202.16000366210938, 150.19200134277344], [202.83200073242188, 92.8479995727539, 218.7360076904297, 131.15200805664062]], 'labels': ['whiteboard', 'table', 'table', 'chair', 'person', 'person', 'person', 'person', 'person', 'person']}}"
0086,"{'<DENSE_REGION_CAPTION>': {'bboxes': [[66.41600036621094, 9.744000434875488, 152.656005859375, 116.81600189208984], [7.504000186920166, 135.6320037841797, 91.2800064086914, 223.66400146484375], [183.56800842285156, 149.52000427246094, 223.66400146484375, 223.66400146484375], [86.35200500488281, 151.760009765625, 120.1760025024414, 223.66400146484375], [11.088000297546387, 28.784000396728516, 42.224002838134766, 164.3040008544922], [151.5360107421875, 106.96000671386719, 184.46400451660156, 157.58399963378906], [117.48800659179688, 96.43199920654297, 139.44000244140625, 156.24000549316406], [129.36000061035156, 116.36800384521484, 151.31201171875, 167.66400146484375], [181.552001953125, 107.18400573730469, 204.40000915527344, 150.19200134277344], [201.93600463867188, 92.4000015258789, 222.32000732421875, 141.2320098876953]], 'labels': ['whiteboard', 'table', 'table', 'chair', 'person', 'person', 'person', 'person', 'person', 'person']}}"
0087,"{'<DENSE_REGION_CAPTION>': {'bboxes': [[66.41600036621094, 9.520000457763672, 152.656005859375, 116.59200286865234], [7.504000186920166, 135.6320037841797, 91.05599975585938, 223.66400146484375], [183.56800842285156, 149.52000427246094, 223.66400146484375, 223.66400146484375], [86.35200500488281, 151.5360107421875, 120.6240005493164, 223.66400146484375], [9.968000411987305, 28.784000396728516, 42.224002838134766, 164.5279998779297], [151.5360107421875, 106.96000671386719, 184.68800354003906, 158.48001098632812], [129.13600158691406, 115.69600677490234, 151.31201171875, 167.44000244140625], [201.04000854492188, 92.1760025024414, 218.9600067138672, 139.88800048828125]], 'labels': ['whiteboard', 'table', 'table', 'chair', 'person', 'person', 'person', 'person']}}"
0088,"{'<DENSE_REGION_CAPTION>': {'bboxes': [[66.41600036621094, 9.520000457763672, 152.656005859375, 116.81600189208984], [7.504000186920166, 135.6320037841797, 91.05599975585938, 223.66400146484375], [183.56800842285156, 149.52000427246094, 223.66400146484375, 223.66400146484375], [86.35200500488281, 151.760009765625, 119.9520034790039, 223.66400146484375], [9.968000411987305, 28.784000396728516, 46.928001403808594, 163.6320037841797], [151.08799743652344, 106.96000671386719, 186.03201293945312, 159.60000610351562], [116.59200286865234, 98.22400665283203, 136.5279998779297, 156.24000549316406], [201.04000854492188, 93.07200622558594, 223.66400146484375, 141.6800079345703], [180.4320068359375, 106.96000671386719, 204.17601013183594, 150.19200134277344], [129.58399963378906, 117.04000091552734, 147.72801208496094, 167.88800048828125]], 'labels': ['whiteboard', 'table', 'table', 'chair', 'person', 'person', 'person', 'person', 'person', 'person']}}"
0089,"{'<DENSE_REGION_CAPTION>': {'bboxes': [[66.41600036621094, 9.744000434875488, 152.656005859375, 116.59200286865234], [7.504000186920166, 135.6320037841797, 91.05599975585938, 223.66400146484375], [183.56800842285156, 149.52000427246094, 223.66400146484375, 223.66400146484375], [86.35200500488281, 151.5360107421875, 120.1760025024414, 223.66400146484375], [9.968000411987305, 29.00800132751465, 46.928001403808594, 163.6320037841797], [151.08799743652344, 106.96000671386719, 185.58399963378906, 159.37600708007812], [129.58399963378906, 116.59200286865234, 147.27999877929688, 167.44000244140625]], 'labels': ['whiteboard', 'table', 'table', 'chair', 'person', 'person', 'person']}}"
0090,"{'<DENSE_REGION_CAPTION>': {'bboxes': [[66.41600036621094, 10.192000389099121, 152.656005859375, 116.81600189208984], [7.504000186920166, 135.6320037841797, 91.05599975585938, 223.66400146484375], [183.56800842285156, 149.74400329589844, 223.66400146484375, 223.66400146484375], [86.35200500488281, 151.760009765625, 120.4000015258789, 223.66400146484375], [9.968000411987305, 29.45600128173828, 46.25600051879883, 163.6320037841797], [151.08799743652344, 107.63200378417969, 185.58399963378906, 159.60000610351562], [129.58399963378906, 116.81600189208984, 151.08799743652344, 167.66400146484375], [202.38400268554688, 93.96800231933594, 221.87200927734375, 141.2320098876953]], 'labels': ['whiteboard', 'table', 'table', 'chair', 'person', 'person', 'person', 'person']}}"
0091,"{'<DENSE_REGION_CAPTION>': {'bboxes': [[66.41600036621094, 9.968000411987305, 152.8800048828125, 116.81600189208984], [7.504000186920166, 135.6320037841797, 91.05599975585938, 223.66400146484375], [183.79200744628906, 149.52000427246094, 223.66400146484375, 223.66400146484375], [86.57600402832031, 151.5360107421875, 120.4000015258789, 223.66400146484375], [10.416000366210938, 29.23200035095215, 45.80800247192383, 162.7360076904297], [151.5360107421875, 107.63200378417969, 184.24000549316406, 158.92800903320312], [202.38400268554688, 94.63999938964844, 221.64801025390625, 140.7840118408203], [130.03199768066406, 116.59200286865234, 145.93600463867188, 167.44000244140625]], 'labels': ['whiteboard', 'table', 'table', 'chair', 'person', 'person', 'person', 'person']}}"
0092,"{'<DENSE_REGION_CAPTION>': {'bboxes': [[7.952000141143799, 135.8560028076172, 90.60800170898438, 223.66400146484375], [183.79200744628906, 149.74400329589844, 223.66400146484375, 223.66400146484375], [10.416000366210938, 29.00800132751465, 45.58399963378906, 163.6320037841797], [151.08799743652344, 107.18400573730469, 185.58399963378906, 159.37600708007812], [129.13600158691406, 115.92000579833984, 148.62400817871094, 167.44000244140625]], 'labels': ['desk', 'desk', 'person', 'person', 'person']}}"
0093,"{'<DENSE_REGION_CAPTION>': {'bboxes': [[7.728000164031982, 135.8560028076172, 90.60800170898438, 223.66400146484375], [183.79200744628906, 149.74400329589844, 223.66400146484375, 223.66400146484375], [10.416000366210938, 29.00800132751465, 45.80800247192383, 164.5279998779297], [151.08799743652344, 108.75200653076172, 185.80799865722656, 159.82400512695312], [127.56800079345703, 115.92000579833984, 146.83200073242188, 167.44000244140625], [201.71200561523438, 91.7280044555664, 219.6320037841797, 133.61599731445312]], 'labels': ['desk', 'desk', 'person', 'person', 'person', 'person']}}"
0094,"{'<DENSE_REGION_CAPTION>': {'bboxes': [[7.952000141143799, 135.8560028076172, 90.60800170898438, 223.66400146484375], [184.24000549316406, 149.96800231933594, 223.66400146484375, 223.66400146484375], [10.86400032043457, 29.00800132751465, 45.58399963378906, 164.0800018310547], [151.5360107421875, 107.63200378417969, 185.36000061035156, 159.60000610351562], [129.58399963378906, 115.92000579833984, 147.72801208496094, 167.44000244140625], [202.16000366210938, 91.9520034790039, 220.75201416015625, 140.7840118408203], [183.56800842285156, 106.96000671386719, 202.83200073242188, 150.19200134277344]], 'labels': ['desk', 'desk', 'person', 'person', 'person', 'person', 'person']}}"
0095,"{'<DENSE_REGION_CAPTION>': {'bboxes': [[7.952000141143799, 135.8560028076172, 90.60800170898438, 223.66400146484375], [184.01600646972656, 149.74400329589844, 223.66400146484375, 223.66400146484375], [11.53600025177002, 29.00800132751465, 45.58399963378906, 163.6320037841797], [151.5360107421875, 107.63200378417969, 185.58399963378906, 159.60000610351562], [129.13600158691406, 115.69600677490234, 147.05599975585938, 167.66400146484375], [204.17601013183594, 92.1760025024414, 221.20001220703125, 134.2880096435547]], 'labels': ['desk', 'desk', 'person', 'person', 'person', 'person']}}"
0096,"{'<DENSE_REGION_CAPTION>': {'bboxes': [[7.728000164031982, 135.6320037841797, 94.41600036621094, 223.66400146484375], [184.46400451660156, 149.52000427246094, 223.66400146484375, 223.66400146484375], [11.53600025177002, 28.784000396728516, 46.03200149536133, 163.6320037841797], [151.5360107421875, 107.63200378417969, 185.58399963378906, 159.60000610351562], [201.04000854492188, 92.6240005493164, 223.66400146484375, 141.4560089111328], [129.58399963378906, 115.92000579833984, 147.27999877929688, 167.88800048828125]], 'labels': ['desk', 'desk', 'person', 'person', 'person', 'person']}}"
0097,"{'<DENSE_REGION_CAPTION>': {'bboxes': [[7.952000141143799, 135.8560028076172, 91.05599975585938, 223.66400146484375], [184.24000549316406, 149.74400329589844, 223.66400146484375, 223.66400146484375], [10.640000343322754, 29.00800132751465, 46.25600051879883, 163.6320037841797], [152.2080078125, 106.51200103759766, 186.03201293945312, 159.60000610351562], [129.13600158691406, 115.69600677490234, 153.552001953125, 167.88800048828125], [201.71200561523438, 92.1760025024414, 223.66400146484375, 141.9040069580078], [179.0880126953125, 106.96000671386719, 202.16000366210938, 149.96800231933594]], 'labels': ['desk', 'desk', 'person', 'person', 'person', 'person', 'person']}}"
0098,"{'<DENSE_REGION_CAPTION>': {'bboxes': [[7.952000141143799, 135.8560028076172, 91.05599975585938, 223.66400146484375], [183.79200744628906, 149.74400329589844, 223.66400146484375, 223.66400146484375], [10.86400032043457, 29.00800132751465, 45.36000061035156, 163.1840057373047], [151.08799743652344, 107.18400573730469, 185.58399963378906, 159.82400512695312], [202.16000366210938, 92.4000015258789, 223.66400146484375, 141.6800079345703], [129.58399963378906, 115.92000579833984, 146.38400268554688, 167.44000244140625], [179.5360107421875, 116.14400482177734, 200.36801147460938, 149.74400329589844]], 'labels': ['desk', 'desk', 'person', 'person', 'person', 'person', 'person']}}"
0099,"{'<DENSE_REGION_CAPTION>': {'bboxes': [[66.63999938964844, 9.744000434875488, 152.656005859375, 116.81600189208984], [7.952000141143799, 135.8560028076172, 91.05599975585938, 223.66400146484375], [183.56800842285156, 149.52000427246094, 223.66400146484375, 223.66400146484375], [10.640000343322754, 29.00800132751465, 45.58399963378906, 163.6320037841797], [151.08799743652344, 106.73600006103516, 184.01600646972656, 159.60000610351562], [179.5360107421875, 104.72000122070312, 204.62400817871094, 150.19200134277344], [129.58399963378906, 115.92000579833984, 146.83200073242188, 167.44000244140625]], 'labels': ['whiteboard', 'desk', 'desk', 'person', 'person', 'person', 'person']}}"
0100,"{'<DENSE_REGION_CAPTION>': {'bboxes': [[66.63999938964844, 9.072000503540039, 152.8800048828125, 116.81600189208984], [7.504000186920166, 135.6320037841797, 91.9520034790039, 223.66400146484375], [183.79200744628906, 149.29600524902344, 223.66400146484375, 223.66400146484375], [86.35200500488281, 151.760009765625, 120.1760025024414, 223.66400146484375], [15.344000816345215, 196.7840118408203, 57.68000030517578, 223.66400146484375], [86.57600402832031, 188.94400024414062, 119.0560073852539, 223.66400146484375], [90.16000366210938, 24.079999923706055, 104.49600219726562, 49.39200210571289]], 'labels': ['whiteboard', 'table', 'table', 'chair', 'chair', 'chair', 'clock']}}"
0101,"{'<DENSE_REGION_CAPTION>': {'bboxes': [[7.952000141143799, 135.8560028076172, 91.05599975585938, 223.66400146484375], [184.24000549316406, 149.52000427246094, 223.66400146484375, 223.66400146484375], [10.640000343322754, 29.00800132751465, 45.58399963378906, 163.6320037841797], [154.447998046875, 100.46400451660156, 186.48001098632812, 157.58399963378906], [199.6959991455078, 91.2800064086914, 223.66400146484375, 150.41600036621094], [130.03199768066406, 115.92000579833984, 145.48800659179688, 167.88800048828125]], 'labels': ['desk', 'desk', 'person', 'person', 'person', 'person']}}"
0102,"{'<DENSE_REGION_CAPTION>': {'bboxes': [[66.41600036621094, 9.296000480651855, 152.656005859375, 116.59200286865234], [7.504000186920166, 135.6320037841797, 91.05599975585938, 223.66400146484375], [183.12001037597656, 149.52000427246094, 223.66400146484375, 223.66400146484375], [86.57600402832031, 151.760009765625, 119.0560073852539, 223.66400146484375], [14.896000862121582, 196.7840118408203, 57.90400314331055, 223.66400146484375], [86.57600402832031, 188.94400024414062, 118.83200073242188, 223.66400146484375], [10.640000343322754, 28.784000396728516, 46.03200149536133, 164.5279998779297], [153.3280029296875, 101.36000061035156, 186.92800903320312, 156.91200256347656], [202.16000366210938, 90.60800170898438, 221.42401123046875, 149.52000427246094], [129.58399963378906, 116.14400482177734, 146.60800170898438, 167.21600341796875]], 'labels': ['whiteboard', 'table', 'table', 'chair', 'chair', 'chair', 'person', 'person', 'person', 'person']}}"
0103,"{'<DENSE_REGION_CAPTION>': {'bboxes': [[66.41600036621094, 9.744000434875488, 152.656005859375, 116.36800384521484], [0.1120000034570694, 0.1120000034570694, 11.984000205993652, 32.14400100708008], [86.57600402832031, 188.94400024414062, 118.60800170898438, 223.66400146484375], [11.312000274658203, 28.784000396728516, 46.03200149536133, 164.5279998779297], [152.2080078125, 101.13600158691406, 185.36000061035156, 156.91200256347656], [115.47200012207031, 99.12000274658203, 132.72000122070312, 156.24000549316406], [129.58399963378906, 116.36800384521484, 145.71200561523438, 166.99200439453125]], 'labels': ['whiteboard', 'poster', 'chair', 'person', 'person', 'person', 'person']}}"
0104,"{'<DENSE_REGION_CAPTION>': {'bboxes': [[66.41600036621094, 9.744000434875488, 152.656005859375, 116.81600189208984], [7.504000186920166, 135.6320037841797, 91.05599975585938, 223.66400146484375], [183.79200744628906, 149.74400329589844, 223.66400146484375, 223.66400146484375], [86.57600402832031, 189.16799926757812, 118.38400268554688, 223.66400146484375], [14.672000885009766, 197.0080108642578, 46.47999954223633, 223.66400146484375], [90.16000366210938, 24.079999923706055, 104.04800415039062, 49.39200210571289]], 'labels': ['whiteboard', 'table', 'table', 'chair', 'chair', 'clock']}}"
0105,"{'<DENSE_REGION_CAPTION>': {'bboxes': [[66.41600036621094, 9.520000457763672, 152.656005859375, 116.81600189208984], [7.504000186920166, 135.6320037841797, 91.05599975585938, 223.66400146484375], [183.56800842285156, 149.52000427246094, 223.66400146484375, 223.66400146484375], [86.57600402832031, 189.16799926757812, 118.38400268554688, 223.66400146484375], [14.672000885009766, 197.0080108642578, 46.47999954223633, 223.66400146484375], [90.16000366210938, 24.079999923706055, 104.04800415039062, 49.39200210571289]], 'labels': ['whiteboard', 'table', 'table', 'chair', 'chair', 'clock']}}"
0106,"{'<DENSE_REGION_CAPTION>': {'bboxes': [[66.41600036621094, 9.296000480651855, 152.656005859375, 116.81600189208984], [0.1120000034570694, 0.1120000034570694, 11.984000205993652, 32.14400100708008], [86.57600402832031, 189.16799926757812, 118.60800170898438, 223.66400146484375], [10.640000343322754, 29.904001235961914, 45.80800247192383, 147.05599975585938], [153.3280029296875, 107.40800476074219, 185.80799865722656, 157.80799865722656], [181.3280029296875, 105.61600494384766, 202.83200073242188, 150.19200134277344], [114.80000305175781, 100.24000549316406, 131.37600708007812, 156.46400451660156], [129.58399963378906, 117.04000091552734, 146.38400268554688, 167.44000244140625], [205.07200622558594, 90.83200073242188, 218.7360076904297, 133.61599731445312]], 'labels': ['whiteboard', 'poster', 'chair', 'person', 'person', 'person', 'person', 'person', 'person']}}"
0107,"{'<DENSE_REGION_CAPTION>': {'bboxes': [[66.41600036621094, 9.744000434875488, 152.656005859375, 116.14400482177734], [7.504000186920166, 135.6320037841797, 91.05599975585938, 223.66400146484375], [183.79200744628906, 149.52000427246094, 223.66400146484375, 223.66400146484375], [86.57600402832031, 151.760009765625, 118.83200073242188, 223.66400146484375], [15.120000839233398, 197.0080108642578, 57.90400314331055, 223.66400146484375], [86.80000305175781, 189.16799926757812, 118.60800170898438, 223.66400146484375], [90.38400268554688, 24.079999923706055, 104.49600219726562, 49.39200210571289]], 'labels': ['whiteboard', 'table', 'table', 'chair', 'chair', 'chair', 'clock']}}"
0108,"{'<DENSE_REGION_CAPTION>': {'bboxes': [[66.19200134277344, 9.520000457763672, 152.656005859375, 116.14400482177734], [7.504000186920166, 135.6320037841797, 91.05599975585938, 223.66400146484375], [183.79200744628906, 149.52000427246094, 223.66400146484375, 223.66400146484375], [86.57600402832031, 189.16799926757812, 118.38400268554688, 223.66400146484375]], 'labels': ['whiteboard', 'table', 'table', 'chair']}}"
0109,"{'<DENSE_REGION_CAPTION>': {'bboxes': [[66.41600036621094, 9.744000434875488, 152.656005859375, 116.81600189208984], [7.952000141143799, 135.8560028076172, 90.60800170898438, 223.66400146484375], [184.01600646972656, 149.74400329589844, 223.66400146484375, 223.66400146484375], [11.088000297546387, 29.23200035095215, 45.36000061035156, 163.6320037841797], [152.2080078125, 102.4800033569336, 185.58399963378906, 158.25601196289062], [180.8800048828125, 106.28800201416016, 202.60800170898438, 150.19200134277344], [130.03199768066406, 116.59200286865234, 145.48800659179688, 166.54400634765625]], 'labels': ['whiteboard', 'desk', 'desk', 'person', 'person', 'person', 'person']}}"
0110,"{'<DENSE_REGION_CAPTION>': {'bboxes': [[66.41600036621094, 9.744000434875488, 152.656005859375, 116.81600189208984], [7.952000141143799, 135.8560028076172, 90.60800170898438, 223.66400146484375], [184.01600646972656, 149.74400329589844, 223.66400146484375, 223.66400146484375], [11.088000297546387, 29.68000030517578, 44.91200256347656, 164.3040008544922], [152.8800048828125, 102.0320053100586, 185.58399963378906, 158.03199768066406], [180.656005859375, 107.18400573730469, 202.83200073242188, 150.19200134277344], [130.25599670410156, 116.81600189208984, 146.38400268554688, 166.76800537109375], [203.72801208496094, 88.59200286865234, 217.3920135498047, 134.7360076904297]], 'labels': ['whiteboard', 'desk', 'desk', 'person', 'person', 'person', 'person', 'person']}}"
0111,"{'<DENSE_REGION_CAPTION>': {'bboxes': [[66.19200134277344, 9.520000457763672, 152.656005859375, 115.47200012207031], [0.1120000034570694, 0.1120000034570694, 11.984000205993652, 32.14400100708008], [86.57600402832031, 189.16799926757812, 118.38400268554688, 223.66400146484375], [10.640000343322754, 29.00800132751465, 45.13600158691406, 164.3040008544922], [151.5360107421875, 103.3759994506836, 184.91200256347656, 156.91200256347656], [181.552001953125, 105.84000396728516, 202.38400268554688, 150.19200134277344], [129.58399963378906, 116.81600189208984, 145.71200561523438, 166.76800537109375]], 'labels': ['whiteboard', 'poster', 'chair', 'person', 'person', 'person', 'person']}}"
0112,"{'<DENSE_REGION_CAPTION>': {'bboxes': [[66.41600036621094, 9.296000480651855, 152.656005859375, 116.81600189208984], [7.504000186920166, 135.6320037841797, 91.5040054321289, 223.66400146484375], [183.56800842285156, 149.52000427246094, 223.66400146484375, 223.66400146484375], [86.57600402832031, 151.5360107421875, 120.1760025024414, 223.66400146484375], [15.120000839233398, 197.0080108642578, 57.68000030517578, 223.66400146484375], [86.57600402832031, 188.94400024414062, 119.0560073852539, 223.66400146484375], [11.53600025177002, 28.784000396728516, 45.80800247192383, 164.5279998779297], [153.7760009765625, 102.0320053100586, 186.48001098632812, 156.91200256347656], [129.58399963378906, 116.81600189208984, 147.27999877929688, 166.76800537109375]], 'labels': ['whiteboard', 'table', 'table', 'chair', 'chair', 'chair', 'person', 'person', 'person']}}"
0113,"{'<DENSE_REGION_CAPTION>': {'bboxes': [[66.41600036621094, 9.072000503540039, 152.656005859375, 115.69600677490234], [0.1120000034570694, 0.1120000034570694, 11.984000205993652, 32.14400100708008]], 'labels': ['whiteboard', 'poster']}}"
0114,"{'<DENSE_REGION_CAPTION>': {'bboxes': [[66.41600036621094, 9.072000503540039, 152.656005859375, 116.36800384521484], [7.504000186920166, 135.6320037841797, 91.5040054321289, 223.66400146484375], [183.56800842285156, 149.29600524902344, 223.66400146484375, 223.66400146484375], [86.57600402832031, 151.5360107421875, 119.7280044555664, 223.66400146484375], [15.120000839233398, 196.7840118408203, 57.68000030517578, 223.66400146484375], [86.57600402832031, 188.72000122070312, 119.0560073852539, 223.66400146484375], [10.640000343322754, 28.784000396728516, 45.58399963378906, 163.8560028076172], [153.7760009765625, 101.13600158691406, 185.80799865722656, 157.36000061035156], [181.552001953125, 106.73600006103516, 203.27999877929688, 149.96800231933594], [129.58399963378906, 116.36800384521484, 146.83200073242188, 166.99200439453125], [115.24800109863281, 100.01600646972656, 129.80799865722656, 156.01600646972656]], 'labels': ['whiteboard', 'table', 'table', 'chair', 'chair', 'chair', 'person', 'person', 'person', 'person', 'person']}}"
0115,"{'<DENSE_REGION_CAPTION>': {'bboxes': [[7.952000141143799, 135.8560028076172, 90.60800170898438, 223.66400146484375], [183.79200744628906, 149.52000427246094, 223.66400146484375, 223.66400146484375], [10.640000343322754, 29.00800132751465, 45.58399963378906, 164.7519989013672], [152.4320068359375, 101.36000061035156, 185.13600158691406, 157.80799865722656], [129.13600158691406, 116.59200286865234, 147.72801208496094, 167.21600341796875], [182.0, 106.96000671386719, 202.83200073242188, 149.74400329589844], [202.83200073242188, 89.04000091552734, 217.8400115966797, 135.8560028076172]], 'labels': ['desk', 'desk', 'person', 'person', 'person', 'person', 'person']}}"
0116,"{'<DENSE_REGION_CAPTION>': {'bboxes': [[66.41600036621094, 9.296000480651855, 152.656005859375, 115.69600677490234], [0.1120000034570694, 0.1120000034570694, 11.760000228881836, 32.14400100708008], [86.57600402832031, 151.5360107421875, 119.9520034790039, 223.66400146484375], [14.672000885009766, 196.7840118408203, 57.68000030517578, 223.66400146484375], [86.57600402832031, 188.72000122070312, 119.0560073852539, 223.66400146484375], [10.86400032043457, 28.784000396728516, 45.58399963378906, 164.5279998779297], [153.7760009765625, 105.61600494384766, 186.48001098632812, 157.80799865722656], [129.58399963378906, 116.36800384521484, 146.38400268554688, 166.99200439453125]], 'labels': ['whiteboard', 'poster', 'chair', 'chair', 'chair', 'person', 'person', 'person']}}"
0117,"{'<DENSE_REGION_CAPTION>': {'bboxes': [[66.41600036621094, 9.296000480651855, 152.656005859375, 116.81600189208984], [151.08799743652344, 30.80000114440918, 207.31201171875, 89.71200561523438], [86.35200500488281, 151.760009765625, 119.7280044555664, 223.66400146484375], [14.672000885009766, 197.0080108642578, 57.45600128173828, 223.66400146484375], [10.86400032043457, 29.23200035095215, 45.36000061035156, 164.7519989013672], [152.4320068359375, 101.8080062866211, 185.58399963378906, 159.37600708007812], [182.2239990234375, 105.39200592041016, 204.62400817871094, 150.19200134277344], [129.58399963378906, 116.81600189208984, 146.83200073242188, 167.44000244140625], [115.24800109863281, 99.12000274658203, 130.25599670410156, 156.01600646972656], [202.83200073242188, 115.69600677490234, 223.66400146484375, 150.19200134277344]], 'labels': ['whiteboard', 'poster', 'chair', 'chair', 'person', 'person', 'person', 'person', 'person', 'person']}}"
0118,"{'<DENSE_REGION_CAPTION>': {'bboxes': [[7.952000141143799, 135.8560028076172, 90.83200073242188, 223.66400146484375], [184.24000549316406, 149.74400329589844, 223.66400146484375, 223.66400146484375], [11.53600025177002, 29.00800132751465, 45.36000061035156, 164.3040008544922], [152.4320068359375, 97.552001953125, 185.58399963378906, 159.37600708007812], [130.03199768066406, 116.59200286865234, 152.2080078125, 167.44000244140625], [181.7760009765625, 107.18400573730469, 204.17601013183594, 150.19200134277344], [116.36800384521484, 98.67200469970703, 132.04800415039062, 156.24000549316406], [201.93600463867188, 115.02400207519531, 223.66400146484375, 150.19200134277344]], 'labels': ['desk', 'desk', 'person', 'person', 'person', 'person', 'person', 'person']}}"
0119,"{'<DENSE_REGION_CAPTION>': {'bboxes': [[66.41600036621094, 9.072000503540039, 152.656005859375, 116.81600189208984], [0.1120000034570694, 0.1120000034570694, 11.760000228881836, 32.14400100708008], [86.57600402832031, 189.16799926757812, 118.83200073242188, 223.66400146484375], [14.672000885009766, 197.0080108642578, 46.47999954223633, 223.66400146484375], [11.088000297546387, 29.00800132751465, 45.36000061035156, 164.7519989013672], [152.2080078125, 101.8080062866211, 185.36000061035156, 158.25601196289062], [115.47200012207031, 98.67200469970703, 132.04800415039062, 156.01600646972656], [129.58399963378906, 116.81600189208984, 146.38400268554688, 167.44000244140625], [182.67201232910156, 107.85600280761719, 203.05599975585938, 150.41600036621094], [202.38400268554688, 116.59200286865234, 223.66400146484375, 150.19200134277344]], 'labels': ['whiteboard', 'poster', 'chair', 'chair', 'person', 'person', 'person', 'person', 'person', 'person']}}"
0120,"{'<DENSE_REGION_CAPTION>': {'bboxes': [[66.41600036621094, 9.072000503540039, 152.656005859375, 116.81600189208984], [0.1120000034570694, 0.1120000034570694, 11.760000228881836, 32.14400100708008], [86.57600402832031, 151.760009765625, 119.7280044555664, 223.66400146484375], [14.896000862121582, 197.0080108642578, 46.704002380371094, 223.66400146484375], [11.088000297546387, 29.23200035095215, 45.58399963378906, 164.7519989013672], [153.10400390625, 102.2560043334961, 186.03201293945312, 157.58399963378906], [129.58399963378906, 116.81600189208984, 152.2080078125, 167.44000244140625], [115.47200012207031, 98.67200469970703, 132.27200317382812, 156.01600646972656], [182.67201232910156, 107.18400573730469, 203.95201110839844, 149.96800231933594], [202.83200073242188, 89.04000091552734, 216.94400024414062, 134.2880096435547]], 'labels': ['whiteboard', 'poster', 'chair', 'chair', 'person', 'person', 'person', 'person', 'person', 'person']}}"
0121,"{'<DENSE_REGION_CAPTION>': {'bboxes': [[66.41600036621094, 9.072000503540039, 152.656005859375, 116.36800384521484], [0.1120000034570694, 0.1120000034570694, 11.760000228881836, 32.14400100708008], [86.35200500488281, 151.5360107421875, 119.9520034790039, 223.66400146484375], [14.672000885009766, 196.7840118408203, 57.45600128173828, 223.66400146484375], [10.416000366210938, 28.784000396728516, 45.80800247192383, 164.5279998779297], [152.2080078125, 102.4800033569336, 186.03201293945312, 158.70401000976562], [129.58399963378906, 116.59200286865234, 151.9840087890625, 167.21600341796875], [182.447998046875, 107.40800476074219, 203.95201110839844, 149.74400329589844], [115.92000579833984, 98.44800567626953, 130.25599670410156, 155.79200744628906], [202.83200073242188, 89.48799896240234, 217.3920135498047, 134.5120086669922]], 'labels': ['whiteboard', 'poster', 'chair', 'chair', 'person', 'person', 'person', 'person', 'person', 'person']}}"
0122,"{'<DENSE_REGION_CAPTION>': {'bboxes': [[66.41600036621094, 7.28000020980835, 152.4320068359375, 116.81600189208984], [86.57600402832031, 151.760009765625, 119.7280044555664, 223.66400146484375], [14.672000885009766, 196.7840118408203, 57.23200225830078, 223.66400146484375], [86.57600402832031, 188.94400024414062, 118.83200073242188, 223.66400146484375], [10.416000366210938, 28.784000396728516, 45.13600158691406, 145.93600463867188], [155.79200744628906, 102.2560043334961, 185.58399963378906, 157.13600158691406], [129.13600158691406, 117.48800659179688, 147.72801208496094, 167.44000244140625], [202.38400268554688, 90.38400268554688, 219.6320037841797, 135.1840057373047]], 'labels': ['whiteboard', 'chair', 'chair', 'chair', 'person', 'person', 'person', 'person']}}"
0123,"{'<DENSE_REGION_CAPTION>': {'bboxes': [[7.952000141143799, 135.8560028076172, 90.60800170898438, 223.66400146484375], [183.79200744628906, 149.74400329589844, 223.66400146484375, 223.66400146484375], [10.86400032043457, 29.00800132751465, 45.13600158691406, 164.0800018310547], [155.79200744628906, 101.8080062866211, 185.36000061035156, 156.91200256347656], [200.36801147460938, 90.83200073242188, 219.8560028076172, 149.74400329589844], [129.36000061035156, 117.71200561523438, 145.93600463867188, 167.66400146484375], [183.56800842285156, 110.31999969482422, 202.38400268554688, 150.19200134277344], [87.02400207519531, 189.16799926757812, 118.60800170898438, 223.66400146484375], [83.88800048828125, 21.84000015258789, 93.29600524902344, 58.12800216674805]], 'labels': ['desk', 'desk', 'person', 'person', 'person', 'person', 'person', 'stool', 'flag']}}"
0124,"{'<DENSE_REGION_CAPTION>': {'bboxes': [[66.41600036621094, 7.728000164031982, 152.4320068359375, 116.59200286865234], [86.57600402832031, 151.760009765625, 119.7280044555664, 223.66400146484375], [14.672000885009766, 196.7840118408203, 57.00800323486328, 223.66400146484375], [86.57600402832031, 188.94400024414062, 119.0560073852539, 223.66400146484375], [10.416000366210938, 28.784000396728516, 45.13600158691406, 163.6320037841797], [152.8800048828125, 100.91200256347656, 185.58399963378906, 156.91200256347656], [200.36801147460938, 88.59200286865234, 218.5120086669922, 149.52000427246094], [129.13600158691406, 117.04000091552734, 146.83200073242188, 167.44000244140625], [182.89601135253906, 108.52799987792969, 203.27999877929688, 149.96800231933594], [201.48800659179688, 88.59200286865234, 218.0640106201172, 134.5120086669922], [169.9040069580078, 42.448001861572266, 188.49600219726562, 85.45600128173828], [117.26399993896484, 98.44800567626953, 127.79200744628906, 118.38400268554688]], 'labels': ['whiteboard', 'chair', 'chair', 'chair', 'person', 'person', 'person', 'person', 'person', 'person', 'person', 'person']}}"
0125,"{'<DENSE_REGION_CAPTION>': {'bboxes': [[66.41600036621094, 7.728000164031982, 152.4320068359375, 116.59200286865234], [86.57600402832031, 151.760009765625, 119.7280044555664, 223.66400146484375], [14.672000885009766, 196.7840118408203, 57.00800323486328, 223.66400146484375], [86.57600402832031, 188.94400024414062, 119.0560073852539, 223.66400146484375], [11.53600025177002, 29.00800132751465, 45.13600158691406, 163.4080047607422], [152.8800048828125, 101.13600158691406, 186.25601196289062, 157.58399963378906], [129.13600158691406, 117.26399993896484, 152.2080078125, 167.88800048828125], [200.36801147460938, 88.59200286865234, 218.2880096435547, 133.8400115966797], [183.56800842285156, 107.63200378417969, 203.27999877929688, 149.96800231933594], [150.63999938964844, 155.34400939941406, 185.80799865722656, 223.66400146484375]], 'labels': ['whiteboard', 'chair', 'chair', 'chair', 'person', 'person', 'person', 'person', 'person', 'stool']}}"
0126,"{'<DENSE_REGION_CAPTION>': {'bboxes': [[66.41600036621094, 8.176000595092773, 152.4320068359375, 116.59200286865234], [86.57600402832031, 151.760009765625, 119.9520034790039, 223.66400146484375], [14.672000885009766, 196.7840118408203, 57.23200225830078, 223.66400146484375], [86.57600402832031, 188.94400024414062, 119.0560073852539, 223.66400146484375], [10.416000366210938, 28.784000396728516, 45.36000061035156, 163.6320037841797], [151.5360107421875, 106.28800201416016, 185.58399963378906, 158.25601196289062], [128.91200256347656, 117.26399993896484, 151.31201171875, 167.66400146484375], [200.36801147460938, 88.59200286865234, 218.5120086669922, 133.8400115966797], [183.12001037597656, 109.87200164794922, 203.27999877929688, 149.74400329589844]], 'labels': ['whiteboard', 'chair', 'chair', 'chair', 'person', 'person', 'person', 'person', 'person']}}"
0127,"{'<DENSE_REGION_CAPTION>': {'bboxes': [[66.41600036621094, 8.40000057220459, 152.4320068359375, 116.59200286865234], [7.952000141143799, 135.8560028076172, 90.60800170898438, 223.66400146484375], [184.01600646972656, 149.96800231933594, 223.66400146484375, 223.66400146484375], [10.640000343322754, 29.45600128173828, 44.6879997253418, 163.8560028076172], [153.7760009765625, 105.61600494384766, 186.48001098632812, 157.80799865722656], [199.2480010986328, 89.26399993896484, 223.66400146484375, 149.74400329589844], [129.13600158691406, 117.04000091552734, 152.656005859375, 167.88800048828125], [182.447998046875, 108.08000183105469, 203.27999877929688, 150.19200134277344], [200.81600952148438, 89.26399993896484, 216.94400024414062, 134.5120086669922], [170.1280059814453, 42.895999908447266, 186.25601196289062, 62.384002685546875]], 'labels': ['whiteboard', 'desk', 'desk', 'person', 'person', 'person', 'person', 'person', 'person', 'person']}}"
0128,"{'<DENSE_REGION_CAPTION>': {'bboxes': [[66.41600036621094, 7.728000164031982, 152.4320068359375, 116.59200286865234], [86.57600402832031, 151.760009765625, 119.7280044555664, 223.66400146484375], [14.672000885009766, 196.7840118408203, 57.00800323486328, 223.66400146484375], [89.93600463867188, 24.079999923706055, 104.27200317382812, 49.39200210571289], [7.728000164031982, 135.8560028076172, 90.60800170898438, 223.66400146484375], [185.58399963378906, 149.96800231933594, 223.66400146484375, 223.66400146484375], [10.640000343322754, 29.45600128173828, 44.4640007019043, 163.6320037841797], [155.34400939941406, 101.36000061035156, 187.60000610351562, 157.80799865722656], [128.91200256347656, 117.71200561523438, 152.4320068359375, 167.66400146484375], [182.447998046875, 107.18400573730469, 202.38400268554688, 150.19200134277344], [115.92000579833984, 98.67200469970703, 130.25599670410156, 156.24000549316406], [201.26400756835938, 89.04000091552734, 216.27200317382812, 133.8400115966797], [169.4560089111328, 42.895999908447266, 185.80799865722656, 62.160003662109375]], 'labels': ['whiteboard', 'chair', 'chair', 'clock', 'desk', 'desk', 'person', 'person', 'person', 'person', 'person', 'person', 'person']}}"
0129,"{'<DENSE_REGION_CAPTION>': {'bboxes': [[66.41600036621094, 9.072000503540039, 152.4320068359375, 116.36800384521484], [86.57600402832031, 151.760009765625, 120.1760025024414, 223.66400146484375], [14.672000885009766, 196.7840118408203, 57.23200225830078, 223.66400146484375], [89.93600463867188, 24.079999923706055, 104.27200317382812, 49.16800308227539], [10.86400032043457, 29.00800132751465, 44.91200256347656, 163.6320037841797], [156.46400451660156, 100.01600646972656, 190.5120086669922, 158.48001098632812], [129.58399963378906, 116.81600189208984, 152.2080078125, 167.44000244140625], [201.26400756835938, 88.81600189208984, 218.9600067138672, 140.55999755859375], [184.01600646972656, 106.28800201416016, 202.83200073242188, 149.96800231933594], [86.80000305175781, 188.94400024414062, 118.83200073242188, 223.66400146484375]], 'labels': ['whiteboard', 'chair', 'chair', 'clock', 'person', 'person', 'person', 'person', 'person', 'stool']}}"
0130,"{'<DENSE_REGION_CAPTION>': {'bboxes': [[66.41600036621094, 7.728000164031982, 152.4320068359375, 116.59200286865234], [86.57600402832031, 151.760009765625, 119.9520034790039, 223.66400146484375], [14.672000885009766, 196.7840118408203, 57.23200225830078, 223.66400146484375], [86.57600402832031, 188.94400024414062, 119.0560073852539, 223.66400146484375], [10.416000366210938, 28.784000396728516, 45.13600158691406, 146.38400268554688], [157.36000061035156, 104.94400024414062, 192.5279998779297, 158.92800903320312], [129.13600158691406, 116.81600189208984, 152.656005859375, 167.44000244140625], [185.13600158691406, 106.51200103759766, 203.72801208496094, 149.74400329589844]], 'labels': ['whiteboard', 'chair', 'chair', 'chair', 'person', 'person', 'person', 'person']}}"
0131,"{'<DENSE_REGION_CAPTION>': {'bboxes': [[66.41600036621094, 8.40000057220459, 152.4320068359375, 116.59200286865234], [86.57600402832031, 151.760009765625, 119.7280044555664, 223.66400146484375], [14.672000885009766, 196.7840118408203, 57.23200225830078, 223.66400146484375], [90.16000366210938, 24.079999923706055, 104.27200317382812, 49.16800308227539], [7.728000164031982, 135.8560028076172, 90.60800170898438, 223.66400146484375], [188.04800415039062, 149.96800231933594, 223.66400146484375, 223.66400146484375], [10.640000343322754, 29.00800132751465, 44.6879997253418, 163.6320037841797], [157.36000061035156, 98.22400665283203, 189.6160125732422, 160.27200317382812], [129.36000061035156, 116.81600189208984, 152.2080078125, 167.44000244140625], [182.89601135253906, 106.73600006103516, 203.50401306152344, 150.19200134277344], [129.58399963378906, 116.81600189208984, 144.36801147460938, 166.99200439453125], [169.4560089111328, 43.12000274658203, 185.36000061035156, 62.608001708984375]], 'labels': ['whiteboard', 'chair', 'chair', 'clock', 'desk', 'desk', 'person', 'person', 'person', 'person', 'person', 'person']}}"
0132,"{'<DENSE_REGION_CAPTION>': {'bboxes': [[7.952000141143799, 136.3040008544922, 90.60800170898438, 223.66400146484375], [10.86400032043457, 28.784000396728516, 45.80800247192383, 164.5279998779297], [164.9759979248047, 106.96000671386719, 202.83200073242188, 164.9759979248047], [128.68800354003906, 122.19200134277344, 145.71200561523438, 167.21600341796875]], 'labels': ['desk', 'person', 'person', 'person']}}"
0133,"{'<DENSE_REGION_CAPTION>': {'bboxes': [[66.41600036621094, 9.296000480651855, 152.4320068359375, 116.81600189208984], [86.35200500488281, 151.5360107421875, 119.9520034790039, 223.66400146484375], [14.672000885009766, 196.7840118408203, 57.68000030517578, 223.66400146484375], [86.35200500488281, 188.94400024414062, 119.0560073852539, 223.66400146484375], [10.86400032043457, 28.784000396728516, 45.80800247192383, 164.3040008544922], [160.49600219726562, 105.61600494384766, 193.20001220703125, 162.7360076904297], [119.0560073852539, 96.656005859375, 143.0240020751953, 156.46400451660156], [129.13600158691406, 117.71200561523438, 144.81600952148438, 166.76800537109375]], 'labels': ['whiteboard', 'chair', 'chair', 'chair', 'person', 'person', 'person', 'person']}}"
0134,"{'<DENSE_REGION_CAPTION>': {'bboxes': [[7.952000141143799, 135.8560028076172, 90.60800170898438, 223.66400146484375], [188.04800415039062, 149.96800231933594, 223.66400146484375, 223.66400146484375], [11.088000297546387, 28.784000396728516, 46.03200149536133, 164.5279998779297], [160.49600219726562, 102.4800033569336, 196.5600128173828, 161.6160125732422], [115.24800109863281, 98.22400665283203, 134.2880096435547, 156.46400451660156], [129.13600158691406, 117.04000091552734, 144.59201049804688, 167.66400146484375]], 'labels': ['desk', 'desk', 'person', 'person', 'person', 'person']}}"
0135,"{'<DENSE_REGION_CAPTION>': {'bboxes': [[7.952000141143799, 135.8560028076172, 90.60800170898438, 223.66400146484375], [11.53600025177002, 28.784000396728516, 45.58399963378906, 164.5279998779297], [160.94400024414062, 102.4800033569336, 195.44000244140625, 161.16799926757812], [115.02400207519531, 97.7760009765625, 133.8400115966797, 156.46400451660156], [186.70401000976562, 104.49600219726562, 210.0, 150.19200134277344], [129.13600158691406, 117.04000091552734, 144.81600952148438, 166.99200439453125], [158.48001098632812, 108.30400085449219, 173.93600463867188, 147.27999877929688], [163.1840057373047, 38.41600036621094, 189.16799926757812, 63.28000259399414]], 'labels': ['desk', 'person', 'person', 'person', 'person', 'person', 'person', 'poster']}}"
0136,"{'<DENSE_REGION_CAPTION>': {'bboxes': [[7.952000141143799, 135.8560028076172, 90.60800170898438, 223.66400146484375], [9.968000411987305, 29.45600128173828, 46.704002380371094, 164.5279998779297], [157.58399963378906, 116.59200286865234, 193.87200927734375, 160.27200317382812], [115.24800109863281, 98.22400665283203, 134.9600067138672, 156.91200256347656], [129.58399963378906, 116.81600189208984, 145.48800659179688, 166.76800537109375], [163.1840057373047, 38.41600036621094, 189.39199829101562, 63.50400161743164]], 'labels': ['desk', 'person', 'person', 'person', 'person', 'poster']}}"
0137,"{'<DENSE_REGION_CAPTION>': {'bboxes': [[7.952000141143799, 135.8560028076172, 90.60800170898438, 223.66400146484375], [10.86400032043457, 29.00800132751465, 45.80800247192383, 164.7519989013672], [158.03199768066406, 103.82400512695312, 200.81600952148438, 160.04800415039062], [116.36800384521484, 98.22400665283203, 135.4080047607422, 157.13600158691406], [129.80799865722656, 116.81600189208984, 145.26400756835938, 166.99200439453125]], 'labels': ['desk', 'person', 'person', 'person', 'person']}}"
0138,"{'<DENSE_REGION_CAPTION>': {'bboxes': [[7.952000141143799, 135.8560028076172, 90.60800170898438, 223.66400146484375], [10.86400032043457, 28.784000396728516, 45.80800247192383, 164.5279998779297], [159.15200805664062, 115.02400207519531, 195.66400146484375, 162.2880096435547], [115.47200012207031, 98.0, 134.2880096435547, 156.46400451660156], [129.58399963378906, 116.59200286865234, 145.26400756835938, 166.09600830078125]], 'labels': ['desk', 'person', 'person', 'person', 'person']}}"
0139,"{'<DENSE_REGION_CAPTION>': {'bboxes': [[7.952000141143799, 135.8560028076172, 90.60800170898438, 223.66400146484375], [188.04800415039062, 149.96800231933594, 223.66400146484375, 223.66400146484375], [10.640000343322754, 29.00800132751465, 45.80800247192383, 164.7519989013672], [158.25601196289062, 110.31999969482422, 193.64801025390625, 160.94400024414062], [115.92000579833984, 98.22400665283203, 133.39199829101562, 156.91200256347656], [129.58399963378906, 117.04000091552734, 145.04000854492188, 167.44000244140625], [163.4080047607422, 38.19200134277344, 189.16799926757812, 63.28000259399414]], 'labels': ['desk', 'desk', 'person', 'person', 'person', 'person', 'poster']}}"
0140,"{'<DENSE_REGION_CAPTION>': {'bboxes': [[7.952000141143799, 136.3040008544922, 90.60800170898438, 223.66400146484375], [10.86400032043457, 29.00800132751465, 46.03200149536133, 164.7519989013672], [115.47200012207031, 98.44800567626953, 133.8400115966797, 156.91200256347656], [130.03199768066406, 117.04000091552734, 145.26400756835938, 166.54400634765625]], 'labels': ['desk', 'person', 'person', 'person']}}"
0141,"{'<DENSE_REGION_CAPTION>': {'bboxes': [[66.41600036621094, 7.728000164031982, 152.656005859375, 116.59200286865234], [86.35200500488281, 151.5360107421875, 120.4000015258789, 223.66400146484375], [14.672000885009766, 196.7840118408203, 57.68000030517578, 223.66400146484375], [9.520000457763672, 29.904001235961914, 45.80800247192383, 145.93600463867188], [158.48001098632812, 108.97600555419922, 193.64801025390625, 159.60000610351562], [114.80000305175781, 98.44800567626953, 133.39199829101562, 156.46400451660156], [129.36000061035156, 117.04000091552734, 146.38400268554688, 166.99200439453125]], 'labels': ['whiteboard', 'chair', 'chair', 'person', 'person', 'person', 'person']}}"
0142,"{'<DENSE_REGION_CAPTION>': {'bboxes': [[66.41600036621094, 7.728000164031982, 152.656005859375, 115.02400207519531], [86.35200500488281, 151.760009765625, 120.1760025024414, 223.66400146484375], [14.672000885009766, 197.0080108642578, 57.68000030517578, 223.66400146484375], [86.35200500488281, 189.16799926757812, 118.83200073242188, 223.66400146484375], [9.968000411987305, 28.784000396728516, 46.25600051879883, 145.48800659179688], [157.80799865722656, 109.42400360107422, 197.0080108642578, 160.49600219726562], [111.66400146484375, 100.01600646972656, 134.2880096435547, 156.46400451660156], [129.80799865722656, 119.2800064086914, 151.760009765625, 168.11199951171875], [195.21600341796875, 103.3759994506836, 217.8400115966797, 149.96800231933594]], 'labels': ['whiteboard', 'chair', 'chair', 'chair', 'person', 'person', 'person', 'person', 'person']}}"
0143,"{'<DENSE_REGION_CAPTION>': {'bboxes': [[151.08799743652344, 28.784000396728516, 207.9840087890625, 89.71200561523438], [86.57600402832031, 151.5360107421875, 119.9520034790039, 223.66400146484375], [14.896000862121582, 196.7840118408203, 57.68000030517578, 223.66400146484375], [86.57600402832031, 188.72000122070312, 119.0560073852539, 223.66400146484375], [10.86400032043457, 28.784000396728516, 46.25600051879883, 145.26400756835938], [196.7840118408203, 84.33600616455078, 222.09600830078125, 149.07200622558594], [111.66400146484375, 99.56800079345703, 129.80799865722656, 153.10400390625], [130.48001098632812, 119.9520034790039, 148.62400817871094, 167.88800048828125]], 'labels': ['poster', 'chair', 'chair', 'chair', 'person', 'person', 'person', 'person']}}"
0144,"{'<DENSE_REGION_CAPTION>': {'bboxes': [[7.952000141143799, 135.8560028076172, 90.60800170898438, 223.66400146484375], [10.86400032043457, 29.23200035095215, 45.58399963378906, 164.7519989013672], [139.88800048828125, 108.08000183105469, 193.42401123046875, 191.4080047607422], [188.27200317382812, 93.52000427246094, 223.66400146484375, 150.19200134277344], [111.21600341796875, 99.79199981689453, 131.60000610351562, 156.91200256347656], [129.13600158691406, 117.71200561523438, 146.38400268554688, 168.11199951171875]], 'labels': ['desk', 'person', 'person', 'person', 'person', 'person']}}"
0145,"{'<DENSE_REGION_CAPTION>': {'bboxes': [[66.41600036621094, 9.296000480651855, 152.656005859375, 116.81600189208984], [86.57600402832031, 151.5360107421875, 119.9520034790039, 223.66400146484375], [14.896000862121582, 196.7840118408203, 57.68000030517578, 223.66400146484375], [86.57600402832031, 188.72000122070312, 119.0560073852539, 223.66400146484375], [10.640000343322754, 29.00800132751465, 45.58399963378906, 164.7519989013672], [169.9040069580078, 102.2560043334961, 192.5279998779297, 160.27200317382812], [113.90400695800781, 100.24000549316406, 130.70401000976562, 156.46400451660156], [129.58399963378906, 117.48800659179688, 146.38400268554688, 167.44000244140625], [158.03199768066406, 108.97600555419922, 174.60800170898438, 156.24000549316406]], 'labels': ['whiteboard', 'chair', 'chair', 'chair', 'person', 'person', 'person', 'person', 'person']}}"
0146,"{'<DENSE_REGION_CAPTION>': {'bboxes': [[66.41600036621094, 9.744000434875488, 152.656005859375, 117.26399993896484], [86.57600402832031, 151.5360107421875, 119.7280044555664, 223.66400146484375], [14.672000885009766, 197.0080108642578, 57.23200225830078, 223.66400146484375], [86.57600402832031, 188.94400024414062, 119.0560073852539, 223.66400146484375], [90.16000366210938, 24.079999923706055, 104.27200317382812, 49.39200210571289]], 'labels': ['whiteboard', 'chair', 'chair', 'chair', 'clock']}}"
0147,"{'<DENSE_REGION_CAPTION>': {'bboxes': [[66.41600036621094, 10.192000389099121, 152.656005859375, 117.26399993896484], [86.57600402832031, 151.5360107421875, 119.9520034790039, 223.66400146484375], [14.672000885009766, 196.7840118408203, 57.23200225830078, 223.66400146484375], [86.57600402832031, 188.94400024414062, 119.0560073852539, 223.66400146484375], [11.53600025177002, 29.00800132751465, 45.80800247192383, 144.36801147460938], [158.48001098632812, 110.99200439453125, 193.64801025390625, 162.7360076904297], [120.84800720214844, 118.16000366210938, 146.38400268554688, 167.88800048828125], [198.3520050048828, 85.90399932861328, 216.27200317382812, 149.52000427246094]], 'labels': ['whiteboard', 'chair', 'chair', 'chair', 'person', 'person', 'person', 'person']}}"
0148,"{'<DENSE_REGION_CAPTION>': {'bboxes': [[66.41600036621094, 10.192000389099121, 152.4320068359375, 117.04000091552734], [7.728000164031982, 135.8560028076172, 90.60800170898438, 223.66400146484375], [188.49600219726562, 149.96800231933594, 223.66400146484375, 223.66400146484375], [13.104000091552734, 29.45600128173828, 40.880001068115234, 163.8560028076172], [160.04800415039062, 107.63200378417969, 194.99200439453125, 161.39199829101562], [121.07200622558594, 102.7040023803711, 144.36801147460938, 156.46400451660156], [195.21600341796875, 96.20800018310547, 216.49600219726562, 149.74400329589844], [129.36000061035156, 118.16000366210938, 145.93600463867188, 168.33599853515625], [168.33599853515625, 41.7760009765625, 186.70401000976562, 85.68000030517578], [210.2239990234375, 102.0320053100586, 223.66400146484375, 141.4560089111328]], 'labels': ['whiteboard', 'desk', 'desk', 'person', 'person', 'person', 'person', 'person', 'person', 'person']}}"
0149,"{'<DENSE_REGION_CAPTION>': {'bboxes': [[66.41600036621094, 10.192000389099121, 152.4320068359375, 114.80000305175781], [7.504000186920166, 135.6320037841797, 91.5040054321289, 223.66400146484375], [86.57600402832031, 151.5360107421875, 120.1760025024414, 223.66400146484375], [14.896000862121582, 197.0080108642578, 57.45600128173828, 223.66400146484375], [90.16000366210938, 24.079999923706055, 104.49600219726562, 49.39200210571289]], 'labels': ['whiteboard', 'table', 'chair', 'chair', 'clock']}}"
0150,"{'<DENSE_REGION_CAPTION>': {'bboxes': [[66.41600036621094, 10.192000389099121, 152.4320068359375, 114.80000305175781], [7.952000141143799, 135.8560028076172, 90.60800170898438, 223.66400146484375], [187.82400512695312, 149.96800231933594, 223.66400146484375, 223.66400146484375], [13.104000091552734, 28.784000396728516, 39.3120002746582, 164.3040008544922], [160.94400024414062, 103.3759994506836, 197.0080108642578, 160.49600219726562], [110.54400634765625, 97.3280029296875, 132.04800415039062, 156.46400451660156], [130.03199768066406, 117.71200561523438, 152.656005859375, 167.88800048828125], [195.66400146484375, 100.68800354003906, 217.16799926757812, 149.96800231933594], [130.03199768066406, 117.71200561523438, 145.93600463867188, 167.88800048828125]], 'labels': ['whiteboard', 'desk', 'desk', 'person', 'person', 'person', 'person', 'person', 'person']}}"
0151,"{'<DENSE_REGION_CAPTION>': {'bboxes': [[66.41600036621094, 9.744000434875488, 152.656005859375, 114.80000305175781], [86.57600402832031, 151.5360107421875, 119.9520034790039, 223.66400146484375], [14.672000885009766, 196.7840118408203, 57.45600128173828, 223.66400146484375], [90.16000366210938, 24.079999923706055, 104.27200317382812, 49.39200210571289], [13.552000045776367, 29.23200035095215, 37.74399948120117, 164.3040008544922], [166.32000732421875, 106.06400299072266, 195.44000244140625, 162.2880096435547], [108.97600555419922, 97.7760009765625, 132.04800415039062, 156.68800354003906], [129.80799865722656, 117.71200561523438, 152.8800048828125, 168.11199951171875], [197.9040069580078, 100.68800354003906, 218.2880096435547, 149.74400329589844], [158.70401000976562, 110.76800537109375, 173.71200561523438, 155.34400939941406]], 'labels': ['whiteboard', 'chair', 'chair', 'clock', 'person', 'person', 'person', 'person', 'person', 'person']}}"
0152,"{'<DENSE_REGION_CAPTION>': {'bboxes': [[66.41600036621094, 9.520000457763672, 152.4320068359375, 115.02400207519531], [7.728000164031982, 135.8560028076172, 90.60800170898438, 223.66400146484375], [188.49600219726562, 149.96800231933594, 223.66400146484375, 223.66400146484375], [12.432000160217285, 29.00800132751465, 38.8640022277832, 163.6320037841797], [164.3040008544922, 107.18400573730469, 194.54400634765625, 161.6160125732422], [108.97600555419922, 97.7760009765625, 131.82400512695312, 156.68800354003906], [129.58399963378906, 117.93600463867188, 153.7760009765625, 167.88800048828125], [199.2480010986328, 94.63999938964844, 218.0640106201172, 131.15200805664062], [158.48001098632812, 110.54400634765625, 173.26400756835938, 153.552001953125]], 'labels': ['whiteboard', 'desk', 'desk', 'person', 'person', 'person', 'person', 'person', 'person']}}"
0153,"{'<DENSE_REGION_CAPTION>': {'bboxes': [[7.952000141143799, 135.8560028076172, 91.05599975585938, 223.66400146484375], [12.432000160217285, 28.784000396728516, 39.76000213623047, 164.3040008544922], [166.76800537109375, 107.18400573730469, 194.32000732421875, 162.7360076904297], [108.97600555419922, 98.0, 127.56800079345703, 156.46400451660156], [199.2480010986328, 97.10400390625, 222.09600830078125, 141.2320098876953], [129.58399963378906, 117.71200561523438, 146.16000366210938, 167.44000244140625]], 'labels': ['desk', 'person', 'person', 'person', 'person', 'person']}}"
0154,"{'<DENSE_REGION_CAPTION>': {'bboxes': [[7.952000141143799, 135.8560028076172, 90.60800170898438, 223.66400146484375], [12.432000160217285, 29.00800132751465, 39.0880012512207, 164.3040008544922], [167.44000244140625, 106.73600006103516, 195.88800048828125, 162.2880096435547], [195.66400146484375, 98.0, 217.6160125732422, 149.52000427246094], [108.97600555419922, 98.0, 127.34400177001953, 156.24000549316406], [130.03199768066406, 116.81600189208984, 146.83200073242188, 167.44000244140625]], 'labels': ['desk', 'person', 'person', 'person', 'person', 'person']}}"
0155,"{'<DENSE_REGION_CAPTION>': {'bboxes': [[7.952000141143799, 135.8560028076172, 90.60800170898438, 223.66400146484375], [187.60000610351562, 149.96800231933594, 223.66400146484375, 223.66400146484375], [12.432000160217285, 29.00800132751465, 39.0880012512207, 164.3040008544922], [161.6160125732422, 107.40800476074219, 199.92001342773438, 159.82400512695312], [195.21600341796875, 99.34400177001953, 219.1840057373047, 149.52000427246094], [129.80799865722656, 117.04000091552734, 152.2080078125, 167.66400146484375], [108.97600555419922, 98.0, 127.34400177001953, 156.46400451660156]], 'labels': ['desk', 'desk', 'person', 'person', 'person', 'person', 'person']}}"
0156,"{'<DENSE_REGION_CAPTION>': {'bboxes': [[7.952000141143799, 135.8560028076172, 90.60800170898438, 223.66400146484375], [185.58399963378906, 149.96800231933594, 223.66400146484375, 223.66400146484375], [12.208000183105469, 29.00800132751465, 39.3120002746582, 164.3040008544922], [158.48001098632812, 103.82400512695312, 189.16799926757812, 158.92800903320312], [129.58399963378906, 116.14400482177734, 152.8800048828125, 167.44000244140625], [108.75200653076172, 98.22400665283203, 128.01600646972656, 156.46400451660156], [197.0080108642578, 97.7760009765625, 216.94400024414062, 149.29600524902344], [130.03199768066406, 127.56800079345703, 147.50399780273438, 166.99200439453125], [212.01600646972656, 98.89600372314453, 223.66400146484375, 142.8000030517578]], 'labels': ['desk', 'desk', 'person', 'person', 'person', 'person', 'person', 'person', 'person']}}"
0157,"{'<DENSE_REGION_CAPTION>': {'bboxes': [[7.952000141143799, 135.8560028076172, 90.60800170898438, 223.66400146484375], [184.68800354003906, 149.74400329589844, 223.66400146484375, 223.66400146484375], [12.208000183105469, 29.45600128173828, 39.0880012512207, 164.5279998779297], [157.13600158691406, 104.72000122070312, 189.6160125732422, 158.70401000976562], [109.64800262451172, 98.44800567626953, 128.01600646972656, 156.68800354003906], [128.46400451660156, 117.71200561523438, 145.71200561523438, 167.21600341796875], [199.92001342773438, 101.36000061035156, 217.8400115966797, 136.5279998779297], [211.34400939941406, 98.67200469970703, 223.66400146484375, 142.5760040283203]], 'labels': ['desk', 'desk', 'person', 'person', 'person', 'person', 'person', 'person']}}"
0158,"{'<DENSE_REGION_CAPTION>': {'bboxes': [[66.41600036621094, 10.192000389099121, 152.4320068359375, 115.24800109863281], [86.57600402832031, 151.760009765625, 120.1760025024414, 223.66400146484375], [15.120000839233398, 196.7840118408203, 57.90400314331055, 223.66400146484375], [86.57600402832031, 188.94400024414062, 119.0560073852539, 223.66400146484375], [90.16000366210938, 24.079999923706055, 104.49600219726562, 49.61600112915039], [11.760000228881836, 29.00800132751465, 39.3120002746582, 164.7519989013672], [158.03199768066406, 103.3759994506836, 186.70401000976562, 158.48001098632812], [129.13600158691406, 117.71200561523438, 152.656005859375, 167.88800048828125], [109.64800262451172, 98.44800567626953, 128.01600646972656, 156.91200256347656], [199.92001342773438, 93.96800231933594, 214.92800903320312, 149.52000427246094]], 'labels': ['whiteboard', 'chair', 'chair', 'chair', 'clock', 'person', 'person', 'person', 'person', 'person']}}"
0159,"{'<DENSE_REGION_CAPTION>': {'bboxes': [[7.952000141143799, 135.8560028076172, 90.60800170898438, 223.66400146484375], [183.79200744628906, 149.74400329589844, 223.66400146484375, 223.66400146484375], [11.53600025177002, 29.00800132751465, 39.76000213623047, 164.5279998779297], [157.36000061035156, 103.3759994506836, 187.15200805664062, 158.03199768066406], [130.03199768066406, 116.59200286865234, 152.8800048828125, 167.66400146484375], [109.64800262451172, 98.22400665283203, 127.56800079345703, 156.68800354003906], [199.92001342773438, 94.86400604248047, 214.70401000976562, 133.16799926757812]], 'labels': ['desk', 'desk', 'person', 'person', 'person', 'person', 'person']}}"
0160,"{'<DENSE_REGION_CAPTION>': {'bboxes': [[7.952000141143799, 135.8560028076172, 90.60800170898438, 223.66400146484375], [183.79200744628906, 149.74400329589844, 223.66400146484375, 223.66400146484375], [11.53600025177002, 29.45600128173828, 39.76000213623047, 163.8560028076172], [157.80799865722656, 102.9280014038086, 185.58399963378906, 157.80799865722656], [130.03199768066406, 115.92000579833984, 152.8800048828125, 167.66400146484375], [109.64800262451172, 98.67200469970703, 127.34400177001953, 156.68800354003906], [184.24000549316406, 93.52000427246094, 201.26400756835938, 132.04800415039062], [200.36801147460938, 95.53600311279297, 214.48001098632812, 132.72000122070312]], 'labels': ['desk', 'desk', 'person', 'person', 'person', 'person', 'person', 'person']}}"
0161,"{'<DENSE_REGION_CAPTION>': {'bboxes': [[7.952000141143799, 135.8560028076172, 90.60800170898438, 223.66400146484375], [183.79200744628906, 149.74400329589844, 223.66400146484375, 223.66400146484375], [145.26400756835938, 102.0320053100586, 187.60000610351562, 223.66400146484375], [11.53600025177002, 29.45600128173828, 39.76000213623047, 163.6320037841797], [156.46400451660156, 102.0320053100586, 186.48001098632812, 158.25601196289062], [108.97600555419922, 98.44800567626953, 131.82400512695312, 156.91200256347656], [130.03199768066406, 116.14400482177734, 152.8800048828125, 167.66400146484375], [111.21600341796875, 98.44800567626953, 126.89600372314453, 156.46400451660156], [199.92001342773438, 99.34400177001953, 214.03201293945312, 131.82400512695312]], 'labels': ['desk', 'desk', 'person', 'person', 'person', 'person', 'person', 'person', 'person']}}"
0162,"{'<DENSE_REGION_CAPTION>': {'bboxes': [[66.41600036621094, 9.072000503540039, 152.656005859375, 115.47200012207031], [86.57600402832031, 151.760009765625, 119.7280044555664, 223.66400146484375], [15.344000816345215, 196.7840118408203, 57.68000030517578, 223.66400146484375], [86.57600402832031, 188.94400024414062, 119.0560073852539, 223.66400146484375], [90.16000366210938, 24.079999923706055, 104.49600219726562, 49.39200210571289], [145.04000854492188, 101.8080062866211, 184.24000549316406, 213.58399963378906], [10.86400032043457, 29.45600128173828, 39.98400115966797, 164.3040008544922], [158.03199768066406, 101.8080062866211, 184.24000549316406, 157.58399963378906], [109.64800262451172, 98.44800567626953, 131.15200805664062, 156.46400451660156], [130.25599670410156, 118.16000366210938, 151.5360107421875, 167.21600341796875], [180.2080078125, 111.44000244140625, 203.72801208496094, 149.52000427246094], [200.36801147460938, 92.4000015258789, 214.25601196289062, 132.27200317382812]], 'labels': ['whiteboard', 'chair', 'chair', 'chair', 'clock', 'person', 'person', 'person', 'person', 'person', 'person', 'person']}}"
0163,"{'<DENSE_REGION_CAPTION>': {'bboxes': [[7.952000141143799, 135.8560028076172, 90.60800170898438, 223.66400146484375], [183.79200744628906, 149.52000427246094, 223.66400146484375, 223.66400146484375], [10.416000366210938, 29.45600128173828, 46.704002380371094, 164.0800018310547], [145.48800659179688, 107.18400573730469, 186.48001098632812, 194.76800537109375], [156.46400451660156, 107.18400573730469, 185.80799865722656, 158.48001098632812], [127.56800079345703, 115.92000579833984, 152.8800048828125, 166.54400634765625], [110.09600067138672, 98.44800567626953, 128.01600646972656, 156.01600646972656], [200.36801147460938, 94.86400604248047, 218.7360076904297, 149.96800231933594], [179.31201171875, 62.160003662109375, 196.33599853515625, 82.09600067138672]], 'labels': ['desk', 'desk', 'person', 'person', 'person', 'person', 'person', 'person', 'person']}}"
0164,"{'<DENSE_REGION_CAPTION>': {'bboxes': [[7.952000141143799, 135.8560028076172, 90.60800170898438, 223.66400146484375], [183.79200744628906, 149.74400329589844, 223.66400146484375, 223.66400146484375], [10.416000366210938, 29.45600128173828, 39.0880012512207, 164.3040008544922], [153.7760009765625, 106.73600006103516, 185.58399963378906, 159.15200805664062], [108.97600555419922, 98.22400665283203, 134.2880096435547, 156.91200256347656], [132.27200317382812, 113.23200225830078, 155.12001037597656, 161.6160125732422], [199.2480010986328, 95.98400115966797, 218.7360076904297, 149.07200622558594]], 'labels': ['desk', 'desk', 'person', 'person', 'person', 'person', 'person']}}"
0165,"{'<DENSE_REGION_CAPTION>': {'bboxes': [[66.41600036621094, 8.848000526428223, 152.656005859375, 116.81600189208984], [7.504000186920166, 135.6320037841797, 91.9520034790039, 223.66400146484375], [183.56800842285156, 149.29600524902344, 223.66400146484375, 223.66400146484375], [86.35200500488281, 151.5360107421875, 119.5040054321289, 223.66400146484375], [15.344000816345215, 196.7840118408203, 57.68000030517578, 223.66400146484375], [86.57600402832031, 188.94400024414062, 119.0560073852539, 223.66400146484375], [33.263999938964844, 135.1840057373047, 44.6879997253418, 155.79200744628906]], 'labels': ['whiteboard', 'table', 'table', 'chair', 'chair', 'chair', 'chair']}}"
0166,"{'<DENSE_REGION_CAPTION>': {'bboxes': [[66.41600036621094, 9.072000503540039, 152.656005859375, 116.81600189208984], [151.5360107421875, 155.56800842285156, 188.94400024414062, 223.66400146484375], [86.35200500488281, 151.5360107421875, 120.6240005493164, 223.66400146484375], [15.344000816345215, 196.7840118408203, 57.68000030517578, 223.66400146484375], [86.35200500488281, 188.72000122070312, 119.0560073852539, 223.66400146484375], [10.86400032043457, 28.560001373291016, 41.104000091552734, 163.8560028076172], [156.46400451660156, 104.49600219726562, 188.94400024414062, 158.92800903320312], [110.09600067138672, 97.7760009765625, 129.58399963378906, 156.46400451660156], [183.12001037597656, 110.54400634765625, 204.17601013183594, 149.96800231933594], [137.87200927734375, 103.82400512695312, 154.67201232910156, 155.34400939941406], [198.3520050048828, 97.10400390625, 214.03201293945312, 132.72000122070312], [171.9199981689453, 60.816001892089844, 189.6160125732422, 80.75199890136719]], 'labels': ['whiteboard', 'chair', 'chair', 'chair', 'chair', 'person', 'person', 'person', 'person', 'person', 'person', 'person']}}"
0167,"{'<DENSE_REGION_CAPTION>': {'bboxes': [[66.41600036621094, 9.072000503540039, 152.656005859375, 116.81600189208984], [86.35200500488281, 151.5360107421875, 120.1760025024414, 223.66400146484375], [11.760000228881836, 29.68000030517578, 38.63999938964844, 163.8560028076172], [156.46400451660156, 106.73600006103516, 188.27200317382812, 159.15200805664062], [109.64800262451172, 98.0, 129.13600158691406, 156.46400451660156], [184.24000549316406, 93.52000427246094, 203.50401306152344, 149.74400329589844], [197.6800079345703, 96.8800048828125, 218.9600067138672, 149.52000427246094], [137.87200927734375, 103.3759994506836, 155.34400939941406, 156.01600646972656]], 'labels': ['whiteboard', 'chair', 'person', 'person', 'person', 'person', 'person', 'person']}}"
0168,"{'<DENSE_REGION_CAPTION>': {'bboxes': [[66.19200134277344, 7.504000186920166, 152.4320068359375, 117.26399993896484], [86.12800598144531, 151.5360107421875, 120.1760025024414, 223.66400146484375], [13.776000022888184, 29.23200035095215, 41.3280029296875, 162.2880096435547], [155.34400939941406, 102.9280014038086, 187.15200805664062, 158.92800903320312], [196.5600128173828, 96.20800018310547, 220.0800018310547, 149.29600524902344], [108.97600555419922, 97.552001953125, 129.36000061035156, 156.01600646972656], [184.01600646972656, 93.29600524902344, 202.16000366210938, 149.29600524902344], [137.42401123046875, 101.8080062866211, 155.56800842285156, 154.89601135253906], [137.87200927734375, 101.8080062866211, 151.760009765625, 128.91200256347656]], 'labels': ['whiteboard', 'chair', 'person', 'person', 'person', 'person', 'person', 'person', 'person']}}"
0169,"{'<DENSE_REGION_CAPTION>': {'bboxes': [[66.19200134277344, 7.728000164031982, 152.656005859375, 116.59200286865234], [145.93600463867188, 155.79200744628906, 189.16799926757812, 223.66400146484375], [86.12800598144531, 151.5360107421875, 120.4000015258789, 223.66400146484375], [14.672000885009766, 196.7840118408203, 57.45600128173828, 223.66400146484375], [86.12800598144531, 188.72000122070312, 119.0560073852539, 223.66400146484375], [13.104000091552734, 28.560001373291016, 39.98400115966797, 163.6320037841797], [155.34400939941406, 103.82400512695312, 188.49600219726562, 158.92800903320312], [196.11199951171875, 96.20800018310547, 214.25601196289062, 149.29600524902344], [184.01600646972656, 93.74400329589844, 201.71200561523438, 149.52000427246094], [135.6320037841797, 102.0320053100586, 152.656005859375, 153.10400390625]], 'labels': ['whiteboard', 'chair', 'chair', 'chair', 'chair', 'person', 'person', 'person', 'person', 'person']}}"
0170,"{'<DENSE_REGION_CAPTION>': {'bboxes': [[66.19200134277344, 7.728000164031982, 152.4320068359375, 116.81600189208984], [86.35200500488281, 151.760009765625, 120.1760025024414, 223.66400146484375], [15.120000839233398, 196.7840118408203, 57.45600128173828, 223.66400146484375], [86.35200500488281, 188.72000122070312, 119.0560073852539, 223.66400146484375], [13.552000045776367, 28.336000442504883, 40.20800018310547, 163.6320037841797], [154.89601135253906, 105.16800689697266, 189.16799926757812, 158.92800903320312], [196.11199951171875, 96.43199920654297, 215.82400512695312, 149.07200622558594], [135.8560028076172, 98.22400665283203, 152.2080078125, 146.83200073242188], [208.2080078125, 100.91200256347656, 223.66400146484375, 141.6800079345703]], 'labels': ['whiteboard', 'chair', 'chair', 'chair', 'person', 'person', 'person', 'person', 'person']}}"
0171,"{'<DENSE_REGION_CAPTION>': {'bboxes': [[66.19200134277344, 7.056000232696533, 152.4320068359375, 116.59200286865234], [86.35200500488281, 151.760009765625, 120.4000015258789, 223.66400146484375], [15.120000839233398, 196.7840118408203, 57.45600128173828, 223.66400146484375], [86.35200500488281, 188.72000122070312, 119.0560073852539, 223.66400146484375], [33.71200180053711, 134.9600067138672, 44.6879997253418, 155.34400939941406]], 'labels': ['whiteboard', 'chair', 'chair', 'chair', 'chair']}}"
0172,"{'<DENSE_REGION_CAPTION>': {'bboxes': [[66.41600036621094, 8.176000595092773, 152.4320068359375, 116.81600189208984], [86.35200500488281, 151.760009765625, 120.1760025024414, 223.66400146484375], [15.120000839233398, 197.0080108642578, 57.45600128173828, 223.66400146484375], [86.35200500488281, 188.94400024414062, 119.0560073852539, 223.66400146484375], [12.656000137329102, 29.00800132751465, 37.52000045776367, 164.0800018310547], [155.79200744628906, 105.16800689697266, 188.94400024414062, 159.15200805664062], [132.72000122070312, 110.99200439453125, 157.36000061035156, 152.2080078125], [199.4720001220703, 92.4000015258789, 218.2880096435547, 149.74400329589844]], 'labels': ['whiteboard', 'chair', 'chair', 'chair', 'person', 'person', 'person', 'person']}}"
0173,"{'<DENSE_REGION_CAPTION>': {'bboxes': [[7.952000141143799, 135.8560028076172, 90.60800170898438, 223.66400146484375], [185.13600158691406, 149.74400329589844, 223.66400146484375, 223.66400146484375], [12.656000137329102, 29.23200035095215, 37.96800231933594, 164.5279998779297], [199.2480010986328, 92.8479995727539, 218.9600067138672, 149.74400329589844], [135.8560028076172, 107.85600280761719, 159.37600708007812, 151.08799743652344]], 'labels': ['desk', 'desk', 'person', 'person', 'person']}}"
0174,"{'<DENSE_REGION_CAPTION>': {'bboxes': [[7.952000141143799, 135.6320037841797, 94.86400604248047, 223.66400146484375], [185.13600158691406, 149.74400329589844, 223.66400146484375, 223.66400146484375], [12.208000183105469, 29.00800132751465, 38.63999938964844, 164.0800018310547], [155.79200744628906, 106.73600006103516, 188.27200317382812, 158.48001098632812], [196.7840118408203, 92.1760025024414, 220.97601318359375, 149.96800231933594], [133.16799926757812, 106.96000671386719, 159.37600708007812, 151.5360107421875], [108.97600555419922, 98.67200469970703, 126.89600372314453, 156.24000549316406]], 'labels': ['desk', 'desk', 'person', 'person', 'person', 'person', 'person']}}"
0175,"{'<DENSE_REGION_CAPTION>': {'bboxes': [[7.952000141143799, 135.8560028076172, 91.05599975585938, 223.66400146484375], [184.68800354003906, 149.96800231933594, 223.66400146484375, 223.66400146484375], [9.520000457763672, 28.784000396728516, 41.3280029296875, 176.17601013183594], [153.7760009765625, 106.96000671386719, 188.49600219726562, 158.48001098632812], [135.4080047607422, 107.40800476074219, 166.09600830078125, 152.656005859375], [108.97600555419922, 98.67200469970703, 127.79200744628906, 156.46400451660156], [198.8000030517578, 91.9520034790039, 215.37600708007812, 137.1999969482422]], 'labels': ['desk', 'desk', 'person', 'person', 'person', 'person', 'person']}}"
0176,"{'<DENSE_REGION_CAPTION>': {'bboxes': [[7.952000141143799, 135.4080047607422, 94.86400604248047, 223.66400146484375], [186.03201293945312, 149.74400329589844, 223.66400146484375, 223.66400146484375], [11.984000205993652, 29.23200035095215, 41.104000091552734, 163.1840057373047], [155.34400939941406, 105.84000396728516, 188.94400024414062, 159.15200805664062], [134.0640106201172, 107.40800476074219, 166.54400634765625, 152.2080078125], [197.2320098876953, 89.26399993896484, 223.66400146484375, 149.74400329589844], [108.97600555419922, 98.44800567626953, 127.56800079345703, 156.46400451660156]], 'labels': ['desk', 'desk', 'person', 'person', 'person', 'person', 'person']}}"
0177,"{'<DENSE_REGION_CAPTION>': {'bboxes': [[66.41600036621094, 9.296000480651855, 152.4320068359375, 114.80000305175781], [86.57600402832031, 151.31201171875, 119.9520034790039, 223.66400146484375], [14.672000885009766, 196.7840118408203, 57.23200225830078, 223.66400146484375], [86.57600402832031, 188.94400024414062, 119.0560073852539, 223.66400146484375], [33.48800277709961, 134.9600067138672, 43.79199981689453, 154.447998046875]], 'labels': ['whiteboard', 'chair', 'chair', 'chair', 'chair']}}"
0178,"{'<DENSE_REGION_CAPTION>': {'bboxes': [[66.41600036621094, 9.296000480651855, 152.4320068359375, 115.02400207519531], [86.35200500488281, 151.5360107421875, 120.4000015258789, 223.66400146484375], [14.672000885009766, 196.7840118408203, 57.23200225830078, 223.66400146484375], [86.35200500488281, 189.16799926757812, 118.83200073242188, 223.66400146484375], [33.263999938964844, 135.1840057373047, 44.0160026550293, 154.89601135253906]], 'labels': ['whiteboard', 'chair', 'chair', 'chair', 'chair']}}"
0179,"{'<DENSE_REGION_CAPTION>': {'bboxes': [[66.41600036621094, 8.624000549316406, 152.4320068359375, 116.81600189208984], [70.89600372314453, 151.5360107421875, 119.9520034790039, 223.66400146484375], [14.672000885009766, 196.7840118408203, 57.45600128173828, 223.66400146484375], [86.35200500488281, 188.94400024414062, 119.0560073852539, 223.66400146484375], [33.48800277709961, 134.9600067138672, 44.2400016784668, 155.34400939941406]], 'labels': ['whiteboard', 'chair', 'chair', 'chair', 'chair']}}"
0180,"{'<DENSE_REGION_CAPTION>': {'bboxes': [[66.41600036621094, 9.072000503540039, 152.4320068359375, 116.81600189208984], [86.35200500488281, 151.5360107421875, 120.4000015258789, 223.66400146484375], [14.672000885009766, 196.7840118408203, 57.23200225830078, 223.66400146484375], [86.35200500488281, 188.94400024414062, 118.83200073242188, 223.66400146484375], [33.263999938964844, 135.1840057373047, 43.79199981689453, 155.79200744628906]], 'labels': ['whiteboard', 'chair', 'chair', 'chair', 'chair']}}"
0181,"{'<DENSE_REGION_CAPTION>': {'bboxes': [[66.41600036621094, 9.072000503540039, 152.656005859375, 116.14400482177734], [86.57600402832031, 151.31201171875, 120.6240005493164, 223.66400146484375], [14.896000862121582, 196.7840118408203, 57.23200225830078, 223.66400146484375], [86.57600402832031, 188.94400024414062, 119.0560073852539, 223.66400146484375], [33.48800277709961, 134.9600067138672, 44.0160026550293, 155.79200744628906]], 'labels': ['whiteboard', 'chair', 'chair', 'chair', 'chair']}}"
0182,"{'<DENSE_REGION_CAPTION>': {'bboxes': [[66.41600036621094, 8.176000595092773, 152.656005859375, 116.59200286865234], [86.57600402832031, 151.5360107421875, 120.6240005493164, 223.66400146484375], [14.672000885009766, 196.7840118408203, 57.23200225830078, 223.66400146484375], [86.57600402832031, 188.94400024414062, 118.83200073242188, 223.66400146484375], [13.32800006866455, 28.784000396728516, 40.20800018310547, 163.4080047607422], [158.03199768066406, 104.04800415039062, 191.8560028076172, 159.15200805664062], [133.8400115966797, 107.63200378417969, 164.0800018310547, 152.8800048828125], [115.24800109863281, 99.34400177001953, 132.49600219726562, 157.13600158691406], [200.36801147460938, 98.89600372314453, 219.8560028076172, 150.19200134277344], [200.36801147460938, 98.89600372314453, 215.82400512695312, 136.0800018310547], [213.58399963378906, 100.91200256347656, 223.66400146484375, 141.4560089111328]], 'labels': ['whiteboard', 'chair', 'chair', 'chair', 'person', 'person', 'person', 'person', 'person', 'person', 'person']}}"
0183,"{'<DENSE_REGION_CAPTION>': {'bboxes': [[7.952000141143799, 135.8560028076172, 90.60800170898438, 223.66400146484375], [185.13600158691406, 149.52000427246094, 223.66400146484375, 223.66400146484375], [13.32800006866455, 29.00800132751465, 39.98400115966797, 163.8560028076172], [149.52000427246094, 106.73600006103516, 196.5600128173828, 162.2880096435547], [134.9600067138672, 107.18400573730469, 158.70401000976562, 152.2080078125], [200.36801147460938, 90.83200073242188, 218.2880096435547, 150.19200134277344], [86.80000305175781, 189.16799926757812, 118.83200073242188, 223.66400146484375]], 'labels': ['desk', 'desk', 'person', 'person', 'person', 'person', 'stool']}}"
0184,"{'<DENSE_REGION_CAPTION>': {'bboxes': [[7.952000141143799, 135.8560028076172, 90.60800170898438, 223.66400146484375], [185.58399963378906, 149.74400329589844, 223.66400146484375, 223.66400146484375], [12.656000137329102, 29.45600128173828, 39.3120002746582, 164.5279998779297], [156.46400451660156, 106.73600006103516, 192.7519989013672, 159.15200805664062], [134.0640106201172, 106.96000671386719, 159.37600708007812, 152.4320068359375]], 'labels': ['desk', 'desk', 'person', 'person', 'person']}}"
0185,"{'<DENSE_REGION_CAPTION>': {'bboxes': [[7.952000141143799, 135.8560028076172, 90.60800170898438, 223.66400146484375], [184.68800354003906, 149.96800231933594, 223.66400146484375, 223.66400146484375], [12.432000160217285, 29.68000030517578, 39.0880012512207, 164.5279998779297], [159.37600708007812, 104.04800415039062, 193.42401123046875, 158.70401000976562], [133.8400115966797, 107.63200378417969, 164.3040008544922, 152.8800048828125]], 'labels': ['desk', 'desk', 'person', 'person', 'person']}}"
0186,"{'<DENSE_REGION_CAPTION>': {'bboxes': [[7.952000141143799, 135.8560028076172, 90.60800170898438, 223.66400146484375], [184.01600646972656, 149.74400329589844, 223.66400146484375, 223.66400146484375], [11.53600025177002, 29.68000030517578, 40.20800018310547, 163.8560028076172], [155.34400939941406, 104.27200317382812, 191.6320037841797, 157.80799865722656], [134.0640106201172, 107.40800476074219, 164.5279998779297, 152.656005859375], [115.24800109863281, 99.79199981689453, 129.36000061035156, 150.63999938964844]], 'labels': ['desk', 'desk', 'person', 'person', 'person', 'person']}}"
0187,"{'<DENSE_REGION_CAPTION>': {'bboxes': [[7.952000141143799, 135.8560028076172, 90.60800170898438, 223.66400146484375], [183.79200744628906, 149.74400329589844, 223.66400146484375, 223.66400146484375], [11.088000297546387, 29.00800132751465, 44.4640007019043, 164.5279998779297], [134.2880096435547, 106.73600006103516, 167.21600341796875, 152.8800048828125], [156.46400451660156, 128.91200256347656, 188.49600219726562, 158.25601196289062], [187.82400512695312, 123.53600311279297, 211.34400939941406, 150.63999938964844], [210.2239990234375, 102.2560043334961, 223.66400146484375, 141.9040069580078]], 'labels': ['desk', 'desk', 'person', 'person', 'person', 'person', 'person']}}"
0188,"{'<DENSE_REGION_CAPTION>': {'bboxes': [[7.952000141143799, 135.8560028076172, 90.60800170898438, 223.66400146484375], [184.24000549316406, 149.74400329589844, 223.66400146484375, 223.66400146484375], [11.53600025177002, 29.00800132751465, 42.448001861572266, 164.3040008544922], [163.1840057373047, 104.27200317382812, 195.88800048828125, 158.25601196289062], [135.6320037841797, 106.73600006103516, 158.25601196289062, 152.2080078125], [209.7760009765625, 101.8080062866211, 223.66400146484375, 142.3520050048828]], 'labels': ['desk', 'desk', 'person', 'person', 'person', 'person']}}"
0189,"{'<DENSE_REGION_CAPTION>': {'bboxes': [[66.41600036621094, 7.056000232696533, 152.656005859375, 117.26399993896484], [7.504000186920166, 135.6320037841797, 91.5040054321289, 223.66400146484375], [183.56800842285156, 149.29600524902344, 223.66400146484375, 223.66400146484375], [70.89600372314453, 151.760009765625, 119.5040054321289, 223.66400146484375], [15.120000839233398, 196.7840118408203, 57.68000030517578, 223.66400146484375], [86.80000305175781, 188.94400024414062, 119.2800064086914, 223.66400146484375], [90.16000366210938, 23.856000900268555, 104.49600219726562, 49.39200210571289]], 'labels': ['whiteboard', 'table', 'table', 'chair', 'chair', 'chair', 'clock']}}"
0190,"{'<DENSE_REGION_CAPTION>': {'bboxes': [[66.41600036621094, 8.176000595092773, 152.4320068359375, 117.04000091552734], [7.504000186920166, 135.6320037841797, 91.2800064086914, 223.66400146484375], [183.56800842285156, 149.52000427246094, 223.66400146484375, 223.66400146484375], [151.9840087890625, 155.79200744628906, 188.49600219726562, 223.66400146484375], [86.35200500488281, 189.16799926757812, 118.60800170898438, 223.66400146484375], [14.672000885009766, 197.0080108642578, 46.47999954223633, 223.66400146484375], [32.592002868652344, 135.6320037841797, 43.12000274658203, 156.24000549316406]], 'labels': ['whiteboard', 'table', 'table', 'chair', 'chair', 'chair', 'chair']}}"
0191,"{'<DENSE_REGION_CAPTION>': {'bboxes': [[7.952000141143799, 135.8560028076172, 90.60800170898438, 223.66400146484375], [184.68800354003906, 149.96800231933594, 223.66400146484375, 223.66400146484375], [12.208000183105469, 29.00800132751465, 49.39200210571289, 164.5279998779297], [155.34400939941406, 105.61600494384766, 187.60000610351562, 157.36000061035156], [130.70401000976562, 116.59200286865234, 156.91200256347656, 163.6320037841797], [188.27200317382812, 120.1760025024414, 210.67201232910156, 150.63999938964844], [166.09600830078125, 33.040000915527344, 187.37600708007812, 58.80000305175781], [142.8000030517578, 105.84000396728516, 157.58399963378906, 131.37600708007812]], 'labels': ['desk', 'desk', 'person', 'person', 'person', 'person', 'person', 'person']}}"
0192,"{'<DENSE_REGION_CAPTION>': {'bboxes': [[66.63999938964844, 9.968000411987305, 152.656005859375, 116.81600189208984], [7.504000186920166, 135.6320037841797, 91.5040054321289, 223.66400146484375], [183.56800842285156, 149.74400329589844, 223.66400146484375, 223.66400146484375], [152.4320068359375, 156.01600646972656, 188.49600219726562, 223.66400146484375], [15.344000816345215, 197.0080108642578, 57.68000030517578, 223.66400146484375], [86.80000305175781, 189.16799926757812, 118.83200073242188, 223.66400146484375], [90.16000366210938, 24.079999923706055, 104.49600219726562, 49.61600112915039]], 'labels': ['whiteboard', 'table', 'table', 'chair', 'chair', 'chair', 'clock']}}"
0193,"{'<DENSE_REGION_CAPTION>': {'bboxes': [[66.41600036621094, 9.520000457763672, 152.656005859375, 117.04000091552734], [13.552000045776367, 28.784000396728516, 40.20800018310547, 164.3040008544922], [147.50399780273438, 106.96000671386719, 190.7360076904297, 161.16799926757812], [111.21600341796875, 103.1520004272461, 135.4080047607422, 161.16799926757812], [130.48001098632812, 105.61600494384766, 148.62400817871094, 151.31201171875], [188.94400024414062, 116.81600189208984, 212.01600646972656, 150.41600036621094], [202.83200073242188, 93.07200622558594, 215.15200805664062, 137.64801025390625], [163.4080047607422, 38.8640022277832, 181.7760009765625, 63.72800064086914]], 'labels': ['whiteboard', 'person', 'person', 'person', 'person', 'person', 'person', 'person']}}"
0194,"{'<DENSE_REGION_CAPTION>': {'bboxes': [[66.41600036621094, 9.296000480651855, 152.656005859375, 116.81600189208984], [12.432000160217285, 28.784000396728516, 43.34400177001953, 164.3040008544922], [151.5360107421875, 122.19200134277344, 194.76800537109375, 174.83200073242188], [143.6959991455078, 106.28800201416016, 170.3520050048828, 166.32000732421875], [164.0800018310547, 38.63999938964844, 197.2320098876953, 84.33600616455078], [111.21600341796875, 102.9280014038086, 135.1840057373047, 160.27200317382812], [130.92800903320312, 104.72000122070312, 149.96800231933594, 151.31201171875], [187.82400512695312, 120.4000015258789, 210.67201232910156, 150.19200134277344], [201.71200561523438, 92.1760025024414, 214.92800903320312, 135.1840057373047]], 'labels': ['whiteboard', 'person', 'person', 'person', 'person', 'person', 'person', 'person', 'person']}}"
0195,"{'<DENSE_REGION_CAPTION>': {'bboxes': [[66.41600036621094, 9.296000480651855, 152.656005859375, 116.81600189208984], [0.1120000034570694, 0.1120000034570694, 11.760000228881836, 32.14400100708008]], 'labels': ['whiteboard', 'poster']}}"
0196,"{'<DENSE_REGION_CAPTION>': {'bboxes': [[66.41600036621094, 9.744000434875488, 152.656005859375, 116.81600189208984], [0.1120000034570694, 0.1120000034570694, 11.760000228881836, 32.14400100708008], [151.760009765625, 156.01600646972656, 189.16799926757812, 223.66400146484375], [86.80000305175781, 188.94400024414062, 119.0560073852539, 223.66400146484375], [11.760000228881836, 29.45600128173828, 39.98400115966797, 163.6320037841797], [149.52000427246094, 104.49600219726562, 187.60000610351562, 161.16799926757812], [111.21600341796875, 102.9280014038086, 130.25599670410156, 160.72000122070312], [131.37600708007812, 104.72000122070312, 150.19200134277344, 151.31201171875], [188.94400024414062, 119.9520034790039, 210.89601135253906, 149.96800231933594], [202.60800170898438, 92.4000015258789, 215.37600708007812, 133.61599731445312]], 'labels': ['whiteboard', 'poster', 'chair', 'chair', 'person', 'person', 'person', 'person', 'person', 'person']}}"
0197,"{'<DENSE_REGION_CAPTION>': {'bboxes': [[66.41600036621094, 8.848000526428223, 152.4320068359375, 116.59200286865234], [0.1120000034570694, 0.1120000034570694, 11.760000228881836, 32.14400100708008], [151.9840087890625, 156.01600646972656, 189.16799926757812, 223.66400146484375], [86.57600402832031, 188.94400024414062, 118.83200073242188, 223.66400146484375], [12.432000160217285, 29.68000030517578, 39.76000213623047, 163.4080047607422], [149.96800231933594, 104.49600219726562, 188.94400024414062, 160.72000122070312], [111.21600341796875, 103.1520004272461, 129.58399963378906, 157.36000061035156], [130.92800903320312, 104.49600219726562, 150.63999938964844, 151.08799743652344], [200.81600952148438, 92.1760025024414, 219.1840057373047, 141.0080108642578], [188.49600219726562, 119.7280044555664, 210.44801330566406, 149.96800231933594]], 'labels': ['whiteboard', 'poster', 'chair', 'chair', 'person', 'person', 'person', 'person', 'person', 'person']}}"
0198,"{'<DENSE_REGION_CAPTION>': {'bboxes': [[66.41600036621094, 8.40000057220459, 152.656005859375, 116.81600189208984], [0.1120000034570694, 0.1120000034570694, 11.760000228881836, 32.14400100708008], [86.57600402832031, 188.94400024414062, 119.0560073852539, 223.66400146484375], [90.16000366210938, 23.856000900268555, 104.49600219726562, 49.16800308227539]], 'labels': ['whiteboard', 'poster', 'chair', 'clock']}}"
0199,"{'<DENSE_REGION_CAPTION>': {'bboxes': [[66.41600036621094, 9.072000503540039, 152.656005859375, 116.81600189208984], [86.57600402832031, 151.5360107421875, 119.7280044555664, 223.66400146484375], [12.432000160217285, 29.68000030517578, 39.76000213623047, 164.3040008544922], [145.48800659179688, 102.9280014038086, 186.70401000976562, 177.74400329589844], [151.08799743652344, 102.9280014038086, 186.48001098632812, 158.70401000976562], [186.48001098632812, 97.7760009765625, 219.8560028076172, 149.96800231933594], [109.64800262451172, 103.82400512695312, 135.1840057373047, 159.82400512695312], [130.92800903320312, 104.72000122070312, 149.96800231933594, 151.31201171875], [165.64801025390625, 37.96800231933594, 187.60000610351562, 63.50400161743164]], 'labels': ['whiteboard', 'chair', 'person', 'person', 'person', 'person', 'person', 'person', 'person']}}"
0200,"{'<DENSE_REGION_CAPTION>': {'bboxes': [[66.41600036621094, 9.296000480651855, 152.656005859375, 116.81600189208984], [152.2080078125, 156.01600646972656, 188.72000122070312, 223.66400146484375], [86.80000305175781, 188.94400024414062, 119.0560073852539, 223.66400146484375], [90.38400268554688, 23.856000900268555, 104.49600219726562, 49.16800308227539], [7.952000141143799, 135.6320037841797, 90.60800170898438, 223.66400146484375], [184.68800354003906, 149.74400329589844, 223.66400146484375, 223.66400146484375], [12.656000137329102, 29.904001235961914, 39.76000213623047, 164.3040008544922], [145.93600463867188, 103.82400512695312, 186.92800903320312, 165.42401123046875], [111.44000244140625, 103.82400512695312, 134.9600067138672, 159.60000610351562], [185.58399963378906, 102.9280014038086, 210.44801330566406, 149.96800231933594], [165.87200927734375, 37.96800231933594, 188.72000122070312, 84.33600616455078], [132.04800415039062, 104.27200317382812, 150.63999938964844, 151.08799743652344], [202.83200073242188, 103.1520004272461, 222.09600830078125, 141.0080108642578]], 'labels': ['whiteboard', 'chair', 'chair', 'clock', 'desk', 'desk', 'person', 'person', 'person', 'person', 'person', 'person', 'person']}}"
0201,"{'<DENSE_REGION_CAPTION>': {'bboxes': [[66.41600036621094, 9.296000480651855, 152.656005859375, 116.81600189208984], [0.1120000034570694, 0.1120000034570694, 11.984000205993652, 32.14400100708008], [152.2080078125, 156.01600646972656, 189.16799926757812, 223.66400146484375], [86.80000305175781, 188.94400024414062, 119.0560073852539, 223.66400146484375], [90.16000366210938, 23.856000900268555, 104.49600219726562, 49.16800308227539], [12.656000137329102, 29.904001235961914, 40.20800018310547, 164.3040008544922], [145.48800659179688, 102.9280014038086, 187.15200805664062, 179.5360107421875], [111.21600341796875, 103.82400512695312, 135.6320037841797, 158.70401000976562], [130.25599670410156, 104.72000122070312, 150.41600036621094, 151.08799743652344], [186.25601196289062, 116.59200286865234, 210.67201232910156, 149.96800231933594], [201.48800659179688, 90.60800170898438, 215.37600708007812, 133.8400115966797], [165.87200927734375, 37.96800231933594, 187.82400512695312, 63.50400161743164]], 'labels': ['whiteboard', 'poster', 'chair', 'chair', 'clock', 'person', 'person', 'person', 'person', 'person', 'person', 'person']}}"
0202,"{'<DENSE_REGION_CAPTION>': {'bboxes': [[66.41600036621094, 9.296000480651855, 152.656005859375, 116.81600189208984], [0.1120000034570694, 0.1120000034570694, 11.760000228881836, 32.14400100708008], [86.57600402832031, 188.94400024414062, 118.83200073242188, 223.66400146484375], [90.16000366210938, 23.856000900268555, 104.27200317382812, 49.16800308227539]], 'labels': ['whiteboard', 'poster', 'chair', 'clock']}}"
0203,"{'<DENSE_REGION_CAPTION>': {'bboxes': [[66.41600036621094, 9.072000503540039, 152.656005859375, 116.59200286865234], [7.952000141143799, 135.8560028076172, 90.60800170898438, 223.66400146484375], [184.46400451660156, 149.74400329589844, 223.66400146484375, 223.66400146484375], [12.656000137329102, 29.45600128173828, 40.20800018310547, 164.5279998779297], [145.26400756835938, 106.28800201416016, 187.37600708007812, 179.31201171875], [132.04800415039062, 104.72000122070312, 149.96800231933594, 151.5360107421875], [186.25601196289062, 121.29600524902344, 210.67201232910156, 150.41600036621094], [165.87200927734375, 38.19200134277344, 187.82400512695312, 63.72800064086914]], 'labels': ['whiteboard', 'desk', 'desk', 'person', 'person', 'person', 'person', 'person']}}"
0204,"{'<DENSE_REGION_CAPTION>': {'bboxes': [[66.41600036621094, 8.176000595092773, 152.656005859375, 116.14400482177734], [12.656000137329102, 29.45600128173828, 39.98400115966797, 164.0800018310547], [143.0240020751953, 107.18400573730469, 188.72000122070312, 166.99200439453125], [108.97600555419922, 106.73600006103516, 134.5120086669922, 161.8400115966797], [185.58399963378906, 103.3759994506836, 209.7760009765625, 150.41600036621094], [165.20001220703125, 37.96800231933594, 188.04800415039062, 64.6240005493164]], 'labels': ['whiteboard', 'person', 'person', 'person', 'person', 'person']}}"
0205,"{'<DENSE_REGION_CAPTION>': {'bboxes': [[66.41600036621094, 7.728000164031982, 152.656005859375, 116.14400482177734], [12.432000160217285, 29.45600128173828, 39.76000213623047, 164.0800018310547], [147.50399780273438, 117.04000091552734, 190.9600067138672, 178.41600036621094], [108.52799987792969, 106.06400299072266, 133.16799926757812, 161.6160125732422], [185.58399963378906, 103.82400512695312, 210.67201232910156, 150.41600036621094], [132.27200317382812, 107.40800476074219, 155.56800842285156, 151.5360107421875], [165.20001220703125, 37.96800231933594, 187.82400512695312, 64.4000015258789]], 'labels': ['whiteboard', 'person', 'person', 'person', 'person', 'person', 'person']}}"
0206,"{'<DENSE_REGION_CAPTION>': {'bboxes': [[66.41600036621094, 7.056000232696533, 152.4320068359375, 116.81600189208984], [145.93600463867188, 114.35200500488281, 191.4080047607422, 223.66400146484375], [12.656000137329102, 29.00800132751465, 39.98400115966797, 164.0800018310547], [145.93600463867188, 114.35200500488281, 191.1840057373047, 178.86399841308594], [108.52799987792969, 102.2560043334961, 134.9600067138672, 160.72000122070312], [185.36000061035156, 103.60000610351562, 210.89601135253906, 150.19200134277344], [156.46400451660156, 106.06400299072266, 180.656005859375, 145.26400756835938], [135.8560028076172, 106.51200103759766, 157.58399963378906, 148.62400817871094], [202.83200073242188, 90.83200073242188, 216.27200317382812, 131.60000610351562], [165.42401123046875, 37.74399948120117, 187.37600708007812, 63.72800064086914]], 'labels': ['whiteboard', 'person', 'person', 'person', 'person', 'person', 'person', 'person', 'person', 'person']}}"
0207,"{'<DENSE_REGION_CAPTION>': {'bboxes': [[7.056000232696533, 135.1840057373047, 94.41600036621094, 223.66400146484375], [11.984000205993652, 29.00800132751465, 39.98400115966797, 164.3040008544922], [146.83200073242188, 113.23200225830078, 190.9600067138672, 178.86399841308594], [110.31999969482422, 105.39200592041016, 134.9600067138672, 160.49600219726562], [184.91200256347656, 103.60000610351562, 209.552001953125, 150.19200134277344], [132.04800415039062, 107.63200378417969, 151.08799743652344, 151.08799743652344], [164.5279998779297, 37.96800231933594, 187.37600708007812, 63.952003479003906]], 'labels': ['desk', 'person', 'person', 'person', 'person', 'person', 'person']}}"
0208,"{'<DENSE_REGION_CAPTION>': {'bboxes': [[6.832000255584717, 135.4080047607422, 93.96800231933594, 223.66400146484375], [185.58399963378906, 149.07200622558594, 223.66400146484375, 223.66400146484375], [82.54400634765625, 21.392000198364258, 92.6240005493164, 57.00800323486328], [65.52000427246094, 12.656000137329102, 151.5360107421875, 115.24800109863281], [150.41600036621094, 29.45600128173828, 206.19200134277344, 89.71200561523438], [85.90399932861328, 151.760009765625, 119.7280044555664, 223.66400146484375], [13.552000045776367, 197.2320098876953, 56.560001373291016, 223.66400146484375], [85.90399932861328, 189.16799926757812, 117.26399993896484, 223.66400146484375], [11.312000274658203, 29.68000030517578, 39.0880012512207, 166.09600830078125], [145.26400756835938, 115.92000579833984, 190.0640106201172, 171.4720001220703], [108.52799987792969, 105.61600494384766, 133.16799926757812, 165.64801025390625], [184.91200256347656, 103.82400512695312, 209.3280029296875, 150.19200134277344], [138.09600830078125, 106.73600006103516, 158.25601196289062, 146.83200073242188], [201.04000854492188, 91.7280044555664, 215.60000610351562, 133.61599731445312], [165.20001220703125, 38.19200134277344, 186.70401000976562, 64.1760025024414], [154.89601135253906, 107.85600280761719, 168.33599853515625, 142.8000030517578]], 'labels': ['desk', 'desk', 'flag', 'poster', 'poster', 'chair', 'chair', 'chair', 'person', 'person', 'person', 'person', 'person', 'person', 'person', 'person']}}"
0209,"{'<DENSE_REGION_CAPTION>': {'bboxes': [[0.1120000034570694, 135.6320037841797, 85.68000030517578, 223.66400146484375], [178.41600036621094, 149.07200622558594, 223.66400146484375, 223.66400146484375], [1.4560000896453857, 30.80000114440918, 30.128000259399414, 166.54400634765625], [137.42401123046875, 107.40800476074219, 182.2239990234375, 178.63999938964844], [101.8080062866211, 106.51200103759766, 128.01600646972656, 160.49600219726562], [176.84800720214844, 103.60000610351562, 200.36801147460938, 149.74400329589844], [199.92001342773438, 99.34400177001953, 221.20001220703125, 141.6800079345703], [123.08800506591797, 108.52799987792969, 140.7840118408203, 151.31201171875], [192.0800018310547, 91.5040054321289, 205.96800231933594, 133.61599731445312], [147.27999877929688, 105.61600494384766, 159.15200805664062, 138.99200439453125]], 'labels': ['desk', 'desk', 'person', 'person', 'person', 'person', 'person', 'person', 'person', 'person']}}"
0210,"{'<DENSE_REGION_CAPTION>': {'bboxes': [[0.1120000034570694, 135.6320037841797, 85.68000030517578, 223.66400146484375], [176.84800720214844, 149.07200622558594, 223.66400146484375, 223.66400146484375], [8.848000526428223, 30.80000114440918, 37.96800231933594, 165.64801025390625], [138.99200439453125, 115.47200012207031, 182.0, 178.86399841308594], [101.13600158691406, 106.51200103759766, 124.8800048828125, 160.72000122070312], [176.17601013183594, 104.27200317382812, 200.36801147460938, 149.74400329589844], [123.31200408935547, 105.16800689697266, 145.71200561523438, 151.5360107421875], [201.48800659179688, 99.34400177001953, 223.66400146484375, 149.74400329589844], [155.79200744628906, 38.63999938964844, 178.41600036621094, 85.00800323486328], [192.0800018310547, 91.5040054321289, 205.29600524902344, 136.0800018310547]], 'labels': ['desk', 'desk', 'person', 'person', 'person', 'person', 'person', 'person', 'person', 'person']}}"
0211,"{'<DENSE_REGION_CAPTION>': {'bboxes': [[0.1120000034570694, 135.4080047607422, 86.12800598144531, 223.66400146484375], [176.84800720214844, 149.07200622558594, 223.66400146484375, 223.66400146484375], [18.928001403808594, 33.93600082397461, 50.96000289916992, 145.93600463867188], [138.54400634765625, 111.21600341796875, 182.0, 178.86399841308594], [101.36000061035156, 106.28800201416016, 126.22400665283203, 160.72000122070312], [123.31200408935547, 104.94400024414062, 142.3520050048828, 151.08799743652344], [77.84000396728516, 190.2880096435547, 109.64800262451172, 223.66400146484375], [5.039999961853027, 199.92001342773438, 37.07200241088867, 223.66400146484375], [16.687999725341797, 136.7519989013672, 34.608001708984375, 165.64801025390625]], 'labels': ['desk', 'desk', 'person', 'person', 'person', 'person', 'chair', 'chair', 'chair']}}"
0212,"{'<DENSE_REGION_CAPTION>': {'bboxes': [[0.1120000034570694, 135.6320037841797, 85.68000030517578, 223.66400146484375], [175.72801208496094, 149.07200622558594, 223.66400146484375, 223.66400146484375], [11.53600025177002, 28.784000396728516, 47.60000228881836, 143.0240020751953], [11.53600025177002, 28.784000396728516, 35.055999755859375, 143.0240020751953], [137.42401123046875, 126.89600372314453, 180.2080078125, 179.31201171875], [101.36000061035156, 106.73600006103516, 123.53600311279297, 166.54400634765625], [151.08799743652344, 126.89600372314453, 180.2080078125, 161.39199829101562], [200.14401245117188, 100.46400451660156, 221.87200927734375, 143.4720001220703], [123.98400115966797, 105.16800689697266, 141.9040069580078, 151.760009765625], [102.9280014038086, 106.73600006103516, 120.6240005493164, 147.72801208496094], [190.5120086669922, 91.7280044555664, 202.83200073242188, 135.1840057373047]], 'labels': ['desk', 'desk', 'person', 'person', 'person', 'person', 'person', 'person', 'person', 'person', 'person']}}"
0213,"{'<DENSE_REGION_CAPTION>': {'bboxes': [[0.1120000034570694, 135.6320037841797, 86.12800598144531, 223.66400146484375], [179.0880126953125, 149.29600524902344, 223.66400146484375, 223.66400146484375], [0.1120000034570694, 28.784000396728516, 38.41600036621094, 166.99200439453125], [136.9759979248047, 113.90400695800781, 183.79200744628906, 179.0880126953125], [100.91200256347656, 106.28800201416016, 126.67200469970703, 160.72000122070312], [155.79200744628906, 38.41600036621094, 178.86399841308594, 84.78400421142578], [123.98400115966797, 104.94400024414062, 142.1280059814453, 151.31201171875]], 'labels': ['desk', 'desk', 'person', 'person', 'person', 'person', 'person']}}"
0214,"{'<DENSE_REGION_CAPTION>': {'bboxes': [[0.1120000034570694, 135.8560028076172, 86.12800598144531, 223.66400146484375], [178.41600036621094, 149.07200622558594, 223.66400146484375, 223.66400146484375], [0.1120000034570694, 29.00800132751465, 34.608001708984375, 166.54400634765625], [138.54400634765625, 116.14400482177734, 183.12001037597656, 179.0880126953125], [103.3759994506836, 106.73600006103516, 121.74400329589844, 166.09600830078125], [152.8800048828125, 39.3120002746582, 176.40000915527344, 83.66400146484375], [174.83200073242188, 118.83200073242188, 200.59201049804688, 149.74400329589844], [126.00000762939453, 104.94400024414062, 142.1280059814453, 151.08799743652344], [153.10400390625, 39.3120002746582, 175.95201110839844, 64.6240005493164]], 'labels': ['desk', 'desk', 'person', 'person', 'person', 'person', 'person', 'person', 'person']}}"
0215,"{'<DENSE_REGION_CAPTION>': {'bboxes': [[0.1120000034570694, 135.8560028076172, 86.12800598144531, 223.66400146484375], [178.41600036621094, 149.07200622558594, 223.66400146484375, 223.66400146484375], [0.1120000034570694, 28.784000396728516, 35.95199966430664, 166.54400634765625], [136.5279998779297, 110.54400634765625, 183.56800842285156, 179.31201171875], [102.0320053100586, 107.63200378417969, 128.24000549316406, 166.54400634765625], [125.10400390625, 105.39200592041016, 142.5760040283203, 151.31201171875]], 'labels': ['desk', 'desk', 'person', 'person', 'person', 'person']}}"
0216,"{'<DENSE_REGION_CAPTION>': {'bboxes': [[0.1120000034570694, 135.8560028076172, 86.12800598144531, 223.66400146484375], [178.41600036621094, 149.07200622558594, 223.66400146484375, 223.66400146484375], [0.1120000034570694, 29.45600128173828, 35.95199966430664, 166.54400634765625], [137.42401123046875, 126.67200469970703, 182.89601135253906, 179.5360107421875], [103.82400512695312, 107.18400573730469, 120.6240005493164, 166.09600830078125], [126.67200469970703, 106.28800201416016, 142.8000030517578, 156.01600646972656], [177.07200622558594, 119.2800064086914, 199.6959991455078, 149.52000427246094], [190.9600067138672, 90.38400268554688, 203.50401306152344, 131.60000610351562], [193.20001220703125, 116.81600189208984, 207.5360107421875, 149.29600524902344]], 'labels': ['desk', 'desk', 'person', 'person', 'person', 'person', 'person', 'person', 'person']}}"
0217,"{'<DENSE_REGION_CAPTION>': {'bboxes': [[0.1120000034570694, 135.8560028076172, 86.12800598144531, 223.66400146484375], [177.52000427246094, 149.07200622558594, 223.66400146484375, 223.66400146484375], [0.1120000034570694, 29.00800132751465, 28.784000396728516, 166.54400634765625], [136.5279998779297, 109.20000457763672, 180.656005859375, 179.5360107421875], [126.00000762939453, 106.73600006103516, 145.04000854492188, 148.62400817871094], [190.9600067138672, 90.16000366210938, 204.17601013183594, 133.16799926757812]], 'labels': ['desk', 'desk', 'person', 'person', 'person', 'person']}}"
0218,"{'<DENSE_REGION_CAPTION>': {'bboxes': [[0.1120000034570694, 135.8560028076172, 86.12800598144531, 223.66400146484375], [174.83200073242188, 148.62400817871094, 223.66400146484375, 223.66400146484375], [0.1120000034570694, 28.784000396728516, 35.055999755859375, 166.99200439453125], [138.99200439453125, 108.75200653076172, 178.19200134277344, 179.0880126953125], [174.83200073242188, 34.832000732421875, 196.7840118408203, 83.44000244140625], [125.552001953125, 105.39200592041016, 141.9040069580078, 151.31201171875]], 'labels': ['desk', 'desk', 'person', 'person', 'person', 'person']}}"
0219,"{'<DENSE_REGION_CAPTION>': {'bboxes': [[0.1120000034570694, 135.8560028076172, 86.12800598144531, 223.66400146484375], [175.50399780273438, 149.07200622558594, 223.66400146484375, 223.66400146484375], [0.1120000034570694, 29.00800132751465, 29.23200035095215, 166.32000732421875], [135.4080047607422, 114.57600402832031, 178.86399841308594, 177.96800231933594], [165.42401123046875, 32.592002868652344, 195.66400146484375, 85.68000030517578], [147.95201110839844, 114.57600402832031, 178.63999938964844, 160.72000122070312], [100.91200256347656, 106.73600006103516, 120.4000015258789, 165.87200927734375], [124.8800048828125, 105.39200592041016, 144.1439971923828, 150.19200134277344], [173.71200561523438, 106.96000671386719, 187.60000610351562, 148.62400817871094], [189.8400115966797, 86.80000305175781, 201.71200561523438, 124.4320068359375]], 'labels': ['desk', 'desk', 'person', 'person', 'person', 'person', 'person', 'person', 'person', 'person']}}"
0220,"{'<DENSE_REGION_CAPTION>': {'bboxes': [[0.1120000034570694, 135.8560028076172, 86.12800598144531, 223.66400146484375], [176.62400817871094, 149.07200622558594, 223.66400146484375, 223.66400146484375], [0.1120000034570694, 29.00800132751465, 30.128000259399414, 166.54400634765625], [162.0640106201172, 33.71200180053711, 195.88800048828125, 86.12800598144531], [100.46400451660156, 106.96000671386719, 124.656005859375, 166.54400634765625], [126.00000762939453, 105.39200592041016, 147.72801208496094, 170.8000030517578], [149.74400329589844, 113.90400695800781, 179.9840087890625, 162.0640106201172], [100.46400451660156, 106.96000671386719, 119.2800064086914, 153.10400390625], [146.16000366210938, 107.40800476074219, 161.16799926757812, 156.91200256347656], [172.59201049804688, 106.73600006103516, 186.03201293945312, 148.40000915527344], [189.8400115966797, 92.6240005493164, 203.27999877929688, 124.8800048828125], [126.44800567626953, 105.39200592041016, 140.7840118408203, 136.0800018310547]], 'labels': ['desk', 'desk', 'person', 'person', 'person', 'person', 'person', 'person', 'person', 'person', 'person', 'person']}}"
0221,"{'<DENSE_REGION_CAPTION>': {'bboxes': [[0.1120000034570694, 135.6320037841797, 86.12800598144531, 223.66400146484375], [174.83200073242188, 149.07200622558594, 223.66400146484375, 223.66400146484375], [0.1120000034570694, 29.45600128173828, 28.784000396728516, 166.54400634765625], [158.03199768066406, 34.608001708984375, 195.44000244140625, 86.80000305175781], [100.91200256347656, 107.18400573730469, 120.1760025024414, 181.552001953125], [136.5279998779297, 115.69600677490234, 155.34400939941406, 179.0880126953125], [149.29600524902344, 126.00000762939453, 178.63999938964844, 161.16799926757812], [100.91200256347656, 107.18400573730469, 119.7280044555664, 153.3280029296875], [126.00000762939453, 105.39200592041016, 142.3520050048828, 151.5360107421875], [171.4720001220703, 108.52799987792969, 187.60000610351562, 148.84800720214844], [190.7360076904297, 92.1760025024414, 202.83200073242188, 124.656005859375]], 'labels': ['desk', 'desk', 'person', 'person', 'person', 'person', 'person', 'person', 'person', 'person', 'person']}}"
0222,"{'<DENSE_REGION_CAPTION>': {'bboxes': [[0.1120000034570694, 135.8560028076172, 86.12800598144531, 223.66400146484375], [174.60800170898438, 149.07200622558594, 223.66400146484375, 223.66400146484375], [0.1120000034570694, 29.68000030517578, 35.95199966430664, 165.64801025390625], [137.42401123046875, 128.91200256347656, 179.9840087890625, 223.66400146484375], [157.58399963378906, 34.384002685546875, 195.88800048828125, 86.35200500488281], [100.91200256347656, 106.73600006103516, 118.83200073242188, 165.64801025390625], [124.20800018310547, 105.16800689697266, 142.5760040283203, 151.760009765625], [208.8800048828125, 97.3280029296875, 223.66400146484375, 141.9040069580078], [173.93600463867188, 105.16800689697266, 187.60000610351562, 148.40000915527344], [190.2880096435547, 90.60800170898438, 202.16000366210938, 124.4320068359375]], 'labels': ['desk', 'desk', 'person', 'person', 'person', 'person', 'person', 'person', 'person', 'person']}}"
0223,"{'<DENSE_REGION_CAPTION>': {'bboxes': [[0.1120000034570694, 135.8560028076172, 86.12800598144531, 223.66400146484375], [174.60800170898438, 149.07200622558594, 223.66400146484375, 223.66400146484375], [0.1120000034570694, 29.45600128173828, 34.832000732421875, 165.87200927734375], [143.9199981689453, 125.552001953125, 180.2080078125, 223.66400146484375], [100.91200256347656, 106.96000671386719, 128.46400451660156, 180.8800048828125], [172.14401245117188, 33.040000915527344, 195.66400146484375, 85.00800323486328], [145.93600463867188, 125.552001953125, 178.86399841308594, 160.94400024414062], [100.91200256347656, 106.96000671386719, 119.0560073852539, 166.09600830078125], [179.5360107421875, 116.81600189208984, 207.5360107421875, 149.74400329589844], [125.3280029296875, 105.39200592041016, 142.1280059814453, 151.31201171875], [209.10400390625, 97.552001953125, 223.66400146484375, 141.9040069580078], [173.71200561523438, 103.82400512695312, 186.92800903320312, 148.62400817871094], [190.5120086669922, 91.05599975585938, 202.38400268554688, 124.8800048828125]], 'labels': ['desk', 'desk', 'person', 'person', 'person', 'person', 'person', 'person', 'person', 'person', 'person', 'person', 'person']}}"
0224,"{'<DENSE_REGION_CAPTION>': {'bboxes': [[0.1120000034570694, 136.3040008544922, 86.12800598144531, 223.66400146484375], [174.60800170898438, 149.07200622558594, 223.66400146484375, 223.66400146484375], [0.1120000034570694, 29.00800132751465, 35.055999755859375, 165.42401123046875], [100.91200256347656, 106.73600006103516, 118.16000366210938, 166.54400634765625], [125.10400390625, 105.39200592041016, 142.5760040283203, 150.86399841308594], [152.2080078125, 35.50400161743164, 174.60800170898438, 61.26400375366211]], 'labels': ['desk', 'desk', 'person', 'person', 'person', 'person']}}"
0225,"{'<DENSE_REGION_CAPTION>': {'bboxes': [[0.1120000034570694, 136.3040008544922, 86.12800598144531, 223.66400146484375], [174.60800170898438, 149.07200622558594, 223.66400146484375, 223.66400146484375], [0.1120000034570694, 28.784000396728516, 36.176002502441406, 165.64801025390625], [137.42401123046875, 126.00000762939453, 179.31201171875, 223.66400146484375], [151.760009765625, 34.832000732421875, 175.27999877929688, 86.80000305175781], [100.46400451660156, 106.96000671386719, 118.38400268554688, 166.54400634765625], [145.93600463867188, 109.64800262451172, 166.09600830078125, 156.24000549316406], [124.8800048828125, 105.61600494384766, 142.3520050048828, 151.31201171875]], 'labels': ['desk', 'desk', 'person', 'person', 'person', 'person', 'person', 'person']}}"
0226,"{'<DENSE_REGION_CAPTION>': {'bboxes': [[0.1120000034570694, 136.3040008544922, 86.12800598144531, 223.66400146484375], [174.60800170898438, 149.07200622558594, 223.66400146484375, 223.66400146484375], [0.1120000034570694, 28.784000396728516, 34.832000732421875, 165.87200927734375], [136.0800018310547, 111.88800048828125, 156.46400451660156, 178.41600036621094], [151.5360107421875, 35.055999755859375, 174.83200073242188, 81.64800262451172], [100.46400451660156, 106.96000671386719, 118.38400268554688, 166.54400634765625], [175.72801208496094, 102.2560043334961, 193.20001220703125, 149.52000427246094], [125.552001953125, 105.39200592041016, 141.6800079345703, 147.27999877929688], [190.5120086669922, 91.5040054321289, 203.27999877929688, 133.61599731445312]], 'labels': ['desk', 'desk', 'person', 'person', 'person', 'person', 'person', 'person', 'person']}}"
0227,"{'<DENSE_REGION_CAPTION>': {'bboxes': [[0.1120000034570694, 136.3040008544922, 86.12800598144531, 223.66400146484375], [174.60800170898438, 149.07200622558594, 223.66400146484375, 223.66400146484375], [62.160003662109375, 151.9840087890625, 112.11200714111328, 223.66400146484375], [143.6959991455078, 156.01600646972656, 179.5360107421875, 223.66400146484375], [5.039999961853027, 136.9759979248047, 35.50400161743164, 179.760009765625], [5.039999961853027, 200.14401245117188, 36.847999572753906, 223.66400146484375], [23.18400001525879, 136.9759979248047, 35.50400161743164, 156.24000549316406]], 'labels': ['desk', 'desk', 'chair', 'chair', 'chair', 'chair', 'chair']}}"
0228,"{'<DENSE_REGION_CAPTION>': {'bboxes': [[0.1120000034570694, 136.3040008544922, 86.12800598144531, 223.66400146484375], [174.83200073242188, 148.84800720214844, 223.66400146484375, 223.66400146484375], [0.1120000034570694, 28.784000396728516, 34.608001708984375, 166.09600830078125], [170.5760040283203, 37.07200241088867, 195.88800048828125, 85.23200225830078], [100.91200256347656, 106.96000671386719, 118.83200073242188, 166.09600830078125], [125.10400390625, 105.61600494384766, 143.2480010986328, 151.08799743652344]], 'labels': ['desk', 'desk', 'person', 'person', 'person', 'person']}}"
0229,"{'<DENSE_REGION_CAPTION>': {'bboxes': [[0.1120000034570694, 136.3040008544922, 86.12800598144531, 223.66400146484375], [174.16000366210938, 148.84800720214844, 223.66400146484375, 223.66400146484375], [0.1120000034570694, 29.00800132751465, 29.23200035095215, 166.32000732421875], [169.6800079345703, 37.07200241088867, 196.5600128173828, 85.68000030517578], [144.36801147460938, 126.44800567626953, 178.19200134277344, 160.72000122070312], [100.91200256347656, 106.96000671386719, 119.0560073852539, 166.09600830078125], [139.88800048828125, 111.88800048828125, 160.27200317382812, 160.27200317382812], [124.656005859375, 105.61600494384766, 143.2480010986328, 151.31201171875], [190.0640106201172, 90.83200073242188, 203.50401306152344, 147.27999877929688]], 'labels': ['desk', 'desk', 'person', 'person', 'person', 'person', 'person', 'person', 'person']}}"
0230,"{'<DENSE_REGION_CAPTION>': {'bboxes': [[0.1120000034570694, 136.3040008544922, 86.12800598144531, 223.66400146484375], [174.16000366210938, 149.07200622558594, 223.66400146484375, 223.66400146484375], [0.1120000034570694, 29.45600128173828, 34.608001708984375, 166.09600830078125], [170.1280059814453, 37.29600143432617, 195.66400146484375, 85.45600128173828], [134.7360076904297, 116.36800384521484, 153.10400390625, 178.86399841308594], [100.91200256347656, 106.96000671386719, 119.2800064086914, 166.09600830078125], [189.6160125732422, 95.98400115966797, 205.74400329589844, 137.42401123046875], [125.10400390625, 105.39200592041016, 141.0080108642578, 147.72801208496094]], 'labels': ['desk', 'desk', 'person', 'person', 'person', 'person', 'person', 'person']}}"
0231,"{'<DENSE_REGION_CAPTION>': {'bboxes': [[0.1120000034570694, 135.8560028076172, 86.12800598144531, 223.66400146484375], [174.60800170898438, 148.84800720214844, 223.66400146484375, 223.66400146484375], [0.1120000034570694, 29.45600128173828, 29.68000030517578, 166.09600830078125], [150.63999938964844, 37.29600143432617, 195.66400146484375, 87.02400207519531], [136.9759979248047, 110.99200439453125, 161.8400115966797, 179.0880126953125], [169.4560089111328, 37.29600143432617, 195.44000244140625, 85.68000030517578], [101.13600158691406, 106.96000671386719, 119.5040054321289, 166.54400634765625], [154.2239990234375, 124.8800048828125, 178.86399841308594, 160.49600219726562], [176.62400817871094, 113.45600128173828, 200.59201049804688, 149.96800231933594], [126.00000762939453, 107.40800476074219, 143.9199981689453, 150.19200134277344]], 'labels': ['desk', 'desk', 'person', 'person', 'person', 'person', 'person', 'person', 'person', 'person']}}"
0232,"{'<DENSE_REGION_CAPTION>': {'bboxes': [[0.1120000034570694, 135.8560028076172, 86.12800598144531, 223.66400146484375], [174.60800170898438, 149.07200622558594, 223.66400146484375, 223.66400146484375], [0.1120000034570694, 29.904001235961914, 26.768001556396484, 166.32000732421875], [136.9759979248047, 130.03199768066406, 178.86399841308594, 179.5360107421875], [101.13600158691406, 106.96000671386719, 123.76000213623047, 166.54400634765625], [170.5760040283203, 37.07200241088867, 193.87200927734375, 83.88800048828125], [123.31200408935547, 107.63200378417969, 142.1280059814453, 151.31201171875]], 'labels': ['desk', 'desk', 'person', 'person', 'person', 'person', 'person']}}"
0233,"{'<DENSE_REGION_CAPTION>': {'bboxes': [[0.1120000034570694, 135.8560028076172, 86.12800598144531, 223.66400146484375], [174.83200073242188, 149.07200622558594, 223.66400146484375, 223.66400146484375], [62.160003662109375, 151.760009765625, 112.33600616455078, 223.66400146484375], [143.6959991455078, 156.01600646972656, 179.5360107421875, 223.66400146484375], [77.84000396728516, 190.0640106201172, 109.64800262451172, 223.66400146484375], [5.263999938964844, 199.92001342773438, 36.847999572753906, 223.66400146484375], [20.496000289916992, 136.7519989013672, 35.72800064086914, 161.6160125732422]], 'labels': ['desk', 'desk', 'chair', 'chair', 'chair', 'chair', 'chair']}}"
0234,"{'<DENSE_REGION_CAPTION>': {'bboxes': [[0.1120000034570694, 135.8560028076172, 86.12800598144531, 223.66400146484375], [178.41600036621094, 149.07200622558594, 223.66400146484375, 223.66400146484375], [0.1120000034570694, 29.45600128173828, 28.336000442504883, 166.76800537109375], [149.07200622558594, 113.90400695800781, 182.2239990234375, 167.88800048828125], [169.4560089111328, 36.847999572753906, 194.76800537109375, 85.00800323486328], [102.9280014038086, 106.73600006103516, 120.4000015258789, 165.64801025390625]], 'labels': ['desk', 'desk', 'person', 'person', 'person', 'person']}}"
0235,"{'<DENSE_REGION_CAPTION>': {'bboxes': [[0.1120000034570694, 135.8560028076172, 86.12800598144531, 223.66400146484375], [176.40000915527344, 149.29600524902344, 223.66400146484375, 223.66400146484375], [0.1120000034570694, 29.00800132751465, 27.88800048828125, 166.99200439453125], [142.1280059814453, 134.7360076904297, 180.8800048828125, 223.66400146484375], [169.0080108642578, 37.07200241088867, 194.09600830078125, 85.90399932861328], [100.46400451660156, 106.96000671386719, 119.9520034790039, 166.09600830078125], [176.62400817871094, 111.44000244140625, 200.81600952148438, 149.74400329589844], [126.00000762939453, 106.73600006103516, 144.81600952148438, 151.31201171875]], 'labels': ['desk', 'desk', 'person', 'person', 'person', 'person', 'person', 'person']}}"
0236,"{'<DENSE_REGION_CAPTION>': {'bboxes': [[0.1120000034570694, 135.8560028076172, 86.12800598144531, 223.66400146484375], [175.05599975585938, 149.07200622558594, 223.66400146484375, 223.66400146484375], [0.1120000034570694, 29.23200035095215, 30.128000259399414, 166.54400634765625], [138.54400634765625, 117.04000091552734, 179.9840087890625, 178.86399841308594], [169.0080108642578, 37.07200241088867, 193.87200927734375, 85.00800323486328], [100.46400451660156, 106.96000671386719, 119.5040054321289, 166.09600830078125], [175.72801208496094, 116.36800384521484, 200.81600952148438, 149.96800231933594], [127.56800079345703, 109.64800262451172, 143.4720001220703, 150.63999938964844]], 'labels': ['desk', 'desk', 'person', 'person', 'person', 'person', 'person', 'person']}}"
0237,"{'<DENSE_REGION_CAPTION>': {'bboxes': [[0.1120000034570694, 135.8560028076172, 86.12800598144531, 223.66400146484375], [174.16000366210938, 149.07200622558594, 223.66400146484375, 223.66400146484375], [0.1120000034570694, 29.00800132751465, 28.336000442504883, 166.32000732421875], [169.0080108642578, 37.07200241088867, 193.87200927734375, 85.00800323486328], [133.8400115966797, 118.38400268554688, 152.4320068359375, 178.63999938964844], [100.46400451660156, 106.96000671386719, 119.2800064086914, 166.09600830078125], [151.5360107421875, 123.98400115966797, 178.86399841308594, 160.49600219726562], [212.24000549316406, 97.552001953125, 223.66400146484375, 149.74400329589844]], 'labels': ['desk', 'desk', 'person', 'person', 'person', 'person', 'person', 'person']}}"
0238,"{'<DENSE_REGION_CAPTION>': {'bboxes': [[0.1120000034570694, 135.8560028076172, 86.12800598144531, 223.66400146484375], [174.16000366210938, 149.07200622558594, 223.66400146484375, 223.66400146484375], [0.1120000034570694, 29.45600128173828, 29.23200035095215, 166.54400634765625], [169.0080108642578, 37.29600143432617, 193.87200927734375, 85.23200225830078]], 'labels': ['desk', 'desk', 'person', 'person']}}"
0239,"{'<DENSE_REGION_CAPTION>': {'bboxes': [[0.1120000034570694, 135.8560028076172, 86.12800598144531, 223.66400146484375], [174.83200073242188, 149.07200622558594, 223.66400146484375, 223.66400146484375], [0.1120000034570694, 30.352001190185547, 30.576000213623047, 166.32000732421875], [135.6320037841797, 124.8800048828125, 179.5360107421875, 179.760009765625], [169.2320098876953, 37.07200241088867, 193.87200927734375, 84.56000518798828], [100.46400451660156, 106.96000671386719, 119.2800064086914, 165.64801025390625], [121.29600524902344, 104.72000122070312, 142.3520050048828, 150.63999938964844]], 'labels': ['desk', 'desk', 'person', 'person', 'person', 'person', 'person']}}"
0240,"{'<DENSE_REGION_CAPTION>': {'bboxes': [[0.1120000034570694, 135.8560028076172, 86.12800598144531, 223.66400146484375], [174.83200073242188, 149.29600524902344, 223.66400146484375, 223.66400146484375], [0.1120000034570694, 30.576000213623047, 31.248001098632812, 166.54400634765625], [169.4560089111328, 37.29600143432617, 193.64801025390625, 85.00800323486328], [121.52000427246094, 104.94400024414062, 141.6800079345703, 151.31201171875]], 'labels': ['desk', 'desk', 'person', 'person', 'person']}}"
0241,"{'<DENSE_REGION_CAPTION>': {'bboxes': [[0.1120000034570694, 135.8560028076172, 86.12800598144531, 223.66400146484375], [174.83200073242188, 149.29600524902344, 223.66400146484375, 223.66400146484375], [0.1120000034570694, 29.904001235961914, 30.576000213623047, 166.54400634765625], [136.9759979248047, 124.4320068359375, 179.5360107421875, 179.5360107421875], [169.0080108642578, 37.29600143432617, 193.64801025390625, 85.23200225830078], [121.52000427246094, 104.94400024414062, 142.1280059814453, 151.08799743652344]], 'labels': ['desk', 'desk', 'person', 'person', 'person', 'person']}}"
0242,"{'<DENSE_REGION_CAPTION>': {'bboxes': [[0.1120000034570694, 135.8560028076172, 86.12800598144531, 223.66400146484375], [175.72801208496094, 149.29600524902344, 223.66400146484375, 223.66400146484375], [0.1120000034570694, 29.45600128173828, 31.02400016784668, 166.32000732421875], [169.0080108642578, 37.29600143432617, 193.87200927734375, 85.23200225830078], [149.52000427246094, 121.74400329589844, 178.86399841308594, 160.49600219726562]], 'labels': ['desk', 'desk', 'person', 'person', 'person']}}"
0243,"{'<DENSE_REGION_CAPTION>': {'bboxes': [[0.1120000034570694, 135.8560028076172, 86.12800598144531, 223.66400146484375], [176.40000915527344, 149.29600524902344, 223.66400146484375, 223.66400146484375], [0.1120000034570694, 29.00800132751465, 30.576000213623047, 166.54400634765625], [147.50399780273438, 114.57600402832031, 179.5360107421875, 161.39199829101562], [169.0080108642578, 37.29600143432617, 193.87200927734375, 85.23200225830078], [103.3759994506836, 106.96000671386719, 126.44800567626953, 159.82400512695312], [131.60000610351562, 117.93600463867188, 150.63999938964844, 178.63999938964844], [208.656005859375, 98.67200469970703, 223.66400146484375, 149.74400329589844], [177.96800231933594, 121.07200622558594, 200.81600952148438, 149.74400329589844], [124.8800048828125, 104.72000122070312, 139.88800048828125, 144.1439971923828]], 'labels': ['desk', 'desk', 'person', 'person', 'person', 'person', 'person', 'person', 'person', 'person']}}"
0244,"{'<DENSE_REGION_CAPTION>': {'bboxes': [[0.1120000034570694, 135.8560028076172, 86.12800598144531, 223.66400146484375], [174.16000366210938, 149.07200622558594, 223.66400146484375, 223.66400146484375], [0.1120000034570694, 29.45600128173828, 29.904001235961914, 166.54400634765625], [100.91200256347656, 105.84000396728516, 124.20800018310547, 166.54400634765625], [169.0080108642578, 37.29600143432617, 193.64801025390625, 85.90399932861328], [149.07200622558594, 126.89600372314453, 178.63999938964844, 160.94400024414062], [179.760009765625, 121.07200622558594, 200.36801147460938, 149.74400329589844], [125.552001953125, 107.18400573730469, 137.42401123046875, 136.7519989013672]], 'labels': ['desk', 'desk', 'person', 'person', 'person', 'person', 'person', 'person']}}"
0245,"{'<DENSE_REGION_CAPTION>': {'bboxes': [[0.1120000034570694, 135.8560028076172, 86.12800598144531, 223.66400146484375], [178.41600036621094, 149.07200622558594, 223.66400146484375, 223.66400146484375], [0.1120000034570694, 29.00800132751465, 28.560001373291016, 166.32000732421875], [100.24000549316406, 103.60000610351562, 126.67200469970703, 180.656005859375], [124.4320068359375, 116.36800384521484, 152.656005859375, 178.63999938964844], [149.96800231933594, 118.38400268554688, 181.10400390625, 162.2880096435547], [169.0080108642578, 37.07200241088867, 193.87200927734375, 85.68000030517578], [125.552001953125, 110.31999969482422, 141.4560089111328, 149.07200622558594], [179.9840087890625, 120.84800720214844, 200.59201049804688, 149.29600524902344]], 'labels': ['desk', 'desk', 'person', 'person', 'person', 'person', 'person', 'person', 'person']}}"
0246,"{'<DENSE_REGION_CAPTION>': {'bboxes': [[0.1120000034570694, 136.3040008544922, 86.12800598144531, 223.66400146484375], [179.0880126953125, 149.29600524902344, 223.66400146484375, 223.66400146484375], [0.1120000034570694, 29.00800132751465, 28.560001373291016, 166.54400634765625], [169.0080108642578, 37.29600143432617, 193.87200927734375, 85.90399932861328], [102.2560043334961, 99.56800079345703, 124.20800018310547, 158.70401000976562], [152.656005859375, 137.1999969482422, 182.447998046875, 168.5600128173828], [160.94400024414062, 106.51200103759766, 184.68800354003906, 140.7840118408203], [175.05599975585938, 120.6240005493164, 200.36801147460938, 149.52000427246094], [122.64000701904297, 108.08000183105469, 138.99200439453125, 151.760009765625], [209.7760009765625, 101.8080062866211, 223.66400146484375, 149.74400329589844], [184.91200256347656, 86.35200500488281, 197.0080108642578, 130.48001098632812]], 'labels': ['desk', 'desk', 'person', 'person', 'person', 'person', 'person', 'person', 'person', 'person', 'person']}}"
0247,"{'<DENSE_REGION_CAPTION>': {'bboxes': [[0.1120000034570694, 135.8560028076172, 86.12800598144531, 223.66400146484375], [177.96800231933594, 149.07200622558594, 223.66400146484375, 223.66400146484375], [0.1120000034570694, 29.00800132751465, 28.784000396728516, 166.54400634765625], [144.36801147460938, 116.59200286865234, 182.0, 223.66400146484375], [101.36000061035156, 100.91200256347656, 124.8800048828125, 160.04800415039062], [169.0080108642578, 37.07200241088867, 193.87200927734375, 85.68000030517578], [122.86400604248047, 108.52799987792969, 138.99200439453125, 151.9840087890625], [177.74400329589844, 120.1760025024414, 200.36801147460938, 149.29600524902344]], 'labels': ['desk', 'desk', 'person', 'person', 'person', 'person', 'person', 'person']}}"
0248,"{'<DENSE_REGION_CAPTION>': {'bboxes': [[0.1120000034570694, 135.8560028076172, 86.12800598144531, 223.66400146484375], [176.40000915527344, 149.29600524902344, 223.66400146484375, 223.66400146484375], [0.1120000034570694, 29.00800132751465, 28.336000442504883, 166.54400634765625], [138.09600830078125, 115.92000579833984, 179.9840087890625, 179.760009765625], [100.91200256347656, 100.91200256347656, 125.10400390625, 159.60000610351562], [169.0080108642578, 37.29600143432617, 193.64801025390625, 85.90399932861328], [177.74400329589844, 120.4000015258789, 200.59201049804688, 149.52000427246094], [123.31200408935547, 110.99200439453125, 138.09600830078125, 152.2080078125]], 'labels': ['desk', 'desk', 'person', 'person', 'person', 'person', 'person', 'person']}}"
0249,"{'<DENSE_REGION_CAPTION>': {'bboxes': [[0.1120000034570694, 135.8560028076172, 86.12800598144531, 223.66400146484375], [176.84800720214844, 149.07200622558594, 223.66400146484375, 223.66400146484375], [0.1120000034570694, 29.00800132751465, 28.560001373291016, 166.54400634765625], [138.54400634765625, 115.47200012207031, 180.656005859375, 179.760009765625], [100.91200256347656, 101.36000061035156, 124.4320068359375, 161.16799926757812], [169.0080108642578, 37.29600143432617, 194.09600830078125, 85.90399932861328], [122.41600036621094, 109.64800262451172, 138.76800537109375, 151.9840087890625], [177.96800231933594, 120.4000015258789, 200.59201049804688, 149.52000427246094]], 'labels': ['desk', 'desk', 'person', 'person', 'person', 'person', 'person', 'person']}}"
0250,"{'<DENSE_REGION_CAPTION>': {'bboxes': [[0.1120000034570694, 136.3040008544922, 86.12800598144531, 223.66400146484375], [176.40000915527344, 149.07200622558594, 223.66400146484375, 223.66400146484375], [0.1120000034570694, 29.00800132751465, 30.128000259399414, 166.54400634765625], [169.0080108642578, 37.29600143432617, 193.87200927734375, 85.90399932861328], [100.91200256347656, 100.91200256347656, 123.53600311279297, 158.92800903320312], [121.74400329589844, 111.21600341796875, 136.9759979248047, 152.2080078125]], 'labels': ['desk', 'desk', 'person', 'person', 'person', 'person']}}"
0251,"{'<DENSE_REGION_CAPTION>': {'bboxes': [[0.1120000034570694, 135.8560028076172, 86.12800598144531, 223.66400146484375], [176.40000915527344, 148.84800720214844, 223.66400146484375, 223.66400146484375], [0.1120000034570694, 28.784000396728516, 33.263999938964844, 166.32000732421875], [169.0080108642578, 37.07200241088867, 193.87200927734375, 85.45600128173828], [178.41600036621094, 121.07200622558594, 200.81600952148438, 149.52000427246094]], 'labels': ['desk', 'desk', 'person', 'person', 'person']}}"
0252,"{'<DENSE_REGION_CAPTION>': {'bboxes': [[0.1120000034570694, 136.3040008544922, 86.12800598144531, 223.66400146484375], [176.40000915527344, 149.07200622558594, 223.66400146484375, 223.66400146484375], [0.1120000034570694, 30.128000259399414, 28.336000442504883, 166.54400634765625], [145.26400756835938, 115.92000579833984, 179.9840087890625, 163.6320037841797], [100.91200256347656, 100.91200256347656, 124.4320068359375, 160.49600219726562], [169.0080108642578, 37.07200241088867, 193.64801025390625, 85.45600128173828], [178.41600036621094, 121.07200622558594, 200.81600952148438, 149.52000427246094]], 'labels': ['desk', 'desk', 'person', 'person', 'person', 'person', 'person']}}"
0253,"{'<DENSE_REGION_CAPTION>': {'bboxes': [[0.1120000034570694, 136.3040008544922, 86.12800598144531, 223.66400146484375], [176.40000915527344, 149.07200622558594, 223.66400146484375, 223.66400146484375], [0.1120000034570694, 29.00800132751465, 39.3120002746582, 166.09600830078125], [0.1120000034570694, 29.00800132751465, 39.0880012512207, 98.22400665283203], [100.91200256347656, 101.58399963378906, 124.4320068359375, 160.27200317382812], [146.83200073242188, 116.36800384521484, 179.5360107421875, 163.1840057373047], [129.80799865722656, 117.71200561523438, 147.72801208496094, 178.86399841308594], [177.96800231933594, 121.52000427246094, 200.81600952148438, 149.74400329589844], [184.01600646972656, 86.35200500488281, 196.7840118408203, 130.25599670410156]], 'labels': ['desk', 'desk', 'person', 'person', 'person', 'person', 'person', 'person', 'person']}}"
0254,"{'<DENSE_REGION_CAPTION>': {'bboxes': [[0.1120000034570694, 135.8560028076172, 86.12800598144531, 223.66400146484375], [176.62400817871094, 148.84800720214844, 223.66400146484375, 223.66400146484375], [3.0240001678466797, 30.80000114440918, 42.224002838134766, 166.99200439453125], [147.95201110839844, 112.11200714111328, 179.760009765625, 162.2880096435547], [123.31200408935547, 111.21600341796875, 143.2480010986328, 166.54400634765625], [100.46400451660156, 101.13600158691406, 119.2800064086914, 158.25601196289062], [174.60800170898438, 121.52000427246094, 200.81600952148438, 149.74400329589844]], 'labels': ['desk', 'desk', 'person', 'person', 'person', 'person', 'person']}}"
0255,"{'<DENSE_REGION_CAPTION>': {'bboxes': [[0.1120000034570694, 135.8560028076172, 86.12800598144531, 223.66400146484375], [175.50399780273438, 147.95201110839844, 223.66400146484375, 223.66400146484375], [74.9280014038086, 21.392000198364258, 84.78400421142578, 59.24800109863281]], 'labels': ['desk', 'desk', 'flag']}}"
0256,"{'<DENSE_REGION_CAPTION>': {'bboxes': [[0.1120000034570694, 135.8560028076172, 85.68000030517578, 223.66400146484375], [175.50399780273438, 148.40000915527344, 223.66400146484375, 223.66400146484375], [62.160003662109375, 151.9840087890625, 109.64800262451172, 223.66400146484375], [5.039999961853027, 137.42401123046875, 35.50400161743164, 205.07200622558594], [77.61600494384766, 190.0640106201172, 109.42400360107422, 223.66400146484375], [5.263999938964844, 199.92001342773438, 36.624000549316406, 223.66400146484375], [23.18400001525879, 137.1999969482422, 34.384002685546875, 155.79200744628906]], 'labels': ['desk', 'desk', 'chair', 'chair', 'chair', 'chair', 'chair']}}"
0257,"{'<DENSE_REGION_CAPTION>': {'bboxes': [[0.1120000034570694, 135.8560028076172, 85.68000030517578, 223.66400146484375], [174.60800170898438, 149.07200622558594, 223.66400146484375, 223.66400146484375], [77.61600494384766, 152.2080078125, 109.64800262451172, 223.66400146484375], [5.039999961853027, 200.14401245117188, 36.400001525878906, 223.66400146484375], [23.18400001525879, 136.7519989013672, 34.832000732421875, 156.01600646972656], [60.36800003051758, 129.58399963378906, 80.97600555419922, 143.4720001220703], [74.9280014038086, 22.064001083374023, 84.78400421142578, 59.24800109863281]], 'labels': ['desk', 'desk', 'chair', 'chair', 'chair', 'corded phone', 'flag']}}"
0258,"{'<DENSE_REGION_CAPTION>': {'bboxes': [[0.1120000034570694, 135.8560028076172, 85.68000030517578, 223.66400146484375], [174.83200073242188, 148.84800720214844, 223.66400146484375, 223.66400146484375], [77.61600494384766, 151.9840087890625, 111.88800048828125, 223.66400146484375], [5.039999961853027, 162.7360076904297, 36.400001525878906, 223.66400146484375], [77.61600494384766, 190.2880096435547, 109.42400360107422, 223.66400146484375], [5.039999961853027, 199.92001342773438, 36.400001525878906, 223.66400146484375], [23.408000946044922, 136.7519989013672, 34.832000732421875, 156.24000549316406], [60.36800003051758, 129.58399963378906, 80.97600555419922, 143.4720001220703], [74.7040023803711, 22.064001083374023, 84.78400421142578, 59.47200012207031]], 'labels': ['desk', 'desk', 'chair', 'chair', 'chair', 'chair', 'chair', 'corded phone', 'flag']}}"
0259,"{'<DENSE_REGION_CAPTION>': {'bboxes': [[0.1120000034570694, 135.8560028076172, 85.68000030517578, 223.66400146484375], [174.83200073242188, 148.84800720214844, 223.66400146484375, 223.66400146484375], [77.61600494384766, 152.2080078125, 109.64800262451172, 223.66400146484375], [5.039999961853027, 199.92001342773438, 36.400001525878906, 223.66400146484375], [23.408000946044922, 137.1999969482422, 34.832000732421875, 156.46400451660156]], 'labels': ['desk', 'desk', 'chair', 'chair', 'chair']}}"
0260,"{'<DENSE_REGION_CAPTION>': {'bboxes': [[0.1120000034570694, 135.8560028076172, 85.68000030517578, 223.66400146484375], [174.60800170898438, 149.07200622558594, 223.66400146484375, 223.66400146484375], [77.61600494384766, 151.9840087890625, 111.88800048828125, 223.66400146484375], [4.815999984741211, 162.9600067138672, 36.400001525878906, 223.66400146484375], [77.61600494384766, 190.2880096435547, 109.42400360107422, 223.66400146484375], [5.039999961853027, 200.14401245117188, 36.400001525878906, 223.66400146484375], [23.408000946044922, 137.1999969482422, 35.055999755859375, 156.24000549316406]], 'labels': ['desk', 'desk', 'chair', 'chair', 'chair', 'chair', 'chair']}}"
0261,"{'<DENSE_REGION_CAPTION>': {'bboxes': [[0.1120000034570694, 135.8560028076172, 85.68000030517578, 223.66400146484375], [174.60800170898438, 149.07200622558594, 223.66400146484375, 223.66400146484375], [77.61600494384766, 151.9840087890625, 111.88800048828125, 223.66400146484375], [4.5920000076293945, 162.5120086669922, 36.624000549316406, 223.66400146484375], [77.61600494384766, 190.2880096435547, 109.42400360107422, 223.66400146484375], [5.039999961853027, 199.92001342773438, 36.624000549316406, 223.66400146484375], [23.408000946044922, 137.1999969482422, 35.055999755859375, 156.24000549316406]], 'labels': ['desk', 'desk', 'chair', 'chair', 'chair', 'chair', 'chair']}}"
0262,"{'<DENSE_REGION_CAPTION>': {'bboxes': [[0.1120000034570694, 135.8560028076172, 85.68000030517578, 223.66400146484375], [174.60800170898438, 149.07200622558594, 223.66400146484375, 223.66400146484375], [77.61600494384766, 151.760009765625, 111.88800048828125, 223.66400146484375], [4.5920000076293945, 162.7360076904297, 36.400001525878906, 223.66400146484375], [77.61600494384766, 190.2880096435547, 109.42400360107422, 223.66400146484375], [5.039999961853027, 199.92001342773438, 36.400001525878906, 223.66400146484375], [23.408000946044922, 137.1999969482422, 34.608001708984375, 156.24000549316406]], 'labels': ['desk', 'desk', 'chair', 'chair', 'chair', 'chair', 'chair']}}"
0263,"{'<DENSE_REGION_CAPTION>': {'bboxes': [[0.1120000034570694, 135.8560028076172, 85.68000030517578, 223.66400146484375], [174.60800170898438, 149.07200622558594, 223.66400146484375, 223.66400146484375], [0.1120000034570694, 30.80000114440918, 22.736000061035156, 171.4720001220703], [100.91200256347656, 101.36000061035156, 124.4320068359375, 159.60000610351562], [148.40000915527344, 123.53600311279297, 178.19200134277344, 160.27200317382812], [174.60800170898438, 56.112003326416016, 195.88800048828125, 86.12800598144531], [178.41600036621094, 121.07200622558594, 200.81600952148438, 149.74400329589844], [124.656005859375, 116.81600189208984, 139.88800048828125, 151.9840087890625]], 'labels': ['desk', 'desk', 'person', 'person', 'person', 'person', 'person', 'person']}}"
0264,"{'<DENSE_REGION_CAPTION>': {'bboxes': [[0.1120000034570694, 135.8560028076172, 85.68000030517578, 223.66400146484375], [177.96800231933594, 149.52000427246094, 223.66400146484375, 223.66400146484375], [77.61600494384766, 151.760009765625, 111.88800048828125, 223.66400146484375], [4.5920000076293945, 163.6320037841797, 36.400001525878906, 223.66400146484375], [77.61600494384766, 190.2880096435547, 109.20000457763672, 223.66400146484375], [5.039999961853027, 199.92001342773438, 36.400001525878906, 223.66400146484375], [23.408000946044922, 137.1999969482422, 34.832000732421875, 156.24000549316406], [60.36800003051758, 129.58399963378906, 80.52799987792969, 143.4720001220703]], 'labels': ['desk', 'desk', 'chair', 'chair', 'chair', 'chair', 'chair', 'corded phone']}}"
0265,"{'<DENSE_REGION_CAPTION>': {'bboxes': [[0.1120000034570694, 135.4080047607422, 86.12800598144531, 223.66400146484375], [178.41600036621094, 149.07200622558594, 223.66400146484375, 223.66400146484375], [77.61600494384766, 151.760009765625, 112.11200714111328, 223.66400146484375], [143.4720001220703, 156.91200256347656, 179.9840087890625, 223.66400146484375], [4.815999984741211, 162.7360076904297, 36.400001525878906, 205.29600524902344], [77.61600494384766, 190.2880096435547, 109.42400360107422, 223.66400146484375], [5.039999961853027, 200.14401245117188, 36.400001525878906, 223.66400146484375], [0.1120000034570694, 30.576000213623047, 19.152000427246094, 147.27999877929688], [152.2080078125, 116.81600189208984, 181.552001953125, 163.8560028076172], [100.91200256347656, 101.58399963378906, 119.9520034790039, 157.13600158691406], [124.656005859375, 107.63200378417969, 142.8000030517578, 150.19200134277344], [174.38400268554688, 56.112003326416016, 195.21600341796875, 85.45600128173828], [180.4320068359375, 121.07200622558594, 200.59201049804688, 149.96800231933594], [195.66400146484375, 117.26399993896484, 210.44801330566406, 140.7840118408203]], 'labels': ['desk', 'desk', 'chair', 'chair', 'chair', 'chair', 'chair', 'person', 'person', 'person', 'person', 'person', 'person', 'person']}}"
0266,"{'<DENSE_REGION_CAPTION>': {'bboxes': [[0.1120000034570694, 135.4080047607422, 86.12800598144531, 223.66400146484375], [176.84800720214844, 149.07200622558594, 223.66400146484375, 223.66400146484375], [77.61600494384766, 151.5360107421875, 112.11200714111328, 223.66400146484375], [143.4720001220703, 156.68800354003906, 179.9840087890625, 223.66400146484375], [4.815999984741211, 162.7360076904297, 36.400001525878906, 205.07200622558594], [77.61600494384766, 190.0640106201172, 109.64800262451172, 223.66400146484375], [5.039999961853027, 199.92001342773438, 36.400001525878906, 223.66400146484375], [4.5920000076293945, 162.7360076904297, 17.583999633789062, 179.9840087890625]], 'labels': ['desk', 'desk', 'chair', 'chair', 'chair', 'chair', 'chair', 'chair']}}"
0267,"{'<DENSE_REGION_CAPTION>': {'bboxes': [[0.1120000034570694, 135.6320037841797, 86.12800598144531, 223.66400146484375], [174.83200073242188, 149.07200622558594, 223.66400146484375, 223.66400146484375], [77.61600494384766, 151.9840087890625, 111.88800048828125, 223.66400146484375], [143.4720001220703, 156.91200256347656, 179.9840087890625, 223.66400146484375], [4.5920000076293945, 163.1840057373047, 36.400001525878906, 205.07200622558594], [77.61600494384766, 190.2880096435547, 109.42400360107422, 223.66400146484375], [5.039999961853027, 200.14401245117188, 36.400001525878906, 223.66400146484375], [0.1120000034570694, 31.02400016784668, 18.928001403808594, 149.07200622558594], [100.91200256347656, 101.58399963378906, 119.9520034790039, 157.13600158691406], [150.63999938964844, 126.44800567626953, 178.41600036621094, 161.6160125732422], [122.64000701904297, 108.30400085449219, 140.55999755859375, 151.5360107421875], [175.72801208496094, 120.4000015258789, 200.59201049804688, 149.96800231933594], [145.71200561523438, 107.40800476074219, 161.39199829101562, 143.0240020751953]], 'labels': ['desk', 'desk', 'chair', 'chair', 'chair', 'chair', 'chair', 'person', 'person', 'person', 'person', 'person', 'person']}}"
0268,"{'<DENSE_REGION_CAPTION>': {'bboxes': [[0.1120000034570694, 135.4080047607422, 86.12800598144531, 223.66400146484375], [174.60800170898438, 149.07200622558594, 223.66400146484375, 223.66400146484375], [77.61600494384766, 151.9840087890625, 111.88800048828125, 223.66400146484375], [143.6959991455078, 156.68800354003906, 179.760009765625, 223.66400146484375], [4.5920000076293945, 162.9600067138672, 36.400001525878906, 205.07200622558594], [77.61600494384766, 190.0640106201172, 109.42400360107422, 223.66400146484375], [5.039999961853027, 199.6959991455078, 36.400001525878906, 223.66400146484375], [100.46400451660156, 151.760009765625, 112.11200714111328, 221.64801025390625], [4.5920000076293945, 162.9600067138672, 17.808000564575195, 179.9840087890625]], 'labels': ['desk', 'desk', 'chair', 'chair', 'chair', 'chair', 'chair', 'chair', 'chair']}}"
0269,"{'<DENSE_REGION_CAPTION>': {'bboxes': [[0.1120000034570694, 135.6320037841797, 86.12800598144531, 223.66400146484375], [174.83200073242188, 149.29600524902344, 223.66400146484375, 223.66400146484375], [77.61600494384766, 151.9840087890625, 111.88800048828125, 223.66400146484375], [4.5920000076293945, 162.9600067138672, 36.400001525878906, 205.07200622558594], [77.84000396728516, 190.2880096435547, 109.64800262451172, 223.66400146484375], [5.039999961853027, 199.92001342773438, 36.400001525878906, 223.66400146484375], [80.97600555419922, 24.527999877929688, 95.31200408935547, 49.84000015258789], [60.36800003051758, 129.36000061035156, 80.52799987792969, 142.8000030517578], [74.4800033569336, 22.064001083374023, 84.33600616455078, 59.24800109863281]], 'labels': ['desk', 'desk', 'chair', 'chair', 'chair', 'chair', 'clock', 'corded phone', 'flag']}}"
0270,"{'<DENSE_REGION_CAPTION>': {'bboxes': [[0.1120000034570694, 135.4080047607422, 86.12800598144531, 223.66400146484375], [175.05599975585938, 149.07200622558594, 223.66400146484375, 223.66400146484375], [77.61600494384766, 151.9840087890625, 111.88800048828125, 223.66400146484375], [143.4720001220703, 157.13600158691406, 179.9840087890625, 223.66400146484375], [4.815999984741211, 163.4080047607422, 36.400001525878906, 205.29600524902344], [77.84000396728516, 190.2880096435547, 109.64800262451172, 223.66400146484375], [5.263999938964844, 200.14401245117188, 36.624000549316406, 223.66400146484375]], 'labels': ['desk', 'desk', 'chair', 'chair', 'chair', 'chair', 'chair']}}"
0271,"{'<DENSE_REGION_CAPTION>': {'bboxes': [[0.1120000034570694, 135.4080047607422, 86.12800598144531, 223.66400146484375], [174.60800170898438, 148.40000915527344, 223.66400146484375, 223.66400146484375], [77.61600494384766, 151.760009765625, 111.88800048828125, 223.66400146484375], [143.4720001220703, 157.58399963378906, 180.4320068359375, 223.66400146484375], [4.5920000076293945, 163.4080047607422, 36.400001525878906, 205.07200622558594], [77.61600494384766, 190.0640106201172, 109.64800262451172, 223.66400146484375], [5.039999961853027, 199.6959991455078, 36.400001525878906, 223.66400146484375], [23.18400001525879, 136.3040008544922, 34.15999984741211, 156.24000549316406]], 'labels': ['desk', 'desk', 'chair', 'chair', 'chair', 'chair', 'chair', 'chair']}}"
0272,"{'<DENSE_REGION_CAPTION>': {'bboxes': [[0.1120000034570694, 135.6320037841797, 86.12800598144531, 223.66400146484375], [175.72801208496094, 149.07200622558594, 223.66400146484375, 223.66400146484375], [0.1120000034570694, 30.576000213623047, 18.928001403808594, 171.6959991455078], [142.1280059814453, 113.90400695800781, 180.2080078125, 163.4080047607422], [100.91200256347656, 102.0320053100586, 124.8800048828125, 166.09600830078125], [123.31200408935547, 108.52799987792969, 141.4560089111328, 150.86399841308594]], 'labels': ['desk', 'desk', 'person', 'person', 'person', 'person']}}"
0273,"{'<DENSE_REGION_CAPTION>': {'bboxes': [[0.1120000034570694, 135.4080047607422, 86.12800598144531, 223.66400146484375], [174.83200073242188, 149.07200622558594, 223.66400146484375, 223.66400146484375], [0.1120000034570694, 30.80000114440918, 31.248001098632812, 173.48800659179688], [142.1280059814453, 116.36800384521484, 179.760009765625, 163.4080047607422], [100.91200256347656, 102.0320053100586, 124.4320068359375, 166.09600830078125], [122.64000701904297, 108.52799987792969, 142.5760040283203, 151.5360107421875]], 'labels': ['desk', 'desk', 'person', 'person', 'person', 'person']}}"
0274,"{'<DENSE_REGION_CAPTION>': {'bboxes': [[0.1120000034570694, 135.4080047607422, 86.12800598144531, 223.66400146484375], [175.72801208496094, 149.07200622558594, 223.66400146484375, 223.66400146484375], [77.61600494384766, 151.760009765625, 112.11200714111328, 223.66400146484375], [143.2480010986328, 156.91200256347656, 179.9840087890625, 223.66400146484375], [4.5920000076293945, 163.4080047607422, 36.400001525878906, 205.07200622558594], [77.61600494384766, 190.2880096435547, 109.64800262451172, 223.66400146484375], [5.039999961853027, 199.92001342773438, 36.624000549316406, 223.66400146484375], [0.1120000034570694, 30.128000259399414, 31.248001098632812, 170.8000030517578], [100.68800354003906, 101.8080062866211, 124.20800018310547, 159.82400512695312], [149.07200622558594, 120.1760025024414, 179.0880126953125, 161.39199829101562], [123.08800506591797, 108.52799987792969, 141.9040069580078, 151.31201171875], [175.27999877929688, 119.0560073852539, 199.2480010986328, 149.52000427246094], [146.83200073242188, 106.06400299072266, 162.0640106201172, 145.26400756835938], [172.59201049804688, 69.7760009765625, 192.0800018310547, 85.90399932861328]], 'labels': ['desk', 'desk', 'chair', 'chair', 'chair', 'chair', 'chair', 'person', 'person', 'person', 'person', 'person', 'person', 'person']}}"
0275,"{'<DENSE_REGION_CAPTION>': {'bboxes': [[0.1120000034570694, 135.1840057373047, 86.12800598144531, 223.66400146484375], [177.96800231933594, 149.29600524902344, 223.66400146484375, 223.66400146484375], [0.1120000034570694, 31.02400016784668, 40.432003021240234, 179.9840087890625], [0.1120000034570694, 31.02400016784668, 18.48000144958496, 179.9840087890625], [141.2320098876953, 128.01600646972656, 181.7760009765625, 166.32000732421875], [100.24000549316406, 102.0320053100586, 121.29600524902344, 166.32000732421875], [122.41600036621094, 108.97600555419922, 148.62400817871094, 150.63999938964844], [175.27999877929688, 118.83200073242188, 200.36801147460938, 149.74400329589844], [184.68800354003906, 84.33600616455078, 196.5600128173828, 130.48001098632812]], 'labels': ['desk', 'desk', 'person', 'person', 'person', 'person', 'person', 'person', 'person']}}"
0276,"{'<DENSE_REGION_CAPTION>': {'bboxes': [[0.1120000034570694, 135.4080047607422, 86.12800598144531, 223.66400146484375], [177.96800231933594, 149.52000427246094, 223.66400146484375, 223.66400146484375], [0.1120000034570694, 31.02400016784668, 28.560001373291016, 170.8000030517578], [141.6800079345703, 112.56000518798828, 181.3280029296875, 163.1840057373047], [100.46400451660156, 102.0320053100586, 123.53600311279297, 166.32000732421875], [173.26400756835938, 107.63200378417969, 200.36801147460938, 149.74400329589844], [122.19200134277344, 108.52799987792969, 142.3520050048828, 150.63999938964844]], 'labels': ['desk', 'desk', 'person', 'person', 'person', 'person', 'person']}}"
0277,"{'<DENSE_REGION_CAPTION>': {'bboxes': [[0.1120000034570694, 135.1840057373047, 86.12800598144531, 223.66400146484375], [177.96800231933594, 149.29600524902344, 223.66400146484375, 223.66400146484375], [0.1120000034570694, 31.02400016784668, 27.88800048828125, 185.58399963378906], [0.1120000034570694, 31.02400016784668, 18.48000144958496, 185.58399963378906], [141.9040069580078, 117.04000091552734, 181.7760009765625, 164.9759979248047], [100.46400451660156, 102.0320053100586, 123.53600311279297, 166.54400634765625], [175.27999877929688, 100.91200256347656, 200.81600952148438, 149.74400329589844], [122.41600036621094, 108.75200653076172, 143.0240020751953, 151.08799743652344]], 'labels': ['desk', 'desk', 'person', 'person', 'person', 'person', 'person', 'person']}}"
0278,"{'<DENSE_REGION_CAPTION>': {'bboxes': [[0.1120000034570694, 135.1840057373047, 86.12800598144531, 223.66400146484375], [176.84800720214844, 149.07200622558594, 223.66400146484375, 223.66400146484375], [74.9280014038086, 22.064001083374023, 84.33600616455078, 59.24800109863281], [125.552001953125, 128.01600646972656, 137.42401123046875, 149.29600524902344]], 'labels': ['desk', 'desk', 'flag', 'handbag']}}"
0279,"{'<DENSE_REGION_CAPTION>': {'bboxes': [[0.1120000034570694, 135.1840057373047, 86.12800598144531, 223.66400146484375], [176.40000915527344, 149.07200622558594, 223.66400146484375, 223.66400146484375], [74.9280014038086, 22.064001083374023, 84.56000518798828, 59.24800109863281]], 'labels': ['desk', 'desk', 'flag']}}"
0280,"{'<DENSE_REGION_CAPTION>': {'bboxes': [[0.1120000034570694, 135.4080047607422, 86.12800598144531, 223.66400146484375], [176.40000915527344, 149.07200622558594, 223.66400146484375, 223.66400146484375], [74.9280014038086, 22.064001083374023, 84.56000518798828, 59.24800109863281]], 'labels': ['desk', 'desk', 'flag']}}"
0281,"{'<DENSE_REGION_CAPTION>': {'bboxes': [[0.1120000034570694, 135.4080047607422, 86.12800598144531, 223.66400146484375], [176.84800720214844, 149.07200622558594, 223.66400146484375, 223.66400146484375], [74.9280014038086, 22.064001083374023, 84.78400421142578, 59.24800109863281], [0.1120000034570694, 31.02400016784668, 27.88800048828125, 171.0240020751953], [145.93600463867188, 127.12000274658203, 181.7760009765625, 164.9759979248047], [101.13600158691406, 102.0320053100586, 122.19200134277344, 166.09600830078125], [122.41600036621094, 109.20000457763672, 138.99200439453125, 151.5360107421875]], 'labels': ['desk', 'desk', 'flag', 'person', 'person', 'person', 'person']}}"
0282,"{'<DENSE_REGION_CAPTION>': {'bboxes': [[0.1120000034570694, 135.4080047607422, 86.12800598144531, 223.66400146484375], [176.62400817871094, 148.62400817871094, 223.66400146484375, 223.66400146484375], [74.9280014038086, 22.064001083374023, 84.56000518798828, 59.24800109863281]], 'labels': ['desk', 'desk', 'flag']}}"
0283,"{'<DENSE_REGION_CAPTION>': {'bboxes': [[0.1120000034570694, 135.4080047607422, 86.12800598144531, 223.66400146484375], [174.83200073242188, 149.07200622558594, 223.66400146484375, 223.66400146484375], [62.160003662109375, 151.9840087890625, 111.88800048828125, 223.66400146484375], [143.4720001220703, 157.13600158691406, 180.4320068359375, 223.66400146484375], [5.039999961853027, 162.7360076904297, 36.624000549316406, 204.84800720214844], [78.06400299072266, 190.5120086669922, 109.64800262451172, 223.66400146484375], [5.263999938964844, 200.14401245117188, 37.07200241088867, 223.66400146484375], [0.1120000034570694, 28.112001419067383, 19.600000381469727, 144.36801147460938], [101.13600158691406, 102.2560043334961, 122.19200134277344, 156.46400451660156], [182.67201232910156, 84.11199951171875, 198.3520050048828, 133.16799926757812], [123.08800506591797, 108.97600555419922, 138.99200439453125, 151.31201171875]], 'labels': ['desk', 'desk', 'chair', 'chair', 'chair', 'chair', 'chair', 'person', 'person', 'person', 'person']}}"
0284,"{'<DENSE_REGION_CAPTION>': {'bboxes': [[0.1120000034570694, 135.6320037841797, 86.12800598144531, 223.66400146484375], [178.41600036621094, 149.29600524902344, 223.66400146484375, 223.66400146484375], [62.160003662109375, 151.9840087890625, 112.11200714111328, 223.66400146484375], [143.6959991455078, 157.58399963378906, 180.656005859375, 223.66400146484375], [77.84000396728516, 151.9840087890625, 112.11200714111328, 222.32000732421875], [4.815999984741211, 136.9759979248047, 35.28000259399414, 179.5360107421875], [5.263999938964844, 200.14401245117188, 36.847999572753906, 223.66400146484375], [0.1120000034570694, 29.00800132751465, 25.200000762939453, 171.0240020751953], [100.91200256347656, 100.91200256347656, 124.8800048828125, 154.0], [123.08800506591797, 109.64800262451172, 138.99200439453125, 151.760009765625]], 'labels': ['desk', 'desk', 'chair', 'chair', 'chair', 'chair', 'chair', 'person', 'person', 'person']}}"
0285,"{'<DENSE_REGION_CAPTION>': {'bboxes': [[0.1120000034570694, 135.8560028076172, 86.12800598144531, 223.66400146484375], [177.52000427246094, 148.84800720214844, 223.66400146484375, 223.66400146484375], [77.61600494384766, 190.2880096435547, 109.20000457763672, 223.66400146484375], [5.039999961853027, 199.92001342773438, 36.624000549316406, 223.66400146484375]], 'labels': ['desk', 'desk', 'chair', 'chair']}}"
0286,"{'<DENSE_REGION_CAPTION>': {'bboxes': [[0.1120000034570694, 135.6320037841797, 86.12800598144531, 223.66400146484375], [178.63999938964844, 149.29600524902344, 223.66400146484375, 223.66400146484375], [143.6959991455078, 157.36000061035156, 180.4320068359375, 223.66400146484375], [77.61600494384766, 190.2880096435547, 109.20000457763672, 223.66400146484375], [5.039999961853027, 200.14401245117188, 36.624000549316406, 223.66400146484375]], 'labels': ['desk', 'desk', 'chair', 'chair', 'chair']}}"
0287,"{'<DENSE_REGION_CAPTION>': {'bboxes': [[0.1120000034570694, 135.8560028076172, 86.12800598144531, 223.66400146484375], [175.27999877929688, 149.07200622558594, 223.66400146484375, 223.66400146484375], [0.1120000034570694, 29.00800132751465, 24.304000854492188, 170.8000030517578], [141.2320098876953, 115.92000579833984, 179.31201171875, 177.74400329589844], [100.91200256347656, 104.49600219726562, 123.31200408935547, 165.64801025390625], [175.72801208496094, 84.56000518798828, 197.0080108642578, 130.92800903320312], [124.8800048828125, 106.96000671386719, 140.11199951171875, 152.2080078125]], 'labels': ['desk', 'desk', 'person', 'person', 'person', 'person', 'person']}}"
0288,"{'<DENSE_REGION_CAPTION>': {'bboxes': [[0.1120000034570694, 135.6320037841797, 86.12800598144531, 223.66400146484375], [174.83200073242188, 148.62400817871094, 223.66400146484375, 223.66400146484375], [77.61600494384766, 151.9840087890625, 111.88800048828125, 223.66400146484375], [0.1120000034570694, 29.45600128173828, 24.079999923706055, 179.31201171875], [144.36801147460938, 106.96000671386719, 179.5360107421875, 162.7360076904297], [120.6240005493164, 106.96000671386719, 147.50399780273438, 179.5360107421875], [100.91200256347656, 104.04800415039062, 122.19200134277344, 165.87200927734375], [172.36801147460938, 119.9520034790039, 200.59201049804688, 149.74400329589844], [179.760009765625, 88.36800384521484, 198.5760040283203, 131.15200805664062], [121.74400329589844, 106.96000671386719, 138.32000732421875, 147.27999877929688]], 'labels': ['desk', 'desk', 'chair', 'person', 'person', 'person', 'person', 'person', 'person', 'person']}}"
0289,"{'<DENSE_REGION_CAPTION>': {'bboxes': [[0.1120000034570694, 135.8560028076172, 86.12800598144531, 223.66400146484375], [176.40000915527344, 149.07200622558594, 223.66400146484375, 223.66400146484375], [0.1120000034570694, 29.904001235961914, 23.856000900268555, 179.0880126953125], [145.26400756835938, 116.36800384521484, 179.9840087890625, 163.8560028076172], [123.76000213623047, 108.97600555419922, 145.71200561523438, 182.2239990234375], [100.91200256347656, 104.49600219726562, 121.07200622558594, 166.09600830078125], [77.61600494384766, 190.5120086669922, 108.97600555419922, 223.66400146484375], [5.039999961853027, 200.14401245117188, 36.624000549316406, 223.66400146484375]], 'labels': ['desk', 'desk', 'person', 'person', 'person', 'person', 'chair', 'chair']}}"
0290,"{'<DENSE_REGION_CAPTION>': {'bboxes': [[0.1120000034570694, 135.8560028076172, 86.12800598144531, 223.66400146484375], [174.16000366210938, 149.07200622558594, 223.66400146484375, 223.66400146484375], [0.1120000034570694, 29.904001235961914, 23.631999969482422, 179.0880126953125], [77.39200592041016, 152.2080078125, 111.88800048828125, 223.66400146484375], [143.6959991455078, 158.03199768066406, 180.4320068359375, 223.66400146484375], [77.61600494384766, 190.2880096435547, 109.20000457763672, 223.66400146484375], [5.039999961853027, 200.14401245117188, 36.624000549316406, 223.66400146484375]], 'labels': ['desk', 'desk', 'person', 'chair', 'chair', 'chair', 'chair']}}"
0291,"{'<DENSE_REGION_CAPTION>': {'bboxes': [[0.1120000034570694, 135.8560028076172, 86.12800598144531, 223.66400146484375], [174.16000366210938, 149.07200622558594, 223.66400146484375, 223.66400146484375], [77.39200592041016, 151.9840087890625, 112.11200714111328, 223.66400146484375], [5.039999961853027, 199.92001342773438, 36.624000549316406, 223.66400146484375]], 'labels': ['desk', 'desk', 'chair', 'chair']}}"
0292,"{'<DENSE_REGION_CAPTION>': {'bboxes': [[0.1120000034570694, 135.8560028076172, 86.12800598144531, 223.66400146484375], [174.60800170898438, 149.29600524902344, 223.66400146484375, 223.66400146484375], [0.1120000034570694, 29.68000030517578, 23.631999969482422, 169.9040069580078], [144.81600952148438, 122.41600036621094, 181.552001953125, 167.88800048828125], [171.0240020751953, 101.58399963378906, 199.0240020751953, 149.52000427246094]], 'labels': ['desk', 'desk', 'person', 'person', 'person']}}"
0293,"{'<DENSE_REGION_CAPTION>': {'bboxes': [[0.1120000034570694, 135.1840057373047, 85.68000030517578, 223.66400146484375], [174.16000366210938, 148.62400817871094, 223.66400146484375, 223.66400146484375], [0.1120000034570694, 29.45600128173828, 23.631999969482422, 169.9040069580078], [138.99200439453125, 122.19200134277344, 181.10400390625, 179.0880126953125], [77.61600494384766, 151.5360107421875, 112.11200714111328, 223.66400146484375], [77.84000396728516, 189.6160125732422, 109.20000457763672, 223.66400146484375], [5.263999938964844, 199.92001342773438, 36.847999572753906, 223.66400146484375]], 'labels': ['desk', 'desk', 'person', 'person', 'chair', 'chair', 'chair']}}"
0294,"{'<DENSE_REGION_CAPTION>': {'bboxes': [[0.1120000034570694, 130.48001098632812, 81.87200164794922, 223.66400146484375], [174.16000366210938, 144.59201049804688, 223.66400146484375, 223.66400146484375], [0.1120000034570694, 24.75200080871582, 24.079999923706055, 173.26400756835938], [141.9040069580078, 117.26399993896484, 180.4320068359375, 173.04000854492188], [0.1120000034570694, 24.75200080871582, 20.496000289916992, 93.29600524902344], [171.4720001220703, 102.2560043334961, 196.7840118408203, 144.81600952148438], [190.0640106201172, 85.68000030517578, 208.4320068359375, 135.6320037841797], [103.82400512695312, 100.01600646972656, 119.9520034790039, 154.0]], 'labels': ['desk', 'desk', 'person', 'person', 'person', 'person', 'person', 'person']}}"
0295,"{'<DENSE_REGION_CAPTION>': {'bboxes': [[0.1120000034570694, 127.79200744628906, 85.68000030517578, 223.66400146484375], [173.93600463867188, 141.6800079345703, 223.66400146484375, 223.66400146484375], [77.61600494384766, 145.26400756835938, 112.78400421142578, 223.66400146484375], [5.039999961853027, 192.0800018310547, 36.624000549316406, 223.66400146484375]], 'labels': ['desk', 'desk', 'chair', 'chair']}}"
0296,"{'<DENSE_REGION_CAPTION>': {'bboxes': [[0.1120000034570694, 128.68800354003906, 85.68000030517578, 223.66400146484375], [174.16000366210938, 142.8000030517578, 223.66400146484375, 223.66400146484375], [77.61600494384766, 146.16000366210938, 112.78400421142578, 223.66400146484375], [143.2480010986328, 151.31201171875, 179.31201171875, 223.66400146484375], [5.039999961853027, 193.87200927734375, 46.03200149536133, 223.66400146484375]], 'labels': ['desk', 'desk', 'chair', 'chair', 'chair']}}"
0297,"{'<DENSE_REGION_CAPTION>': {'bboxes': [[0.1120000034570694, 129.36000061035156, 85.68000030517578, 223.66400146484375], [174.83200073242188, 143.0240020751953, 223.66400146484375, 223.66400146484375], [0.1120000034570694, 23.631999969482422, 24.079999923706055, 164.0800018310547], [0.1120000034570694, 23.631999969482422, 20.04800033569336, 140.11199951171875], [143.9199981689453, 116.59200286865234, 181.552001953125, 162.0640106201172], [170.5760040283203, 97.10400390625, 198.8000030517578, 143.6959991455078], [103.82400512695312, 101.36000061035156, 123.31200408935547, 153.3280029296875], [130.70401000976562, 101.36000061035156, 148.17601013183594, 146.38400268554688], [203.05599975585938, 99.79199981689453, 223.66400146484375, 137.1999969482422], [186.70401000976562, 83.44000244140625, 199.92001342773438, 132.04800415039062]], 'labels': ['desk', 'desk', 'person', 'person', 'person', 'person', 'person', 'person', 'person', 'person']}}"
0298,"{'<DENSE_REGION_CAPTION>': {'bboxes': [[0.1120000034570694, 129.58399963378906, 85.68000030517578, 223.66400146484375], [174.16000366210938, 143.2480010986328, 223.66400146484375, 223.66400146484375], [0.1120000034570694, 23.631999969482422, 23.631999969482422, 173.48800659179688], [0.1120000034570694, 23.631999969482422, 22.736000061035156, 141.2320098876953], [143.0240020751953, 117.04000091552734, 181.10400390625, 161.6160125732422], [171.0240020751953, 97.7760009765625, 197.9040069580078, 143.6959991455078], [103.82400512695312, 101.58399963378906, 120.4000015258789, 152.656005859375], [129.58399963378906, 100.68800354003906, 146.83200073242188, 145.93600463867188]], 'labels': ['desk', 'desk', 'person', 'person', 'person', 'person', 'person', 'person']}}"
0299,"{'<DENSE_REGION_CAPTION>': {'bboxes': [[0.1120000034570694, 129.58399963378906, 86.12800598144531, 223.66400146484375], [174.16000366210938, 143.0240020751953, 223.66400146484375, 223.66400146484375], [77.61600494384766, 146.60800170898438, 112.56000518798828, 223.66400146484375], [143.2480010986328, 151.9840087890625, 179.31201171875, 223.66400146484375], [77.84000396728516, 184.01600646972656, 112.56000518798828, 223.66400146484375], [4.5920000076293945, 193.87200927734375, 37.07200241088867, 223.66400146484375]], 'labels': ['desk', 'desk', 'chair', 'chair', 'chair', 'chair']}}"
0300,"{'<DENSE_REGION_CAPTION>': {'bboxes': [[0.1120000034570694, 128.68800354003906, 86.12800598144531, 223.66400146484375], [174.16000366210938, 143.0240020751953, 223.66400146484375, 223.66400146484375], [77.61600494384766, 146.38400268554688, 112.56000518798828, 223.66400146484375], [143.2480010986328, 151.9840087890625, 179.31201171875, 223.66400146484375], [4.5920000076293945, 193.64801025390625, 47.152000427246094, 223.66400146484375], [77.61600494384766, 183.79200744628906, 112.56000518798828, 223.66400146484375]], 'labels': ['desk', 'desk', 'chair', 'chair', 'chair', 'chair']}}"
0301,"{'<DENSE_REGION_CAPTION>': {'bboxes': [[0.1120000034570694, 128.91200256347656, 86.12800598144531, 223.66400146484375], [174.16000366210938, 143.2480010986328, 223.66400146484375, 223.66400146484375], [77.84000396728516, 146.60800170898438, 112.56000518798828, 223.66400146484375], [143.4720001220703, 151.9840087890625, 179.31201171875, 223.66400146484375], [5.039999961853027, 193.87200927734375, 47.152000427246094, 223.66400146484375], [78.06400299072266, 184.01600646972656, 112.56000518798828, 223.66400146484375], [5.039999961853027, 194.09600830078125, 37.07200241088867, 223.66400146484375], [23.18400001525879, 130.48001098632812, 34.832000732421875, 150.19200134277344]], 'labels': ['desk', 'desk', 'chair', 'chair', 'chair', 'chair', 'chair', 'chair']}}"
0302,"{'<DENSE_REGION_CAPTION>': {'bboxes': [[0.1120000034570694, 128.91200256347656, 86.12800598144531, 223.66400146484375], [174.16000366210938, 143.2480010986328, 223.66400146484375, 223.66400146484375], [0.1120000034570694, 23.408000946044922, 23.408000946044922, 173.71200561523438], [141.0080108642578, 117.48800659179688, 181.10400390625, 161.6160125732422], [169.4560089111328, 98.44800567626953, 195.44000244140625, 143.9199981689453], [103.82400512695312, 101.8080062866211, 123.31200408935547, 153.552001953125], [128.01600646972656, 102.0320053100586, 146.16000366210938, 146.16000366210938], [185.80799865722656, 92.1760025024414, 200.14401245117188, 133.16799926757812]], 'labels': ['desk', 'desk', 'person', 'person', 'person', 'person', 'person', 'person']}}"
0303,"{'<DENSE_REGION_CAPTION>': {'bboxes': [[0.1120000034570694, 128.91200256347656, 86.12800598144531, 223.66400146484375], [174.16000366210938, 143.2480010986328, 223.66400146484375, 223.66400146484375], [77.84000396728516, 146.38400268554688, 112.56000518798828, 223.66400146484375], [143.4720001220703, 151.9840087890625, 179.31201171875, 223.66400146484375], [4.815999984741211, 193.87200927734375, 47.152000427246094, 223.66400146484375], [78.06400299072266, 184.01600646972656, 112.56000518798828, 223.66400146484375], [5.039999961853027, 193.87200927734375, 37.07200241088867, 223.66400146484375], [23.18400001525879, 130.48001098632812, 34.832000732421875, 150.19200134277344]], 'labels': ['desk', 'desk', 'chair', 'chair', 'chair', 'chair', 'chair', 'chair']}}"
0304,"{'<DENSE_REGION_CAPTION>': {'bboxes': [[0.1120000034570694, 129.58399963378906, 86.12800598144531, 223.66400146484375], [174.16000366210938, 143.2480010986328, 223.66400146484375, 223.66400146484375], [77.84000396728516, 146.38400268554688, 112.56000518798828, 223.66400146484375], [143.2480010986328, 151.9840087890625, 179.31201171875, 223.66400146484375], [4.5920000076293945, 193.87200927734375, 47.152000427246094, 223.66400146484375], [77.84000396728516, 184.01600646972656, 112.56000518798828, 223.66400146484375], [4.5920000076293945, 194.09600830078125, 36.847999572753906, 223.66400146484375], [22.96000099182129, 130.48001098632812, 34.608001708984375, 150.19200134277344]], 'labels': ['desk', 'desk', 'chair', 'chair', 'chair', 'chair', 'chair', 'chair']}}"
0305,"{'<DENSE_REGION_CAPTION>': {'bboxes': [[0.1120000034570694, 129.58399963378906, 86.12800598144531, 223.66400146484375], [174.16000366210938, 143.0240020751953, 223.66400146484375, 223.66400146484375], [77.61600494384766, 146.60800170898438, 113.00800323486328, 223.66400146484375], [143.6959991455078, 151.9840087890625, 179.5360107421875, 223.66400146484375], [77.84000396728516, 184.24000549316406, 113.00800323486328, 223.66400146484375], [5.039999961853027, 194.09600830078125, 46.25600051879883, 223.66400146484375]], 'labels': ['desk', 'desk', 'chair', 'chair', 'chair', 'chair']}}"
0306,"{'<DENSE_REGION_CAPTION>': {'bboxes': [[0.1120000034570694, 129.58399963378906, 86.12800598144531, 223.66400146484375], [174.16000366210938, 143.0240020751953, 223.66400146484375, 223.66400146484375], [77.61600494384766, 184.01600646972656, 113.00800323486328, 223.66400146484375]], 'labels': ['desk', 'desk', 'chair']}}"
0307,"{'<DENSE_REGION_CAPTION>': {'bboxes': [[0.1120000034570694, 129.58399963378906, 86.12800598144531, 223.66400146484375], [174.83200073242188, 143.0240020751953, 223.66400146484375, 223.66400146484375], [0.1120000034570694, 23.408000946044922, 26.09600067138672, 172.59201049804688], [143.0240020751953, 116.59200286865234, 182.0, 160.27200317382812], [102.9280014038086, 101.36000061035156, 122.86400604248047, 160.72000122070312], [191.1840057373047, 95.98400115966797, 217.16799926757812, 140.11199951171875], [127.12000274658203, 101.58399963378906, 143.9199981689453, 146.60800170898438]], 'labels': ['desk', 'desk', 'person', 'person', 'person', 'person', 'person']}}"
0308,"{'<DENSE_REGION_CAPTION>': {'bboxes': [[0.1120000034570694, 129.58399963378906, 86.12800598144531, 223.66400146484375], [175.05599975585938, 143.0240020751953, 223.66400146484375, 223.66400146484375], [0.1120000034570694, 23.408000946044922, 23.631999969482422, 172.59201049804688], [143.0240020751953, 118.16000366210938, 182.2239990234375, 160.72000122070312], [103.3759994506836, 101.36000061035156, 122.86400604248047, 157.36000061035156], [126.89600372314453, 101.8080062866211, 143.9199981689453, 145.93600463867188]], 'labels': ['desk', 'desk', 'person', 'person', 'person', 'person']}}"
0309,"{'<DENSE_REGION_CAPTION>': {'bboxes': [[0.1120000034570694, 129.58399963378906, 86.12800598144531, 223.66400146484375], [174.83200073242188, 143.0240020751953, 223.66400146484375, 223.66400146484375], [77.61600494384766, 146.60800170898438, 113.00800323486328, 223.66400146484375], [143.9199981689453, 151.9840087890625, 179.5360107421875, 223.66400146484375], [77.84000396728516, 184.24000549316406, 113.00800323486328, 223.66400146484375], [5.039999961853027, 194.09600830078125, 46.25600051879883, 223.66400146484375], [0.1120000034570694, 23.408000946044922, 24.75200080871582, 162.7360076904297], [143.2480010986328, 118.16000366210938, 181.7760009765625, 159.60000610351562], [103.3759994506836, 101.36000061035156, 122.86400604248047, 157.13600158691406], [129.13600158691406, 102.4800033569336, 144.36801147460938, 145.04000854492188], [175.27999877929688, 118.60800170898438, 198.1280059814453, 143.6959991455078]], 'labels': ['desk', 'desk', 'chair', 'chair', 'chair', 'chair', 'person', 'person', 'person', 'person', 'person']}}"
0310,"{'<DENSE_REGION_CAPTION>': {'bboxes': [[0.1120000034570694, 129.58399963378906, 86.12800598144531, 223.66400146484375], [175.05599975585938, 143.0240020751953, 223.66400146484375, 223.66400146484375], [143.0240020751953, 151.9840087890625, 179.760009765625, 223.66400146484375], [77.61600494384766, 184.24000549316406, 112.78400421142578, 223.66400146484375], [4.5920000076293945, 194.09600830078125, 46.25600051879883, 223.66400146484375], [0.1120000034570694, 23.631999969482422, 24.75200080871582, 164.3040008544922], [143.6959991455078, 117.48800659179688, 182.447998046875, 161.16799926757812], [103.3759994506836, 101.36000061035156, 122.86400604248047, 161.16799926757812], [129.13600158691406, 101.8080062866211, 144.1439971923828, 145.71200561523438], [193.64801025390625, 103.3759994506836, 209.552001953125, 135.1840057373047], [199.4720001220703, 92.6240005493164, 211.34400939941406, 113.68000030517578]], 'labels': ['desk', 'desk', 'chair', 'chair', 'chair', 'person', 'person', 'person', 'person', 'person', 'person']}}"
0311,"{'<DENSE_REGION_CAPTION>': {'bboxes': [[0.1120000034570694, 129.58399963378906, 86.12800598144531, 223.66400146484375], [174.83200073242188, 143.0240020751953, 223.66400146484375, 223.66400146484375], [143.4720001220703, 151.9840087890625, 179.760009765625, 223.66400146484375], [77.61600494384766, 184.01600646972656, 112.78400421142578, 223.66400146484375], [4.5920000076293945, 194.09600830078125, 46.25600051879883, 223.66400146484375], [0.1120000034570694, 23.631999969482422, 25.648000717163086, 172.59201049804688], [142.1280059814453, 118.60800170898438, 182.2239990234375, 161.16799926757812], [102.9280014038086, 101.58399963378906, 122.86400604248047, 161.16799926757812], [171.4720001220703, 107.63200378417969, 198.3520050048828, 143.6959991455078], [130.03199768066406, 102.0320053100586, 147.27999877929688, 145.71200561523438]], 'labels': ['desk', 'desk', 'chair', 'chair', 'chair', 'person', 'person', 'person', 'person', 'person']}}"
0312,"{'<DENSE_REGION_CAPTION>': {'bboxes': [[0.1120000034570694, 129.58399963378906, 86.12800598144531, 223.66400146484375], [174.83200073242188, 143.0240020751953, 223.66400146484375, 223.66400146484375], [143.4720001220703, 151.9840087890625, 179.9840087890625, 223.66400146484375], [77.61600494384766, 184.01600646972656, 112.78400421142578, 223.66400146484375], [4.5920000076293945, 193.87200927734375, 46.25600051879883, 223.66400146484375], [0.1120000034570694, 23.631999969482422, 25.648000717163086, 164.5279998779297], [143.4720001220703, 117.71200561523438, 182.2239990234375, 161.16799926757812], [171.4720001220703, 107.63200378417969, 198.3520050048828, 143.4720001220703], [127.79200744628906, 102.0320053100586, 146.38400268554688, 146.38400268554688]], 'labels': ['desk', 'desk', 'chair', 'chair', 'chair', 'person', 'person', 'person', 'person']}}"
0313,"{'<DENSE_REGION_CAPTION>': {'bboxes': [[0.1120000034570694, 23.631999969482422, 26.32000160217285, 172.59201049804688], [143.4720001220703, 151.9840087890625, 180.4320068359375, 223.66400146484375], [77.61600494384766, 184.01600646972656, 113.00800323486328, 223.66400146484375], [4.5920000076293945, 193.87200927734375, 46.25600051879883, 223.66400146484375], [145.04000854492188, 117.71200561523438, 182.447998046875, 161.6160125732422], [103.3759994506836, 101.36000061035156, 123.53600311279297, 160.72000122070312], [171.4720001220703, 106.73600006103516, 197.0080108642578, 143.4720001220703], [130.92800903320312, 102.0320053100586, 145.93600463867188, 146.83200073242188], [193.20001220703125, 102.9280014038086, 211.12001037597656, 138.54400634765625]], 'labels': ['person', 'chair', 'chair', 'chair', 'person', 'person', 'person', 'person', 'person']}}"
0314,"{'<DENSE_REGION_CAPTION>': {'bboxes': [[0.1120000034570694, 23.408000946044922, 25.87200164794922, 172.59201049804688], [144.81600952148438, 118.60800170898438, 182.447998046875, 166.54400634765625], [102.9280014038086, 101.36000061035156, 123.31200408935547, 160.72000122070312], [171.2480010986328, 107.18400573730469, 196.5600128173828, 143.6959991455078], [130.25599670410156, 100.91200256347656, 145.93600463867188, 145.71200561523438]], 'labels': ['person', 'person', 'person', 'person', 'person']}}"
0315,"{'<DENSE_REGION_CAPTION>': {'bboxes': [[0.1120000034570694, 129.58399963378906, 86.12800598144531, 223.66400146484375], [174.60800170898438, 143.0240020751953, 223.66400146484375, 223.66400146484375], [77.61600494384766, 146.38400268554688, 113.00800323486328, 223.66400146484375], [143.9199981689453, 152.2080078125, 179.5360107421875, 223.66400146484375], [3.248000144958496, 193.87200927734375, 48.720001220703125, 223.66400146484375], [77.84000396728516, 184.01600646972656, 113.00800323486328, 223.66400146484375]], 'labels': ['desk', 'desk', 'chair', 'chair', 'chair', 'chair']}}"
0316,"{'<DENSE_REGION_CAPTION>': {'bboxes': [[0.1120000034570694, 23.18400001525879, 26.32000160217285, 173.48800659179688], [139.44000244140625, 118.16000366210938, 182.447998046875, 167.21600341796875], [171.4720001220703, 100.91200256347656, 198.5760040283203, 143.6959991455078], [103.3759994506836, 101.36000061035156, 123.31200408935547, 157.13600158691406], [193.64801025390625, 102.9280014038086, 216.72000122070312, 138.54400634765625], [128.68800354003906, 102.7040023803711, 143.9199981689453, 147.27999877929688]], 'labels': ['person', 'person', 'person', 'person', 'person', 'person']}}"
0317,"{'<DENSE_REGION_CAPTION>': {'bboxes': [[0.1120000034570694, 23.408000946044922, 25.87200164794922, 173.48800659179688], [77.61600494384766, 146.60800170898438, 113.00800323486328, 223.66400146484375], [144.36801147460938, 152.2080078125, 179.5360107421875, 223.66400146484375], [3.248000144958496, 193.87200927734375, 46.25600051879883, 223.66400146484375], [77.84000396728516, 184.24000549316406, 113.00800323486328, 223.66400146484375], [143.9199981689453, 117.71200561523438, 182.447998046875, 167.44000244140625], [171.4720001220703, 98.44800567626953, 197.2320098876953, 143.6959991455078], [103.3759994506836, 101.36000061035156, 123.31200408935547, 157.13600158691406], [192.0800018310547, 103.1520004272461, 217.8400115966797, 139.44000244140625], [128.68800354003906, 101.13600158691406, 144.1439971923828, 146.38400268554688]], 'labels': ['person', 'chair', 'chair', 'chair', 'chair', 'person', 'person', 'person', 'person', 'person']}}"
0318,"{'<DENSE_REGION_CAPTION>': {'bboxes': [[0.1120000034570694, 23.18400001525879, 25.87200164794922, 173.26400756835938], [143.9199981689453, 117.71200561523438, 182.447998046875, 166.76800537109375], [101.36000061035156, 101.36000061035156, 123.31200408935547, 157.36000061035156], [171.4720001220703, 100.01600646972656, 197.2320098876953, 143.4720001220703], [128.01600646972656, 103.60000610351562, 146.83200073242188, 147.72801208496094]], 'labels': ['person', 'person', 'person', 'person', 'person']}}"
0319,"{'<DENSE_REGION_CAPTION>': {'bboxes': [[0.1120000034570694, 129.58399963378906, 86.12800598144531, 223.66400146484375], [174.16000366210938, 143.0240020751953, 223.66400146484375, 223.66400146484375], [77.61600494384766, 146.38400268554688, 112.56000518798828, 223.66400146484375], [144.36801147460938, 152.2080078125, 179.31201171875, 223.66400146484375], [3.248000144958496, 193.87200927734375, 48.04800033569336, 223.66400146484375], [77.61600494384766, 184.24000549316406, 112.56000518798828, 223.66400146484375], [0.1120000034570694, 23.631999969482422, 23.18400001525879, 141.0080108642578], [144.36801147460938, 117.26399993896484, 182.2239990234375, 167.21600341796875], [171.2480010986328, 100.91200256347656, 194.99200439453125, 143.4720001220703], [103.3759994506836, 100.91200256347656, 122.86400604248047, 153.3280029296875], [128.01600646972656, 105.16800689697266, 146.16000366210938, 146.38400268554688]], 'labels': ['desk', 'desk', 'chair', 'chair', 'chair', 'chair', 'person', 'person', 'person', 'person', 'person']}}"
0320,"{'<DENSE_REGION_CAPTION>': {'bboxes': [[0.1120000034570694, 23.408000946044922, 26.32000160217285, 173.26400756835938], [143.2480010986328, 117.71200561523438, 182.447998046875, 167.44000244140625], [100.68800354003906, 100.68800354003906, 123.31200408935547, 157.13600158691406], [171.2480010986328, 100.91200256347656, 194.76800537109375, 143.6959991455078], [192.0800018310547, 98.22400665283203, 209.7760009765625, 141.4560089111328], [128.24000549316406, 106.96000671386719, 146.60800170898438, 144.81600952148438]], 'labels': ['person', 'person', 'person', 'person', 'person', 'person']}}"
0321,"{'<DENSE_REGION_CAPTION>': {'bboxes': [[0.1120000034570694, 23.408000946044922, 25.87200164794922, 173.26400756835938], [143.2480010986328, 117.71200561523438, 182.67201232910156, 167.44000244140625], [100.68800354003906, 100.68800354003906, 123.31200408935547, 157.13600158691406], [171.0240020751953, 98.44800567626953, 195.44000244140625, 143.4720001220703], [128.01600646972656, 106.28800201416016, 146.83200073242188, 148.17601013183594], [192.0800018310547, 99.34400177001953, 209.552001953125, 140.11199951171875]], 'labels': ['person', 'person', 'person', 'person', 'person', 'person']}}"
0322,"{'<DENSE_REGION_CAPTION>': {'bboxes': [[0.1120000034570694, 23.631999969482422, 23.631999969482422, 173.71200561523438], [143.2480010986328, 117.04000091552734, 182.67201232910156, 167.44000244140625], [100.91200256347656, 100.46400451660156, 123.98400115966797, 157.58399963378906], [171.4720001220703, 98.89600372314453, 197.2320098876953, 143.6959991455078], [194.32000732421875, 95.98400115966797, 209.7760009765625, 140.55999755859375], [127.12000274658203, 105.39200592041016, 143.6959991455078, 144.36801147460938]], 'labels': ['person', 'person', 'person', 'person', 'person', 'person']}}"
0323,"{'<DENSE_REGION_CAPTION>': {'bboxes': [[0.1120000034570694, 23.631999969482422, 24.079999923706055, 173.48800659179688], [143.6959991455078, 120.1760025024414, 182.67201232910156, 167.44000244140625], [100.91200256347656, 100.24000549316406, 123.53600311279297, 157.58399963378906], [171.4720001220703, 98.67200469970703, 197.6800079345703, 143.6959991455078], [193.64801025390625, 99.12000274658203, 222.76800537109375, 140.55999755859375], [125.552001953125, 106.06400299072266, 144.59201049804688, 144.36801147460938]], 'labels': ['person', 'person', 'person', 'person', 'person', 'person']}}"
0324,"{'<DENSE_REGION_CAPTION>': {'bboxes': [[0.1120000034570694, 23.631999969482422, 26.32000160217285, 173.26400756835938], [0.1120000034570694, 23.631999969482422, 22.512001037597656, 139.44000244140625], [101.13600158691406, 100.46400451660156, 125.3280029296875, 156.91200256347656], [170.5760040283203, 97.552001953125, 196.5600128173828, 143.4720001220703], [142.8000030517578, 104.49600219726562, 163.4080047607422, 155.12001037597656], [127.56800079345703, 100.68800354003906, 144.81600952148438, 143.9199981689453]], 'labels': ['person', 'person', 'person', 'person', 'person', 'person']}}"
0325,"{'<DENSE_REGION_CAPTION>': {'bboxes': [[0.1120000034570694, 129.58399963378906, 86.12800598144531, 223.66400146484375], [174.16000366210938, 143.0240020751953, 223.66400146484375, 223.66400146484375], [0.1120000034570694, 23.856000900268555, 23.18400001525879, 173.71200561523438], [143.9199981689453, 124.20800018310547, 182.0, 182.447998046875], [0.1120000034570694, 23.856000900268555, 22.512001037597656, 139.88800048828125], [100.91200256347656, 101.8080062866211, 123.53600311279297, 157.36000061035156], [171.0240020751953, 96.656005859375, 197.0080108642578, 143.6959991455078], [141.2320098876953, 104.72000122070312, 164.3040008544922, 155.34400939941406], [190.0640106201172, 96.8800048828125, 206.41600036621094, 142.1280059814453], [127.34400177001953, 100.68800354003906, 143.6959991455078, 143.0240020751953]], 'labels': ['desk', 'desk', 'person', 'person', 'person', 'person', 'person', 'person', 'person', 'person']}}"
0326,"{'<DENSE_REGION_CAPTION>': {'bboxes': [[0.1120000034570694, 129.58399963378906, 86.12800598144531, 223.66400146484375], [174.16000366210938, 143.0240020751953, 223.66400146484375, 223.66400146484375], [144.36801147460938, 151.9840087890625, 179.0880126953125, 223.66400146484375], [77.84000396728516, 184.24000549316406, 112.78400421142578, 223.66400146484375], [4.5920000076293945, 194.09600830078125, 48.272003173828125, 223.66400146484375], [0.1120000034570694, 23.856000900268555, 22.736000061035156, 162.7360076904297], [143.2480010986328, 117.71200561523438, 182.67201232910156, 164.9759979248047], [101.13600158691406, 100.68800354003906, 122.86400604248047, 161.16799926757812], [170.1280059814453, 97.7760009765625, 197.4560089111328, 143.6959991455078], [142.1280059814453, 99.12000274658203, 170.1280059814453, 142.5760040283203], [188.94400024414062, 98.0, 206.19200134277344, 142.1280059814453], [126.89600372314453, 98.0, 142.5760040283203, 141.9040069580078]], 'labels': ['desk', 'desk', 'chair', 'chair', 'chair', 'person', 'person', 'person', 'person', 'person', 'person', 'person']}}"
0327,"{'<DENSE_REGION_CAPTION>': {'bboxes': [[0.1120000034570694, 129.58399963378906, 86.12800598144531, 223.66400146484375], [174.16000366210938, 143.0240020751953, 223.66400146484375, 223.66400146484375], [0.1120000034570694, 23.631999969482422, 23.631999969482422, 172.59201049804688], [143.2480010986328, 118.16000366210938, 182.67201232910156, 164.9759979248047], [102.7040023803711, 100.01600646972656, 122.86400604248047, 160.94400024414062], [128.01600646972656, 98.89600372314453, 147.27999877929688, 142.5760040283203]], 'labels': ['desk', 'desk', 'person', 'person', 'person', 'person']}}"
0328,"{'<DENSE_REGION_CAPTION>': {'bboxes': [[0.1120000034570694, 129.58399963378906, 86.12800598144531, 223.66400146484375], [174.16000366210938, 143.0240020751953, 223.66400146484375, 223.66400146484375], [0.1120000034570694, 24.079999923706055, 23.631999969482422, 172.59201049804688], [144.36801147460938, 117.71200561523438, 182.67201232910156, 165.64801025390625], [100.68800354003906, 100.46400451660156, 123.76000213623047, 161.16799926757812], [182.67201232910156, 106.06400299072266, 206.19200134277344, 143.4720001220703], [205.29600524902344, 102.7040023803711, 223.66400146484375, 143.0240020751953], [127.56800079345703, 99.34400177001953, 141.2320098876953, 140.55999755859375]], 'labels': ['desk', 'desk', 'person', 'person', 'person', 'person', 'person', 'person']}}"
0329,"{'<DENSE_REGION_CAPTION>': {'bboxes': [[0.1120000034570694, 129.58399963378906, 86.12800598144531, 223.66400146484375], [174.16000366210938, 143.0240020751953, 223.66400146484375, 223.66400146484375], [0.1120000034570694, 24.75200080871582, 23.18400001525879, 163.8560028076172], [143.9199981689453, 117.71200561523438, 182.67201232910156, 164.9759979248047], [101.13600158691406, 101.36000061035156, 123.98400115966797, 161.16799926757812], [171.0240020751953, 97.7760009765625, 194.99200439453125, 143.9199981689453], [128.01600646972656, 101.13600158691406, 144.81600952148438, 143.0240020751953], [186.03201293945312, 106.28800201416016, 201.93600463867188, 142.3520050048828]], 'labels': ['desk', 'desk', 'person', 'person', 'person', 'person', 'person', 'person']}}"
0330,"{'<DENSE_REGION_CAPTION>': {'bboxes': [[0.1120000034570694, 129.58399963378906, 86.12800598144531, 223.66400146484375], [174.16000366210938, 143.2480010986328, 223.66400146484375, 223.66400146484375], [0.1120000034570694, 24.527999877929688, 25.424001693725586, 172.81600952148438], [144.36801147460938, 119.2800064086914, 182.67201232910156, 164.9759979248047], [102.0320053100586, 99.79199981689453, 123.98400115966797, 161.16799926757812], [128.46400451660156, 100.91200256347656, 154.2239990234375, 147.27999877929688], [183.12001037597656, 96.43199920654297, 204.17601013183594, 143.6959991455078], [171.2480010986328, 97.552001953125, 187.60000610351562, 136.3040008544922], [210.2239990234375, 104.04800415039062, 223.66400146484375, 143.9199981689453]], 'labels': ['desk', 'desk', 'person', 'person', 'person', 'person', 'person', 'person', 'person']}}"
0331,"{'<DENSE_REGION_CAPTION>': {'bboxes': [[0.1120000034570694, 129.58399963378906, 86.12800598144531, 223.66400146484375], [174.16000366210938, 143.2480010986328, 223.66400146484375, 223.66400146484375], [0.1120000034570694, 23.856000900268555, 24.079999923706055, 172.81600952148438], [143.9199981689453, 118.16000366210938, 182.67201232910156, 165.64801025390625], [100.46400451660156, 100.01600646972656, 123.31200408935547, 160.72000122070312], [126.00000762939453, 100.01600646972656, 144.81600952148438, 146.38400268554688], [186.70401000976562, 104.49600219726562, 202.83200073242188, 141.4560089111328]], 'labels': ['desk', 'desk', 'person', 'person', 'person', 'person', 'person']}}"
0332,"{'<DENSE_REGION_CAPTION>': {'bboxes': [[0.1120000034570694, 129.58399963378906, 86.12800598144531, 223.66400146484375], [174.16000366210938, 143.2480010986328, 223.66400146484375, 223.66400146484375], [0.1120000034570694, 24.304000854492188, 24.079999923706055, 163.6320037841797], [143.9199981689453, 118.83200073242188, 182.67201232910156, 165.42401123046875], [99.12000274658203, 101.58399963378906, 127.56800079345703, 160.72000122070312], [170.5760040283203, 105.39200592041016, 196.5600128173828, 144.1439971923828], [190.9600067138672, 94.19200134277344, 207.9840087890625, 141.9040069580078], [126.22400665283203, 101.13600158691406, 141.2320098876953, 145.71200561523438], [207.760009765625, 105.39200592041016, 222.54400634765625, 143.6959991455078]], 'labels': ['desk', 'desk', 'person', 'person', 'person', 'person', 'person', 'person', 'person']}}"
0333,"{'<DENSE_REGION_CAPTION>': {'bboxes': [[0.1120000034570694, 129.58399963378906, 86.12800598144531, 223.66400146484375], [174.16000366210938, 143.2480010986328, 223.66400146484375, 223.66400146484375], [0.1120000034570694, 24.079999923706055, 24.079999923706055, 163.8560028076172], [143.9199981689453, 117.71200561523438, 182.67201232910156, 164.9759979248047], [171.2480010986328, 97.7760009765625, 195.21600341796875, 143.9199981689453], [192.5279998779297, 96.43199920654297, 210.44801330566406, 142.1280059814453], [124.8800048828125, 100.68800354003906, 141.6800079345703, 144.1439971923828]], 'labels': ['desk', 'desk', 'person', 'person', 'person', 'person', 'person']}}"
0334,"{'<DENSE_REGION_CAPTION>': {'bboxes': [[0.1120000034570694, 129.58399963378906, 85.68000030517578, 223.66400146484375], [174.16000366210938, 143.2480010986328, 223.66400146484375, 223.66400146484375], [0.1120000034570694, 24.079999923706055, 24.079999923706055, 163.8560028076172], [143.2480010986328, 117.71200561523438, 182.67201232910156, 164.9759979248047], [0.1120000034570694, 24.079999923706055, 19.376001358032227, 91.2800064086914], [100.01600646972656, 107.40800476074219, 121.74400329589844, 160.72000122070312], [123.31200408935547, 100.24000549316406, 142.3520050048828, 144.36801147460938], [171.0240020751953, 107.63200378417969, 194.76800537109375, 143.6959991455078], [192.5279998779297, 94.63999938964844, 210.0, 141.6800079345703], [202.60800170898438, 117.26399993896484, 221.87200927734375, 143.2480010986328], [146.38400268554688, 101.58399963378906, 160.04800415039062, 130.25599670410156]], 'labels': ['desk', 'desk', 'person', 'person', 'person', 'person', 'person', 'person', 'person', 'person', 'person']}}"
0335,"{'<DENSE_REGION_CAPTION>': {'bboxes': [[0.1120000034570694, 129.58399963378906, 85.68000030517578, 223.66400146484375], [174.16000366210938, 143.0240020751953, 223.66400146484375, 223.66400146484375], [0.1120000034570694, 24.079999923706055, 24.079999923706055, 163.8560028076172], [0.1120000034570694, 24.079999923706055, 23.856000900268555, 139.88800048828125], [144.36801147460938, 122.64000701904297, 182.67201232910156, 166.54400634765625], [100.68800354003906, 107.18400573730469, 124.20800018310547, 160.72000122070312], [0.1120000034570694, 24.079999923706055, 18.928001403808594, 91.2800064086914], [126.00000762939453, 99.56800079345703, 139.66400146484375, 144.36801147460938]], 'labels': ['desk', 'desk', 'person', 'person', 'person', 'person', 'person', 'person']}}"
0336,"{'<DENSE_REGION_CAPTION>': {'bboxes': [[0.1120000034570694, 129.58399963378906, 85.68000030517578, 223.66400146484375], [174.16000366210938, 143.2480010986328, 223.66400146484375, 223.66400146484375], [0.1120000034570694, 23.856000900268555, 24.079999923706055, 172.59201049804688], [143.2480010986328, 117.48800659179688, 182.67201232910156, 164.3040008544922], [167.44000244140625, 101.13600158691406, 193.42401123046875, 143.6959991455078], [124.4320068359375, 99.34400177001953, 144.59201049804688, 144.81600952148438]], 'labels': ['desk', 'desk', 'person', 'person', 'person', 'person']}}"
0337,"{'<DENSE_REGION_CAPTION>': {'bboxes': [[0.1120000034570694, 129.58399963378906, 86.12800598144531, 223.66400146484375], [174.16000366210938, 143.2480010986328, 223.66400146484375, 223.66400146484375], [0.1120000034570694, 24.527999877929688, 24.079999923706055, 173.26400756835938], [144.36801147460938, 118.16000366210938, 182.67201232910156, 164.5279998779297], [168.11199951171875, 100.68800354003906, 193.87200927734375, 143.9199981689453], [125.552001953125, 99.56800079345703, 148.17601013183594, 145.26400756835938]], 'labels': ['desk', 'desk', 'person', 'person', 'person', 'person']}}"
0338,"{'<DENSE_REGION_CAPTION>': {'bboxes': [[0.1120000034570694, 129.58399963378906, 85.68000030517578, 223.66400146484375], [174.16000366210938, 143.2480010986328, 223.66400146484375, 223.66400146484375], [0.1120000034570694, 24.079999923706055, 24.75200080871582, 164.5279998779297], [143.9199981689453, 117.71200561523438, 182.67201232910156, 164.3040008544922], [100.68800354003906, 107.85600280761719, 120.6240005493164, 157.58399963378906], [192.0800018310547, 95.98400115966797, 211.79200744628906, 142.1280059814453], [126.22400665283203, 99.12000274658203, 141.6800079345703, 145.04000854492188], [168.5600128173828, 100.91200256347656, 183.79200744628906, 133.8400115966797], [179.5360107421875, 116.81600189208984, 194.99200439453125, 143.9199981689453]], 'labels': ['desk', 'desk', 'person', 'person', 'person', 'person', 'person', 'person', 'person']}}"
0339,"{'<DENSE_REGION_CAPTION>': {'bboxes': [[0.1120000034570694, 130.48001098632812, 82.76800537109375, 223.66400146484375], [174.16000366210938, 143.2480010986328, 223.66400146484375, 223.66400146484375], [0.1120000034570694, 24.304000854492188, 24.079999923706055, 164.3040008544922], [143.0240020751953, 126.44800567626953, 180.4320068359375, 158.48001098632812], [125.552001953125, 99.12000274658203, 141.4560089111328, 145.48800659179688], [192.97601318359375, 95.53600311279297, 209.552001953125, 135.6320037841797], [168.11199951171875, 100.91200256347656, 184.46400451660156, 133.61599731445312]], 'labels': ['desk', 'desk', 'person', 'person', 'person', 'person', 'person']}}"
0340,"{'<DENSE_REGION_CAPTION>': {'bboxes': [[0.1120000034570694, 129.58399963378906, 86.12800598144531, 223.66400146484375], [174.16000366210938, 143.0240020751953, 223.66400146484375, 223.66400146484375], [142.8000030517578, 151.9840087890625, 179.31201171875, 223.66400146484375], [77.61600494384766, 184.01600646972656, 111.88800048828125, 223.66400146484375], [4.5920000076293945, 193.87200927734375, 36.847999572753906, 223.66400146484375], [0.1120000034570694, 24.527999877929688, 24.079999923706055, 163.6320037841797], [142.8000030517578, 126.44800567626953, 181.552001953125, 162.7360076904297], [192.3040008544922, 95.76000213623047, 216.27200317382812, 134.7360076904297], [101.13600158691406, 106.96000671386719, 119.2800064086914, 156.91200256347656], [125.552001953125, 98.89600372314453, 141.0080108642578, 145.26400756835938], [168.11199951171875, 100.46400451660156, 184.68800354003906, 132.27200317382812], [178.41600036621094, 116.81600189208984, 197.2320098876953, 143.6959991455078]], 'labels': ['desk', 'desk', 'chair', 'chair', 'chair', 'person', 'person', 'person', 'person', 'person', 'person', 'person']}}"
0341,"{'<DENSE_REGION_CAPTION>': {'bboxes': [[0.1120000034570694, 129.58399963378906, 86.12800598144531, 223.66400146484375], [174.16000366210938, 143.0240020751953, 223.66400146484375, 223.66400146484375], [0.1120000034570694, 24.527999877929688, 25.648000717163086, 172.59201049804688], [135.4080047607422, 126.00000762939453, 181.7760009765625, 181.552001953125], [100.91200256347656, 106.73600006103516, 123.31200408935547, 156.91200256347656], [191.1840057373047, 95.76000213623047, 210.44801330566406, 141.2320098876953], [125.552001953125, 98.89600372314453, 141.2320098876953, 145.26400756835938], [167.44000244140625, 101.58399963378906, 184.01600646972656, 132.72000122070312]], 'labels': ['desk', 'desk', 'person', 'person', 'person', 'person', 'person', 'person']}}"
0342,"{'<DENSE_REGION_CAPTION>': {'bboxes': [[0.1120000034570694, 129.58399963378906, 86.12800598144531, 223.66400146484375], [174.16000366210938, 143.2480010986328, 223.66400146484375, 223.66400146484375], [0.1120000034570694, 24.97599983215332, 24.75200080871582, 164.7519989013672], [135.8560028076172, 123.98400115966797, 181.7760009765625, 182.0], [100.91200256347656, 106.96000671386719, 123.31200408935547, 156.91200256347656], [191.1840057373047, 96.656005859375, 210.44801330566406, 141.2320098876953], [126.00000762939453, 99.34400177001953, 141.9040069580078, 145.48800659179688]], 'labels': ['desk', 'desk', 'person', 'person', 'person', 'person', 'person']}}"
0343,"{'<DENSE_REGION_CAPTION>': {'bboxes': [[0.1120000034570694, 129.58399963378906, 86.12800598144531, 223.66400146484375], [174.16000366210938, 143.2480010986328, 223.66400146484375, 223.66400146484375], [0.1120000034570694, 24.75200080871582, 24.75200080871582, 164.5279998779297], [134.9600067138672, 126.44800567626953, 181.552001953125, 166.76800537109375], [167.66400146484375, 102.0320053100586, 194.76800537109375, 143.9199981689453], [100.46400451660156, 106.96000671386719, 121.74400329589844, 156.91200256347656], [124.8800048828125, 99.34400177001953, 141.0080108642578, 145.71200561523438]], 'labels': ['desk', 'desk', 'person', 'person', 'person', 'person', 'person']}}"
0344,"{'<DENSE_REGION_CAPTION>': {'bboxes': [[0.1120000034570694, 129.58399963378906, 86.12800598144531, 223.66400146484375], [174.16000366210938, 143.2480010986328, 223.66400146484375, 223.66400146484375], [142.8000030517578, 152.2080078125, 179.5360107421875, 223.66400146484375], [77.84000396728516, 184.24000549316406, 112.11200714111328, 223.66400146484375], [5.039999961853027, 194.09600830078125, 36.847999572753906, 223.66400146484375], [100.46400451660156, 146.38400268554688, 112.11200714111328, 215.37600708007812], [100.46400451660156, 146.38400268554688, 111.88800048828125, 189.6160125732422], [23.18400001525879, 131.15200805664062, 35.28000259399414, 149.74400329589844]], 'labels': ['desk', 'desk', 'chair', 'chair', 'chair', 'chair', 'chair', 'chair']}}"
0345,"{'<DENSE_REGION_CAPTION>': {'bboxes': [[0.1120000034570694, 129.58399963378906, 85.68000030517578, 223.66400146484375], [174.16000366210938, 143.2480010986328, 223.66400146484375, 223.66400146484375], [143.0240020751953, 152.2080078125, 179.5360107421875, 223.66400146484375], [77.84000396728516, 184.24000549316406, 112.11200714111328, 223.66400146484375], [5.039999961853027, 194.09600830078125, 36.847999572753906, 223.66400146484375], [100.46400451660156, 146.38400268554688, 112.11200714111328, 215.37600708007812], [0.1120000034570694, 24.75200080871582, 24.079999923706055, 163.6320037841797], [144.81600952148438, 126.44800567626953, 181.552001953125, 161.16799926757812], [101.13600158691406, 108.08000183105469, 120.1760025024414, 157.13600158691406], [168.11199951171875, 102.2560043334961, 193.42401123046875, 134.0640106201172], [127.56800079345703, 101.36000061035156, 142.8000030517578, 146.38400268554688], [178.41600036621094, 117.04000091552734, 194.76800537109375, 144.1439971923828]], 'labels': ['desk', 'desk', 'chair', 'chair', 'chair', 'chair', 'person', 'person', 'person', 'person', 'person', 'person']}}"
0346,"{'<DENSE_REGION_CAPTION>': {'bboxes': [[0.1120000034570694, 129.58399963378906, 85.68000030517578, 223.66400146484375], [174.16000366210938, 143.2480010986328, 223.66400146484375, 223.66400146484375], [0.1120000034570694, 24.527999877929688, 23.631999969482422, 163.1840057373047], [140.11199951171875, 122.19200134277344, 182.0, 166.76800537109375], [0.1120000034570694, 24.527999877929688, 17.13599967956543, 91.7280044555664], [167.44000244140625, 101.8080062866211, 193.20001220703125, 143.6959991455078], [123.98400115966797, 100.91200256347656, 140.55999755859375, 145.93600463867188]], 'labels': ['desk', 'desk', 'person', 'person', 'person', 'person', 'person']}}"
0347,"{'<DENSE_REGION_CAPTION>': {'bboxes': [[0.1120000034570694, 129.58399963378906, 85.68000030517578, 223.66400146484375], [174.16000366210938, 143.2480010986328, 223.66400146484375, 223.66400146484375], [0.1120000034570694, 24.527999877929688, 23.631999969482422, 163.1840057373047], [0.1120000034570694, 24.527999877929688, 23.408000946044922, 139.44000244140625], [140.33599853515625, 121.74400329589844, 182.0, 166.99200439453125], [166.99200439453125, 101.58399963378906, 194.09600830078125, 143.6959991455078], [124.8800048828125, 100.46400451660156, 147.72801208496094, 145.71200561523438]], 'labels': ['desk', 'desk', 'person', 'person', 'person', 'person', 'person']}}"
0348,"{'<DENSE_REGION_CAPTION>': {'bboxes': [[0.1120000034570694, 129.58399963378906, 85.68000030517578, 223.66400146484375], [174.16000366210938, 143.2480010986328, 223.66400146484375, 223.66400146484375], [0.1120000034570694, 24.079999923706055, 23.408000946044922, 161.6160125732422], [0.1120000034570694, 24.079999923706055, 23.18400001525879, 138.99200439453125], [141.2320098876953, 119.2800064086914, 182.67201232910156, 166.76800537109375], [166.99200439453125, 102.0320053100586, 194.32000732421875, 143.6959991455078], [100.91200256347656, 108.08000183105469, 120.6240005493164, 157.36000061035156], [190.9600067138672, 112.11200714111328, 219.8560028076172, 144.1439971923828], [127.56800079345703, 103.3759994506836, 143.6959991455078, 143.4720001220703]], 'labels': ['desk', 'desk', 'person', 'person', 'person', 'person', 'person', 'person', 'person']}}"
0349,"{'<DENSE_REGION_CAPTION>': {'bboxes': [[0.1120000034570694, 129.58399963378906, 85.68000030517578, 223.66400146484375], [174.16000366210938, 143.2480010986328, 223.66400146484375, 223.66400146484375], [0.1120000034570694, 23.631999969482422, 26.768001556396484, 161.16799926757812], [143.0240020751953, 119.2800064086914, 182.67201232910156, 166.54400634765625], [168.11199951171875, 101.8080062866211, 194.76800537109375, 143.4720001220703], [100.91200256347656, 107.85600280761719, 120.6240005493164, 157.13600158691406], [127.56800079345703, 102.9280014038086, 143.2480010986328, 143.6959991455078]], 'labels': ['desk', 'desk', 'person', 'person', 'person', 'person', 'person']}}"
0350,"{'<DENSE_REGION_CAPTION>': {'bboxes': [[0.1120000034570694, 129.58399963378906, 85.68000030517578, 223.66400146484375], [174.16000366210938, 143.0240020751953, 223.66400146484375, 223.66400146484375], [0.1120000034570694, 23.631999969482422, 27.216001510620117, 161.6160125732422], [138.54400634765625, 119.2800064086914, 182.67201232910156, 167.44000244140625], [192.0800018310547, 95.76000213623047, 223.66400146484375, 144.1439971923828], [100.91200256347656, 107.85600280761719, 120.6240005493164, 156.91200256347656], [126.89600372314453, 101.8080062866211, 145.04000854492188, 144.36801147460938]], 'labels': ['desk', 'desk', 'person', 'person', 'person', 'person', 'person']}}"
0351,"{'<DENSE_REGION_CAPTION>': {'bboxes': [[0.1120000034570694, 129.58399963378906, 85.68000030517578, 223.66400146484375], [174.16000366210938, 143.2480010986328, 223.66400146484375, 223.66400146484375], [77.61600494384766, 146.83200073242188, 112.78400421142578, 223.66400146484375], [143.2480010986328, 152.2080078125, 179.31201171875, 223.66400146484375], [3.248000144958496, 194.09600830078125, 48.272003173828125, 223.66400146484375], [77.61600494384766, 184.01600646972656, 112.78400421142578, 223.66400146484375], [0.1120000034570694, 22.96000099182129, 27.216001510620117, 161.6160125732422], [142.8000030517578, 120.84800720214844, 182.67201232910156, 166.54400634765625], [189.8400115966797, 96.43199920654297, 210.0, 143.0240020751953], [168.11199951171875, 103.82400512695312, 191.1840057373047, 143.0240020751953], [127.12000274658203, 102.2560043334961, 144.59201049804688, 144.36801147460938]], 'labels': ['desk', 'desk', 'chair', 'chair', 'chair', 'chair', 'person', 'person', 'person', 'person', 'person']}}"
0352,"{'<DENSE_REGION_CAPTION>': {'bboxes': [[0.1120000034570694, 129.58399963378906, 86.12800598144531, 223.66400146484375], [174.16000366210938, 143.2480010986328, 223.66400146484375, 223.66400146484375], [62.160003662109375, 147.05599975585938, 112.56000518798828, 223.66400146484375], [143.2480010986328, 152.4320068359375, 179.31201171875, 223.66400146484375], [4.5920000076293945, 194.32000732421875, 48.272003173828125, 223.66400146484375], [77.84000396728516, 184.68800354003906, 112.56000518798828, 223.66400146484375], [0.1120000034570694, 23.408000946044922, 26.768001556396484, 164.5279998779297], [143.4720001220703, 120.84800720214844, 182.89601135253906, 167.21600341796875], [189.8400115966797, 96.656005859375, 213.36000061035156, 143.2480010986328], [168.11199951171875, 100.91200256347656, 192.0800018310547, 143.6959991455078], [100.91200256347656, 108.97600555419922, 121.29600524902344, 157.13600158691406], [128.01600646972656, 102.4800033569336, 145.04000854492188, 144.59201049804688]], 'labels': ['desk', 'desk', 'chair', 'chair', 'chair', 'chair', 'person', 'person', 'person', 'person', 'person', 'person']}}"
0353,"{'<DENSE_REGION_CAPTION>': {'bboxes': [[0.1120000034570694, 132.49600219726562, 85.68000030517578, 223.66400146484375], [173.26400756835938, 145.93600463867188, 223.66400146484375, 223.66400146484375], [0.1120000034570694, 26.09600067138672, 26.32000160217285, 167.44000244140625], [136.9759979248047, 123.31200408935547, 182.67201232910156, 170.5760040283203], [100.46400451660156, 111.88800048828125, 120.4000015258789, 161.16799926757812], [189.16799926757812, 99.56800079345703, 209.10400390625, 146.16000366210938], [126.89600372314453, 105.39200592041016, 144.81600952148438, 148.62400817871094], [167.88800048828125, 103.82400512695312, 185.36000061035156, 135.8560028076172]], 'labels': ['desk', 'desk', 'person', 'person', 'person', 'person', 'person', 'person']}}"
0354,"{'<DENSE_REGION_CAPTION>': {'bboxes': [[56.112003326416016, 9.072000503540039, 142.8000030517578, 119.9520034790039], [77.16799926757812, 154.447998046875, 107.85600280761719, 223.66400146484375], [3.0240001678466797, 165.64801025390625, 35.95199966430664, 223.66400146484375], [175.72801208496094, 171.2480010986328, 196.7840118408203, 223.66400146484375], [3.0240001678466797, 201.26400756835938, 35.95199966430664, 223.66400146484375], [0.1120000034570694, 31.02400016784668, 26.32000160217285, 169.4560089111328], [143.4720001220703, 128.01600646972656, 181.7760009765625, 174.83200073242188], [99.79199981689453, 115.92000579833984, 119.7280044555664, 165.64801025390625], [188.49600219726562, 103.3759994506836, 208.656005859375, 149.74400329589844], [126.22400665283203, 109.87200164794922, 147.27999877929688, 152.4320068359375], [166.99200439453125, 108.08000183105469, 190.2880096435547, 145.26400756835938]], 'labels': ['whiteboard', 'chair', 'chair', 'chair', 'chair', 'person', 'person', 'person', 'person', 'person', 'person']}}"
0355,"{'<DENSE_REGION_CAPTION>': {'bboxes': [[0.1120000034570694, 30.80000114440918, 37.74399948120117, 171.0240020751953], [0.1120000034570694, 30.80000114440918, 25.87200164794922, 170.8000030517578], [143.2480010986328, 128.01600646972656, 182.67201232910156, 223.66400146484375], [143.6959991455078, 128.01600646972656, 182.67201232910156, 175.72801208496094], [188.94400024414062, 104.27200317382812, 216.27200317382812, 150.86399841308594], [100.01600646972656, 120.4000015258789, 120.4000015258789, 167.66400146484375], [126.22400665283203, 110.09600067138672, 147.27999877929688, 153.10400390625], [167.66400146484375, 108.52799987792969, 190.5120086669922, 150.41600036621094]], 'labels': ['person', 'person', 'person', 'person', 'person', 'person', 'person', 'person']}}"
0356,"{'<DENSE_REGION_CAPTION>': {'bboxes': [[0.1120000034570694, 137.42401123046875, 81.42400360107422, 223.66400146484375], [173.71200561523438, 150.63999938964844, 223.66400146484375, 223.66400146484375], [0.1120000034570694, 31.696001052856445, 26.09600067138672, 170.3520050048828], [0.1120000034570694, 31.696001052856445, 22.064001083374023, 148.17601013183594], [127.56800079345703, 109.87200164794922, 142.5760040283203, 152.656005859375]], 'labels': ['desk', 'desk', 'person', 'person', 'person']}}"
