image_num,bboxes,labels
0001,"{'<DENSE_REGION_CAPTION>': {'bboxes': [[147.50399780273438, 50.736000061035156, 223.66400146484375, 223.66400146484375], [56.112003326416016, 107.18400573730469, 118.38400268554688, 223.66400146484375], [85.68000030517578, 54.992000579833984, 134.5120086669922, 175.27999877929688], [111.44000244140625, 63.28000259399414, 127.56800079345703, 100.01600646972656], [199.2480010986328, 73.36000061035156, 212.24000549316406, 101.58399963378906]], 'labels': ['person', 'person', 'woman', 'human face', 'human face']}}"
0002,"{'<DENSE_REGION_CAPTION>': {'bboxes': [[115.24800109863281, 81.20000457763672, 184.24000549316406, 223.66400146484375], [174.16000366210938, 47.60000228881836, 219.8560028076172, 223.66400146484375], [57.23200225830078, 106.73600006103516, 114.12800598144531, 223.66400146484375], [108.30400085449219, 59.24800109863281, 136.3040008544922, 169.9040069580078], [118.38400268554688, 70.44800567626953, 134.5120086669922, 107.40800476074219]], 'labels': ['woman', 'woman', 'woman', 'woman', 'human face']}}"
0003,"{'<DENSE_REGION_CAPTION>': {'bboxes': [[174.60800170898438, 48.944000244140625, 216.04800415039062, 223.66400146484375], [116.81600189208984, 114.12800598144531, 172.59201049804688, 223.66400146484375], [55.21600341796875, 106.28800201416016, 108.08000183105469, 223.66400146484375]], 'labels': ['woman', 'person', 'woman']}}"
0004,"{'<DENSE_REGION_CAPTION>': {'bboxes': [[148.84800720214844, 48.720001220703125, 215.82400512695312, 223.66400146484375], [33.71200180053711, 108.97600555419922, 114.12800598144531, 223.66400146484375], [84.78400421142578, 55.44000244140625, 146.83200073242188, 179.5360107421875], [115.24800109863281, 118.38400268554688, 159.37600708007812, 201.93600463867188], [113.23200225830078, 64.6240005493164, 128.91200256347656, 97.552001953125], [183.12001037597656, 63.05600357055664, 196.5600128173828, 97.10400390625]], 'labels': ['woman', 'woman', 'woman', 'woman', 'human face', 'human face']}}"
0005,"{'<DENSE_REGION_CAPTION>': {'bboxes': [[186.70401000976562, 96.43199920654297, 223.66400146484375, 223.66400146484375], [106.28800201416016, 66.41600036621094, 122.41600036621094, 102.9280014038086], [180.8800048828125, 67.53600311279297, 194.76800537109375, 98.44800567626953]], 'labels': ['fancy dress', 'human face', 'human face']}}"
0006,"{'<DENSE_REGION_CAPTION>': {'bboxes': [[165.87200927734375, 51.40800094604492, 212.24000549316406, 223.66400146484375], [59.24800109863281, 105.84000396728516, 105.16800689697266, 223.66400146484375], [87.02400207519531, 53.87200164794922, 133.16799926757812, 159.82400512695312], [194.76800537109375, 62.832000732421875, 223.66400146484375, 223.66400146484375], [116.36800384521484, 118.38400268554688, 160.27200317382812, 201.71200561523438], [205.52000427246094, 78.28800201416016, 223.66400146484375, 114.80000305175781], [104.94400024414062, 68.8800048828125, 120.84800720214844, 104.49600219726562], [171.0240020751953, 70.2239990234375, 184.01600646972656, 102.0320053100586]], 'labels': ['man', 'woman', 'woman', 'woman', 'woman', 'human face', 'human face', 'human face']}}"
0007,"{'<DENSE_REGION_CAPTION>': {'bboxes': [[117.04000091552734, 195.44000244140625, 159.82400512695312, 223.66400146484375], [33.040000915527344, 207.0880126953125, 76.72000122070312, 223.66400146484375], [104.27200317382812, 67.53600311279297, 120.6240005493164, 103.82400512695312], [160.72000122070312, 74.2560043334961, 172.36801147460938, 107.18400573730469]], 'labels': ['chair', 'chair', 'human face', 'human face']}}"
0008,"{'<DENSE_REGION_CAPTION>': {'bboxes': [[150.86399841308594, 61.71200180053711, 205.74400329589844, 223.66400146484375], [54.09600067138672, 108.75200653076172, 106.73600006103516, 223.66400146484375], [100.91200256347656, 119.0560073852539, 158.48001098632812, 200.59201049804688], [82.76800537109375, 53.87200164794922, 131.15200805664062, 166.09600830078125]], 'labels': ['person', 'person', 'person', 'woman']}}"
0009,"{'<DENSE_REGION_CAPTION>': {'bboxes': [[117.04000091552734, 194.99200439453125, 159.60000610351562, 223.66400146484375], [33.263999938964844, 206.63999938964844, 76.04800415039062, 223.66400146484375], [108.08000183105469, 61.040000915527344, 124.8800048828125, 98.0], [152.656005859375, 85.00800323486328, 161.8400115966797, 113.90400695800781]], 'labels': ['chair', 'chair', 'human face', 'human face']}}"
0010,"{'<DENSE_REGION_CAPTION>': {'bboxes': [[0.1120000034570694, 0.1120000034570694, 223.66400146484375, 223.66400146484375], [111.88800048828125, 66.19200134277344, 128.01600646972656, 102.0320053100586]], 'labels': ['shelf', 'human face']}}"
0011,"{'<DENSE_REGION_CAPTION>': {'bboxes': [[0.1120000034570694, 24.304000854492188, 45.58399963378906, 159.37600708007812], [117.26399993896484, 194.76800537109375, 159.15200805664062, 223.66400146484375], [34.15999984741211, 206.63999938964844, 76.04800415039062, 223.66400146484375], [162.9600067138672, 200.36801147460938, 188.94400024414062, 223.66400146484375], [114.57600402832031, 66.19200134277344, 130.92800903320312, 102.9280014038086]], 'labels': ['cabinetry', 'chair', 'chair', 'chair', 'human face']}}"
0012,"{'<DENSE_REGION_CAPTION>': {'bboxes': [[115.47200012207031, 185.36000061035156, 159.15200805664062, 223.66400146484375], [32.36800003051758, 196.5600128173828, 77.16799926757812, 223.66400146484375], [162.0640106201172, 188.27200317382812, 190.5120086669922, 223.66400146484375], [103.82400512695312, 52.97600173950195, 120.1760025024414, 89.71200561523438]], 'labels': ['chair', 'chair', 'chair', 'human face']}}"
0013,"{'<DENSE_REGION_CAPTION>': {'bboxes': [[0.1120000034570694, 0.1120000034570694, 223.66400146484375, 223.66400146484375], [116.36800384521484, 183.34400939941406, 159.82400512695312, 223.66400146484375], [32.36800003051758, 194.99200439453125, 78.73600006103516, 223.66400146484375], [162.9600067138672, 185.80799865722656, 192.97601318359375, 223.66400146484375], [106.06400299072266, 50.512001037597656, 122.41600036621094, 87.47200012207031]], 'labels': ['cabinetry', 'chair', 'chair', 'chair', 'human face']}}"
0014,"{'<DENSE_REGION_CAPTION>': {'bboxes': [[116.59200286865234, 194.76800537109375, 160.04800415039062, 223.66400146484375], [33.040000915527344, 205.74400329589844, 76.94400024414062, 223.66400146484375], [162.7360076904297, 196.7840118408203, 191.1840057373047, 223.66400146484375], [109.64800262451172, 65.74400329589844, 125.3280029296875, 102.0320053100586]], 'labels': ['chair', 'chair', 'chair', 'human face']}}"
0015,"{'<DENSE_REGION_CAPTION>': {'bboxes': [[59.47200012207031, 168.33599853515625, 98.0, 223.66400146484375], [114.57600402832031, 145.71200561523438, 128.24000549316406, 189.6160125732422], [196.33599853515625, 80.52799987792969, 214.70401000976562, 117.26399993896484], [111.21600341796875, 80.97600555419922, 127.34400177001953, 117.71200561523438]], 'labels': ['book', 'bottle', 'human face', 'human face']}}"
0016,"{'<DENSE_REGION_CAPTION>': {'bboxes': [[54.544002532958984, 77.84000396728516, 140.55999755859375, 223.66400146484375], [151.5360107421875, 62.384002685546875, 192.97601318359375, 185.58399963378906], [0.1120000034570694, 157.58399963378906, 44.6879997253418, 223.66400146484375], [100.01600646972656, 67.53600311279297, 131.60000610351562, 152.656005859375]], 'labels': ['person', 'woman', 'woman', 'woman']}}"
0017,"{'<DENSE_REGION_CAPTION>': {'bboxes': [[0.1120000034570694, 37.52000045776367, 46.47999954223633, 164.5279998779297], [186.92800903320312, 87.92000579833984, 209.10400390625, 130.92800903320312], [111.44000244140625, 75.82400512695312, 127.56800079345703, 114.12800598144531]], 'labels': ['cabinetry', 'human face', 'human face']}}"
0018,"{'<DENSE_REGION_CAPTION>': {'bboxes': [[0.1120000034570694, 37.29600143432617, 46.928001403808594, 164.0800018310547], [140.7840118408203, 79.40800476074219, 196.33599853515625, 223.66400146484375], [105.39200592041016, 75.82400512695312, 152.4320068359375, 223.66400146484375], [52.30400085449219, 120.6240005493164, 103.1520004272461, 223.66400146484375], [0.1120000034570694, 154.447998046875, 42.895999908447266, 223.66400146484375]], 'labels': ['shelf', 'woman', 'woman', 'woman', 'woman']}}"
0019,"{'<DENSE_REGION_CAPTION>': {'bboxes': [[110.31999969482422, 76.27200317382812, 126.89600372314453, 113.45600128173828]], 'labels': ['human face']}}"
0020,"{'<DENSE_REGION_CAPTION>': {'bboxes': [[167.88800048828125, 72.91200256347656, 221.64801025390625, 223.66400146484375], [108.97600555419922, 87.92000579833984, 159.82400512695312, 223.66400146484375], [49.84000015258789, 120.1760025024414, 86.35200500488281, 223.66400146484375], [0.1120000034570694, 174.60800170898438, 33.71200180053711, 223.66400146484375]], 'labels': ['person', 'person', 'person', 'person']}}"
0021,"{'<DENSE_REGION_CAPTION>': {'bboxes': [[75.1520004272461, 105.84000396728516, 99.12000274658203, 158.92800903320312], [111.66400146484375, 80.52799987792969, 127.79200744628906, 117.26399993896484]], 'labels': ['human face', 'human face']}}"
0022,"{'<DENSE_REGION_CAPTION>': {'bboxes': [[0.1120000034570694, 0.1120000034570694, 223.66400146484375, 223.66400146484375], [152.4320068359375, 65.0719985961914, 205.07200622558594, 223.66400146484375], [82.76800537109375, 88.14400482177734, 141.0080108642578, 223.66400146484375], [106.51200103759766, 67.08800506591797, 152.4320068359375, 209.3280029296875], [51.40800094604492, 121.29600524902344, 93.29600524902344, 223.66400146484375]], 'labels': ['person', 'woman', 'man', 'woman', 'woman']}}"
0023,"{'<DENSE_REGION_CAPTION>': {'bboxes': [[68.20800018310547, 95.98400115966797, 141.2320098876953, 223.66400146484375], [105.39200592041016, 67.31200408935547, 153.7760009765625, 209.7760009765625], [105.39200592041016, 67.31200408935547, 131.15200805664062, 145.04000854492188]], 'labels': ['man', 'woman', 'woman']}}"
0024,"{'<DENSE_REGION_CAPTION>': {'bboxes': [[68.20800018310547, 94.63999938964844, 134.9600067138672, 223.66400146484375], [151.31201171875, 65.52000427246094, 202.38400268554688, 223.66400146484375], [121.74400329589844, 132.04800415039062, 157.58399963378906, 210.2239990234375], [105.39200592041016, 67.31200408935547, 130.03199768066406, 149.52000427246094], [0.1120000034570694, 158.92800903320312, 13.776000022888184, 223.66400146484375]], 'labels': ['person', 'person', 'person', 'person', 'person']}}"
0025,"{'<DENSE_REGION_CAPTION>': {'bboxes': [[64.8479995727539, 102.0320053100586, 135.1840057373047, 223.66400146484375], [154.67201232910156, 63.952003479003906, 205.29600524902344, 223.66400146484375], [0.1120000034570694, 142.1280059814453, 41.552001953125, 223.66400146484375], [104.94400024414062, 67.53600311279297, 130.70401000976562, 151.5360107421875]], 'labels': ['person', 'woman', 'woman', 'woman']}}"
0026,"{'<DENSE_REGION_CAPTION>': {'bboxes': [[157.13600158691406, 65.0719985961914, 214.70401000976562, 223.66400146484375], [65.52000427246094, 103.1520004272461, 128.91200256347656, 223.66400146484375], [0.1120000034570694, 139.44000244140625, 47.82400131225586, 223.66400146484375], [126.00000762939453, 132.94400024414062, 161.39199829101562, 211.34400939941406], [105.84000396728516, 67.08800506591797, 130.48001098632812, 148.62400817871094], [71.34400177001953, 171.4720001220703, 94.41600036621094, 223.66400146484375], [126.44800567626953, 207.760009765625, 158.92800903320312, 223.66400146484375]], 'labels': ['person', 'person', 'person', 'person', 'person', 'person', 'chair']}}"
0027,"{'<DENSE_REGION_CAPTION>': {'bboxes': [[0.1120000034570694, 38.41600036621094, 46.928001403808594, 166.54400634765625], [73.80799865722656, 140.11199951171875, 99.12000274658203, 180.4320068359375], [74.7040023803711, 148.17601013183594, 101.36000061035156, 180.2080078125], [112.11200714111328, 82.31999969482422, 128.01600646972656, 119.0560073852539]], 'labels': ['cabinetry', 'human face', 'human face', 'human face']}}"
0028,"{'<DENSE_REGION_CAPTION>': {'bboxes': [[158.03199768066406, 63.72800064086914, 215.37600708007812, 223.66400146484375], [0.1120000034570694, 139.44000244140625, 45.80800247192383, 223.66400146484375], [124.8800048828125, 133.16799926757812, 163.6320037841797, 211.34400939941406], [104.04800415039062, 67.31200408935547, 134.2880096435547, 151.9840087890625], [74.4800033569336, 152.656005859375, 102.9280014038086, 182.0], [112.11200714111328, 81.87200164794922, 128.01600646972656, 118.16000366210938]], 'labels': ['person', 'woman', 'woman', 'woman', 'human face', 'human face']}}"
0029,"{'<DENSE_REGION_CAPTION>': {'bboxes': [[67.31200408935547, 101.13600158691406, 136.3040008544922, 223.66400146484375], [103.1520004272461, 65.29600524902344, 131.15200805664062, 149.52000427246094]], 'labels': ['person', 'woman']}}"
0030,"{'<DENSE_REGION_CAPTION>': {'bboxes': [[0.1120000034570694, 0.1120000034570694, 223.66400146484375, 223.66400146484375], [85.90399932861328, 142.3520050048828, 113.00800323486328, 175.72801208496094], [108.52799987792969, 77.16799926757812, 124.4320068359375, 113.00800323486328]], 'labels': ['cabinetry', 'human face', 'human face']}}"
0031,"{'<DENSE_REGION_CAPTION>': {'bboxes': [[0.1120000034570694, 37.52000045776367, 45.13600158691406, 186.92800903320312], [74.7040023803711, 141.9040069580078, 102.2560043334961, 178.19200134277344], [111.21600341796875, 80.08000183105469, 126.67200469970703, 116.36800384521484]], 'labels': ['cabinetry', 'human face', 'human face']}}"
0032,"{'<DENSE_REGION_CAPTION>': {'bboxes': [[152.2080078125, 64.8479995727539, 212.68800354003906, 223.66400146484375], [90.60800170898438, 94.19200134277344, 149.29600524902344, 223.66400146484375], [70.2239990234375, 129.80799865722656, 111.88800048828125, 223.66400146484375], [146.60800170898438, 59.47200012207031, 168.11199951171875, 93.29600524902344]], 'labels': ['person', 'person', 'person', 'picnic basket']}}"
0033,"{'<DENSE_REGION_CAPTION>': {'bboxes': [[81.64800262451172, 148.40000915527344, 108.75200653076172, 177.52000427246094], [111.21600341796875, 77.16799926757812, 126.89600372314453, 114.57600402832031]], 'labels': ['human face', 'human face']}}"
0034,"{'<DENSE_REGION_CAPTION>': {'bboxes': [[0.1120000034570694, 37.29600143432617, 45.58399963378906, 186.25601196289062], [88.81600189208984, 140.55999755859375, 117.71200561523438, 177.29600524902344], [110.99200439453125, 77.84000396728516, 126.22400665283203, 112.78400421142578]], 'labels': ['shelf', 'human face', 'human face']}}"
0035,"{'<DENSE_REGION_CAPTION>': {'bboxes': [[0.1120000034570694, 37.07200241088867, 46.03200149536133, 186.25601196289062], [55.44000244140625, 147.05599975585938, 84.33600616455078, 190.7360076904297], [111.21600341796875, 81.20000457763672, 126.89600372314453, 116.81600189208984]], 'labels': ['shelf', 'human face', 'human face']}}"
0036,"{'<DENSE_REGION_CAPTION>': {'bboxes': [[0.1120000034570694, 37.29600143432617, 46.25600051879883, 186.25601196289062], [111.44000244140625, 79.63200378417969, 127.56800079345703, 115.92000579833984]], 'labels': ['shelf', 'human face']}}"
0037,"{'<DENSE_REGION_CAPTION>': {'bboxes': [[0.1120000034570694, 37.52000045776367, 45.58399963378906, 186.25601196289062], [85.90399932861328, 145.93600463867188, 113.45600128173828, 176.40000915527344], [111.21600341796875, 75.1520004272461, 127.12000274658203, 110.31999969482422], [206.63999938964844, 81.87200164794922, 221.42401123046875, 107.63200378417969]], 'labels': ['cabinetry', 'human face', 'human face', 'human face']}}"
0038,"{'<DENSE_REGION_CAPTION>': {'bboxes': [[102.0320053100586, 29.45600128173828, 223.66400146484375, 183.12001037597656], [0.1120000034570694, 37.52000045776367, 45.58399963378906, 186.25601196289062], [59.02400207519531, 149.07200622558594, 87.02400207519531, 185.36000061035156], [105.61600494384766, 75.60000610351562, 121.52000427246094, 110.09600067138672], [177.74400329589844, 65.52000427246094, 194.99200439453125, 93.07200622558594], [206.19200134277344, 87.47200012207031, 221.42401123046875, 106.73600006103516]], 'labels': ['cabinetry', 'cabinetry', 'human face', 'human face', 'human face', 'human face']}}"
0039,"{'<DENSE_REGION_CAPTION>': {'bboxes': [[182.0, 74.7040023803711, 202.83200073242188, 111.66400146484375], [92.1760025024414, 73.13600158691406, 108.75200653076172, 102.2560043334961]], 'labels': ['human face', 'human face']}}"
0040,"{'<DENSE_REGION_CAPTION>': {'bboxes': [[54.320003509521484, 106.06400299072266, 128.46400451660156, 223.66400146484375], [183.56800842285156, 63.28000259399414, 223.66400146484375, 223.66400146484375], [84.33600616455078, 59.69600296020508, 126.67200469970703, 159.82400512695312], [199.92001342773438, 81.64800262451172, 218.9600067138672, 119.7280044555664], [99.12000274658203, 75.82400512695312, 113.90400695800781, 107.63200378417969], [179.31201171875, 84.11199951171875, 193.20001220703125, 111.44000244140625]], 'labels': ['woman', 'woman', 'woman', 'human face', 'human face', 'human face']}}"
0041,"{'<DENSE_REGION_CAPTION>': {'bboxes': [[173.26400756835938, 93.07200622558594, 196.5600128173828, 139.44000244140625], [107.40800476074219, 79.85600280761719, 122.86400604248047, 115.92000579833984]], 'labels': ['human face', 'human face']}}"
0042,"{'<DENSE_REGION_CAPTION>': {'bboxes': [[92.8479995727539, 64.8479995727539, 157.36000061035156, 210.2239990234375], [168.5600128173828, 76.72000122070312, 223.66400146484375, 223.66400146484375], [92.6240005493164, 64.8479995727539, 135.8560028076172, 145.48800659179688], [82.31999969482422, 160.49600219726562, 109.20000457763672, 186.03201293945312], [100.24000549316406, 80.30400085449219, 117.04000091552734, 114.35200500488281]], 'labels': ['woman', 'person', 'woman', 'human face', 'human face']}}"
0043,"{'<DENSE_REGION_CAPTION>': {'bboxes': [[59.69600296020508, 103.1520004272461, 134.9600067138672, 223.66400146484375], [154.89601135253906, 64.1760025024414, 214.25601196289062, 193.42401123046875], [84.33600616455078, 61.26400375366211, 127.12000274658203, 156.24000549316406], [77.84000396728516, 156.91200256347656, 105.16800689697266, 183.34400939941406], [90.16000366210938, 79.40800476074219, 106.73600006103516, 110.76800537109375], [171.6959991455078, 87.24800109863281, 188.49600219726562, 114.80000305175781]], 'labels': ['person', 'woman', 'woman', 'human face', 'human face', 'human face']}}"
0044,"{'<DENSE_REGION_CAPTION>': {'bboxes': [[56.112003326416016, 93.74400329589844, 123.31200408935547, 223.66400146484375], [152.4320068359375, 65.74400329589844, 214.03201293945312, 193.20001220703125], [79.63200378417969, 59.92000198364258, 121.52000427246094, 168.11199951171875], [118.16000366210938, 136.5279998779297, 150.63999938964844, 213.36000061035156], [0.1120000034570694, 157.36000061035156, 8.624000549316406, 188.49600219726562]], 'labels': ['person', 'person', 'person', 'person', 'person']}}"
0045,"{'<DENSE_REGION_CAPTION>': {'bboxes': [[119.5040054321289, 207.31201171875, 158.70401000976562, 223.66400146484375], [162.5120086669922, 209.10400390625, 188.27200317382812, 223.66400146484375], [90.16000366210938, 76.94400024414062, 106.06400299072266, 111.44000244140625], [173.93600463867188, 80.97600555419922, 188.04800415039062, 112.78400421142578]], 'labels': ['chair', 'chair', 'human face', 'human face']}}"
0046,"{'<DENSE_REGION_CAPTION>': {'bboxes': [[55.21600341796875, 91.05599975585938, 122.41600036621094, 223.66400146484375], [160.49600219726562, 66.19200134277344, 213.80801391601562, 223.66400146484375], [85.00800323486328, 61.26400375366211, 121.29600524902344, 156.46400451660156], [113.68000030517578, 137.42401123046875, 151.08799743652344, 215.15200805664062], [119.0560073852539, 207.31201171875, 158.48001098632812, 223.66400146484375], [163.1840057373047, 209.3280029296875, 188.49600219726562, 223.66400146484375]], 'labels': ['person', 'person', 'person', 'person', 'chair', 'chair']}}"
0047,"{'<DENSE_REGION_CAPTION>': {'bboxes': [[56.112003326416016, 88.81600189208984, 125.552001953125, 223.66400146484375], [165.42401123046875, 66.19200134277344, 214.25601196289062, 192.97601318359375], [90.83200073242188, 62.832000732421875, 125.552001953125, 145.93600463867188], [66.19200134277344, 136.5279998779297, 93.07200622558594, 168.33599853515625], [97.10400390625, 82.99200439453125, 112.78400421142578, 115.47200012207031], [172.14401245117188, 80.97600555419922, 186.48001098632812, 111.88800048828125]], 'labels': ['person', 'woman', 'woman', 'human face', 'human face', 'human face']}}"
0048,"{'<DENSE_REGION_CAPTION>': {'bboxes': [[170.3520050048828, 117.04000091552734, 199.6959991455078, 172.59201049804688], [147.95201110839844, 59.69600296020508, 169.2320098876953, 93.29600524902344], [131.37600708007812, 207.5360107421875, 158.92800903320312, 223.66400146484375], [163.4080047607422, 209.10400390625, 187.60000610351562, 223.66400146484375], [40.432003021240234, 177.29600524902344, 50.512001037597656, 200.81600952148438]], 'labels': ['book', 'box', 'chair', 'chair', 'coffee cup']}}"
0049,"{'<DENSE_REGION_CAPTION>': {'bboxes': [[59.02400207519531, 102.2560043334961, 139.88800048828125, 223.66400146484375], [68.43199920654297, 59.24800109863281, 126.22400665283203, 223.66400146484375], [158.48001098632812, 66.63999938964844, 197.0080108642578, 191.6320037841797]], 'labels': ['person', 'woman', 'woman']}}"
0050,"{'<DENSE_REGION_CAPTION>': {'bboxes': [[174.60800170898438, 102.0320053100586, 200.81600952148438, 153.7760009765625], [122.19200134277344, 207.0880126953125, 158.92800903320312, 223.66400146484375], [163.4080047607422, 208.8800048828125, 188.49600219726562, 223.66400146484375], [71.12000274658203, 138.32000732421875, 99.34400177001953, 169.9040069580078], [98.22400665283203, 76.72000122070312, 113.90400695800781, 111.88800048828125], [169.9040069580078, 81.64800262451172, 185.58399963378906, 102.2560043334961]], 'labels': ['book', 'chair', 'chair', 'human face', 'human face', 'human face']}}"
0051,"{'<DENSE_REGION_CAPTION>': {'bboxes': [[174.60800170898438, 105.84000396728516, 199.4720001220703, 158.48001098632812], [90.60800170898438, 146.83200073242188, 118.38400268554688, 175.72801208496094], [98.0, 73.36000061035156, 113.45600128173828, 104.94400024414062], [174.16000366210938, 80.97600555419922, 189.16799926757812, 105.61600494384766]], 'labels': ['book', 'human face', 'human face', 'human face']}}"
0052,"{'<DENSE_REGION_CAPTION>': {'bboxes': [[0.1120000034570694, 0.1120000034570694, 223.66400146484375, 223.66400146484375], [88.81600189208984, 137.87200927734375, 115.47200012207031, 173.48800659179688], [99.12000274658203, 72.01599884033203, 115.24800109863281, 101.36000061035156], [196.11199951171875, 79.63200378417969, 210.89601135253906, 105.61600494384766]], 'labels': ['bookcase', 'human face', 'human face', 'human face']}}"
0053,"{'<DENSE_REGION_CAPTION>': {'bboxes': [[0.1120000034570694, 36.847999572753906, 46.03200149536133, 186.92800903320312], [80.08000183105469, 149.07200622558594, 110.99200439453125, 181.552001953125], [99.12000274658203, 74.2560043334961, 115.47200012207031, 110.09600067138672]], 'labels': ['shelf', 'human face', 'human face']}}"
0054,"{'<DENSE_REGION_CAPTION>': {'bboxes': [[0.1120000034570694, 38.41600036621094, 46.928001403808594, 173.71200561523438], [85.90399932861328, 137.1999969482422, 111.88800048828125, 176.17601013183594], [98.67200469970703, 76.94400024414062, 114.80000305175781, 98.0]], 'labels': ['shelf', 'human face', 'human face']}}"
0055,"{'<DENSE_REGION_CAPTION>': {'bboxes': [[0.1120000034570694, 37.07200241088867, 47.152000427246094, 186.92800903320312], [98.44800567626953, 76.72000122070312, 111.88800048828125, 103.82400512695312]], 'labels': ['shelf', 'human face']}}"
0056,"{'<DENSE_REGION_CAPTION>': {'bboxes': [[0.1120000034570694, 0.1120000034570694, 223.66400146484375, 223.66400146484375], [97.7760009765625, 76.27200317382812, 114.35200500488281, 111.88800048828125]], 'labels': ['shelf', 'human face']}}"
0057,"{'<DENSE_REGION_CAPTION>': {'bboxes': [[119.0560073852539, 206.41600036621094, 157.13600158691406, 223.66400146484375], [96.8800048828125, 75.3759994506836, 113.23200225830078, 111.66400146484375]], 'labels': ['chair', 'human face']}}"
0058,"{'<DENSE_REGION_CAPTION>': {'bboxes': [[119.5040054321289, 207.5360107421875, 158.70401000976562, 223.66400146484375], [99.12000274658203, 73.36000061035156, 115.47200012207031, 108.97600555419922]], 'labels': ['chair', 'human face']}}"
0059,"{'<DENSE_REGION_CAPTION>': {'bboxes': [[102.9280014038086, 28.560001373291016, 223.66400146484375, 184.24000549316406], [0.1120000034570694, 36.624000549316406, 46.47999954223633, 171.4720001220703], [82.76800537109375, 63.28000259399414, 136.9759979248047, 178.19200134277344], [57.68000030517578, 121.52000427246094, 103.3759994506836, 223.66400146484375], [105.84000396728516, 136.7519989013672, 149.29600524902344, 223.66400146484375], [196.11199951171875, 146.38400268554688, 223.66400146484375, 223.66400146484375]], 'labels': ['shelf', 'shelf', 'woman', 'woman', 'woman', 'woman']}}"
0060,"{'<DENSE_REGION_CAPTION>': {'bboxes': [[0.1120000034570694, 37.52000045776367, 46.704002380371094, 187.60000610351562], [83.21600341796875, 62.832000732421875, 137.87200927734375, 182.2239990234375], [182.67201232910156, 85.45600128173828, 223.66400146484375, 223.66400146484375], [58.57600021362305, 122.19200134277344, 103.1520004272461, 223.66400146484375], [106.51200103759766, 136.9759979248047, 149.07200622558594, 223.66400146484375], [0.1120000034570694, 157.36000061035156, 42.672000885009766, 220.3040008544922], [119.5040054321289, 207.760009765625, 158.48001098632812, 223.66400146484375], [163.6320037841797, 209.3280029296875, 186.70401000976562, 223.66400146484375], [35.72800064086914, 218.9600067138672, 72.68800354003906, 223.66400146484375]], 'labels': ['shelf', 'woman', 'person', 'person', 'person', 'person', 'chair', 'chair', 'chair']}}"
0061,"{'<DENSE_REGION_CAPTION>': {'bboxes': [[183.56800842285156, 130.48001098632812, 223.66400146484375, 223.66400146484375], [102.2560043334961, 73.80799865722656, 118.16000366210938, 109.87200164794922]], 'labels': ['fancy dress', 'human face']}}"
0062,"{'<DENSE_REGION_CAPTION>': {'bboxes': [[119.5040054321289, 207.5360107421875, 158.70401000976562, 223.66400146484375], [35.72800064086914, 218.9600067138672, 72.46400451660156, 223.66400146484375], [163.6320037841797, 212.01600646972656, 176.40000915527344, 223.66400146484375]], 'labels': ['chair', 'chair', 'chair']}}"
0063,"{'<DENSE_REGION_CAPTION>': {'bboxes': [[119.0560073852539, 205.07200622558594, 164.3040008544922, 223.66400146484375], [98.67200469970703, 73.80799865722656, 114.80000305175781, 109.20000457763672]], 'labels': ['chair', 'human face']}}"
0064,"{'<DENSE_REGION_CAPTION>': {'bboxes': [[20.496000289916992, 0.1120000034570694, 34.832000732421875, 38.19200134277344], [33.93600082397461, 0.1120000034570694, 44.6879997253418, 37.96800231933594], [3.248000144958496, 0.1120000034570694, 14.0, 39.0880012512207], [11.984000205993652, 0.1120000034570694, 21.392000198364258, 38.63999938964844], [0.1120000034570694, 0.1120000034570694, 5.263999938964844, 39.0880012512207], [138.54400634765625, 0.1120000034570694, 150.86399841308594, 15.568000793457031], [99.34400177001953, 75.3759994506836, 115.24800109863281, 110.09600067138672], [0.1120000034570694, 0.1120000034570694, 0.1120000034570694, 0.3360000252723694]], 'labels': ['bottle', 'bottle', 'bottle', 'bottle', 'bottle', 'bottle', 'human face', 'bottle cap']}}"
0065,"{'<DENSE_REGION_CAPTION>': {'bboxes': [[129.13600158691406, 66.19200134277344, 181.7760009765625, 223.66400146484375], [174.16000366210938, 62.384002685546875, 208.8800048828125, 223.66400146484375], [89.04000091552734, 62.832000732421875, 124.656005859375, 178.63999938964844], [93.29600524902344, 77.84000396728516, 109.87200164794922, 113.45600128173828]], 'labels': ['person', 'person', 'woman', 'human face']}}"
0066,"{'<DENSE_REGION_CAPTION>': {'bboxes': [[155.12001037597656, 115.47200012207031, 203.50401306152344, 223.66400146484375], [87.69599914550781, 68.656005859375, 128.24000549316406, 193.87200927734375], [59.24800109863281, 121.52000427246094, 104.04800415039062, 223.66400146484375], [92.1760025024414, 85.90399932861328, 108.75200653076172, 120.84800720214844]], 'labels': ['fancy dress', 'woman', 'woman', 'human face']}}"
0067,"{'<DENSE_REGION_CAPTION>': {'bboxes': [[119.2800064086914, 206.864013671875, 158.48001098632812, 223.66400146484375], [161.6160125732422, 209.10400390625, 182.2239990234375, 223.66400146484375], [35.50400161743164, 218.9600067138672, 72.24000549316406, 223.66400146484375]], 'labels': ['chair', 'chair', 'chair']}}"
0068,"{'<DENSE_REGION_CAPTION>': {'bboxes': [[179.31201171875, 168.5600128173828, 203.05599975585938, 218.5120086669922], [119.2800064086914, 206.63999938964844, 158.48001098632812, 223.66400146484375], [161.16799926757812, 207.760009765625, 185.36000061035156, 223.66400146484375], [35.50400161743164, 218.7360076904297, 72.68800354003906, 223.66400146484375]], 'labels': ['book', 'chair', 'chair', 'chair']}}"
0069,"{'<DENSE_REGION_CAPTION>': {'bboxes': [[107.63200378417969, 24.97599983215332, 223.66400146484375, 181.3280029296875], [0.1120000034570694, 32.36800003051758, 49.39200210571289, 166.54400634765625], [121.52000427246094, 203.05599975585938, 161.8400115966797, 223.66400146484375], [163.8560028076172, 206.19200134277344, 188.04800415039062, 223.66400146484375], [37.96800231933594, 214.48001098632812, 76.94400024414062, 223.66400146484375]], 'labels': ['cabinetry', 'cabinetry', 'chair', 'chair', 'chair']}}"
0070,"{'<DENSE_REGION_CAPTION>': {'bboxes': [[148.40000915527344, 202.38400268554688, 189.6160125732422, 223.66400146484375], [191.6320037841797, 202.60800170898438, 215.82400512695312, 223.66400146484375], [63.952003479003906, 212.24000549316406, 105.84000396728516, 223.66400146484375], [125.7760009765625, 75.3759994506836, 142.3520050048828, 110.99200439453125]], 'labels': ['chair', 'chair', 'chair', 'human face']}}"
0071,"{'<DENSE_REGION_CAPTION>': {'bboxes': [[154.0, 192.3040008544922, 196.7840118408203, 223.66400146484375], [70.44800567626953, 202.83200073242188, 114.57600402832031, 223.66400146484375], [196.33599853515625, 193.42401123046875, 222.76800537109375, 223.66400146484375], [0.1120000034570694, 212.24000549316406, 20.720001220703125, 223.66400146484375]], 'labels': ['chair', 'chair', 'chair', 'chair']}}"
0072,"{'<DENSE_REGION_CAPTION>': {'bboxes': [[0.1120000034570694, 0.1120000034570694, 82.76800537109375, 174.60800170898438], [140.7840118408203, 16.91200065612793, 223.66400146484375, 170.1280059814453], [45.13600158691406, 168.7840118408203, 218.9600067138672, 223.66400146484375], [132.04800415039062, 68.43199920654297, 148.84800720214844, 104.49600219726562]], 'labels': ['cabinetry', 'cabinetry', 'desk', 'human face']}}"
0073,"{'<DENSE_REGION_CAPTION>': {'bboxes': [[0.1120000034570694, 0.1120000034570694, 223.66400146484375, 223.66400146484375], [152.8800048828125, 193.20001220703125, 195.88800048828125, 223.66400146484375], [70.0, 203.95201110839844, 112.78400421142578, 223.66400146484375], [195.88800048828125, 195.44000244140625, 218.0640106201172, 223.66400146484375], [0.1120000034570694, 213.58399963378906, 19.82400131225586, 223.66400146484375]], 'labels': ['cabinetry', 'chair', 'chair', 'chair', 'chair']}}"
0074,"{'<DENSE_REGION_CAPTION>': {'bboxes': [[152.8800048828125, 193.20001220703125, 195.88800048828125, 223.66400146484375], [69.7760009765625, 203.95201110839844, 112.78400421142578, 223.66400146484375], [195.66400146484375, 195.66400146484375, 218.2880096435547, 223.66400146484375], [0.1120000034570694, 213.80801391601562, 19.82400131225586, 223.66400146484375]], 'labels': ['chair', 'chair', 'chair', 'chair']}}"
0075,"{'<DENSE_REGION_CAPTION>': {'bboxes': [[0.1120000034570694, 0.1120000034570694, 223.66400146484375, 223.66400146484375], [153.10400390625, 193.20001220703125, 196.11199951171875, 223.66400146484375], [69.7760009765625, 203.72801208496094, 113.00800323486328, 223.66400146484375], [0.1120000034570694, 213.58399963378906, 19.82400131225586, 223.66400146484375]], 'labels': ['bookcase', 'chair', 'chair', 'chair']}}"
0076,"{'<DENSE_REGION_CAPTION>': {'bboxes': [[0.1120000034570694, 0.1120000034570694, 223.66400146484375, 223.66400146484375], [0.1120000034570694, 22.736000061035156, 82.76800537109375, 173.04000854492188], [152.8800048828125, 192.97601318359375, 195.88800048828125, 223.66400146484375], [69.7760009765625, 203.50401306152344, 112.78400421142578, 223.66400146484375], [0.1120000034570694, 213.58399963378906, 19.82400131225586, 223.66400146484375]], 'labels': ['bookcase', 'cabinetry', 'chair', 'chair', 'chair']}}"
0077,"{'<DENSE_REGION_CAPTION>': {'bboxes': [[152.8800048828125, 192.0800018310547, 195.88800048828125, 223.66400146484375], [70.0, 203.05599975585938, 113.00800323486328, 223.66400146484375], [0.1120000034570694, 212.91200256347656, 21.392000198364258, 223.66400146484375]], 'labels': ['chair', 'chair', 'chair']}}"
0078,"{'<DENSE_REGION_CAPTION>': {'bboxes': [[152.4320068359375, 181.552001953125, 195.88800048828125, 223.66400146484375], [69.552001953125, 193.20001220703125, 115.24800109863281, 223.66400146484375], [0.1120000034570694, 203.27999877929688, 22.064001083374023, 223.66400146484375], [132.72000122070312, 58.35200119018555, 148.62400817871094, 91.2800064086914]], 'labels': ['chair', 'chair', 'chair', 'human face']}}"
0079,"{'<DENSE_REGION_CAPTION>': {'bboxes': [[152.8800048828125, 178.86399841308594, 196.33599853515625, 223.66400146484375], [69.3280029296875, 189.16799926757812, 115.69600677490234, 223.66400146484375], [0.1120000034570694, 154.447998046875, 20.944000244140625, 192.5279998779297], [0.1120000034570694, 199.6959991455078, 22.736000061035156, 223.66400146484375], [133.16799926757812, 51.40800094604492, 149.07200622558594, 85.90399932861328]], 'labels': ['chair', 'chair', 'chair', 'chair', 'human face']}}"
0080,"{'<DENSE_REGION_CAPTION>': {'bboxes': [[156.01600646972656, 182.67201232910156, 202.83200073242188, 223.66400146484375], [66.63999938964844, 192.97601318359375, 115.92000579833984, 223.66400146484375], [135.8560028076172, 43.12000274658203, 153.3280029296875, 83.66400146484375]], 'labels': ['chair', 'chair', 'human face']}}"
0081,"{'<DENSE_REGION_CAPTION>': {'bboxes': [[177.96800231933594, 42.895999908447266, 202.83200073242188, 92.6240005493164], [137.87200927734375, 34.608001708984375, 156.24000549316406, 76.27200317382812]], 'labels': ['human face', 'human face']}}"
0082,"{'<DENSE_REGION_CAPTION>': {'bboxes': [[159.60000610351562, 179.9840087890625, 209.10400390625, 223.66400146484375], [64.6240005493164, 192.5279998779297, 116.59200286865234, 223.66400146484375], [208.4320068359375, 185.36000061035156, 223.66400146484375, 223.66400146484375], [25.87200164794922, 61.040000915527344, 55.44000244140625, 117.93600463867188], [126.00000762939453, 36.176002502441406, 140.11199951171875, 78.51200103759766]], 'labels': ['chair', 'chair', 'chair', 'human face', 'human face']}}"
0083,"{'<DENSE_REGION_CAPTION>': {'bboxes': [[164.0800018310547, 186.25601196289062, 217.16799926757812, 223.66400146484375], [61.71200180053711, 199.6959991455078, 115.02400207519531, 223.66400146484375], [216.94400024414062, 195.44000244140625, 223.66400146484375, 223.66400146484375]], 'labels': ['chair', 'chair', 'chair']}}"
0084,"{'<DENSE_REGION_CAPTION>': {'bboxes': [[161.8400115966797, 183.12001037597656, 212.91200256347656, 223.66400146484375], [63.28000259399414, 195.66400146484375, 115.69600677490234, 223.66400146484375], [212.46400451660156, 189.16799926757812, 223.66400146484375, 223.66400146484375], [135.1840057373047, 37.29600143432617, 153.7760009765625, 78.51200103759766]], 'labels': ['chair', 'chair', 'chair', 'human face']}}"
0085,"{'<DENSE_REGION_CAPTION>': {'bboxes': [[160.49600219726562, 184.91200256347656, 211.56800842285156, 223.66400146484375], [61.93600082397461, 197.4560089111328, 113.90400695800781, 223.66400146484375], [210.89601135253906, 190.7360076904297, 223.66400146484375, 223.66400146484375], [133.61599731445312, 39.76000213623047, 152.4320068359375, 82.31999969482422]], 'labels': ['chair', 'chair', 'chair', 'human face']}}"
0086,"{'<DENSE_REGION_CAPTION>': {'bboxes': [[170.1280059814453, 185.80799865722656, 223.66400146484375, 223.66400146484375], [71.79199981689453, 197.9040069580078, 126.89600372314453, 223.66400146484375], [145.71200561523438, 39.3120002746582, 165.42401123046875, 79.18400573730469]], 'labels': ['chair', 'chair', 'human face']}}"
0087,"{'<DENSE_REGION_CAPTION>': {'bboxes': [[102.2560043334961, 196.7840118408203, 154.447998046875, 223.66400146484375], [200.81600952148438, 187.60000610351562, 223.66400146484375, 223.66400146484375], [13.776000022888184, 205.96800231933594, 44.2400016784668, 223.66400146484375], [177.29600524902344, 37.29600143432617, 196.11199951171875, 80.08000183105469]], 'labels': ['chair', 'chair', 'chair', 'human face']}}"
0088,"{'<DENSE_REGION_CAPTION>': {'bboxes': [[98.44800567626953, 194.99200439453125, 151.760009765625, 223.66400146484375], [196.7840118408203, 185.36000061035156, 223.66400146484375, 223.66400146484375], [9.744000434875488, 204.84800720214844, 41.7760009765625, 223.66400146484375], [173.48800659179688, 35.72800064086914, 192.3040008544922, 78.06400299072266]], 'labels': ['chair', 'chair', 'chair', 'human face']}}"
0089,"{'<DENSE_REGION_CAPTION>': {'bboxes': [[167.88800048828125, 181.7760009765625, 220.3040008544922, 223.66400146484375], [69.7760009765625, 194.99200439453125, 123.08800506591797, 223.66400146484375], [143.4720001220703, 35.28000259399414, 162.7360076904297, 76.27200317382812]], 'labels': ['chair', 'chair', 'human face']}}"
0090,"{'<DENSE_REGION_CAPTION>': {'bboxes': [[166.99200439453125, 181.552001953125, 218.9600067138672, 223.66400146484375], [68.8800048828125, 194.99200439453125, 121.96800231933594, 223.66400146484375], [144.59201049804688, 34.384002685546875, 163.4080047607422, 76.72000122070312]], 'labels': ['chair', 'chair', 'human face']}}"
0091,"{'<DENSE_REGION_CAPTION>': {'bboxes': [[4.368000030517578, 67.98400115966797, 70.2239990234375, 223.66400146484375], [98.22400665283203, 78.28800201416016, 151.5360107421875, 223.66400146484375], [135.4080047607422, 14.896000862121582, 184.01600646972656, 162.7360076904297], [155.34400939941406, 96.8800048828125, 205.52000427246094, 203.27999877929688], [201.26400756835938, 17.360000610351562, 223.66400146484375, 73.80799865722656]], 'labels': ['person', 'person', 'person', 'person', 'person']}}"
0092,"{'<DENSE_REGION_CAPTION>': {'bboxes': [[0.1120000034570694, 153.3280029296875, 223.66400146484375, 223.66400146484375], [146.83200073242188, 29.23200035095215, 165.64801025390625, 71.12000274658203], [98.0, 77.16799926757812, 151.08799743652344, 223.66400146484375], [0.1120000034570694, 97.10400390625, 54.992000579833984, 223.66400146484375], [128.24000549316406, 14.0, 184.01600646972656, 159.37600708007812], [154.67201232910156, 94.19200134277344, 205.07200622558594, 223.66400146484375]], 'labels': ['desk', 'human face', 'person', 'person', 'woman', 'woman']}}"
0093,"{'<DENSE_REGION_CAPTION>': {'bboxes': [[165.64801025390625, 176.40000915527344, 217.8400115966797, 223.66400146484375], [68.20800018310547, 190.2880096435547, 121.96800231933594, 223.66400146484375], [149.96800231933594, 23.18400001525879, 168.5600128173828, 66.63999938964844]], 'labels': ['chair', 'chair', 'human face']}}"
0094,"{'<DENSE_REGION_CAPTION>': {'bboxes': [[166.32000732421875, 172.81600952148438, 217.6160125732422, 223.66400146484375], [67.98400115966797, 185.80799865722656, 121.96800231933594, 223.66400146484375], [144.59201049804688, 20.720001220703125, 163.8560028076172, 64.6240005493164]], 'labels': ['chair', 'chair', 'human face']}}"
0095,"{'<DENSE_REGION_CAPTION>': {'bboxes': [[168.33599853515625, 165.64801025390625, 219.1840057373047, 223.66400146484375], [70.0, 178.63999938964844, 124.20800018310547, 223.66400146484375], [0.1120000034570694, 190.7360076904297, 18.032001495361328, 223.66400146484375], [149.96800231933594, 16.464000701904297, 169.4560089111328, 59.24800109863281]], 'labels': ['chair', 'chair', 'chair', 'human face']}}"
0096,"{'<DENSE_REGION_CAPTION>': {'bboxes': [[169.0080108642578, 176.62400817871094, 220.5279998779297, 223.66400146484375], [70.44800567626953, 189.8400115966797, 124.656005859375, 223.66400146484375], [0.1120000034570694, 201.71200561523438, 18.256000518798828, 223.66400146484375], [144.36801147460938, 24.079999923706055, 164.0800018310547, 67.08800506591797]], 'labels': ['chair', 'chair', 'chair', 'human face']}}"
0097,"{'<DENSE_REGION_CAPTION>': {'bboxes': [[169.4560089111328, 186.03201293945312, 220.3040008544922, 223.66400146484375], [71.34400177001953, 199.2480010986328, 122.41600036621094, 223.66400146484375], [0.1120000034570694, 211.56800842285156, 15.568000793457031, 223.66400146484375], [158.25601196289062, 40.432003021240234, 175.27999877929688, 82.99200439453125]], 'labels': ['chair', 'chair', 'chair', 'human face']}}"
0098,"{'<DENSE_REGION_CAPTION>': {'bboxes': [[170.1280059814453, 185.13600158691406, 221.42401123046875, 223.66400146484375], [71.79199981689453, 197.9040069580078, 123.53600311279297, 223.66400146484375], [0.1120000034570694, 209.7760009765625, 16.91200065612793, 223.66400146484375], [167.66400146484375, 40.20800018310547, 185.13600158691406, 80.97600555419922]], 'labels': ['chair', 'chair', 'chair', 'human face']}}"
0099,"{'<DENSE_REGION_CAPTION>': {'bboxes': [[136.3040008544922, 20.272001266479492, 196.11199951171875, 162.5120086669922], [90.16000366210938, 86.35200500488281, 153.552001953125, 223.66400146484375], [5.712000370025635, 98.0, 74.4800033569336, 223.66400146484375], [169.6800079345703, 185.58399963378906, 221.20001220703125, 223.66400146484375], [71.56800079345703, 197.9040069580078, 123.31200408935547, 223.66400146484375], [0.1120000034570694, 210.0, 16.687999725341797, 223.66400146484375]], 'labels': ['woman', 'person', 'person', 'chair', 'chair', 'chair']}}"
0100,"{'<DENSE_REGION_CAPTION>': {'bboxes': [[169.4560089111328, 185.58399963378906, 220.3040008544922, 223.66400146484375], [71.12000274658203, 197.9040069580078, 122.86400604248047, 223.66400146484375], [0.1120000034570694, 210.2239990234375, 15.568000793457031, 223.66400146484375]], 'labels': ['chair', 'chair', 'chair']}}"
0101,"{'<DENSE_REGION_CAPTION>': {'bboxes': [[144.36801147460938, 178.86399841308594, 195.66400146484375, 223.66400146484375], [45.80800247192383, 191.8560028076172, 98.89600372314453, 223.66400146484375], [195.21600341796875, 180.8800048828125, 223.66400146484375, 223.66400146484375], [147.27999877929688, 44.6879997253418, 164.9759979248047, 82.76800537109375]], 'labels': ['chair', 'chair', 'chair', 'human face']}}"
0102,"{'<DENSE_REGION_CAPTION>': {'bboxes': [[0.1120000034570694, 0.1120000034570694, 62.160003662109375, 141.0080108642578], [145.04000854492188, 183.79200744628906, 196.7840118408203, 223.66400146484375], [47.152000427246094, 197.2320098876953, 99.56800079345703, 223.66400146484375], [196.33599853515625, 185.58399963378906, 223.66400146484375, 223.66400146484375], [149.29600524902344, 47.82400131225586, 166.09600830078125, 88.36800384521484]], 'labels': ['cabinetry', 'chair', 'chair', 'chair', 'human face']}}"
0103,"{'<DENSE_REGION_CAPTION>': {'bboxes': [[148.62400817871094, 185.36000061035156, 199.6959991455078, 223.66400146484375], [50.288002014160156, 198.3520050048828, 101.8080062866211, 223.66400146484375], [199.4720001220703, 188.94400024414062, 223.66400146484375, 223.66400146484375], [152.8800048828125, 50.064002990722656, 168.5600128173828, 92.1760025024414]], 'labels': ['chair', 'chair', 'chair', 'human face']}}"
0104,"{'<DENSE_REGION_CAPTION>': {'bboxes': [[147.50399780273438, 183.79200744628906, 199.0240020751953, 223.66400146484375], [49.16800308227539, 196.7840118408203, 101.36000061035156, 223.66400146484375], [198.3520050048828, 186.25601196289062, 223.66400146484375, 223.66400146484375], [141.6800079345703, 47.37600326538086, 161.16799926757812, 90.38400268554688], [157.58399963378906, 58.80000305175781, 166.09600830078125, 78.28800201416016]], 'labels': ['chair', 'chair', 'chair', 'human face', 'mobile phone']}}"
0105,"{'<DENSE_REGION_CAPTION>': {'bboxes': [[148.40000915527344, 183.34400939941406, 200.14401245117188, 223.66400146484375], [50.064002990722656, 195.88800048828125, 102.7040023803711, 223.66400146484375], [199.4720001220703, 186.70401000976562, 223.66400146484375, 223.66400146484375], [146.83200073242188, 43.12000274658203, 165.64801025390625, 87.02400207519531]], 'labels': ['chair', 'chair', 'chair', 'human face']}}"
0106,"{'<DENSE_REGION_CAPTION>': {'bboxes': [[150.63999938964844, 183.79200744628906, 202.16000366210938, 223.66400146484375], [52.08000183105469, 196.11199951171875, 104.72000122070312, 223.66400146484375], [201.48800659179688, 187.60000610351562, 223.66400146484375, 223.66400146484375], [148.17601013183594, 35.72800064086914, 166.99200439453125, 79.85600280761719]], 'labels': ['chair', 'chair', 'chair', 'human face']}}"
0107,"{'<DENSE_REGION_CAPTION>': {'bboxes': [[158.03199768066406, 179.9840087890625, 208.8800048828125, 223.66400146484375], [59.24800109863281, 192.7519989013672, 112.56000518798828, 223.66400146484375], [208.8800048828125, 185.80799865722656, 223.66400146484375, 223.66400146484375], [149.96800231933594, 31.472000122070312, 169.0080108642578, 76.27200317382812]], 'labels': ['chair', 'chair', 'chair', 'human face']}}"
0108,"{'<DENSE_REGION_CAPTION>': {'bboxes': [[157.36000061035156, 182.67201232910156, 208.656005859375, 223.66400146484375], [59.02400207519531, 195.66400146484375, 112.11200714111328, 223.66400146484375], [208.4320068359375, 187.82400512695312, 223.66400146484375, 223.66400146484375], [161.39199829101562, 38.41600036621094, 179.31201171875, 81.87200164794922]], 'labels': ['chair', 'chair', 'chair', 'human face']}}"
0109,"{'<DENSE_REGION_CAPTION>': {'bboxes': [[157.13600158691406, 182.89601135253906, 208.4320068359375, 223.66400146484375], [58.80000305175781, 195.88800048828125, 110.99200439453125, 223.66400146484375], [207.9840087890625, 187.82400512695312, 223.66400146484375, 223.66400146484375]], 'labels': ['chair', 'chair', 'chair']}}"
0110,"{'<DENSE_REGION_CAPTION>': {'bboxes': [[156.91200256347656, 182.2239990234375, 208.8800048828125, 223.66400146484375], [58.80000305175781, 195.21600341796875, 111.88800048828125, 223.66400146484375], [208.4320068359375, 187.60000610351562, 223.66400146484375, 223.66400146484375]], 'labels': ['chair', 'chair', 'chair']}}"
0111,"{'<DENSE_REGION_CAPTION>': {'bboxes': [[157.36000061035156, 182.0, 208.8800048828125, 223.66400146484375], [59.24800109863281, 194.76800537109375, 112.11200714111328, 223.66400146484375], [208.4320068359375, 187.60000610351562, 223.66400146484375, 223.66400146484375]], 'labels': ['chair', 'chair', 'chair']}}"
0112,"{'<DENSE_REGION_CAPTION>': {'bboxes': [[157.36000061035156, 182.0, 208.4320068359375, 223.66400146484375], [58.80000305175781, 195.44000244140625, 111.66400146484375, 223.66400146484375], [208.2080078125, 187.15200805664062, 223.66400146484375, 223.66400146484375]], 'labels': ['chair', 'chair', 'chair']}}"
0113,"{'<DENSE_REGION_CAPTION>': {'bboxes': [[157.36000061035156, 182.0, 208.4320068359375, 223.66400146484375], [58.80000305175781, 195.66400146484375, 111.44000244140625, 223.66400146484375], [208.4320068359375, 187.15200805664062, 223.66400146484375, 223.66400146484375], [161.6160125732422, 48.720001220703125, 179.5360107421875, 92.1760025024414]], 'labels': ['chair', 'chair', 'chair', 'human face']}}"
0114,"{'<DENSE_REGION_CAPTION>': {'bboxes': [[157.36000061035156, 182.0, 208.656005859375, 223.66400146484375], [59.24800109863281, 195.66400146484375, 110.99200439453125, 223.66400146484375], [208.4320068359375, 187.15200805664062, 223.66400146484375, 223.66400146484375], [161.39199829101562, 50.064002990722656, 179.31201171875, 93.07200622558594]], 'labels': ['chair', 'chair', 'chair', 'human face']}}"
0115,"{'<DENSE_REGION_CAPTION>': {'bboxes': [[157.58399963378906, 182.0, 208.8800048828125, 223.66400146484375], [59.24800109863281, 195.66400146484375, 111.66400146484375, 223.66400146484375], [208.8800048828125, 187.60000610351562, 223.66400146484375, 223.66400146484375], [0.1120000034570694, 203.95201110839844, 15.792000770568848, 223.66400146484375], [39.0880012512207, 138.32000732421875, 52.52799987792969, 158.92800903320312], [33.040000915527344, 159.15200805664062, 46.928001403808594, 174.83200073242188]], 'labels': ['chair', 'chair', 'chair', 'chair', 'coffee cup', 'coffee cup']}}"
0116,"{'<DENSE_REGION_CAPTION>': {'bboxes': [[157.58399963378906, 182.2239990234375, 208.8800048828125, 223.66400146484375], [59.24800109863281, 195.88800048828125, 111.88800048828125, 223.66400146484375], [208.656005859375, 187.60000610351562, 223.66400146484375, 223.66400146484375], [0.1120000034570694, 200.81600952148438, 21.61600112915039, 223.66400146484375], [160.72000122070312, 45.80800247192383, 178.41600036621094, 89.26399993896484]], 'labels': ['chair', 'chair', 'chair', 'chair', 'human face']}}"
0117,"{'<DENSE_REGION_CAPTION>': {'bboxes': [[157.58399963378906, 182.0, 208.8800048828125, 223.66400146484375], [59.24800109863281, 194.99200439453125, 111.66400146484375, 223.66400146484375], [208.656005859375, 187.37600708007812, 223.66400146484375, 223.66400146484375], [0.1120000034570694, 200.14401245117188, 21.392000198364258, 223.66400146484375], [159.37600708007812, 46.25600051879883, 177.96800231933594, 90.83200073242188], [207.31201171875, 69.7760009765625, 223.66400146484375, 89.48799896240234]], 'labels': ['chair', 'chair', 'chair', 'chair', 'human face', 'human face']}}"
0118,"{'<DENSE_REGION_CAPTION>': {'bboxes': [[157.58399963378906, 182.0, 208.8800048828125, 223.66400146484375], [59.24800109863281, 194.76800537109375, 111.66400146484375, 223.66400146484375], [208.4320068359375, 187.15200805664062, 223.66400146484375, 223.66400146484375], [158.70401000976562, 47.37600326538086, 177.29600524902344, 90.83200073242188]], 'labels': ['chair', 'chair', 'chair', 'human face']}}"
0119,"{'<DENSE_REGION_CAPTION>': {'bboxes': [[157.58399963378906, 182.0, 208.8800048828125, 223.66400146484375], [59.24800109863281, 194.99200439453125, 111.66400146484375, 223.66400146484375], [208.656005859375, 187.37600708007812, 223.66400146484375, 223.66400146484375], [0.1120000034570694, 200.36801147460938, 22.064001083374023, 223.66400146484375], [32.592002868652344, 159.15200805664062, 46.704002380371094, 174.60800170898438]], 'labels': ['chair', 'chair', 'chair', 'chair', 'coffee cup']}}"
0120,"{'<DENSE_REGION_CAPTION>': {'bboxes': [[157.58399963378906, 182.0, 208.8800048828125, 223.66400146484375], [59.47200012207031, 194.99200439453125, 111.66400146484375, 223.66400146484375], [208.656005859375, 187.37600708007812, 223.66400146484375, 223.66400146484375], [0.1120000034570694, 202.38400268554688, 17.808000564575195, 223.66400146484375], [32.36800003051758, 159.15200805664062, 46.704002380371094, 174.60800170898438]], 'labels': ['chair', 'chair', 'chair', 'chair', 'coffee cup']}}"
0121,"{'<DENSE_REGION_CAPTION>': {'bboxes': [[157.58399963378906, 182.0, 208.656005859375, 223.66400146484375], [59.47200012207031, 194.99200439453125, 111.44000244140625, 223.66400146484375], [208.656005859375, 187.15200805664062, 223.66400146484375, 223.66400146484375], [0.1120000034570694, 202.83200073242188, 17.808000564575195, 223.66400146484375], [33.040000915527344, 158.92800903320312, 46.47999954223633, 174.16000366210938]], 'labels': ['chair', 'chair', 'chair', 'chair', 'coffee cup']}}"
0122,"{'<DENSE_REGION_CAPTION>': {'bboxes': [[156.91200256347656, 182.0, 208.8800048828125, 223.66400146484375], [58.80000305175781, 194.76800537109375, 111.88800048828125, 223.66400146484375], [208.2080078125, 187.15200805664062, 223.66400146484375, 223.66400146484375], [153.7760009765625, 45.58399963378906, 172.59201049804688, 89.71200561523438]], 'labels': ['chair', 'chair', 'chair', 'human face']}}"
0123,"{'<DENSE_REGION_CAPTION>': {'bboxes': [[157.36000061035156, 181.7760009765625, 208.4320068359375, 223.66400146484375], [59.02400207519531, 194.76800537109375, 111.66400146484375, 223.66400146484375], [208.2080078125, 186.92800903320312, 223.66400146484375, 223.66400146484375], [158.70401000976562, 45.80800247192383, 176.17601013183594, 88.81600189208984]], 'labels': ['chair', 'chair', 'chair', 'human face']}}"
0124,"{'<DENSE_REGION_CAPTION>': {'bboxes': [[157.36000061035156, 182.0, 208.4320068359375, 223.66400146484375], [59.24800109863281, 194.99200439453125, 111.21600341796875, 223.66400146484375], [208.2080078125, 186.92800903320312, 223.66400146484375, 223.66400146484375]], 'labels': ['chair', 'chair', 'chair']}}"
0125,"{'<DENSE_REGION_CAPTION>': {'bboxes': [[157.58399963378906, 182.0, 208.656005859375, 223.66400146484375], [59.24800109863281, 194.99200439453125, 111.66400146484375, 223.66400146484375], [0.1120000034570694, 194.54400634765625, 25.87200164794922, 223.66400146484375], [208.656005859375, 187.15200805664062, 223.66400146484375, 223.66400146484375], [33.040000915527344, 159.15200805664062, 45.80800247192383, 175.27999877929688]], 'labels': ['chair', 'chair', 'chair', 'chair', 'coffee cup']}}"
0126,"{'<DENSE_REGION_CAPTION>': {'bboxes': [[157.36000061035156, 182.0, 208.4320068359375, 223.66400146484375], [59.24800109863281, 195.21600341796875, 111.44000244140625, 223.66400146484375], [0.1120000034570694, 197.0080108642578, 24.079999923706055, 223.66400146484375], [208.4320068359375, 187.15200805664062, 223.66400146484375, 223.66400146484375], [33.263999938964844, 159.15200805664062, 46.03200149536133, 174.38400268554688]], 'labels': ['chair', 'chair', 'chair', 'chair', 'coffee cup']}}"
0127,"{'<DENSE_REGION_CAPTION>': {'bboxes': [[157.58399963378906, 181.7760009765625, 208.4320068359375, 223.66400146484375], [59.24800109863281, 194.99200439453125, 111.44000244140625, 223.66400146484375], [208.4320068359375, 186.92800903320312, 223.66400146484375, 223.66400146484375], [158.70401000976562, 44.91200256347656, 176.84800720214844, 87.47200012207031]], 'labels': ['chair', 'chair', 'chair', 'human face']}}"
0128,"{'<DENSE_REGION_CAPTION>': {'bboxes': [[157.13600158691406, 181.7760009765625, 208.4320068359375, 223.66400146484375], [58.80000305175781, 194.99200439453125, 111.21600341796875, 223.66400146484375], [208.2080078125, 186.92800903320312, 223.66400146484375, 223.66400146484375]], 'labels': ['chair', 'chair', 'chair']}}"
0129,"{'<DENSE_REGION_CAPTION>': {'bboxes': [[157.36000061035156, 182.0, 208.656005859375, 223.66400146484375], [58.80000305175781, 194.99200439453125, 111.21600341796875, 223.66400146484375], [208.2080078125, 186.92800903320312, 223.66400146484375, 223.66400146484375], [157.80799865722656, 45.80800247192383, 176.17601013183594, 88.81600189208984]], 'labels': ['chair', 'chair', 'chair', 'human face']}}"
0130,"{'<DENSE_REGION_CAPTION>': {'bboxes': [[157.36000061035156, 182.0, 208.4320068359375, 223.66400146484375], [58.80000305175781, 194.99200439453125, 110.99200439453125, 223.66400146484375], [208.2080078125, 187.15200805664062, 223.66400146484375, 223.66400146484375]], 'labels': ['chair', 'chair', 'chair']}}"
0131,"{'<DENSE_REGION_CAPTION>': {'bboxes': [[157.13600158691406, 181.7760009765625, 208.656005859375, 223.66400146484375], [58.80000305175781, 194.76800537109375, 111.88800048828125, 223.66400146484375], [208.2080078125, 186.92800903320312, 223.66400146484375, 223.66400146484375], [159.82400512695312, 44.4640007019043, 177.96800231933594, 89.71200561523438]], 'labels': ['chair', 'chair', 'chair', 'human face']}}"
0132,"{'<DENSE_REGION_CAPTION>': {'bboxes': [[157.13600158691406, 181.7760009765625, 208.8800048828125, 223.66400146484375], [58.80000305175781, 194.54400634765625, 112.11200714111328, 223.66400146484375], [208.2080078125, 186.70401000976562, 223.66400146484375, 223.66400146484375], [160.04800415039062, 47.152000427246094, 177.74400329589844, 90.83200073242188]], 'labels': ['chair', 'chair', 'chair', 'human face']}}"
0133,"{'<DENSE_REGION_CAPTION>': {'bboxes': [[157.58399963378906, 181.7760009765625, 208.4320068359375, 223.66400146484375], [59.24800109863281, 194.99200439453125, 111.88800048828125, 223.66400146484375], [208.8800048828125, 186.92800903320312, 223.66400146484375, 223.66400146484375], [160.27200317382812, 48.272003173828125, 177.96800231933594, 90.83200073242188]], 'labels': ['chair', 'chair', 'chair', 'human face']}}"
0134,"{'<DENSE_REGION_CAPTION>': {'bboxes': [[157.36000061035156, 181.552001953125, 208.4320068359375, 223.66400146484375], [58.80000305175781, 195.21600341796875, 111.88800048828125, 223.66400146484375], [208.4320068359375, 186.92800903320312, 223.66400146484375, 223.66400146484375], [161.16799926757812, 48.720001220703125, 178.41600036621094, 92.1760025024414]], 'labels': ['chair', 'chair', 'chair', 'human face']}}"
0135,"{'<DENSE_REGION_CAPTION>': {'bboxes': [[157.36000061035156, 181.7760009765625, 208.4320068359375, 223.66400146484375], [58.80000305175781, 195.21600341796875, 111.88800048828125, 223.66400146484375], [208.4320068359375, 186.92800903320312, 223.66400146484375, 223.66400146484375], [160.72000122070312, 48.720001220703125, 178.41600036621094, 93.07200622558594]], 'labels': ['chair', 'chair', 'chair', 'human face']}}"
0136,"{'<DENSE_REGION_CAPTION>': {'bboxes': [[157.13600158691406, 181.7760009765625, 208.656005859375, 223.66400146484375], [58.80000305175781, 195.21600341796875, 112.11200714111328, 223.66400146484375], [208.2080078125, 187.37600708007812, 223.66400146484375, 223.66400146484375], [156.24000549316406, 48.272003173828125, 174.60800170898438, 92.6240005493164]], 'labels': ['chair', 'chair', 'chair', 'human face']}}"
0137,"{'<DENSE_REGION_CAPTION>': {'bboxes': [[157.36000061035156, 181.3280029296875, 208.656005859375, 223.66400146484375], [59.02400207519531, 194.99200439453125, 112.11200714111328, 223.66400146484375], [208.4320068359375, 186.92800903320312, 223.66400146484375, 223.66400146484375], [155.79200744628906, 46.704002380371094, 174.16000366210938, 91.2800064086914]], 'labels': ['chair', 'chair', 'chair', 'human face']}}"
0138,"{'<DENSE_REGION_CAPTION>': {'bboxes': [[157.13600158691406, 181.7760009765625, 208.656005859375, 223.66400146484375], [58.80000305175781, 195.44000244140625, 111.88800048828125, 223.66400146484375], [208.2080078125, 187.37600708007812, 223.66400146484375, 223.66400146484375], [160.72000122070312, 47.82400131225586, 177.52000427246094, 90.83200073242188], [205.52000427246094, 68.43199920654297, 223.66400146484375, 89.04000091552734]], 'labels': ['chair', 'chair', 'chair', 'human face', 'human face']}}"
0139,"{'<DENSE_REGION_CAPTION>': {'bboxes': [[157.58399963378906, 181.7760009765625, 208.656005859375, 223.66400146484375], [59.24800109863281, 195.21600341796875, 112.11200714111328, 223.66400146484375], [208.656005859375, 187.60000610351562, 223.66400146484375, 223.66400146484375], [164.3040008544922, 37.07200241088867, 182.0, 80.75199890136719]], 'labels': ['chair', 'chair', 'chair', 'human face']}}"
0140,"{'<DENSE_REGION_CAPTION>': {'bboxes': [[0.1120000034570694, 0.1120000034570694, 74.0320053100586, 223.66400146484375], [145.93600463867188, 0.1120000034570694, 223.66400146484375, 163.6320037841797], [157.58399963378906, 181.552001953125, 208.656005859375, 223.66400146484375], [59.24800109863281, 195.44000244140625, 112.11200714111328, 223.66400146484375], [208.656005859375, 187.37600708007812, 223.66400146484375, 223.66400146484375], [168.7840118408203, 39.0880012512207, 186.03201293945312, 82.54400634765625]], 'labels': ['cabinetry', 'cabinetry', 'chair', 'chair', 'chair', 'human face']}}"
0141,"{'<DENSE_REGION_CAPTION>': {'bboxes': [[135.6320037841797, 21.168001174926758, 221.42401123046875, 167.21600341796875], [0.1120000034570694, 114.80000305175781, 67.53600311279297, 223.66400146484375], [157.36000061035156, 181.552001953125, 208.656005859375, 223.66400146484375], [58.80000305175781, 194.99200439453125, 111.88800048828125, 223.66400146484375], [208.2080078125, 186.92800903320312, 223.66400146484375, 223.66400146484375]], 'labels': ['apron', 'person', 'chair', 'chair', 'chair']}}"
0142,"{'<DENSE_REGION_CAPTION>': {'bboxes': [[157.58399963378906, 181.3280029296875, 208.656005859375, 223.66400146484375], [59.24800109863281, 194.99200439453125, 112.11200714111328, 223.66400146484375], [0.1120000034570694, 194.09600830078125, 25.87200164794922, 223.66400146484375], [208.656005859375, 186.92800903320312, 223.66400146484375, 223.66400146484375]], 'labels': ['chair', 'chair', 'chair', 'chair']}}"
0143,"{'<DENSE_REGION_CAPTION>': {'bboxes': [[157.36000061035156, 181.3280029296875, 208.656005859375, 223.66400146484375], [58.80000305175781, 194.99200439453125, 111.88800048828125, 223.66400146484375], [208.4320068359375, 186.92800903320312, 223.66400146484375, 223.66400146484375], [0.1120000034570694, 199.4720001220703, 21.392000198364258, 223.66400146484375], [160.94400024414062, 39.76000213623047, 178.86399841308594, 79.63200378417969]], 'labels': ['chair', 'chair', 'chair', 'chair', 'human face']}}"
0144,"{'<DENSE_REGION_CAPTION>': {'bboxes': [[157.36000061035156, 181.3280029296875, 208.656005859375, 223.66400146484375], [58.80000305175781, 194.76800537109375, 111.88800048828125, 223.66400146484375], [208.4320068359375, 186.70401000976562, 223.66400146484375, 223.66400146484375], [0.1120000034570694, 200.81600952148438, 20.496000289916992, 223.66400146484375]], 'labels': ['chair', 'chair', 'chair', 'chair']}}"
0145,"{'<DENSE_REGION_CAPTION>': {'bboxes': [[157.36000061035156, 181.552001953125, 208.8800048828125, 223.66400146484375], [58.80000305175781, 194.76800537109375, 112.33600616455078, 223.66400146484375], [0.1120000034570694, 195.66400146484375, 24.75200080871582, 223.66400146484375], [208.4320068359375, 186.70401000976562, 223.66400146484375, 223.66400146484375]], 'labels': ['chair', 'chair', 'chair', 'chair']}}"
0146,"{'<DENSE_REGION_CAPTION>': {'bboxes': [[157.13600158691406, 181.3280029296875, 208.8800048828125, 223.66400146484375], [58.80000305175781, 194.99200439453125, 112.33600616455078, 223.66400146484375], [0.1120000034570694, 197.9040069580078, 22.96000099182129, 223.66400146484375], [208.4320068359375, 186.70401000976562, 223.66400146484375, 223.66400146484375]], 'labels': ['chair', 'chair', 'chair', 'chair']}}"
0147,"{'<DENSE_REGION_CAPTION>': {'bboxes': [[117.93600463867188, 21.61600112915039, 192.97601318359375, 163.6320037841797], [150.41600036621094, 92.6240005493164, 220.5279998779297, 214.03201293945312], [76.49600219726562, 88.14400482177734, 139.88800048828125, 223.66400146484375], [0.1120000034570694, 116.36800384521484, 45.80800247192383, 223.66400146484375], [171.9199981689453, 41.3280029296875, 188.94400024414062, 82.31999969482422]], 'labels': ['woman', 'woman', 'woman', 'woman', 'human face']}}"
0148,"{'<DENSE_REGION_CAPTION>': {'bboxes': [[157.36000061035156, 181.3280029296875, 209.10400390625, 223.66400146484375], [59.24800109863281, 194.99200439453125, 112.11200714111328, 223.66400146484375], [208.656005859375, 186.70401000976562, 223.66400146484375, 223.66400146484375], [0.1120000034570694, 205.52000427246094, 12.432000160217285, 223.66400146484375]], 'labels': ['chair', 'chair', 'chair', 'chair']}}"
0149,"{'<DENSE_REGION_CAPTION>': {'bboxes': [[157.36000061035156, 181.552001953125, 209.3280029296875, 223.66400146484375], [61.26400375366211, 194.76800537109375, 112.11200714111328, 223.66400146484375], [208.8800048828125, 186.92800903320312, 223.66400146484375, 223.66400146484375], [162.7360076904297, 40.432003021240234, 180.4320068359375, 84.11199951171875]], 'labels': ['chair', 'chair', 'chair', 'human face']}}"
0150,"{'<DENSE_REGION_CAPTION>': {'bboxes': [[157.36000061035156, 181.552001953125, 209.10400390625, 223.66400146484375], [64.8479995727539, 194.54400634765625, 112.11200714111328, 223.66400146484375], [208.8800048828125, 186.70401000976562, 223.66400146484375, 223.66400146484375], [161.6160125732422, 41.3280029296875, 178.86399841308594, 86.57600402832031]], 'labels': ['chair', 'chair', 'chair', 'human face']}}"
0151,"{'<DENSE_REGION_CAPTION>': {'bboxes': [[157.36000061035156, 181.552001953125, 209.3280029296875, 223.66400146484375], [70.67200469970703, 194.76800537109375, 112.33600616455078, 223.66400146484375], [161.6160125732422, 41.552001953125, 179.31201171875, 86.57600402832031]], 'labels': ['chair', 'chair', 'human face']}}"
0152,"{'<DENSE_REGION_CAPTION>': {'bboxes': [[157.36000061035156, 181.552001953125, 209.3280029296875, 223.66400146484375], [70.0, 194.99200439453125, 112.56000518798828, 223.66400146484375], [162.2880096435547, 43.12000274658203, 179.760009765625, 86.12800598144531]], 'labels': ['chair', 'chair', 'human face']}}"
0153,"{'<DENSE_REGION_CAPTION>': {'bboxes': [[157.13600158691406, 181.552001953125, 209.3280029296875, 223.66400146484375], [65.52000427246094, 194.76800537109375, 112.56000518798828, 223.66400146484375], [160.72000122070312, 44.4640007019043, 179.0880126953125, 87.47200012207031]], 'labels': ['chair', 'chair', 'human face']}}"
0154,"{'<DENSE_REGION_CAPTION>': {'bboxes': [[156.91200256347656, 181.552001953125, 209.3280029296875, 223.66400146484375], [59.69600296020508, 194.76800537109375, 112.33600616455078, 223.66400146484375], [160.72000122070312, 43.12000274658203, 178.86399841308594, 86.57600402832031], [0.1120000034570694, 105.39200592041016, 69.3280029296875, 223.66400146484375], [151.31201171875, 97.3280029296875, 215.37600708007812, 219.4080047607422], [134.0640106201172, 26.32000160217285, 191.1840057373047, 165.20001220703125]], 'labels': ['chair', 'chair', 'human face', 'woman', 'woman', 'woman']}}"
0155,"{'<DENSE_REGION_CAPTION>': {'bboxes': [[156.91200256347656, 181.552001953125, 209.10400390625, 223.66400146484375], [60.36800003051758, 194.76800537109375, 112.33600616455078, 223.66400146484375], [159.82400512695312, 43.79199981689453, 178.19200134277344, 88.36800384521484]], 'labels': ['chair', 'chair', 'human face']}}"
0156,"{'<DENSE_REGION_CAPTION>': {'bboxes': [[157.36000061035156, 181.552001953125, 209.3280029296875, 223.66400146484375], [61.71200180053711, 194.54400634765625, 112.33600616455078, 223.66400146484375], [208.8800048828125, 186.70401000976562, 223.66400146484375, 223.66400146484375], [163.6320037841797, 44.2400016784668, 180.4320068359375, 85.45600128173828]], 'labels': ['chair', 'chair', 'chair', 'human face']}}"
0157,"{'<DENSE_REGION_CAPTION>': {'bboxes': [[156.91200256347656, 181.552001953125, 209.10400390625, 223.66400146484375], [161.6160125732422, 47.82400131225586, 178.41600036621094, 86.57600402832031], [2.128000020980835, 109.20000457763672, 77.16799926757812, 223.66400146484375], [151.760009765625, 98.89600372314453, 214.92800903320312, 217.16799926757812], [80.75199890136719, 89.71200561523438, 139.88800048828125, 223.66400146484375], [133.8400115966797, 26.54400062561035, 186.03201293945312, 164.7519989013672]], 'labels': ['chair', 'human face', 'woman', 'woman', 'woman', 'woman']}}"
0158,"{'<DENSE_REGION_CAPTION>': {'bboxes': [[157.36000061035156, 181.552001953125, 209.10400390625, 223.66400146484375], [66.41600036621094, 194.32000732421875, 112.33600616455078, 223.66400146484375], [159.82400512695312, 47.152000427246094, 177.07200622558594, 87.02400207519531]], 'labels': ['chair', 'chair', 'human face']}}"
0159,"{'<DENSE_REGION_CAPTION>': {'bboxes': [[156.91200256347656, 181.552001953125, 209.3280029296875, 223.66400146484375], [159.60000610351562, 47.152000427246094, 177.29600524902344, 87.47200012207031]], 'labels': ['chair', 'human face']}}"
0160,"{'<DENSE_REGION_CAPTION>': {'bboxes': [[157.13600158691406, 181.552001953125, 208.8800048828125, 223.66400146484375], [58.80000305175781, 194.76800537109375, 112.33600616455078, 223.66400146484375], [158.70401000976562, 48.720001220703125, 177.29600524902344, 93.07200622558594], [211.79200744628906, 69.7760009765625, 223.66400146484375, 87.92000579833984]], 'labels': ['chair', 'chair', 'human face', 'human face']}}"
0161,"{'<DENSE_REGION_CAPTION>': {'bboxes': [[157.36000061035156, 181.552001953125, 208.8800048828125, 223.66400146484375], [59.24800109863281, 194.76800537109375, 112.33600616455078, 223.66400146484375], [208.4320068359375, 186.48001098632812, 223.66400146484375, 223.66400146484375]], 'labels': ['chair', 'chair', 'chair']}}"
0162,"{'<DENSE_REGION_CAPTION>': {'bboxes': [[157.13600158691406, 181.552001953125, 208.8800048828125, 223.66400146484375], [58.80000305175781, 194.76800537109375, 112.11200714111328, 223.66400146484375], [208.2080078125, 186.48001098632812, 223.66400146484375, 223.66400146484375], [153.552001953125, 41.552001953125, 172.59201049804688, 87.92000579833984]], 'labels': ['chair', 'chair', 'chair', 'human face']}}"
0163,"{'<DENSE_REGION_CAPTION>': {'bboxes': [[156.91200256347656, 181.3280029296875, 208.8800048828125, 223.66400146484375], [58.80000305175781, 194.76800537109375, 112.33600616455078, 223.66400146484375], [208.2080078125, 186.25601196289062, 223.66400146484375, 223.66400146484375], [156.46400451660156, 44.4640007019043, 175.05599975585938, 88.81600189208984]], 'labels': ['chair', 'chair', 'chair', 'human face']}}"
0164,"{'<DENSE_REGION_CAPTION>': {'bboxes': [[157.36000061035156, 181.3280029296875, 208.8800048828125, 223.66400146484375], [59.24800109863281, 194.76800537109375, 112.11200714111328, 223.66400146484375], [208.8800048828125, 180.2080078125, 223.66400146484375, 223.66400146484375], [155.79200744628906, 44.6879997253418, 174.60800170898438, 89.71200561523438]], 'labels': ['chair', 'chair', 'chair', 'human face']}}"
0165,"{'<DENSE_REGION_CAPTION>': {'bboxes': [[157.36000061035156, 181.3280029296875, 209.10400390625, 223.66400146484375], [59.24800109863281, 194.76800537109375, 112.11200714111328, 223.66400146484375], [208.8800048828125, 186.70401000976562, 223.66400146484375, 223.66400146484375]], 'labels': ['chair', 'chair', 'chair']}}"
0166,"{'<DENSE_REGION_CAPTION>': {'bboxes': [[130.48001098632812, 25.200000762939453, 218.0640106201172, 165.64801025390625], [130.48001098632812, 25.200000762939453, 191.4080047607422, 164.0800018310547], [82.31999969482422, 90.83200073242188, 139.21600341796875, 223.66400146484375], [156.91200256347656, 181.3280029296875, 209.10400390625, 223.66400146484375], [58.80000305175781, 194.54400634765625, 112.11200714111328, 223.66400146484375], [208.656005859375, 186.48001098632812, 223.66400146484375, 223.66400146484375]], 'labels': ['woman', 'woman', 'person', 'chair', 'chair', 'chair']}}"
0167,"{'<DENSE_REGION_CAPTION>': {'bboxes': [[157.36000061035156, 181.3280029296875, 209.10400390625, 223.66400146484375], [59.24800109863281, 194.76800537109375, 112.11200714111328, 223.66400146484375], [208.8800048828125, 186.70401000976562, 223.66400146484375, 223.66400146484375], [156.24000549316406, 43.56800079345703, 174.60800170898438, 88.36800384521484]], 'labels': ['chair', 'chair', 'chair', 'human face']}}"
0168,"{'<DENSE_REGION_CAPTION>': {'bboxes': [[157.36000061035156, 181.3280029296875, 209.3280029296875, 223.66400146484375], [59.24800109863281, 194.76800537109375, 112.11200714111328, 223.66400146484375], [208.8800048828125, 186.48001098632812, 223.66400146484375, 223.66400146484375]], 'labels': ['chair', 'chair', 'chair']}}"
0169,"{'<DENSE_REGION_CAPTION>': {'bboxes': [[157.36000061035156, 181.3280029296875, 209.3280029296875, 223.66400146484375], [59.24800109863281, 194.76800537109375, 112.33600616455078, 223.66400146484375], [208.8800048828125, 186.48001098632812, 223.66400146484375, 223.66400146484375]], 'labels': ['chair', 'chair', 'chair']}}"
0170,"{'<DENSE_REGION_CAPTION>': {'bboxes': [[130.03199768066406, 28.784000396728516, 217.3920135498047, 165.20001220703125], [78.06400299072266, 85.45600128173828, 142.3520050048828, 223.66400146484375], [163.1840057373047, 93.07200622558594, 216.94400024414062, 223.66400146484375], [0.1120000034570694, 110.99200439453125, 42.448001861572266, 223.66400146484375], [154.0, 46.25600051879883, 173.04000854492188, 90.83200073242188]], 'labels': ['woman', 'woman', 'woman', 'woman', 'human face']}}"
0171,"{'<DENSE_REGION_CAPTION>': {'bboxes': [[157.58399963378906, 181.552001953125, 208.8800048828125, 223.66400146484375], [59.24800109863281, 194.76800537109375, 112.11200714111328, 223.66400146484375], [208.4320068359375, 186.48001098632812, 223.66400146484375, 223.66400146484375], [155.79200744628906, 44.6879997253418, 174.60800170898438, 90.16000366210938]], 'labels': ['chair', 'chair', 'chair', 'human face']}}"
0172,"{'<DENSE_REGION_CAPTION>': {'bboxes': [[157.36000061035156, 181.552001953125, 208.8800048828125, 223.66400146484375], [58.80000305175781, 194.76800537109375, 112.11200714111328, 223.66400146484375], [156.91200256347656, 45.13600158691406, 175.27999877929688, 89.71200561523438]], 'labels': ['chair', 'chair', 'human face']}}"
0173,"{'<DENSE_REGION_CAPTION>': {'bboxes': [[157.36000061035156, 181.10400390625, 208.4320068359375, 223.66400146484375], [58.80000305175781, 194.76800537109375, 112.11200714111328, 223.66400146484375], [208.4320068359375, 186.92800903320312, 223.66400146484375, 223.66400146484375], [156.24000549316406, 46.25600051879883, 174.16000366210938, 88.81600189208984]], 'labels': ['chair', 'chair', 'chair', 'human face']}}"
0174,"{'<DENSE_REGION_CAPTION>': {'bboxes': [[157.36000061035156, 181.552001953125, 208.656005859375, 223.66400146484375], [58.80000305175781, 194.76800537109375, 112.11200714111328, 223.66400146484375], [208.4320068359375, 186.92800903320312, 223.66400146484375, 223.66400146484375], [162.5120086669922, 44.0160026550293, 177.52000427246094, 84.33600616455078]], 'labels': ['chair', 'chair', 'chair', 'human face']}}"
0175,"{'<DENSE_REGION_CAPTION>': {'bboxes': [[157.36000061035156, 181.7760009765625, 208.8800048828125, 223.66400146484375], [59.24800109863281, 194.76800537109375, 112.11200714111328, 223.66400146484375], [208.656005859375, 186.92800903320312, 223.66400146484375, 223.66400146484375], [158.70401000976562, 34.608001708984375, 177.52000427246094, 79.63200378417969]], 'labels': ['chair', 'chair', 'chair', 'human face']}}"
0176,"{'<DENSE_REGION_CAPTION>': {'bboxes': [[157.36000061035156, 181.7760009765625, 208.8800048828125, 223.66400146484375], [59.02400207519531, 194.76800537109375, 111.88800048828125, 223.66400146484375], [208.4320068359375, 186.92800903320312, 223.66400146484375, 223.66400146484375]], 'labels': ['chair', 'chair', 'chair']}}"
0177,"{'<DENSE_REGION_CAPTION>': {'bboxes': [[157.58399963378906, 181.7760009765625, 208.656005859375, 223.66400146484375], [59.24800109863281, 194.76800537109375, 112.11200714111328, 223.66400146484375], [208.656005859375, 186.92800903320312, 223.66400146484375, 223.66400146484375]], 'labels': ['chair', 'chair', 'chair']}}"
0178,"{'<DENSE_REGION_CAPTION>': {'bboxes': [[34.15999984741211, 161.39199829101562, 223.66400146484375, 223.66400146484375], [154.89601135253906, 33.71200180053711, 173.71200561523438, 78.73600006103516]], 'labels': ['desk', 'human face']}}"
0179,"{'<DENSE_REGION_CAPTION>': {'bboxes': [[157.58399963378906, 181.7760009765625, 208.656005859375, 223.66400146484375], [59.24800109863281, 194.76800537109375, 112.11200714111328, 223.66400146484375], [208.656005859375, 186.92800903320312, 223.66400146484375, 223.66400146484375], [154.67201232910156, 33.263999938964844, 173.26400756835938, 78.51200103759766]], 'labels': ['chair', 'chair', 'chair', 'human face']}}"
0180,"{'<DENSE_REGION_CAPTION>': {'bboxes': [[157.36000061035156, 181.7760009765625, 208.656005859375, 223.66400146484375], [59.24800109863281, 194.76800537109375, 112.11200714111328, 223.66400146484375], [208.656005859375, 186.92800903320312, 223.66400146484375, 223.66400146484375]], 'labels': ['chair', 'chair', 'chair']}}"
0181,"{'<DENSE_REGION_CAPTION>': {'bboxes': [[156.01600646972656, 181.3280029296875, 206.864013671875, 223.66400146484375], [57.23200225830078, 194.54400634765625, 110.31999969482422, 223.66400146484375], [206.864013671875, 186.70401000976562, 223.66400146484375, 223.66400146484375], [0.1120000034570694, 116.36800384521484, 23.18400001525879, 160.04800415039062], [153.10400390625, 40.880001068115234, 171.2480010986328, 84.11199951171875]], 'labels': ['chair', 'chair', 'chair', 'human face', 'human face']}}"
0182,"{'<DENSE_REGION_CAPTION>': {'bboxes': [[144.36801147460938, 178.86399841308594, 197.0080108642578, 223.66400146484375], [46.03200149536133, 192.5279998779297, 100.68800354003906, 223.66400146484375], [196.5600128173828, 181.10400390625, 223.66400146484375, 223.66400146484375], [149.96800231933594, 44.6879997253418, 167.66400146484375, 88.36800384521484]], 'labels': ['chair', 'chair', 'chair', 'human face']}}"
0183,"{'<DENSE_REGION_CAPTION>': {'bboxes': [[9.968000411987305, 159.15200805664062, 217.3920135498047, 223.66400146484375], [144.36801147460938, 47.152000427246094, 162.0640106201172, 89.71200561523438]], 'labels': ['desk', 'human face']}}"
0184,"{'<DENSE_REGION_CAPTION>': {'bboxes': [[0.1120000034570694, 0.1120000034570694, 223.66400146484375, 223.66400146484375], [139.44000244140625, 179.31201171875, 190.2880096435547, 223.66400146484375], [40.656002044677734, 192.7519989013672, 93.96800231933594, 223.66400146484375], [190.5120086669922, 180.4320068359375, 220.97601318359375, 223.66400146484375], [145.04000854492188, 48.04800033569336, 162.9600067138672, 89.71200561523438]], 'labels': ['cabinetry', 'chair', 'chair', 'chair', 'human face']}}"
0185,"{'<DENSE_REGION_CAPTION>': {'bboxes': [[139.21600341796875, 179.5360107421875, 190.0640106201172, 223.66400146484375], [40.20800018310547, 192.97601318359375, 93.96800231933594, 223.66400146484375], [189.8400115966797, 181.10400390625, 221.20001220703125, 223.66400146484375], [143.9199981689453, 47.82400131225586, 161.39199829101562, 90.83200073242188]], 'labels': ['chair', 'chair', 'chair', 'human face']}}"
0186,"{'<DENSE_REGION_CAPTION>': {'bboxes': [[137.87200927734375, 179.5360107421875, 189.8400115966797, 223.66400146484375], [39.76000213623047, 192.97601318359375, 93.52000427246094, 223.66400146484375], [189.16799926757812, 181.10400390625, 220.5279998779297, 223.66400146484375], [145.93600463867188, 48.720001220703125, 162.9600067138672, 90.38400268554688]], 'labels': ['chair', 'chair', 'chair', 'human face']}}"
0187,"{'<DENSE_REGION_CAPTION>': {'bboxes': [[137.87200927734375, 177.96800231933594, 188.27200317382812, 223.66400146484375], [40.880001068115234, 191.1840057373047, 93.96800231933594, 223.66400146484375], [188.04800415039062, 179.9840087890625, 218.2880096435547, 223.66400146484375], [147.27999877929688, 48.272003173828125, 164.0800018310547, 90.38400268554688]], 'labels': ['chair', 'chair', 'chair', 'human face']}}"
0188,"{'<DENSE_REGION_CAPTION>': {'bboxes': [[135.8560028076172, 172.36801147460938, 182.0, 223.66400146484375], [47.152000427246094, 184.46400451660156, 96.656005859375, 223.66400146484375], [182.0, 174.16000366210938, 210.0, 223.66400146484375], [144.36801147460938, 51.40800094604492, 159.82400512695312, 85.00800323486328]], 'labels': ['chair', 'chair', 'chair', 'human face']}}"
0189,"{'<DENSE_REGION_CAPTION>': {'bboxes': [[134.9600067138672, 169.9040069580078, 179.9840087890625, 223.66400146484375], [49.39200210571289, 181.7760009765625, 97.552001953125, 223.66400146484375], [179.5360107421875, 171.9199981689453, 207.0880126953125, 223.66400146484375], [141.2320098876953, 60.592002868652344, 156.01600646972656, 92.8479995727539]], 'labels': ['chair', 'chair', 'chair', 'human face']}}"
0190,"{'<DENSE_REGION_CAPTION>': {'bboxes': [[58.57600021362305, 93.07200622558594, 121.96800231933594, 223.66400146484375], [178.41600036621094, 28.112001419067383, 223.66400146484375, 223.66400146484375], [115.24800109863281, 36.176002502441406, 171.0240020751953, 153.10400390625], [127.79200744628906, 92.8479995727539, 171.6959991455078, 223.66400146484375], [0.1120000034570694, 107.18400573730469, 36.400001525878906, 223.66400146484375]], 'labels': ['woman', 'person', 'woman', 'woman', 'woman']}}"
0191,"{'<DENSE_REGION_CAPTION>': {'bboxes': [[178.41600036621094, 34.384002685546875, 223.66400146484375, 223.66400146484375], [58.12800216674805, 93.07200622558594, 118.16000366210938, 223.66400146484375], [114.12800598144531, 34.384002685546875, 159.37600708007812, 153.10400390625], [126.89600372314453, 93.07200622558594, 171.4720001220703, 205.52000427246094], [137.42401123046875, 48.04800033569336, 151.9840087890625, 84.11199951171875]], 'labels': ['person', 'woman', 'woman', 'woman', 'human face']}}"
0192,"{'<DENSE_REGION_CAPTION>': {'bboxes': [[136.5279998779297, 167.88800048828125, 180.2080078125, 223.66400146484375], [54.09600067138672, 178.86399841308594, 100.68800354003906, 223.66400146484375], [179.31201171875, 169.2320098876953, 206.63999938964844, 223.66400146484375], [140.11199951171875, 44.6879997253418, 155.56800842285156, 82.76800537109375]], 'labels': ['chair', 'chair', 'chair', 'human face']}}"
0193,"{'<DENSE_REGION_CAPTION>': {'bboxes': [[137.42401123046875, 165.64801025390625, 180.8800048828125, 223.66400146484375], [55.21600341796875, 176.17601013183594, 101.36000061035156, 223.66400146484375], [180.4320068359375, 167.44000244140625, 206.864013671875, 223.66400146484375], [0.1120000034570694, 124.656005859375, 19.82400131225586, 166.99200439453125], [140.7840118408203, 44.4640007019043, 156.24000549316406, 81.64800262451172]], 'labels': ['chair', 'chair', 'chair', 'human face', 'human face']}}"
0194,"{'<DENSE_REGION_CAPTION>': {'bboxes': [[0.1120000034570694, 83.44000244140625, 64.4000015258789, 223.66400146484375], [62.160003662109375, 87.47200012207031, 122.86400604248047, 218.7360076904297], [181.552001953125, 28.112001419067383, 223.66400146484375, 223.66400146484375], [114.12800598144531, 28.560001373291016, 160.49600219726562, 148.17601013183594], [133.8400115966797, 41.104000091552734, 150.41600036621094, 77.84000396728516]], 'labels': ['person', 'woman', 'person', 'woman', 'human face']}}"
0195,"{'<DENSE_REGION_CAPTION>': {'bboxes': [[0.1120000034570694, 0.1120000034570694, 223.66400146484375, 223.66400146484375], [0.1120000034570694, 0.1120000034570694, 67.53600311279297, 128.91200256347656], [0.1120000034570694, 85.45600128173828, 61.48800277709961, 223.66400146484375], [59.24800109863281, 88.36800384521484, 120.1760025024414, 219.4080047607422], [179.31201171875, 26.54400062561035, 223.66400146484375, 223.66400146484375], [112.11200714111328, 28.560001373291016, 157.80799865722656, 148.40000915527344], [130.03199768066406, 89.71200561523438, 175.27999877929688, 199.4720001220703]], 'labels': ['cabinetry', 'cabinetry', 'person', 'woman', 'person', 'woman', 'woman']}}"
0196,"{'<DENSE_REGION_CAPTION>': {'bboxes': [[136.9759979248047, 163.6320037841797, 180.4320068359375, 223.66400146484375], [54.544002532958984, 174.60800170898438, 100.91200256347656, 223.66400146484375], [179.9840087890625, 164.7519989013672, 206.864013671875, 223.66400146484375], [0.1120000034570694, 127.12000274658203, 24.527999877929688, 166.09600830078125], [135.8560028076172, 43.56800079345703, 150.86399841308594, 79.63200378417969], [189.8400115966797, 56.560001373291016, 206.19200134277344, 77.16799926757812]], 'labels': ['chair', 'chair', 'chair', 'human face', 'human face', 'human face']}}"
0197,"{'<DENSE_REGION_CAPTION>': {'bboxes': [[137.42401123046875, 163.1840057373047, 181.3280029296875, 223.66400146484375], [180.656005859375, 165.20001220703125, 207.31201171875, 223.66400146484375], [0.1120000034570694, 183.79200744628906, 12.208000183105469, 223.66400146484375]], 'labels': ['chair', 'chair', 'chair']}}"
0198,"{'<DENSE_REGION_CAPTION>': {'bboxes': [[147.05599975585938, 162.7360076904297, 191.1840057373047, 223.66400146484375], [190.5120086669922, 164.7519989013672, 217.3920135498047, 223.66400146484375], [0.1120000034570694, 182.67201232910156, 22.512001037597656, 223.66400146484375], [147.72801208496094, 45.13600158691406, 162.0640106201172, 78.73600006103516]], 'labels': ['chair', 'chair', 'chair', 'human face']}}"
0199,"{'<DENSE_REGION_CAPTION>': {'bboxes': [[185.58399963378906, 13.776000022888184, 223.66400146484375, 223.66400146484375], [79.85600280761719, 78.73600006103516, 127.56800079345703, 211.56800842285156], [0.1120000034570694, 77.61600494384766, 44.6879997253418, 223.66400146484375], [115.24800109863281, 20.272001266479492, 164.0800018310547, 141.4560089111328], [136.5279998779297, 82.54400634765625, 182.2239990234375, 191.6320037841797], [141.6800079345703, 37.07200241088867, 156.91200256347656, 72.01599884033203], [202.38400268554688, 39.0880012512207, 219.6320037841797, 58.80000305175781]], 'labels': ['person', 'woman', 'woman', 'woman', 'woman', 'human face', 'human face']}}"
0200,"{'<DENSE_REGION_CAPTION>': {'bboxes': [[185.58399963378906, 9.072000503540039, 223.66400146484375, 223.66400146484375], [117.93600463867188, 17.360000610351562, 186.92800903320312, 138.32000732421875], [80.75199890136719, 75.82400512695312, 128.24000549316406, 208.656005859375], [0.1120000034570694, 67.31200408935547, 39.0880012512207, 212.01600646972656], [136.5279998779297, 78.06400299072266, 182.447998046875, 188.27200317382812], [141.2320098876953, 33.71200180053711, 156.24000549316406, 69.10400390625], [196.7840118408203, 35.055999755859375, 216.27200317382812, 59.69600296020508]], 'labels': ['person', 'woman', 'woman', 'woman', 'woman', 'human face', 'human face']}}"
0201,"{'<DENSE_REGION_CAPTION>': {'bboxes': [[179.31201171875, 12.432000160217285, 223.66400146484375, 223.66400146484375], [64.8479995727539, 79.40800476074219, 119.7280044555664, 212.01600646972656], [106.51200103759766, 20.272001266479492, 156.24000549316406, 141.9040069580078], [128.24000549316406, 81.20000457763672, 173.48800659179688, 190.7360076904297], [9.072000503540039, 145.26400756835938, 68.20800018310547, 223.66400146484375], [0.1120000034570694, 119.5040054321289, 25.87200164794922, 158.25601196289062], [132.49600219726562, 35.95199966430664, 147.72801208496094, 71.56800079345703], [191.1840057373047, 38.19200134277344, 207.9840087890625, 63.28000259399414]], 'labels': ['person', 'woman', 'woman', 'woman', 'woman', 'human face', 'human face', 'human face']}}"
0202,"{'<DENSE_REGION_CAPTION>': {'bboxes': [[180.4320068359375, 10.192000389099121, 223.66400146484375, 223.66400146484375], [69.3280029296875, 78.51200103759766, 124.20800018310547, 210.89601135253906], [132.04800415039062, 79.85600280761719, 179.9840087890625, 180.8800048828125], [13.32800006866455, 146.83200073242188, 67.53600311279297, 223.66400146484375], [0.1120000034570694, 100.91200256347656, 31.02400016784668, 177.07200622558594]], 'labels': ['person', 'woman', 'person', 'person', 'person']}}"
0203,"{'<DENSE_REGION_CAPTION>': {'bboxes': [[186.48001098632812, 11.088000297546387, 223.66400146484375, 223.66400146484375], [63.05600357055664, 78.73600006103516, 124.20800018310547, 211.12001037597656], [117.48800659179688, 19.82400131225586, 161.16799926757812, 140.11199951171875], [4.5920000076293945, 145.04000854492188, 61.93600082397461, 223.66400146484375], [137.42401123046875, 82.54400634765625, 180.656005859375, 184.01600646972656], [0.1120000034570694, 98.0, 31.02400016784668, 177.74400329589844], [138.76800537109375, 36.176002502441406, 154.67201232910156, 72.46400451660156], [198.5760040283203, 39.0880012512207, 214.03201293945312, 60.14400100708008]], 'labels': ['person', 'woman', 'woman', 'woman', 'woman', 'woman', 'human face', 'human face']}}"
0204,"{'<DENSE_REGION_CAPTION>': {'bboxes': [[62.608001708984375, 78.73600006103516, 124.4320068359375, 210.89601135253906], [186.70401000976562, 13.104000091552734, 223.66400146484375, 223.66400146484375], [115.24800109863281, 23.631999969482422, 161.8400115966797, 139.88800048828125], [7.728000164031982, 136.0800018310547, 68.656005859375, 223.66400146484375], [137.1999969482422, 83.66400146484375, 180.656005859375, 184.46400451660156], [0.1120000034570694, 94.19200134277344, 35.28000259399414, 179.31201171875], [139.21600341796875, 39.53600311279297, 154.67201232910156, 75.1520004272461], [195.66400146484375, 39.53600311279297, 211.12001037597656, 62.160003662109375]], 'labels': ['person', 'person', 'woman', 'woman', 'woman', 'woman', 'human face', 'human face']}}"
0205,"{'<DENSE_REGION_CAPTION>': {'bboxes': [[178.41600036621094, 16.91200065612793, 223.66400146484375, 223.66400146484375], [61.93600082397461, 79.18400573730469, 125.3280029296875, 210.89601135253906], [115.47200012207031, 22.064001083374023, 162.5120086669922, 139.88800048828125], [138.99200439453125, 37.29600143432617, 155.12001037597656, 73.58399963378906]], 'labels': ['person', 'woman', 'woman', 'human face']}}"
0206,"{'<DENSE_REGION_CAPTION>': {'bboxes': [[170.8000030517578, 34.384002685546875, 223.66400146484375, 223.66400146484375], [62.160003662109375, 79.18400573730469, 127.12000274658203, 210.89601135253906], [0.1120000034570694, 96.656005859375, 54.09600067138672, 223.66400146484375], [116.36800384521484, 20.720001220703125, 162.0640106201172, 139.44000244140625], [137.42401123046875, 83.88800048828125, 181.552001953125, 183.56800842285156], [139.21600341796875, 37.29600143432617, 154.2239990234375, 73.13600158691406]], 'labels': ['person', 'woman', 'woman', 'woman', 'woman', 'human face']}}"
0207,"{'<DENSE_REGION_CAPTION>': {'bboxes': [[172.59201049804688, 33.71200180053711, 223.66400146484375, 223.66400146484375], [56.784000396728516, 79.63200378417969, 127.12000274658203, 211.12001037597656], [117.04000091552734, 22.064001083374023, 161.16799926757812, 140.55999755859375], [0.1120000034570694, 105.61600494384766, 53.87200164794922, 171.2480010986328], [138.32000732421875, 38.63999938964844, 153.7760009765625, 74.7040023803711]], 'labels': ['person', 'woman', 'woman', 'woman', 'human face']}}"
0208,"{'<DENSE_REGION_CAPTION>': {'bboxes': [[172.59201049804688, 32.592002868652344, 223.66400146484375, 223.66400146484375], [63.72800064086914, 78.73600006103516, 127.56800079345703, 211.12001037597656], [0.1120000034570694, 93.07200622558594, 54.09600067138672, 223.66400146484375], [117.04000091552734, 22.288000106811523, 161.8400115966797, 138.99200439453125], [137.42401123046875, 82.54400634765625, 180.656005859375, 184.46400451660156], [137.64801025390625, 35.72800064086914, 153.552001953125, 72.91200256347656]], 'labels': ['person', 'woman', 'woman', 'woman', 'woman', 'human face']}}"
0209,"{'<DENSE_REGION_CAPTION>': {'bboxes': [[177.96800231933594, 31.02400016784668, 223.66400146484375, 223.66400146484375], [64.8479995727539, 78.28800201416016, 126.22400665283203, 211.34400939941406], [0.1120000034570694, 86.12800598144531, 48.720001220703125, 223.66400146484375], [115.24800109863281, 22.96000099182129, 161.8400115966797, 139.88800048828125], [137.42401123046875, 82.76800537109375, 180.2080078125, 163.1840057373047], [0.1120000034570694, 118.38400268554688, 28.112001419067383, 155.56800842285156], [137.42401123046875, 36.176002502441406, 153.552001953125, 73.58399963378906]], 'labels': ['person', 'woman', 'woman', 'woman', 'woman', 'human face', 'human face']}}"
0210,"{'<DENSE_REGION_CAPTION>': {'bboxes': [[179.9840087890625, 26.54400062561035, 223.66400146484375, 223.66400146484375], [69.552001953125, 78.73600006103516, 124.8800048828125, 211.34400939941406], [0.1120000034570694, 81.42400360107422, 47.152000427246094, 223.66400146484375], [114.57600402832031, 20.944000244140625, 161.8400115966797, 139.88800048828125], [137.42401123046875, 82.99200439453125, 180.8800048828125, 162.5120086669922], [0.1120000034570694, 119.0560073852539, 26.768001556396484, 156.24000549316406], [138.99200439453125, 35.28000259399414, 154.67201232910156, 72.91200256347656]], 'labels': ['person', 'woman', 'woman', 'woman', 'woman', 'human face', 'human face']}}"
0211,"{'<DENSE_REGION_CAPTION>': {'bboxes': [[181.3280029296875, 21.84000015258789, 223.66400146484375, 223.66400146484375], [0.1120000034570694, 86.12800598144531, 46.704002380371094, 223.66400146484375], [67.31200408935547, 80.52799987792969, 126.22400665283203, 211.79200744628906], [114.12800598144531, 21.84000015258789, 161.39199829101562, 139.88800048828125], [137.42401123046875, 83.88800048828125, 180.656005859375, 185.36000061035156], [0.1120000034570694, 119.0560073852539, 26.768001556396484, 156.24000549316406], [138.99200439453125, 35.28000259399414, 154.67201232910156, 72.46400451660156]], 'labels': ['person', 'person', 'woman', 'woman', 'woman', 'human face', 'human face']}}"
0212,"{'<DENSE_REGION_CAPTION>': {'bboxes': [[59.69600296020508, 79.63200378417969, 126.00000762939453, 211.79200744628906], [182.2239990234375, 21.84000015258789, 223.66400146484375, 223.66400146484375], [0.1120000034570694, 87.69599914550781, 47.37600326538086, 223.66400146484375], [79.63200378417969, 79.63200378417969, 125.7760009765625, 211.79200744628906], [115.24800109863281, 21.61600112915039, 160.49600219726562, 140.11199951171875], [137.87200927734375, 85.45600128173828, 188.27200317382812, 178.41600036621094]], 'labels': ['person', 'person', 'person', 'person', 'person', 'person']}}"
0213,"{'<DENSE_REGION_CAPTION>': {'bboxes': [[61.48800277709961, 80.08000183105469, 126.89600372314453, 211.79200744628906], [184.24000549316406, 21.61600112915039, 223.66400146484375, 223.66400146484375], [0.1120000034570694, 78.73600006103516, 48.720001220703125, 223.66400146484375], [116.59200286865234, 21.392000198364258, 160.27200317382812, 139.44000244140625], [138.99200439453125, 85.23200225830078, 188.49600219726562, 177.74400329589844], [170.5760040283203, 9.744000434875488, 191.4080047607422, 42.448001861572266]], 'labels': ['person', 'person', 'person', 'person', 'person', 'picnic basket']}}"
0214,"{'<DENSE_REGION_CAPTION>': {'bboxes': [[61.26400375366211, 80.08000183105469, 128.24000549316406, 211.79200744628906], [184.01600646972656, 10.416000366210938, 223.66400146484375, 223.66400146484375], [0.1120000034570694, 76.49600219726562, 49.16800308227539, 223.66400146484375], [116.36800384521484, 21.61600112915039, 160.27200317382812, 139.88800048828125], [138.09600830078125, 85.00800323486328, 188.27200317382812, 177.07200622558594], [170.3520050048828, 9.520000457763672, 191.8560028076172, 42.0]], 'labels': ['person', 'person', 'person', 'person', 'person', 'picnic basket']}}"
0215,"{'<DENSE_REGION_CAPTION>': {'bboxes': [[61.93600082397461, 80.08000183105469, 128.24000549316406, 211.79200744628906], [0.1120000034570694, 98.44800567626953, 48.720001220703125, 223.66400146484375], [115.92000579833984, 19.82400131225586, 159.82400512695312, 140.7840118408203], [138.54400634765625, 85.00800323486328, 180.8800048828125, 162.7360076904297], [170.3520050048828, 9.520000457763672, 191.8560028076172, 42.448001861572266]], 'labels': ['person', 'person', 'person', 'person', 'picnic basket']}}"
0216,"{'<DENSE_REGION_CAPTION>': {'bboxes': [[61.26400375366211, 80.52799987792969, 126.89600372314453, 211.79200744628906], [0.1120000034570694, 98.67200469970703, 49.16800308227539, 223.66400146484375], [115.92000579833984, 20.04800033569336, 160.49600219726562, 140.55999755859375], [139.88800048828125, 86.57600402832031, 188.27200317382812, 177.52000427246094], [170.3520050048828, 9.744000434875488, 191.6320037841797, 42.224002838134766]], 'labels': ['person', 'person', 'person', 'person', 'picnic basket']}}"
0217,"{'<DENSE_REGION_CAPTION>': {'bboxes': [[61.48800277709961, 80.52799987792969, 126.22400665283203, 211.79200744628906], [191.4080047607422, 9.296000480651855, 223.66400146484375, 223.66400146484375], [0.1120000034570694, 96.8800048828125, 49.39200210571289, 218.2880096435547], [114.80000305175781, 20.04800033569336, 159.60000610351562, 141.0080108642578], [139.21600341796875, 87.02400207519531, 188.27200317382812, 177.74400329589844], [170.1280059814453, 9.744000434875488, 191.4080047607422, 42.224002838134766]], 'labels': ['person', 'person', 'person', 'person', 'person', 'picnic basket']}}"
0218,"{'<DENSE_REGION_CAPTION>': {'bboxes': [[61.48800277709961, 80.52799987792969, 126.22400665283203, 211.79200744628906], [0.1120000034570694, 76.94400024414062, 49.61600112915039, 223.66400146484375], [193.42401123046875, 9.520000457763672, 223.66400146484375, 223.66400146484375], [114.80000305175781, 19.600000381469727, 159.82400512695312, 141.4560089111328], [139.21600341796875, 86.80000305175781, 180.4320068359375, 163.6320037841797], [170.1280059814453, 9.744000434875488, 191.4080047607422, 42.224002838134766]], 'labels': ['person', 'person', 'person', 'person', 'person', 'picnic basket']}}"
0219,"{'<DENSE_REGION_CAPTION>': {'bboxes': [[138.99200439453125, 155.79200744628906, 182.2239990234375, 223.66400146484375], [56.336002349853516, 166.54400634765625, 102.4800033569336, 223.66400146484375], [181.552001953125, 156.46400451660156, 208.4320068359375, 223.66400146484375], [0.1120000034570694, 176.62400817871094, 13.32800006866455, 223.66400146484375], [140.11199951171875, 35.28000259399414, 155.12001037597656, 73.13600158691406]], 'labels': ['chair', 'chair', 'chair', 'chair', 'human face']}}"
0220,"{'<DENSE_REGION_CAPTION>': {'bboxes': [[139.21600341796875, 155.79200744628906, 182.447998046875, 223.66400146484375], [56.560001373291016, 166.54400634765625, 102.7040023803711, 223.66400146484375], [182.0, 156.24000549316406, 208.8800048828125, 223.66400146484375], [0.1120000034570694, 176.62400817871094, 13.776000022888184, 223.66400146484375], [140.7840118408203, 31.696001052856445, 154.0, 69.3280029296875]], 'labels': ['chair', 'chair', 'chair', 'chair', 'human face']}}"
0221,"{'<DENSE_REGION_CAPTION>': {'bboxes': [[60.816001892089844, 80.30400085449219, 126.67200469970703, 211.79200744628906], [0.1120000034570694, 98.67200469970703, 48.04800033569336, 223.66400146484375], [112.33600616455078, 12.432000160217285, 154.67201232910156, 141.0080108642578], [139.88800048828125, 81.64800262451172, 186.70401000976562, 181.552001953125], [170.3520050048828, 9.744000434875488, 191.6320037841797, 42.224002838134766]], 'labels': ['person', 'person', 'person', 'person', 'picnic basket']}}"
0222,"{'<DENSE_REGION_CAPTION>': {'bboxes': [[171.2480010986328, 19.82400131225586, 223.66400146484375, 223.66400146484375], [108.97600555419922, 7.28000020980835, 178.41600036621094, 161.39199829101562], [61.040000915527344, 79.63200378417969, 125.3280029296875, 211.79200744628906], [195.44000244140625, 34.832000732421875, 214.25601196289062, 72.91200256347656], [139.44000244140625, 17.808000564575195, 151.9840087890625, 54.992000579833984]], 'labels': ['person', 'woman', 'woman', 'human face', 'human face']}}"
0223,"{'<DENSE_REGION_CAPTION>': {'bboxes': [[139.21600341796875, 28.560001373291016, 209.3280029296875, 223.66400146484375], [59.24800109863281, 79.63200378417969, 124.656005859375, 212.01600646972656], [0.1120000034570694, 75.82400512695312, 50.96000289916992, 223.66400146484375], [107.40800476074219, 5.712000370025635, 156.24000549316406, 141.0080108642578], [160.27200317382812, 54.544002532958984, 182.2239990234375, 97.552001953125], [128.01600646972656, 15.792000770568848, 142.5760040283203, 53.42399978637695]], 'labels': ['boy', 'woman', 'woman', 'woman', 'human face', 'human face']}}"
0224,"{'<DENSE_REGION_CAPTION>': {'bboxes': [[98.22400665283203, 48.720001220703125, 168.7840118408203, 223.66400146484375], [0.1120000034570694, 88.81600189208984, 50.96000289916992, 223.66400146484375], [127.56800079345703, 14.44800090789795, 157.36000061035156, 93.52000427246094], [169.9040069580078, 9.296000480651855, 190.9600067138672, 42.448001861572266]], 'labels': ['person', 'person', 'person', 'picnic basket']}}"
0225,"{'<DENSE_REGION_CAPTION>': {'bboxes': [[137.87200927734375, 155.56800842285156, 182.447998046875, 223.66400146484375], [139.66400146484375, 26.992000579833984, 154.67201232910156, 65.29600524902344]], 'labels': ['chair', 'human face']}}"
0226,"{'<DENSE_REGION_CAPTION>': {'bboxes': [[191.6320037841797, 0.1120000034570694, 223.66400146484375, 223.66400146484375], [92.1760025024414, 107.18400573730469, 150.86399841308594, 223.66400146484375], [0.1120000034570694, 106.28800201416016, 56.560001373291016, 223.66400146484375], [114.35200500488281, 17.808000564575195, 160.49600219726562, 139.88800048828125], [138.54400634765625, 83.88800048828125, 186.48001098632812, 184.46400451660156], [77.61600494384766, 80.08000183105469, 115.69600677490234, 174.38400268554688]], 'labels': ['person', 'person', 'person', 'person', 'person', 'person']}}"
0227,"{'<DENSE_REGION_CAPTION>': {'bboxes': [[137.87200927734375, 155.56800842285156, 182.67201232910156, 223.66400146484375], [56.112003326416016, 166.09600830078125, 99.56800079345703, 223.66400146484375], [181.3280029296875, 156.46400451660156, 208.2080078125, 223.66400146484375], [94.19200134277344, 155.79200744628906, 117.71200561523438, 189.6160125732422], [131.37600708007812, 26.09600067138672, 147.72801208496094, 61.26400375366211]], 'labels': ['chair', 'chair', 'chair', 'human face', 'human face']}}"
0228,"{'<DENSE_REGION_CAPTION>': {'bboxes': [[138.54400634765625, 166.09600830078125, 182.67201232910156, 223.66400146484375], [56.336002349853516, 177.29600524902344, 98.0, 223.66400146484375], [138.54400634765625, 41.3280029296875, 153.7760009765625, 76.72000122070312]], 'labels': ['chair', 'chair', 'human face']}}"
0229,"{'<DENSE_REGION_CAPTION>': {'bboxes': [[0.1120000034570694, 0.1120000034570694, 223.66400146484375, 223.66400146484375], [93.96800231933594, 194.99200439453125, 118.83200073242188, 223.66400146484375], [138.32000732421875, 66.86399841308594, 154.0, 103.3759994506836]], 'labels': ['cabinetry', 'human face', 'human face']}}"
0230,"{'<DENSE_REGION_CAPTION>': {'bboxes': [[137.87200927734375, 190.9600067138672, 181.10400390625, 223.66400146484375], [180.2080078125, 192.7519989013672, 206.864013671875, 223.66400146484375], [134.9600067138672, 59.92000198364258, 150.63999938964844, 97.10400390625]], 'labels': ['chair', 'chair', 'human face']}}"
0231,"{'<DENSE_REGION_CAPTION>': {'bboxes': [[0.1120000034570694, 0.1120000034570694, 223.66400146484375, 223.66400146484375], [134.7360076904297, 60.36800003051758, 150.86399841308594, 97.552001953125]], 'labels': ['cabinetry', 'human face']}}"
0232,"{'<DENSE_REGION_CAPTION>': {'bboxes': [[0.1120000034570694, 0.1120000034570694, 223.66400146484375, 223.66400146484375], [124.8800048828125, 60.36800003051758, 140.7840118408203, 97.552001953125]], 'labels': ['cabinetry', 'human face']}}"
0233,"{'<DENSE_REGION_CAPTION>': {'bboxes': [[124.8800048828125, 188.49600219726562, 167.88800048828125, 223.66400146484375], [167.44000244140625, 189.8400115966797, 194.09600830078125, 223.66400146484375], [124.656005859375, 61.71200180053711, 140.11199951171875, 97.552001953125]], 'labels': ['chair', 'chair', 'human face']}}"
0234,"{'<DENSE_REGION_CAPTION>': {'bboxes': [[125.7760009765625, 188.72000122070312, 168.7840118408203, 223.66400146484375], [168.33599853515625, 190.2880096435547, 194.76800537109375, 223.66400146484375], [125.10400390625, 61.93600082397461, 140.55999755859375, 98.0]], 'labels': ['chair', 'chair', 'human face']}}"
0235,"{'<DENSE_REGION_CAPTION>': {'bboxes': [[126.22400665283203, 188.94400024414062, 169.2320098876953, 223.66400146484375], [44.2400016784668, 200.81600952148438, 82.76800537109375, 223.66400146484375], [168.7840118408203, 190.7360076904297, 194.99200439453125, 223.66400146484375], [82.76800537109375, 193.20001220703125, 109.20000457763672, 223.66400146484375], [126.00000762939453, 60.816001892089844, 141.6800079345703, 97.3280029296875]], 'labels': ['chair', 'chair', 'chair', 'human face', 'human face']}}"
0236,"{'<DENSE_REGION_CAPTION>': {'bboxes': [[0.1120000034570694, 0.1120000034570694, 223.66400146484375, 223.66400146484375], [125.552001953125, 62.384002685546875, 141.0080108642578, 98.0]], 'labels': ['cabinetry', 'human face']}}"
0237,"{'<DENSE_REGION_CAPTION>': {'bboxes': [[0.1120000034570694, 0.1120000034570694, 223.66400146484375, 223.66400146484375], [125.3280029296875, 61.26400375366211, 141.0080108642578, 97.3280029296875]], 'labels': ['cabinetry', 'human face']}}"
0238,"{'<DENSE_REGION_CAPTION>': {'bboxes': [[0.1120000034570694, 0.1120000034570694, 223.66400146484375, 223.66400146484375], [125.552001953125, 63.05600357055664, 141.2320098876953, 99.12000274658203]], 'labels': ['cabinetry', 'human face']}}"
0239,"{'<DENSE_REGION_CAPTION>': {'bboxes': [[0.1120000034570694, 0.1120000034570694, 223.66400146484375, 223.66400146484375], [125.552001953125, 62.832000732421875, 141.0080108642578, 99.12000274658203]], 'labels': ['cabinetry', 'human face']}}"
0240,"{'<DENSE_REGION_CAPTION>': {'bboxes': [[0.1120000034570694, 0.1120000034570694, 223.66400146484375, 223.66400146484375], [125.3280029296875, 60.36800003051758, 141.0080108642578, 97.10400390625]], 'labels': ['shelf', 'human face']}}"
0241,"{'<DENSE_REGION_CAPTION>': {'bboxes': [[0.1120000034570694, 0.1120000034570694, 57.23200225830078, 223.66400146484375], [97.3280029296875, 48.720001220703125, 153.7760009765625, 171.4720001220703], [125.7760009765625, 62.384002685546875, 141.0080108642578, 98.22400665283203]], 'labels': ['cabinetry', 'woman', 'human face']}}"
0242,"{'<DENSE_REGION_CAPTION>': {'bboxes': [[0.1120000034570694, 0.1120000034570694, 223.66400146484375, 223.66400146484375], [125.10400390625, 62.832000732421875, 140.7840118408203, 98.44800567626953]], 'labels': ['bookcase', 'human face']}}"
0243,"{'<DENSE_REGION_CAPTION>': {'bboxes': [[0.1120000034570694, 0.1120000034570694, 223.66400146484375, 223.66400146484375], [126.00000762939453, 62.832000732421875, 141.2320098876953, 98.44800567626953]], 'labels': ['cabinetry', 'human face']}}"
0244,"{'<DENSE_REGION_CAPTION>': {'bboxes': [[114.12800598144531, 15.120000839233398, 223.66400146484375, 168.7840118408203], [0.1120000034570694, 0.1120000034570694, 56.784000396728516, 160.72000122070312], [98.44800567626953, 50.288002014160156, 144.81600952148438, 171.6959991455078], [60.816001892089844, 110.99200439453125, 114.12800598144531, 216.94400024414062], [120.4000015258789, 114.80000305175781, 160.49600219726562, 212.24000549316406], [0.1120000034570694, 133.16799926757812, 39.76000213623047, 223.66400146484375], [180.8800048828125, 41.552001953125, 208.8800048828125, 168.33599853515625], [63.50400161743164, 159.82400512695312, 115.47200012207031, 223.66400146484375], [205.29600524902344, 37.52000045776367, 223.66400146484375, 187.60000610351562], [0.1120000034570694, 151.760009765625, 18.48000144958496, 223.66400146484375], [157.36000061035156, 42.448001861572266, 179.5360107421875, 75.60000610351562], [123.76000213623047, 137.1999969482422, 134.2880096435547, 172.81600952148438]], 'labels': ['cabinetry', 'cabinetry', 'person', 'person', 'person', 'person', 'person', 'person', 'person', 'person', 'picnic basket', 'bottle']}}"
0245,"{'<DENSE_REGION_CAPTION>': {'bboxes': [[0.1120000034570694, 0.1120000034570694, 223.66400146484375, 223.66400146484375], [0.1120000034570694, 151.9840087890625, 18.256000518798828, 210.0], [125.3280029296875, 62.384002685546875, 141.4560089111328, 99.34400177001953], [78.06400299072266, 204.17601013183594, 103.60000610351562, 223.66400146484375]], 'labels': ['cabinetry', 'human face', 'human face', 'human face']}}"
0246,"{'<DENSE_REGION_CAPTION>': {'bboxes': [[0.1120000034570694, 0.1120000034570694, 223.66400146484375, 223.66400146484375], [125.552001953125, 64.4000015258789, 141.2320098876953, 99.56800079345703]], 'labels': ['cabinetry', 'human face']}}"
0247,"{'<DENSE_REGION_CAPTION>': {'bboxes': [[114.12800598144531, 15.120000839233398, 223.66400146484375, 166.32000732421875], [0.1120000034570694, 0.1120000034570694, 56.784000396728516, 160.04800415039062], [126.44800567626953, 188.72000122070312, 170.1280059814453, 223.66400146484375], [169.2320098876953, 190.2880096435547, 195.88800048828125, 223.66400146484375], [125.552001953125, 64.1760025024414, 141.2320098876953, 99.56800079345703]], 'labels': ['cabinetry', 'cabinetry', 'chair', 'chair', 'human face']}}"
0248,"{'<DENSE_REGION_CAPTION>': {'bboxes': [[114.12800598144531, 15.120000839233398, 223.66400146484375, 166.32000732421875], [0.1120000034570694, 0.1120000034570694, 56.784000396728516, 165.87200927734375], [126.89600372314453, 188.94400024414062, 169.9040069580078, 223.66400146484375], [169.2320098876953, 190.2880096435547, 195.88800048828125, 223.66400146484375], [125.10400390625, 64.1760025024414, 140.7840118408203, 100.01600646972656]], 'labels': ['cabinetry', 'cabinetry', 'chair', 'chair', 'human face']}}"
0249,"{'<DENSE_REGION_CAPTION>': {'bboxes': [[114.12800598144531, 15.120000839233398, 223.66400146484375, 166.54400634765625], [0.1120000034570694, 0.1120000034570694, 56.784000396728516, 153.7760009765625], [127.12000274658203, 188.72000122070312, 169.6800079345703, 223.66400146484375], [169.2320098876953, 190.0640106201172, 195.88800048828125, 223.66400146484375], [44.2400016784668, 200.14401245117188, 78.51200103759766, 223.66400146484375], [124.4320068359375, 63.72800064086914, 140.33599853515625, 100.24000549316406], [81.42400360107422, 202.38400268554688, 106.96000671386719, 223.66400146484375]], 'labels': ['cabinetry', 'cabinetry', 'chair', 'chair', 'chair', 'human face', 'human face']}}"
0250,"{'<DENSE_REGION_CAPTION>': {'bboxes': [[0.1120000034570694, 0.1120000034570694, 223.66400146484375, 223.66400146484375], [123.31200408935547, 62.384002685546875, 139.44000244140625, 98.44800567626953]], 'labels': ['cabinetry', 'human face']}}"
0251,"{'<DENSE_REGION_CAPTION>': {'bboxes': [[126.89600372314453, 188.94400024414062, 170.1280059814453, 223.66400146484375], [122.86400604248047, 64.6240005493164, 138.76800537109375, 99.34400177001953]], 'labels': ['chair', 'human face']}}"
0252,"{'<DENSE_REGION_CAPTION>': {'bboxes': [[0.1120000034570694, 0.1120000034570694, 223.66400146484375, 223.66400146484375], [123.98400115966797, 64.1760025024414, 139.66400146484375, 99.34400177001953]], 'labels': ['cabinetry', 'human face']}}"
0253,"{'<DENSE_REGION_CAPTION>': {'bboxes': [[126.22400665283203, 188.94400024414062, 170.1280059814453, 223.66400146484375], [169.4560089111328, 190.2880096435547, 196.33599853515625, 223.66400146484375], [73.80799865722656, 196.33599853515625, 98.67200469970703, 223.66400146484375], [124.20800018310547, 63.28000259399414, 139.66400146484375, 98.44800567626953]], 'labels': ['chair', 'chair', 'human face', 'human face']}}"
0254,"{'<DENSE_REGION_CAPTION>': {'bboxes': [[0.1120000034570694, 0.1120000034570694, 223.66400146484375, 223.66400146484375], [126.89600372314453, 188.72000122070312, 170.1280059814453, 223.66400146484375], [169.4560089111328, 190.2880096435547, 195.88800048828125, 223.66400146484375], [124.656005859375, 62.608001708984375, 140.11199951171875, 97.552001953125]], 'labels': ['cabinetry', 'chair', 'chair', 'human face']}}"
0255,"{'<DENSE_REGION_CAPTION>': {'bboxes': [[126.44800567626953, 188.72000122070312, 169.9040069580078, 223.66400146484375], [169.2320098876953, 189.8400115966797, 195.66400146484375, 223.66400146484375], [124.8800048828125, 62.832000732421875, 140.7840118408203, 99.56800079345703]], 'labels': ['chair', 'chair', 'human face']}}"
0256,"{'<DENSE_REGION_CAPTION>': {'bboxes': [[0.1120000034570694, 0.1120000034570694, 223.66400146484375, 223.66400146484375], [126.44800567626953, 188.72000122070312, 169.9040069580078, 223.66400146484375], [169.2320098876953, 190.0640106201172, 195.88800048828125, 223.66400146484375], [125.7760009765625, 61.71200180053711, 141.4560089111328, 98.44800567626953]], 'labels': ['cabinetry', 'chair', 'chair', 'human face']}}"
0257,"{'<DENSE_REGION_CAPTION>': {'bboxes': [[0.1120000034570694, 0.1120000034570694, 223.66400146484375, 223.66400146484375], [126.89600372314453, 188.72000122070312, 169.9040069580078, 223.66400146484375], [169.0080108642578, 190.2880096435547, 195.88800048828125, 223.66400146484375], [124.656005859375, 64.6240005493164, 140.55999755859375, 100.01600646972656]], 'labels': ['cabinetry', 'chair', 'chair', 'human face']}}"
0258,"{'<DENSE_REGION_CAPTION>': {'bboxes': [[114.12800598144531, 15.120000839233398, 223.66400146484375, 167.21600341796875], [0.1120000034570694, 0.1120000034570694, 57.23200225830078, 154.0], [126.89600372314453, 188.72000122070312, 169.6800079345703, 223.66400146484375], [169.2320098876953, 190.2880096435547, 195.88800048828125, 223.66400146484375], [124.8800048828125, 63.28000259399414, 141.0080108642578, 101.58399963378906]], 'labels': ['cabinetry', 'cabinetry', 'chair', 'chair', 'human face']}}"
0259,"{'<DENSE_REGION_CAPTION>': {'bboxes': [[114.12800598144531, 15.120000839233398, 223.66400146484375, 166.32000732421875], [0.1120000034570694, 0.1120000034570694, 57.23200225830078, 156.46400451660156], [126.89600372314453, 188.72000122070312, 169.6800079345703, 223.66400146484375], [169.2320098876953, 190.2880096435547, 195.88800048828125, 223.66400146484375], [125.10400390625, 62.832000732421875, 141.0080108642578, 100.01600646972656]], 'labels': ['cabinetry', 'cabinetry', 'chair', 'chair', 'human face']}}"
0260,"{'<DENSE_REGION_CAPTION>': {'bboxes': [[0.1120000034570694, 0.1120000034570694, 223.66400146484375, 223.66400146484375], [126.89600372314453, 188.94400024414062, 169.9040069580078, 223.66400146484375], [125.10400390625, 62.384002685546875, 141.0080108642578, 99.12000274658203]], 'labels': ['cabinetry', 'chair', 'human face']}}"
0261,"{'<DENSE_REGION_CAPTION>': {'bboxes': [[0.1120000034570694, 0.1120000034570694, 223.66400146484375, 223.66400146484375], [126.67200469970703, 188.94400024414062, 169.6800079345703, 223.66400146484375], [169.0080108642578, 190.2880096435547, 195.88800048828125, 223.66400146484375], [124.8800048828125, 63.72800064086914, 140.55999755859375, 98.89600372314453]], 'labels': ['cabinetry', 'chair', 'chair', 'human face']}}"
0262,"{'<DENSE_REGION_CAPTION>': {'bboxes': [[0.1120000034570694, 0.1120000034570694, 223.66400146484375, 223.66400146484375], [124.8800048828125, 63.28000259399414, 140.7840118408203, 100.01600646972656]], 'labels': ['cabinetry', 'human face']}}"
0263,"{'<DENSE_REGION_CAPTION>': {'bboxes': [[0.1120000034570694, 0.1120000034570694, 223.66400146484375, 223.66400146484375], [126.89600372314453, 188.94400024414062, 169.6800079345703, 223.66400146484375], [125.3280029296875, 64.1760025024414, 141.0080108642578, 100.46400451660156]], 'labels': ['cabinetry', 'chair', 'human face']}}"
0264,"{'<DENSE_REGION_CAPTION>': {'bboxes': [[0.1120000034570694, 0.1120000034570694, 223.66400146484375, 223.66400146484375], [125.7760009765625, 63.72800064086914, 141.4560089111328, 99.79199981689453]], 'labels': ['cabinetry', 'human face']}}"
0265,"{'<DENSE_REGION_CAPTION>': {'bboxes': [[0.1120000034570694, 0.1120000034570694, 223.66400146484375, 223.66400146484375], [125.7760009765625, 62.608001708984375, 141.4560089111328, 99.79199981689453]], 'labels': ['cabinetry', 'human face']}}"
0266,"{'<DENSE_REGION_CAPTION>': {'bboxes': [[0.1120000034570694, 0.1120000034570694, 223.66400146484375, 223.66400146484375], [76.49600219726562, 178.41600036621094, 103.1520004272461, 222.09600830078125], [125.3280029296875, 62.384002685546875, 141.2320098876953, 99.56800079345703]], 'labels': ['cabinetry', 'human face', 'human face']}}"
0267,"{'<DENSE_REGION_CAPTION>': {'bboxes': [[0.1120000034570694, 0.1120000034570694, 223.66400146484375, 223.66400146484375], [126.89600372314453, 188.94400024414062, 169.9040069580078, 223.66400146484375], [44.0160026550293, 200.36801147460938, 85.23200225830078, 223.66400146484375], [169.0080108642578, 190.0640106201172, 195.66400146484375, 223.66400146484375], [85.00800323486328, 177.29600524902344, 110.31999969482422, 220.5279998779297], [125.3280029296875, 62.832000732421875, 141.0080108642578, 99.34400177001953]], 'labels': ['cabinetry', 'chair', 'chair', 'chair', 'human face', 'human face']}}"
0268,"{'<DENSE_REGION_CAPTION>': {'bboxes': [[0.1120000034570694, 0.1120000034570694, 223.66400146484375, 223.66400146484375], [126.44800567626953, 188.72000122070312, 169.6800079345703, 223.66400146484375], [44.2400016784668, 200.36801147460938, 82.54400634765625, 223.66400146484375], [80.75199890136719, 189.39199829101562, 105.39200592041016, 223.66400146484375], [124.8800048828125, 62.384002685546875, 141.0080108642578, 99.12000274658203]], 'labels': ['cabinetry', 'chair', 'chair', 'human face', 'human face']}}"
0269,"{'<DENSE_REGION_CAPTION>': {'bboxes': [[0.1120000034570694, 0.1120000034570694, 223.66400146484375, 223.66400146484375], [126.89600372314453, 188.72000122070312, 169.9040069580078, 223.66400146484375], [169.4560089111328, 190.0640106201172, 200.81600952148438, 223.66400146484375], [44.4640007019043, 200.36801147460938, 84.56000518798828, 223.66400146484375], [89.04000091552734, 176.84800720214844, 113.23200225830078, 219.6320037841797], [125.3280029296875, 60.36800003051758, 141.2320098876953, 97.7760009765625]], 'labels': ['cabinetry', 'chair', 'chair', 'chair', 'human face', 'human face']}}"
0270,"{'<DENSE_REGION_CAPTION>': {'bboxes': [[0.1120000034570694, 0.1120000034570694, 223.66400146484375, 223.66400146484375], [125.10400390625, 61.26400375366211, 141.0080108642578, 98.0]], 'labels': ['cabinetry', 'human face']}}"
0271,"{'<DENSE_REGION_CAPTION>': {'bboxes': [[0.1120000034570694, 0.1120000034570694, 223.66400146484375, 223.66400146484375], [125.10400390625, 61.71200180053711, 141.0080108642578, 98.44800567626953]], 'labels': ['cabinetry', 'human face']}}"
0272,"{'<DENSE_REGION_CAPTION>': {'bboxes': [[0.1120000034570694, 0.1120000034570694, 223.66400146484375, 223.66400146484375], [125.10400390625, 62.384002685546875, 141.0080108642578, 98.89600372314453]], 'labels': ['cabinetry', 'human face']}}"
0273,"{'<DENSE_REGION_CAPTION>': {'bboxes': [[0.1120000034570694, 0.1120000034570694, 223.66400146484375, 223.66400146484375], [125.7760009765625, 61.26400375366211, 141.2320098876953, 97.7760009765625]], 'labels': ['shelf', 'human face']}}"
0274,"{'<DENSE_REGION_CAPTION>': {'bboxes': [[0.1120000034570694, 0.1120000034570694, 223.66400146484375, 223.66400146484375], [125.7760009765625, 61.71200180053711, 141.4560089111328, 98.89600372314453]], 'labels': ['cabinetry', 'human face']}}"
0275,"{'<DENSE_REGION_CAPTION>': {'bboxes': [[0.1120000034570694, 0.1120000034570694, 223.66400146484375, 223.66400146484375], [125.3280029296875, 63.28000259399414, 141.0080108642578, 99.34400177001953]], 'labels': ['cabinetry', 'human face']}}"
0276,"{'<DENSE_REGION_CAPTION>': {'bboxes': [[0.1120000034570694, 0.1120000034570694, 223.66400146484375, 223.66400146484375], [125.10400390625, 65.0719985961914, 140.55999755859375, 100.24000549316406]], 'labels': ['cabinetry', 'human face']}}"
0277,"{'<DENSE_REGION_CAPTION>': {'bboxes': [[0.1120000034570694, 0.1120000034570694, 223.66400146484375, 223.66400146484375], [77.61600494384766, 107.63200378417969, 102.0320053100586, 156.24000549316406], [123.76000213623047, 62.832000732421875, 139.66400146484375, 98.44800567626953]], 'labels': ['cabinetry', 'human face', 'human face']}}"
0278,"{'<DENSE_REGION_CAPTION>': {'bboxes': [[109.87200164794922, 66.19200134277344, 170.1280059814453, 223.66400146484375], [126.89600372314453, 90.38400268554688, 150.19200134277344, 140.7840118408203], [124.20800018310547, 61.26400375366211, 138.09600830078125, 88.81600189208984]], 'labels': ['boy', 'human face', 'human face']}}"
0279,"{'<DENSE_REGION_CAPTION>': {'bboxes': [[119.5040054321289, 67.53600311279297, 173.93600463867188, 223.66400146484375], [62.160003662109375, 113.90400695800781, 115.47200012207031, 223.66400146484375], [97.3280029296875, 50.064002990722656, 143.0240020751953, 173.48800659179688], [167.21600341796875, 41.104000091552734, 201.48800659179688, 170.3520050048828], [0.1120000034570694, 132.04800415039062, 38.8640022277832, 223.66400146484375], [132.72000122070312, 97.552001953125, 154.67201232910156, 143.6959991455078], [0.1120000034570694, 154.89601135253906, 18.256000518798828, 186.25601196289062], [126.00000762939453, 61.93600082397461, 141.0080108642578, 95.08800506591797], [210.2239990234375, 51.63199996948242, 223.66400146484375, 87.47200012207031]], 'labels': ['boy', 'woman', 'woman', 'woman', 'woman', 'human face', 'human face', 'human face', 'human face']}}"
0280,"{'<DENSE_REGION_CAPTION>': {'bboxes': [[115.02400207519531, 67.08800506591797, 165.87200927734375, 223.66400146484375], [179.760009765625, 38.19200134277344, 223.66400146484375, 223.66400146484375], [62.832000732421875, 113.68000030517578, 121.52000427246094, 223.66400146484375], [97.3280029296875, 49.39200210571289, 142.5760040283203, 174.16000366210938], [166.32000732421875, 38.41600036621094, 201.93600463867188, 168.33599853515625], [0.1120000034570694, 128.01600646972656, 40.432003021240234, 223.66400146484375], [0.1120000034570694, 156.01600646972656, 21.392000198364258, 207.0880126953125], [121.52000427246094, 101.58399963378906, 145.71200561523438, 145.26400756835938], [172.59201049804688, 52.52799987792969, 190.0640106201172, 82.76800537109375], [208.8800048828125, 49.16800308227539, 223.66400146484375, 82.54400634765625]], 'labels': ['boy', 'person', 'woman', 'woman', 'woman', 'woman', 'human face', 'human face', 'human face', 'human face']}}"
0281,"{'<DENSE_REGION_CAPTION>': {'bboxes': [[0.1120000034570694, 0.1120000034570694, 223.66400146484375, 223.66400146484375], [115.92000579833984, 66.86399841308594, 173.93600463867188, 223.66400146484375], [61.93600082397461, 113.90400695800781, 116.36800384521484, 223.66400146484375]], 'labels': ['person', 'person', 'woman']}}"
0282,"{'<DENSE_REGION_CAPTION>': {'bboxes': [[124.20800018310547, 60.816001892089844, 196.33599853515625, 223.66400146484375], [97.3280029296875, 49.61600112915039, 144.59201049804688, 173.48800659179688], [61.48800277709961, 113.90400695800781, 115.24800109863281, 223.66400146484375]], 'labels': ['man', 'woman', 'woman']}}"
0283,"{'<DENSE_REGION_CAPTION>': {'bboxes': [[0.1120000034570694, 0.1120000034570694, 223.66400146484375, 223.66400146484375], [44.0160026550293, 200.59201049804688, 88.59200286865234, 223.66400146484375]], 'labels': ['shelf', 'chair']}}"
0284,"{'<DENSE_REGION_CAPTION>': {'bboxes': [[120.84800720214844, 58.35200119018555, 199.0240020751953, 223.66400146484375], [98.0, 50.288002014160156, 144.36801147460938, 173.48800659179688], [64.4000015258789, 113.90400695800781, 115.24800109863281, 223.66400146484375], [146.38400268554688, 81.42400360107422, 168.33599853515625, 124.8800048828125], [124.8800048828125, 62.384002685546875, 141.0080108642578, 98.89600372314453]], 'labels': ['person', 'woman', 'woman', 'human face', 'human face']}}"
0285,"{'<DENSE_REGION_CAPTION>': {'bboxes': [[114.57600402832031, 116.59200286865234, 171.0240020751953, 223.66400146484375], [84.33600616455078, 49.84000015258789, 173.93600463867188, 223.66400146484375], [176.84800720214844, 38.63999938964844, 223.66400146484375, 223.66400146484375], [59.69600296020508, 113.68000030517578, 115.24800109863281, 223.66400146484375], [0.1120000034570694, 131.82400512695312, 35.055999755859375, 223.66400146484375]], 'labels': ['yellow vest', 'person', 'person', 'person', 'person']}}"
0286,"{'<DENSE_REGION_CAPTION>': {'bboxes': [[119.0560073852539, 126.00000762939453, 164.3040008544922, 223.66400146484375], [115.24800109863281, 59.47200012207031, 179.760009765625, 223.66400146484375], [61.48800277709961, 112.78400421142578, 116.81600189208984, 223.66400146484375], [0.1120000034570694, 133.8400115966797, 34.608001708984375, 223.66400146484375]], 'labels': ['yellow vest', 'person', 'person', 'person']}}"
0287,"{'<DENSE_REGION_CAPTION>': {'bboxes': [[105.84000396728516, 51.63199996948242, 223.66400146484375, 223.66400146484375], [59.69600296020508, 104.49600219726562, 115.92000579833984, 223.66400146484375], [137.64801025390625, 75.1520004272461, 161.8400115966797, 122.19200134277344], [124.656005859375, 61.48800277709961, 137.1999969482422, 99.34400177001953]], 'labels': ['person', 'woman', 'human face', 'human face']}}"
0288,"{'<DENSE_REGION_CAPTION>': {'bboxes': [[0.1120000034570694, 0.1120000034570694, 56.784000396728516, 154.2239990234375], [44.2400016784668, 200.36801147460938, 88.36800384521484, 223.66400146484375], [121.96800231933594, 60.592002868652344, 137.87200927734375, 96.43199920654297]], 'labels': ['cabinetry', 'chair', 'human face']}}"
0289,"{'<DENSE_REGION_CAPTION>': {'bboxes': [[100.91200256347656, 61.26400375366211, 168.5600128173828, 223.66400146484375], [64.4000015258789, 104.04800415039062, 119.5040054321289, 223.66400146484375], [121.96800231933594, 82.09600067138672, 141.9040069580078, 124.656005859375]], 'labels': ['person', 'woman', 'human face']}}"
0290,"{'<DENSE_REGION_CAPTION>': {'bboxes': [[47.152000427246094, 119.2800064086914, 100.68800354003906, 223.66400146484375], [45.13600158691406, 61.26400375366211, 109.42400360107422, 223.66400146484375], [173.04000854492188, 41.3280029296875, 219.4080047607422, 223.66400146484375], [99.12000274658203, 49.61600112915039, 157.13600158691406, 157.58399963378906], [0.1120000034570694, 43.34400177001953, 38.41600036621094, 154.0], [0.1120000034570694, 132.27200317382812, 35.72800064086914, 223.66400146484375], [127.56800079345703, 114.80000305175781, 168.7840118408203, 194.32000732421875], [207.760009765625, 39.53600311279297, 223.66400146484375, 199.4720001220703], [0.1120000034570694, 132.27200317382812, 28.336000442504883, 223.66400146484375], [156.46400451660156, 28.112001419067383, 180.656005859375, 75.82400512695312]], 'labels': ['yellow sleeveless shirt', 'person', 'person', 'person', 'person', 'person', 'person', 'person', 'person', 'person']}}"
0291,"{'<DENSE_REGION_CAPTION>': {'bboxes': [[0.1120000034570694, 59.92000198364258, 54.320003509521484, 223.66400146484375], [171.4720001220703, 43.79199981689453, 206.864013671875, 223.66400146484375], [63.50400161743164, 105.39200592041016, 114.12800598144531, 223.66400146484375], [122.19200134277344, 114.80000305175781, 167.88800048828125, 216.04800415039062], [206.19200134277344, 39.76000213623047, 223.66400146484375, 223.66400146484375], [126.44800567626953, 188.72000122070312, 169.9040069580078, 223.66400146484375], [43.34400177001953, 200.36801147460938, 88.36800384521484, 223.66400146484375], [169.4560089111328, 190.7360076904297, 195.88800048828125, 223.66400146484375], [122.19200134277344, 61.48800277709961, 137.87200927734375, 96.8800048828125]], 'labels': ['person', 'person', 'person', 'person', 'person', 'chair', 'chair', 'chair', 'human face']}}"
0292,"{'<DENSE_REGION_CAPTION>': {'bboxes': [[0.1120000034570694, 0.1120000034570694, 223.66400146484375, 223.66400146484375], [121.52000427246094, 61.48800277709961, 137.64801025390625, 97.3280029296875], [210.67201232910156, 50.736000061035156, 223.66400146484375, 85.00800323486328]], 'labels': ['cabinetry', 'human face', 'human face']}}"
0293,"{'<DENSE_REGION_CAPTION>': {'bboxes': [[126.22400665283203, 188.72000122070312, 169.9040069580078, 223.66400146484375], [43.79199981689453, 200.14401245117188, 88.14400482177734, 223.66400146484375], [120.4000015258789, 60.816001892089844, 136.3040008544922, 97.10400390625], [207.760009765625, 50.288002014160156, 223.66400146484375, 82.76800537109375], [9.744000434875488, 0.1120000034570694, 25.648000717163086, 22.064001083374023], [32.14400100708008, 0.1120000034570694, 45.80800247192383, 21.168001174926758], [45.36000061035156, 0.1120000034570694, 56.112003326416016, 20.720001220703125], [24.079999923706055, 0.1120000034570694, 33.040000915527344, 21.61600112915039], [0.1120000034570694, 0.1120000034570694, 6.832000255584717, 22.288000106811523]], 'labels': ['chair', 'chair', 'human face', 'human face', 'book', 'book', 'book', 'book', 'book']}}"
0294,"{'<DENSE_REGION_CAPTION>': {'bboxes': [[0.1120000034570694, 63.72800064086914, 70.67200469970703, 223.66400146484375], [159.60000610351562, 38.8640022277832, 219.8560028076172, 223.66400146484375], [94.86400604248047, 48.272003173828125, 146.83200073242188, 167.88800048828125], [121.07200622558594, 117.26399993896484, 179.9840087890625, 216.04800415039062], [61.48800277709961, 103.82400512695312, 114.12800598144531, 223.66400146484375]], 'labels': ['woman', 'person', 'woman', 'person', 'woman']}}"
0295,"{'<DENSE_REGION_CAPTION>': {'bboxes': [[155.34400939941406, 123.08800506591797, 223.66400146484375, 223.66400146484375], [155.34400939941406, 123.08800506591797, 190.5120086669922, 223.66400146484375], [122.19200134277344, 60.36800003051758, 137.87200927734375, 96.43199920654297]], 'labels': ['fancy dress', 'fancy dress', 'human face']}}"
0296,"{'<DENSE_REGION_CAPTION>': {'bboxes': [[0.1120000034570694, 0.1120000034570694, 223.66400146484375, 223.66400146484375], [126.00000762939453, 188.27200317382812, 169.6800079345703, 223.66400146484375], [44.4640007019043, 200.36801147460938, 88.36800384521484, 223.66400146484375], [169.4560089111328, 189.8400115966797, 195.88800048828125, 223.66400146484375], [123.98400115966797, 61.26400375366211, 139.66400146484375, 98.67200469970703]], 'labels': ['cabinetry', 'chair', 'chair', 'chair', 'human face']}}"
0297,"{'<DENSE_REGION_CAPTION>': {'bboxes': [[126.22400665283203, 188.49600219726562, 169.9040069580078, 223.66400146484375], [44.4640007019043, 200.36801147460938, 89.04000091552734, 223.66400146484375], [169.6800079345703, 190.0640106201172, 194.54400634765625, 223.66400146484375], [124.20800018310547, 59.69600296020508, 139.88800048828125, 96.43199920654297]], 'labels': ['chair', 'chair', 'chair', 'human face']}}"
0298,"{'<DENSE_REGION_CAPTION>': {'bboxes': [[0.1120000034570694, 0.1120000034570694, 223.66400146484375, 223.66400146484375], [125.3280029296875, 188.49600219726562, 169.9040069580078, 223.66400146484375], [44.2400016784668, 200.36801147460938, 88.81600189208984, 223.66400146484375], [123.53600311279297, 60.816001892089844, 139.66400146484375, 98.0]], 'labels': ['cabinetry', 'chair', 'chair', 'human face']}}"
0299,"{'<DENSE_REGION_CAPTION>': {'bboxes': [[0.1120000034570694, 0.1120000034570694, 223.66400146484375, 223.66400146484375], [124.20800018310547, 61.26400375366211, 140.11199951171875, 98.44800567626953]], 'labels': ['cabinetry', 'human face']}}"
0300,"{'<DENSE_REGION_CAPTION>': {'bboxes': [[126.44800567626953, 188.72000122070312, 170.1280059814453, 223.66400146484375], [44.6879997253418, 200.36801147460938, 88.81600189208984, 223.66400146484375], [0.1120000034570694, 155.79200744628906, 21.61600112915039, 212.68800354003906], [180.8800048828125, 58.35200119018555, 201.93600463867188, 93.07200622558594], [126.00000762939453, 59.47200012207031, 141.6800079345703, 97.552001953125]], 'labels': ['chair', 'chair', 'human face', 'human face', 'human face']}}"
0301,"{'<DENSE_REGION_CAPTION>': {'bboxes': [[0.1120000034570694, 0.1120000034570694, 223.66400146484375, 223.66400146484375], [126.44800567626953, 188.72000122070312, 170.1280059814453, 223.66400146484375], [44.6879997253418, 200.36801147460938, 88.81600189208984, 223.66400146484375], [123.98400115966797, 61.71200180053711, 139.88800048828125, 98.0]], 'labels': ['cabinetry', 'chair', 'chair', 'human face']}}"
0302,"{'<DENSE_REGION_CAPTION>': {'bboxes': [[0.1120000034570694, 0.1120000034570694, 223.66400146484375, 223.66400146484375], [126.00000762939453, 188.72000122070312, 169.9040069580078, 223.66400146484375], [44.2400016784668, 200.36801147460938, 88.81600189208984, 223.66400146484375], [201.93600463867188, 52.52799987792969, 220.75201416015625, 87.47200012207031], [124.656005859375, 61.71200180053711, 140.11199951171875, 98.89600372314453]], 'labels': ['cabinetry', 'chair', 'chair', 'human face', 'human face']}}"
0303,"{'<DENSE_REGION_CAPTION>': {'bboxes': [[0.1120000034570694, 0.1120000034570694, 223.66400146484375, 223.66400146484375], [126.44800567626953, 188.72000122070312, 168.5600128173828, 223.66400146484375], [44.4640007019043, 200.36801147460938, 88.36800384521484, 223.66400146484375], [184.46400451660156, 64.1760025024414, 205.07200622558594, 101.13600158691406], [123.31200408935547, 63.50400161743164, 138.99200439453125, 99.79199981689453]], 'labels': ['cabinetry', 'chair', 'chair', 'human face', 'human face']}}"
0304,"{'<DENSE_REGION_CAPTION>': {'bboxes': [[8.40000057220459, 164.9759979248047, 223.66400146484375, 223.66400146484375], [187.15200805664062, 70.89600372314453, 207.31201171875, 110.54400634765625], [124.20800018310547, 61.71200180053711, 140.11199951171875, 98.0]], 'labels': ['desk', 'human face', 'human face']}}"
0305,"{'<DENSE_REGION_CAPTION>': {'bboxes': [[0.1120000034570694, 0.1120000034570694, 223.66400146484375, 223.66400146484375], [44.2400016784668, 200.36801147460938, 88.36800384521484, 223.66400146484375], [126.00000762939453, 191.6320037841797, 152.656005859375, 223.66400146484375], [123.98400115966797, 61.71200180053711, 139.66400146484375, 98.44800567626953]], 'labels': ['bookcase', 'chair', 'chair', 'human face']}}"
0306,"{'<DENSE_REGION_CAPTION>': {'bboxes': [[173.48800659179688, 46.25600051879883, 221.42401123046875, 223.66400146484375], [95.76000213623047, 49.16800308227539, 148.62400817871094, 173.48800659179688], [61.93600082397461, 104.04800415039062, 113.23200225830078, 223.66400146484375], [0.1120000034570694, 171.6959991455078, 15.344000816345215, 223.66400146484375], [123.76000213623047, 61.26400375366211, 139.44000244140625, 98.0]], 'labels': ['woman', 'woman', 'woman', 'human face', 'human face']}}"
0307,"{'<DENSE_REGION_CAPTION>': {'bboxes': [[0.1120000034570694, 0.1120000034570694, 223.66400146484375, 223.66400146484375], [124.4320068359375, 61.71200180053711, 140.11199951171875, 98.44800567626953]], 'labels': ['cabinetry', 'human face']}}"
0308,"{'<DENSE_REGION_CAPTION>': {'bboxes': [[159.82400512695312, 43.34400177001953, 223.66400146484375, 223.66400146484375], [96.43199920654297, 48.272003173828125, 145.48800659179688, 163.6320037841797], [64.6240005493164, 104.72000122070312, 114.12800598144531, 223.66400146484375], [0.1120000034570694, 126.89600372314453, 56.112003326416016, 223.66400146484375], [126.67200469970703, 117.26399993896484, 171.2480010986328, 199.0240020751953], [119.2800064086914, 60.14400100708008, 134.2880096435547, 95.08800506591797]], 'labels': ['person', 'woman', 'woman', 'woman', 'woman', 'human face']}}"
0309,"{'<DENSE_REGION_CAPTION>': {'bboxes': [[0.1120000034570694, 0.1120000034570694, 223.66400146484375, 223.66400146484375], [120.4000015258789, 58.12800216674805, 136.3040008544922, 94.86400604248047]], 'labels': ['bookcase', 'human face']}}"
0310,"{'<DENSE_REGION_CAPTION>': {'bboxes': [[0.1120000034570694, 0.1120000034570694, 223.66400146484375, 223.66400146484375], [126.00000762939453, 188.72000122070312, 169.9040069580078, 223.66400146484375], [44.0160026550293, 200.14401245117188, 88.14400482177734, 223.66400146484375], [199.92001342773438, 118.16000366210938, 223.66400146484375, 147.72801208496094], [121.52000427246094, 57.90400314331055, 137.42401123046875, 93.96800231933594]], 'labels': ['cabinetry', 'chair', 'chair', 'human face', 'human face']}}"
0311,"{'<DENSE_REGION_CAPTION>': {'bboxes': [[0.1120000034570694, 0.1120000034570694, 223.66400146484375, 223.66400146484375], [126.00000762939453, 188.72000122070312, 166.99200439453125, 223.66400146484375], [44.0160026550293, 200.36801147460938, 88.36800384521484, 223.66400146484375], [0.1120000034570694, 158.25601196289062, 12.656000137329102, 204.40000915527344], [104.27200317382812, 53.87200164794922, 119.9520034790039, 88.36800384521484]], 'labels': ['cabinetry', 'chair', 'chair', 'human face', 'human face']}}"
0312,"{'<DENSE_REGION_CAPTION>': {'bboxes': [[0.1120000034570694, 0.1120000034570694, 223.66400146484375, 223.66400146484375], [126.00000762939453, 188.72000122070312, 169.6800079345703, 223.66400146484375], [44.0160026550293, 200.14401245117188, 88.81600189208984, 223.66400146484375], [109.42400360107422, 50.512001037597656, 126.44800567626953, 86.35200500488281]], 'labels': ['bookcase', 'chair', 'chair', 'human face']}}"
0313,"{'<DENSE_REGION_CAPTION>': {'bboxes': [[125.7760009765625, 188.72000122070312, 169.2320098876953, 223.66400146484375], [44.0160026550293, 200.14401245117188, 88.59200286865234, 223.66400146484375], [190.9600067138672, 87.47200012207031, 213.58399963378906, 131.60000610351562], [113.68000030517578, 47.82400131225586, 130.03199768066406, 84.11199951171875]], 'labels': ['chair', 'chair', 'human face', 'human face']}}"
0314,"{'<DENSE_REGION_CAPTION>': {'bboxes': [[0.1120000034570694, 117.71200561523438, 70.2239990234375, 223.66400146484375], [91.05599975585938, 38.41600036621094, 146.83200073242188, 167.21600341796875], [173.26400756835938, 82.76800537109375, 196.33599853515625, 125.552001953125], [153.10400390625, 74.2560043334961, 173.48800659179688, 113.90400695800781], [118.60800170898438, 51.18400192260742, 135.4080047607422, 87.92000579833984]], 'labels': ['person', 'woman', 'human face', 'human face', 'human face']}}"
0315,"{'<DENSE_REGION_CAPTION>': {'bboxes': [[113.23200225830078, 61.71200180053711, 191.8560028076172, 223.66400146484375], [0.1120000034570694, 119.7280044555664, 62.608001708984375, 223.66400146484375], [69.10400390625, 110.31999969482422, 112.33600616455078, 223.66400146484375], [89.71200561523438, 38.19200134277344, 128.24000549316406, 154.89601135253906], [0.1120000034570694, 119.7280044555664, 22.512001037597656, 223.66400146484375], [0.1120000034570694, 160.04800415039062, 10.416000366210938, 223.66400146484375]], 'labels': ['person', 'person', 'person', 'person', 'person', 'person']}}"
0316,"{'<DENSE_REGION_CAPTION>': {'bboxes': [[74.7040023803711, 76.49600219726562, 139.66400146484375, 223.66400146484375]], 'labels': ['person']}}"
0317,"{'<DENSE_REGION_CAPTION>': {'bboxes': [[123.53600311279297, 133.39199829101562, 135.8560028076172, 177.96800231933594], [112.56000518798828, 55.21600341796875, 128.01600646972656, 89.26399993896484]], 'labels': ['bottle', 'human face']}}"
0318,"{'<DENSE_REGION_CAPTION>': {'bboxes': [[66.41600036621094, 64.8479995727539, 129.80799865722656, 223.66400146484375], [0.1120000034570694, 130.70401000976562, 57.68000030517578, 223.66400146484375], [128.24000549316406, 188.72000122070312, 169.6800079345703, 223.66400146484375], [173.26400756835938, 188.49600219726562, 194.99200439453125, 223.66400146484375]], 'labels': ['person', 'person', 'chair', 'chair']}}"
0319,"{'<DENSE_REGION_CAPTION>': {'bboxes': [[62.832000732421875, 58.80000305175781, 134.0640106201172, 223.66400146484375], [110.76800537109375, 84.11199951171875, 125.3280029296875, 127.34400177001953]], 'labels': ['boy', 'human face']}}"
0320,"{'<DENSE_REGION_CAPTION>': {'bboxes': [[90.60800170898438, 56.560001373291016, 147.05599975585938, 223.66400146484375], [0.1120000034570694, 160.27200317382812, 59.02400207519531, 223.66400146484375], [117.71200561523438, 74.0320053100586, 133.39199829101562, 120.1760025024414], [0.1120000034570694, 170.3520050048828, 15.792000770568848, 208.656005859375], [11.088000297546387, 136.5279998779297, 22.736000061035156, 167.44000244140625], [200.14401245117188, 0.1120000034570694, 214.03201293945312, 16.239999771118164]], 'labels': ['man', 'man', 'human face', 'human face', 'human face', 'human face']}}"
0321,"{'<DENSE_REGION_CAPTION>': {'bboxes': [[105.39200592041016, 55.66400146484375, 186.70401000976562, 223.66400146484375], [180.2080078125, 0.1120000034570694, 223.66400146484375, 223.66400146484375], [0.1120000034570694, 121.29600524902344, 56.336002349853516, 223.66400146484375], [67.31200408935547, 110.99200439453125, 106.96000671386719, 223.66400146484375], [0.1120000034570694, 160.94400024414062, 56.336002349853516, 223.66400146484375], [0.1120000034570694, 121.07200622558594, 20.720001220703125, 168.11199951171875]], 'labels': ['person', 'person', 'person', 'person', 'person', 'person']}}"
0322,"{'<DENSE_REGION_CAPTION>': {'bboxes': [[92.6240005493164, 54.992000579833984, 197.4560089111328, 223.66400146484375], [147.05599975585938, 0.1120000034570694, 223.66400146484375, 223.66400146484375], [0.1120000034570694, 157.80799865722656, 59.92000198364258, 223.66400146484375]], 'labels': ['person', 'woman', 'person']}}"
0323,"{'<DENSE_REGION_CAPTION>': {'bboxes': [[45.13600158691406, 54.992000579833984, 171.0240020751953, 223.66400146484375], [0.1120000034570694, 115.47200012207031, 39.3120002746582, 223.66400146484375], [0.1120000034570694, 158.25601196289062, 38.41600036621094, 223.66400146484375], [9.968000411987305, 129.58399963378906, 27.216001510620117, 166.54400634765625]], 'labels': ['person', 'person', 'person', 'human face']}}"
