image_num,bboxes,labels
0001,"{'<DENSE_REGION_CAPTION>': {'bboxes': [[14.672000885009766, 60.36800003051758, 55.88800048828125, 218.9600067138672], [108.97600555419922, 61.26400375366211, 146.83200073242188, 223.66400146484375], [188.49600219726562, 50.288002014160156, 223.66400146484375, 197.2320098876953], [98.67200469970703, 57.23200225830078, 126.22400665283203, 141.6800079345703]], 'labels': ['person', 'person', 'person', 'person']}}"
0002,"{'<DENSE_REGION_CAPTION>': {'bboxes': [[15.568000793457031, 59.92000198364258, 56.112003326416016, 219.1840057373047], [106.96000671386719, 61.93600082397461, 142.5760040283203, 223.66400146484375], [131.60000610351562, 62.832000732421875, 164.3040008544922, 145.48800659179688]], 'labels': ['person', 'person', 'person']}}"
0003,"{'<DENSE_REGION_CAPTION>': {'bboxes': [[176.62400817871094, 8.40000057220459, 190.5120086669922, 32.816001892089844], [154.2239990234375, 9.744000434875488, 168.11199951171875, 34.608001708984375], [166.99200439453125, 8.176000595092773, 176.84800720214844, 33.93600082397461], [191.6320037841797, 6.832000255584717, 202.16000366210938, 30.352001190185547], [105.84000396728516, 122.19200134277344, 114.80000305175781, 152.656005859375], [42.448001861572266, 15.344000816345215, 51.18400192260742, 40.880001068115234], [49.16800308227539, 15.344000816345215, 56.560001373291016, 40.432003021240234], [61.48800277709961, 133.61599731445312, 71.12000274658203, 151.9840087890625], [134.7360076904297, 7.728000164031982, 143.6959991455078, 24.304000854492188], [144.59201049804688, 9.744000434875488, 153.3280029296875, 24.527999877929688]], 'labels': ['bottle', 'bottle', 'bottle', 'bottle', 'bottle', 'bottle', 'bottle', 'bottle', 'bottle', 'bottle']}}"
0004,"{'<DENSE_REGION_CAPTION>': {'bboxes': [[108.97600555419922, 151.9840087890625, 148.40000915527344, 223.66400146484375], [112.33600616455078, 67.98400115966797, 122.86400604248047, 89.04000091552734]], 'labels': ['chair', 'human face']}}"
0005,"{'<DENSE_REGION_CAPTION>': {'bboxes': [[148.84800720214844, 57.45600128173828, 181.10400390625, 223.66400146484375], [16.239999771118164, 62.384002685546875, 50.96000289916992, 162.2880096435547], [99.12000274658203, 58.35200119018555, 136.7519989013672, 143.6959991455078], [130.70401000976562, 63.952003479003906, 156.91200256347656, 141.9040069580078], [105.39200592041016, 121.52000427246094, 114.57600402832031, 152.656005859375]], 'labels': ['person', 'person', 'person', 'person', 'bottle']}}"
0006,"{'<DENSE_REGION_CAPTION>': {'bboxes': [[143.2480010986328, 58.35200119018555, 178.63999938964844, 223.66400146484375], [15.120000839233398, 60.36800003051758, 54.768001556396484, 187.37600708007812], [98.67200469970703, 59.92000198364258, 136.7519989013672, 143.6959991455078], [208.8800048828125, 46.03200149536133, 223.66400146484375, 191.6320037841797], [127.56800079345703, 62.608001708984375, 153.10400390625, 141.6800079345703], [105.39200592041016, 121.52000427246094, 114.57600402832031, 152.4320068359375]], 'labels': ['person', 'person', 'person', 'person', 'person', 'bottle']}}"
0007,"{'<DENSE_REGION_CAPTION>': {'bboxes': [[176.40000915527344, 8.40000057220459, 190.5120086669922, 32.816001892089844], [154.2239990234375, 8.848000526428223, 167.88800048828125, 34.15999984741211], [105.39200592041016, 121.52000427246094, 114.57600402832031, 152.656005859375], [166.76800537109375, 8.176000595092773, 176.62400817871094, 33.93600082397461], [191.1840057373047, 6.832000255584717, 201.48800659179688, 30.128000259399414], [48.496002197265625, 141.2320098876953, 57.00800323486328, 151.31201171875]], 'labels': ['bottle', 'bottle', 'bottle', 'bottle', 'bottle', 'bottle']}}"
0008,"{'<DENSE_REGION_CAPTION>': {'bboxes': [[0.1120000034570694, 59.92000198364258, 49.84000015258789, 223.66400146484375], [153.7760009765625, 58.12800216674805, 189.16799926757812, 207.760009765625], [97.552001953125, 57.45600128173828, 137.1999969482422, 143.4720001220703], [207.31201171875, 46.704002380371094, 223.66400146484375, 191.6320037841797], [134.9600067138672, 61.71200180053711, 158.48001098632812, 144.36801147460938], [207.31201171875, 46.704002380371094, 223.44000244140625, 134.2880096435547]], 'labels': ['person', 'person', 'person', 'person', 'person', 'person']}}"
0009,"{'<DENSE_REGION_CAPTION>': {'bboxes': [[108.75200653076172, 155.12001037597656, 149.07200622558594, 223.66400146484375], [111.21600341796875, 67.76000213623047, 121.96800231933594, 89.71200561523438]], 'labels': ['chair', 'human face']}}"
0010,"{'<DENSE_REGION_CAPTION>': {'bboxes': [[108.75200653076172, 154.447998046875, 149.07200622558594, 223.66400146484375], [0.1120000034570694, 174.83200073242188, 16.239999771118164, 223.66400146484375], [110.76800537109375, 69.3280029296875, 121.07200622558594, 90.16000366210938]], 'labels': ['chair', 'human face', 'human face']}}"
0011,"{'<DENSE_REGION_CAPTION>': {'bboxes': [[148.40000915527344, 53.20000076293945, 186.70401000976562, 223.66400146484375], [96.656005859375, 57.00800323486328, 137.1999969482422, 143.6959991455078], [130.70401000976562, 62.384002685546875, 160.04800415039062, 143.2480010986328]], 'labels': ['person', 'person', 'person']}}"
0012,"{'<DENSE_REGION_CAPTION>': {'bboxes': [[0.1120000034570694, 118.83200073242188, 43.79199981689453, 223.66400146484375], [147.05599975585938, 55.44000244140625, 180.8800048828125, 223.66400146484375], [96.656005859375, 57.23200225830078, 136.9759979248047, 143.9199981689453]], 'labels': ['person', 'woman', 'woman']}}"
0013,"{'<DENSE_REGION_CAPTION>': {'bboxes': [[110.54400634765625, 33.263999938964844, 203.50401306152344, 198.5760040283203], [4.368000030517578, 39.3120002746582, 72.46400451660156, 199.2480010986328], [0.1120000034570694, 139.44000244140625, 64.6240005493164, 223.66400146484375], [16.464000701904297, 139.44000244140625, 64.6240005493164, 218.9600067138672], [108.75200653076172, 155.34400939941406, 148.84800720214844, 223.66400146484375], [0.1120000034570694, 171.0240020751953, 24.079999923706055, 223.66400146484375], [110.76800537109375, 67.08800506591797, 121.74400329589844, 90.16000366210938], [214.03201293945312, 52.08000183105469, 223.66400146484375, 76.27200317382812]], 'labels': ['cabinetry', 'cabinetry', 'chair', 'chair', 'chair', 'chair', 'human face', 'human face']}}"
0014,"{'<DENSE_REGION_CAPTION>': {'bboxes': [[16.91200065612793, 139.44000244140625, 65.0719985961914, 223.66400146484375], [108.75200653076172, 154.89601135253906, 149.52000427246094, 223.66400146484375], [0.1120000034570694, 171.2480010986328, 24.75200080871582, 223.66400146484375], [110.31999969482422, 68.43199920654297, 121.29600524902344, 90.83200073242188]], 'labels': ['chair', 'chair', 'chair', 'human face']}}"
0015,"{'<DENSE_REGION_CAPTION>': {'bboxes': [[152.4320068359375, 57.68000030517578, 196.5600128173828, 223.66400146484375], [14.0, 63.72800064086914, 55.88800048828125, 162.2880096435547], [98.67200469970703, 57.90400314331055, 136.5279998779297, 143.4720001220703], [131.15200805664062, 62.160003662109375, 160.04800415039062, 143.4720001220703], [206.19200134277344, 50.736000061035156, 223.66400146484375, 123.08800506591797], [105.84000396728516, 121.74400329589844, 114.57600402832031, 152.656005859375]], 'labels': ['person', 'person', 'person', 'person', 'person', 'bottle']}}"
0016,"{'<DENSE_REGION_CAPTION>': {'bboxes': [[16.91200065612793, 139.44000244140625, 65.0719985961914, 223.66400146484375], [108.97600555419922, 154.89601135253906, 149.29600524902344, 223.66400146484375], [0.1120000034570694, 171.2480010986328, 24.75200080871582, 223.66400146484375], [110.09600067138672, 68.43199920654297, 121.07200622558594, 90.83200073242188]], 'labels': ['chair', 'chair', 'chair', 'human face']}}"
0017,"{'<DENSE_REGION_CAPTION>': {'bboxes': [[156.01600646972656, 55.66400146484375, 189.39199829101562, 209.10400390625], [14.896000862121582, 61.71200180053711, 55.66400146484375, 162.2880096435547], [99.56800079345703, 57.68000030517578, 136.5279998779297, 143.0240020751953], [132.04800415039062, 61.71200180053711, 160.04800415039062, 143.0240020751953], [202.60800170898438, 45.58399963378906, 223.66400146484375, 137.1999969482422], [106.06400299072266, 121.74400329589844, 114.80000305175781, 152.656005859375]], 'labels': ['person', 'person', 'person', 'person', 'person', 'bottle']}}"
0018,"{'<DENSE_REGION_CAPTION>': {'bboxes': [[149.07200622558594, 57.45600128173828, 188.04800415039062, 210.0], [15.120000839233398, 60.816001892089844, 55.66400146484375, 162.5120086669922], [99.56800079345703, 57.45600128173828, 136.5279998779297, 142.8000030517578], [132.27200317382812, 61.48800277709961, 157.58399963378906, 142.5760040283203], [106.06400299072266, 121.52000427246094, 114.80000305175781, 152.4320068359375]], 'labels': ['person', 'person', 'person', 'person', 'bottle']}}"
0019,"{'<DENSE_REGION_CAPTION>': {'bboxes': [[149.52000427246094, 57.68000030517578, 185.13600158691406, 209.7760009765625], [15.792000770568848, 60.816001892089844, 56.112003326416016, 162.7360076904297], [97.552001953125, 57.00800323486328, 136.9759979248047, 143.2480010986328], [131.60000610351562, 61.71200180053711, 157.58399963378906, 143.0240020751953], [106.06400299072266, 121.74400329589844, 114.80000305175781, 152.656005859375]], 'labels': ['person', 'person', 'person', 'person', 'bottle']}}"
0020,"{'<DENSE_REGION_CAPTION>': {'bboxes': [[37.52000045776367, 140.11199951171875, 156.24000549316406, 223.66400146484375], [147.50399780273438, 61.26400375366211, 182.89601135253906, 210.0], [19.376001358032227, 59.92000198364258, 56.784000396728516, 162.2880096435547], [98.67200469970703, 57.45600128173828, 136.7519989013672, 143.6959991455078], [130.03199768066406, 61.93600082397461, 156.46400451660156, 143.0240020751953], [105.84000396728516, 121.52000427246094, 114.80000305175781, 152.656005859375]], 'labels': ['desk', 'person', 'person', 'person', 'person', 'bottle']}}"
0021,"{'<DENSE_REGION_CAPTION>': {'bboxes': [[110.99200439453125, 33.263999938964844, 203.50401306152344, 198.5760040283203], [4.5920000076293945, 39.98400115966797, 72.68800354003906, 204.17601013183594], [16.91200065612793, 138.09600830078125, 65.52000427246094, 223.66400146484375], [108.75200653076172, 154.447998046875, 149.29600524902344, 223.66400146484375], [0.1120000034570694, 171.2480010986328, 24.75200080871582, 223.66400146484375], [110.76800537109375, 67.98400115966797, 121.52000427246094, 89.04000091552734]], 'labels': ['cabinetry', 'cabinetry', 'chair', 'chair', 'chair', 'human face']}}"
0022,"{'<DENSE_REGION_CAPTION>': {'bboxes': [[111.21600341796875, 33.263999938964844, 203.50401306152344, 198.5760040283203], [4.5920000076293945, 39.76000213623047, 72.68800354003906, 189.39199829101562], [16.91200065612793, 139.21600341796875, 65.52000427246094, 223.66400146484375], [108.75200653076172, 154.67201232910156, 149.29600524902344, 223.66400146484375], [0.1120000034570694, 171.0240020751953, 24.304000854492188, 223.66400146484375], [110.76800537109375, 67.08800506591797, 121.74400329589844, 88.81600189208984]], 'labels': ['cabinetry', 'cabinetry', 'chair', 'chair', 'chair', 'human face']}}"
0023,"{'<DENSE_REGION_CAPTION>': {'bboxes': [[111.21600341796875, 33.263999938964844, 203.50401306152344, 198.1280059814453], [4.5920000076293945, 39.76000213623047, 72.46400451660156, 189.39199829101562], [16.91200065612793, 139.44000244140625, 65.0719985961914, 223.66400146484375], [108.75200653076172, 154.89601135253906, 148.62400817871094, 223.66400146484375], [21.392000198364258, 159.82400512695312, 65.0719985961914, 223.66400146484375], [0.1120000034570694, 171.2480010986328, 24.304000854492188, 223.66400146484375], [110.76800537109375, 67.53600311279297, 121.52000427246094, 89.26399993896484]], 'labels': ['cabinetry', 'cabinetry', 'chair', 'chair', 'chair', 'chair', 'human face']}}"
0024,"{'<DENSE_REGION_CAPTION>': {'bboxes': [[110.31999969482422, 33.71200180053711, 203.50401306152344, 198.5760040283203], [5.263999938964844, 39.3120002746582, 72.46400451660156, 158.48001098632812], [20.944000244140625, 158.92800903320312, 65.0719985961914, 223.66400146484375], [108.97600555419922, 155.34400939941406, 148.62400817871094, 223.66400146484375], [0.1120000034570694, 171.0240020751953, 24.079999923706055, 223.66400146484375], [110.99200439453125, 67.98400115966797, 121.96800231933594, 89.26399993896484]], 'labels': ['cabinetry', 'cabinetry', 'chair', 'chair', 'chair', 'human face']}}"
0025,"{'<DENSE_REGION_CAPTION>': {'bboxes': [[38.41600036621094, 140.11199951171875, 155.56800842285156, 193.64801025390625], [151.5360107421875, 91.9520034790039, 181.10400390625, 203.05599975585938], [105.84000396728516, 121.74400329589844, 114.80000305175781, 152.656005859375], [112.33600616455078, 68.656005859375, 122.86400604248047, 89.71200561523438]], 'labels': ['desk', 'fancy dress', 'bottle', 'human face']}}"
0026,"{'<DENSE_REGION_CAPTION>': {'bboxes': [[38.41600036621094, 139.66400146484375, 160.94400024414062, 223.66400146484375], [186.92800903320312, 50.736000061035156, 223.66400146484375, 198.1280059814453], [156.46400451660156, 58.57600021362305, 188.94400024414062, 204.17601013183594], [22.064001083374023, 58.57600021362305, 54.09600067138672, 189.16799926757812], [98.22400665283203, 57.90400314331055, 136.0800018310547, 141.4560089111328], [131.15200805664062, 63.50400161743164, 164.5279998779297, 144.36801147460938]], 'labels': ['desk', 'person', 'person', 'person', 'person', 'person']}}"
0027,"{'<DENSE_REGION_CAPTION>': {'bboxes': [[21.392000198364258, 159.82400512695312, 65.96800231933594, 223.66400146484375], [108.52799987792969, 155.34400939941406, 148.84800720214844, 223.66400146484375], [0.1120000034570694, 170.8000030517578, 24.75200080871582, 223.66400146484375], [185.36000061035156, 56.784000396728516, 199.4720001220703, 87.02400207519531], [158.48001098632812, 76.27200317382812, 170.1280059814453, 97.3280029296875], [113.23200225830078, 67.98400115966797, 123.53600311279297, 88.59200286865234]], 'labels': ['chair', 'chair', 'chair', 'human face', 'human face', 'human face']}}"
0028,"{'<DENSE_REGION_CAPTION>': {'bboxes': [[20.496000289916992, 159.37600708007812, 65.96800231933594, 223.66400146484375], [108.97600555419922, 155.56800842285156, 149.29600524902344, 223.66400146484375], [143.6959991455078, 153.10400390625, 176.17601013183594, 223.66400146484375], [0.1120000034570694, 171.0240020751953, 24.527999877929688, 223.66400146484375], [164.3040008544922, 71.12000274658203, 175.95201110839844, 92.6240005493164], [114.35200500488281, 67.76000213623047, 125.10400390625, 89.04000091552734]], 'labels': ['chair', 'chair', 'chair', 'chair', 'human face', 'human face']}}"
0029,"{'<DENSE_REGION_CAPTION>': {'bboxes': [[156.24000549316406, 60.816001892089844, 191.4080047607422, 202.60800170898438], [16.239999771118164, 59.47200012207031, 48.720001220703125, 162.2880096435547], [98.67200469970703, 57.45600128173828, 136.7519989013672, 143.4720001220703], [131.15200805664062, 62.160003662109375, 164.5279998779297, 145.26400756835938], [37.29600143432617, 140.55999755859375, 163.1840057373047, 194.54400634765625], [20.04800033569336, 159.60000610351562, 65.96800231933594, 223.66400146484375], [108.52799987792969, 155.56800842285156, 149.07200622558594, 223.66400146484375], [142.8000030517578, 156.46400451660156, 176.40000915527344, 223.66400146484375], [0.1120000034570694, 170.8000030517578, 24.079999923706055, 223.66400146484375], [113.68000030517578, 67.53600311279297, 124.656005859375, 90.60800170898438]], 'labels': ['person', 'person', 'person', 'person', 'table', 'chair', 'chair', 'chair', 'chair', 'human face']}}"
0030,"{'<DENSE_REGION_CAPTION>': {'bboxes': [[159.60000610351562, 59.69600296020508, 190.7360076904297, 203.27999877929688], [15.792000770568848, 62.384002685546875, 48.720001220703125, 162.7360076904297], [98.67200469970703, 58.12800216674805, 136.9759979248047, 143.6959991455078], [201.04000854492188, 49.16800308227539, 223.66400146484375, 162.2880096435547], [133.8400115966797, 61.93600082397461, 163.4080047607422, 145.26400756835938]], 'labels': ['person', 'person', 'person', 'person', 'person']}}"
0031,"{'<DENSE_REGION_CAPTION>': {'bboxes': [[14.672000885009766, 60.816001892089844, 65.52000427246094, 218.7360076904297], [159.15200805664062, 57.00800323486328, 189.8400115966797, 203.05599975585938], [14.672000885009766, 60.816001892089844, 46.704002380371094, 162.5120086669922], [98.44800567626953, 58.12800216674805, 136.5279998779297, 143.6959991455078], [201.04000854492188, 48.272003173828125, 223.66400146484375, 162.0640106201172], [131.15200805664062, 61.93600082397461, 162.7360076904297, 144.81600952148438], [201.04000854492188, 48.496002197265625, 223.66400146484375, 136.0800018310547], [105.84000396728516, 121.74400329589844, 114.57600402832031, 152.8800048828125]], 'labels': ['person', 'person', 'person', 'person', 'person', 'person', 'person', 'bottle']}}"
0032,"{'<DENSE_REGION_CAPTION>': {'bboxes': [[39.0880012512207, 139.66400146484375, 163.8560028076172, 223.66400146484375], [16.687999725341797, 58.35200119018555, 54.09600067138672, 201.48800659179688], [158.48001098632812, 57.00800323486328, 188.94400024414062, 203.05599975585938], [192.0800018310547, 47.82400131225586, 223.66400146484375, 161.16799926757812], [98.44800567626953, 59.92000198364258, 136.7519989013672, 141.9040069580078], [17.13599967956543, 58.35200119018555, 44.0160026550293, 159.60000610351562], [137.42401123046875, 60.816001892089844, 163.6320037841797, 145.71200561523438]], 'labels': ['desk', 'person', 'person', 'person', 'person', 'person', 'person']}}"
0033,"{'<DENSE_REGION_CAPTION>': {'bboxes': [[16.91200065612793, 139.44000244140625, 65.96800231933594, 223.66400146484375], [108.75200653076172, 154.89601135253906, 149.07200622558594, 223.66400146484375], [141.2320098876953, 155.34400939941406, 172.81600952148438, 223.66400146484375], [0.1120000034570694, 171.0240020751953, 24.75200080871582, 223.66400146484375], [111.66400146484375, 70.2239990234375, 122.41600036621094, 92.6240005493164]], 'labels': ['chair', 'chair', 'chair', 'chair', 'human face']}}"
0034,"{'<DENSE_REGION_CAPTION>': {'bboxes': [[40.432003021240234, 139.21600341796875, 164.7519989013672, 223.66400146484375], [155.34400939941406, 57.90400314331055, 190.9600067138672, 203.50401306152344], [192.0800018310547, 49.16800308227539, 223.66400146484375, 196.5600128173828], [99.12000274658203, 58.35200119018555, 137.42401123046875, 143.4720001220703], [139.88800048828125, 60.816001892089844, 165.20001220703125, 145.93600463867188]], 'labels': ['desk', 'person', 'person', 'person', 'person']}}"
0035,"{'<DENSE_REGION_CAPTION>': {'bboxes': [[161.6160125732422, 87.02400207519531, 188.49600219726562, 200.59201049804688], [176.40000915527344, 8.40000057220459, 190.5120086669922, 32.592002868652344], [191.1840057373047, 6.6080002784729, 202.38400268554688, 32.816001892089844], [167.21600341796875, 8.176000595092773, 176.84800720214844, 33.48800277709961], [106.51200103759766, 123.08800506591797, 114.80000305175781, 152.656005859375], [154.67201232910156, 9.072000503540039, 163.6320037841797, 25.200000762939453], [144.59201049804688, 9.520000457763672, 153.3280029296875, 24.97599983215332], [134.7360076904297, 7.728000164031982, 143.2480010986328, 24.304000854492188], [48.496002197265625, 140.7840118408203, 57.45600128173828, 151.31201171875]], 'labels': ['fancy dress', 'bottle', 'bottle', 'bottle', 'bottle', 'bottle', 'bottle', 'bottle', 'bottle']}}"
0036,"{'<DENSE_REGION_CAPTION>': {'bboxes': [[160.49600219726562, 87.02400207519531, 189.6160125732422, 195.21600341796875], [106.06400299072266, 122.19200134277344, 114.80000305175781, 152.656005859375], [111.66400146484375, 65.0719985961914, 122.41600036621094, 87.02400207519531]], 'labels': ['fancy dress', 'bottle', 'human face']}}"
0037,"{'<DENSE_REGION_CAPTION>': {'bboxes': [[143.9199981689453, 57.90400314331055, 180.2080078125, 209.3280029296875], [24.75200080871582, 64.4000015258789, 58.35200119018555, 202.60800170898438], [98.67200469970703, 57.00800323486328, 138.32000732421875, 143.9199981689453], [24.75200080871582, 64.4000015258789, 57.90400314331055, 157.80799865722656], [136.5279998779297, 61.93600082397461, 163.4080047607422, 141.6800079345703]], 'labels': ['person', 'person', 'person', 'person', 'person']}}"
0038,"{'<DENSE_REGION_CAPTION>': {'bboxes': [[131.15200805664062, 61.93600082397461, 174.16000366210938, 212.46400451660156], [23.18400001525879, 87.47200012207031, 65.52000427246094, 203.50401306152344], [99.12000274658203, 57.00800323486328, 137.87200927734375, 143.6959991455078], [206.19200134277344, 47.82400131225586, 223.66400146484375, 132.94400024414062], [106.06400299072266, 122.19200134277344, 114.80000305175781, 152.656005859375]], 'labels': ['person', 'person', 'person', 'person', 'bottle']}}"
0039,"{'<DENSE_REGION_CAPTION>': {'bboxes': [[111.21600341796875, 32.816001892089844, 203.95201110839844, 198.5760040283203], [16.91200065612793, 138.32000732421875, 64.8479995727539, 223.66400146484375], [108.97600555419922, 153.10400390625, 149.52000427246094, 223.66400146484375], [0.1120000034570694, 171.2480010986328, 24.75200080871582, 223.66400146484375], [111.21600341796875, 67.31200408935547, 122.19200134277344, 89.71200561523438]], 'labels': ['cabinetry', 'chair', 'chair', 'chair', 'human face']}}"
0040,"{'<DENSE_REGION_CAPTION>': {'bboxes': [[138.76800537109375, 92.1760025024414, 166.99200439453125, 200.81600952148438], [105.61600494384766, 110.99200439453125, 114.80000305175781, 152.656005859375], [166.99200439453125, 8.176000595092773, 176.84800720214844, 33.48800277709961], [177.74400329589844, 8.176000595092773, 188.04800415039062, 25.424001693725586], [154.67201232910156, 8.40000057220459, 163.6320037841797, 25.424001693725586], [144.59201049804688, 9.520000457763672, 153.3280029296875, 25.200000762939453]], 'labels': ['fancy dress', 'bottle', 'bottle', 'bottle', 'bottle', 'bottle']}}"
0041,"{'<DENSE_REGION_CAPTION>': {'bboxes': [[111.21600341796875, 33.040000915527344, 203.95201110839844, 198.3520050048828], [4.144000053405762, 39.0880012512207, 73.13600158691406, 204.17601013183594], [16.91200065612793, 138.54400634765625, 63.952003479003906, 223.66400146484375], [108.97600555419922, 153.7760009765625, 149.29600524902344, 223.66400146484375], [0.1120000034570694, 171.2480010986328, 24.527999877929688, 223.66400146484375], [111.21600341796875, 66.41600036621094, 122.19200134277344, 89.04000091552734]], 'labels': ['cabinetry', 'cabinetry', 'chair', 'chair', 'chair', 'human face']}}"
0042,"{'<DENSE_REGION_CAPTION>': {'bboxes': [[105.61600494384766, 116.36800384521484, 114.80000305175781, 152.656005859375], [195.21600341796875, 57.68000030517578, 206.864013671875, 82.09600067138672], [111.66400146484375, 67.08800506591797, 122.41600036621094, 89.71200561523438]], 'labels': ['bottle', 'human face', 'human face']}}"
0043,"{'<DENSE_REGION_CAPTION>': {'bboxes': [[105.39200592041016, 110.54400634765625, 114.80000305175781, 152.8800048828125], [40.432003021240234, 16.91200065612793, 51.40800094604492, 40.880001068115234], [166.76800537109375, 8.176000595092773, 176.62400817871094, 33.48800277709961], [190.9600067138672, 6.832000255584717, 201.71200561523438, 30.128000259399414], [177.74400329589844, 8.40000057220459, 187.82400512695312, 25.648000717163086], [154.447998046875, 8.624000549316406, 163.4080047607422, 25.424001693725586], [144.36801147460938, 9.520000457763672, 153.10400390625, 25.200000762939453], [134.2880096435547, 7.728000164031982, 143.2480010986328, 24.304000854492188], [64.6240005493164, 24.304000854492188, 72.01599884033203, 39.53600311279297]], 'labels': ['bottle', 'bottle', 'bottle', 'bottle', 'bottle', 'bottle', 'bottle', 'bottle', 'bottle']}}"
0044,"{'<DENSE_REGION_CAPTION>': {'bboxes': [[125.3280029296875, 55.88800048828125, 177.96800231933594, 223.66400146484375], [20.496000289916992, 57.45600128173828, 48.720001220703125, 203.05599975585938], [99.12000274658203, 57.68000030517578, 135.4080047607422, 143.9199981689453], [20.944000244140625, 57.45600128173828, 45.13600158691406, 160.04800415039062], [176.40000915527344, 8.176000595092773, 190.5120086669922, 32.592002868652344], [106.06400299072266, 121.29600524902344, 114.80000305175781, 152.656005859375], [167.21600341796875, 8.176000595092773, 176.84800720214844, 33.48800277709961], [191.6320037841797, 6.6080002784729, 202.16000366210938, 29.00800132751465], [154.67201232910156, 8.624000549316406, 163.6320037841797, 25.424001693725586], [144.81600952148438, 9.744000434875488, 153.3280029296875, 24.97599983215332]], 'labels': ['person', 'person', 'person', 'person', 'bottle', 'bottle', 'bottle', 'bottle', 'bottle', 'bottle']}}"
0045,"{'<DENSE_REGION_CAPTION>': {'bboxes': [[0.1120000034570694, 159.82400512695312, 64.6240005493164, 223.66400146484375], [16.687999725341797, 57.45600128173828, 54.992000579833984, 217.6160125732422], [140.55999755859375, 59.02400207519531, 176.17601013183594, 203.95201110839844], [95.31200408935547, 59.47200012207031, 123.76000213623047, 223.66400146484375], [111.21600341796875, 57.90400314331055, 136.7519989013672, 143.2480010986328], [136.0800018310547, 61.93600082397461, 153.10400390625, 97.552001953125]], 'labels': ['chair', 'person', 'person', 'person', 'person', 'person']}}"
0046,"{'<DENSE_REGION_CAPTION>': {'bboxes': [[120.84800720214844, 62.384002685546875, 170.5760040283203, 223.66400146484375], [48.720001220703125, 61.93600082397461, 93.74400329589844, 214.03201293945312], [16.239999771118164, 58.57600021362305, 50.512001037597656, 216.72000122070312], [96.8800048828125, 57.90400314331055, 137.64801025390625, 143.4720001220703]], 'labels': ['person', 'person', 'person', 'person']}}"
0047,"{'<DENSE_REGION_CAPTION>': {'bboxes': [[108.30400085449219, 155.12001037597656, 148.84800720214844, 223.66400146484375], [138.54400634765625, 154.447998046875, 168.33599853515625, 223.66400146484375], [110.31999969482422, 62.608001708984375, 121.07200622558594, 86.80000305175781]], 'labels': ['chair', 'chair', 'human face']}}"
0048,"{'<DENSE_REGION_CAPTION>': {'bboxes': [[110.54400634765625, 33.040000915527344, 203.27999877929688, 198.8000030517578], [3.9200000762939453, 39.53600311279297, 72.91200256347656, 140.11199951171875], [0.1120000034570694, 79.63200378417969, 52.75200271606445, 223.66400146484375], [96.43199920654297, 57.00800323486328, 143.0240020751953, 223.66400146484375], [138.99200439453125, 65.74400329589844, 164.0800018310547, 145.04000854492188]], 'labels': ['cabinetry', 'cabinetry', 'person', 'person', 'person']}}"
0049,"{'<DENSE_REGION_CAPTION>': {'bboxes': [[154.89601135253906, 68.20800018310547, 197.9040069580078, 204.40000915527344], [0.1120000034570694, 88.81600189208984, 23.631999969482422, 223.66400146484375], [104.04800415039062, 57.68000030517578, 138.32000732421875, 143.9199981689453], [138.99200439453125, 62.384002685546875, 164.0800018310547, 144.81600952148438]], 'labels': ['person', 'person', 'person', 'person']}}"
0050,"{'<DENSE_REGION_CAPTION>': {'bboxes': [[17.360000610351562, 160.27200317382812, 65.0719985961914, 223.66400146484375], [108.52799987792969, 154.447998046875, 149.07200622558594, 223.66400146484375], [139.21600341796875, 154.67201232910156, 170.8000030517578, 223.66400146484375], [0.1120000034570694, 189.16799926757812, 23.856000900268555, 223.66400146484375], [116.59200286865234, 64.6240005493164, 127.56800079345703, 87.92000579833984]], 'labels': ['chair', 'chair', 'chair', 'chair', 'human face']}}"
0051,"{'<DENSE_REGION_CAPTION>': {'bboxes': [[1.4560000896453857, 98.0, 80.75199890136719, 223.66400146484375], [1.4560000896453857, 139.44000244140625, 75.1520004272461, 223.66400146484375], [164.3040008544922, 60.816001892089844, 193.64801025390625, 202.60800170898438], [14.223999977111816, 58.80000305175781, 42.224002838134766, 159.60000610351562], [132.04800415039062, 62.160003662109375, 162.9600067138672, 144.81600952148438], [107.40800476074219, 59.47200012207031, 137.1999969482422, 127.12000274658203]], 'labels': ['person', 'person', 'person', 'person', 'person', 'person']}}"
0052,"{'<DENSE_REGION_CAPTION>': {'bboxes': [[3.248000144958496, 93.52000427246094, 76.72000122070312, 223.66400146484375], [160.49600219726562, 58.80000305175781, 186.70401000976562, 204.17601013183594], [97.552001953125, 57.00800323486328, 137.64801025390625, 138.32000732421875], [14.672000885009766, 64.1760025024414, 43.34400177001953, 161.16799926757812], [132.94400024414062, 61.48800277709961, 163.1840057373047, 142.8000030517578], [106.28800201416016, 122.19200134277344, 115.02400207519531, 152.4320068359375]], 'labels': ['person', 'person', 'person', 'person', 'person', 'bottle']}}"
0053,"{'<DENSE_REGION_CAPTION>': {'bboxes': [[110.54400634765625, 33.263999938964844, 203.50401306152344, 198.5760040283203], [4.144000053405762, 39.76000213623047, 72.68800354003906, 184.46400451660156], [108.52799987792969, 153.10400390625, 148.84800720214844, 223.66400146484375], [138.76800537109375, 154.2239990234375, 167.88800048828125, 223.66400146484375], [69.7760009765625, 190.0640106201172, 112.78400421142578, 223.66400146484375], [21.84000015258789, 163.1840057373047, 37.74399948120117, 202.60800170898438], [21.61600112915039, 67.08800506591797, 33.93600082397461, 93.07200622558594], [111.21600341796875, 61.93600082397461, 122.41600036621094, 86.12800598144531], [137.1999969482422, 77.16799926757812, 146.83200073242188, 89.26399993896484]], 'labels': ['cabinetry', 'cabinetry', 'chair', 'chair', 'chair', 'human face', 'human face', 'human face', 'human face']}}"
0054,"{'<DENSE_REGION_CAPTION>': {'bboxes': [[108.75200653076172, 155.12001037597656, 149.29600524902344, 223.66400146484375], [138.99200439453125, 152.8800048828125, 168.11199951171875, 223.66400146484375], [111.66400146484375, 63.952003479003906, 122.86400604248047, 87.69599914550781]], 'labels': ['chair', 'chair', 'human face']}}"
0055,"{'<DENSE_REGION_CAPTION>': {'bboxes': [[108.75200653076172, 154.89601135253906, 149.07200622558594, 223.66400146484375], [138.99200439453125, 153.10400390625, 170.8000030517578, 223.66400146484375], [21.168001174926758, 68.43199920654297, 32.816001892089844, 92.6240005493164], [109.42400360107422, 63.952003479003906, 120.4000015258789, 87.92000579833984], [161.8400115966797, 74.2560043334961, 172.14401245117188, 95.76000213623047]], 'labels': ['chair', 'chair', 'human face', 'human face', 'human face']}}"
0056,"{'<DENSE_REGION_CAPTION>': {'bboxes': [[0.1120000034570694, 132.72000122070312, 74.7040023803711, 223.66400146484375], [115.02400207519531, 83.21600341796875, 171.6959991455078, 223.66400146484375], [29.00800132751465, 167.44000244140625, 40.880001068115234, 205.74400329589844], [19.376001358032227, 68.656005859375, 32.36800003051758, 93.07200622558594], [135.8560028076172, 90.60800170898438, 147.72801208496094, 115.24800109863281], [108.97600555419922, 63.28000259399414, 119.9520034790039, 87.92000579833984]], 'labels': ['boy', 'girl', 'human face', 'human face', 'human face', 'human face']}}"
0057,"{'<DENSE_REGION_CAPTION>': {'bboxes': [[108.30400085449219, 154.447998046875, 149.29600524902344, 223.66400146484375], [138.99200439453125, 154.89601135253906, 170.5760040283203, 223.66400146484375], [54.544002532958984, 141.0080108642578, 167.21600341796875, 171.2480010986328], [0.1120000034570694, 191.1840057373047, 23.18400001525879, 223.66400146484375], [63.952003479003906, 83.44000244140625, 76.04800415039062, 111.44000244140625], [20.04800033569336, 67.76000213623047, 32.14400100708008, 93.52000427246094], [111.44000244140625, 66.19200134277344, 122.41600036621094, 89.26399993896484], [144.36801147460938, 76.27200317382812, 155.34400939941406, 89.93600463867188]], 'labels': ['chair', 'chair', 'table', 'chair', 'human face', 'human face', 'human face', 'human face']}}"
0058,"{'<DENSE_REGION_CAPTION>': {'bboxes': [[0.1120000034570694, 102.4800033569336, 64.1760025024414, 223.66400146484375], [0.1120000034570694, 102.4800033569336, 43.79199981689453, 223.66400146484375], [0.1120000034570694, 139.88800048828125, 45.13600158691406, 223.66400146484375], [103.1520004272461, 57.45600128173828, 136.3040008544922, 143.6959991455078], [0.1120000034570694, 102.4800033569336, 29.904001235961914, 223.66400146484375], [9.520000457763672, 58.80000305175781, 37.74399948120117, 135.4080047607422], [0.1120000034570694, 65.0719985961914, 14.896000862121582, 223.66400146484375], [0.1120000034570694, 65.0719985961914, 14.672000885009766, 106.96000671386719], [105.61600494384766, 115.47200012207031, 115.02400207519531, 151.9840087890625], [0.1120000034570694, 178.86399841308594, 24.97599983215332, 223.66400146484375], [17.583999633789062, 67.08800506591797, 30.128000259399414, 93.07200622558594], [112.11200714111328, 66.41600036621094, 122.86400604248047, 90.16000366210938], [153.3280029296875, 75.1520004272461, 164.0800018310547, 89.71200561523438]], 'labels': ['person', 'person', 'person', 'person', 'person', 'person', 'person', 'person', 'bottle', 'human face', 'human face', 'human face', 'human face']}}"
0059,"{'<DENSE_REGION_CAPTION>': {'bboxes': [[0.1120000034570694, 190.5120086669922, 23.631999969482422, 223.66400146484375], [111.21600341796875, 65.96800231933594, 122.19200134277344, 89.71200561523438]], 'labels': ['chair', 'human face']}}"
0060,"{'<DENSE_REGION_CAPTION>': {'bboxes': [[22.736000061035156, 161.8400115966797, 61.93600082397461, 223.66400146484375], [109.20000457763672, 152.8800048828125, 143.2480010986328, 208.2080078125], [0.1120000034570694, 177.74400329589844, 22.96000099182129, 223.66400146484375], [109.87200164794922, 65.52000427246094, 121.07200622558594, 89.04000091552734]], 'labels': ['chair', 'chair', 'chair', 'human face']}}"
0061,"{'<DENSE_REGION_CAPTION>': {'bboxes': [[116.81600189208984, 57.90400314331055, 152.2080078125, 223.66400146484375], [171.0240020751953, 65.29600524902344, 203.95201110839844, 202.38400268554688], [28.560001373291016, 61.93600082397461, 58.57600021362305, 150.19200134277344], [97.10400390625, 57.90400314331055, 128.91200256347656, 136.7519989013672], [172.14401245117188, 65.29600524902344, 200.81600952148438, 122.41600036621094], [130.25599670410156, 192.3040008544922, 172.36801147460938, 223.66400146484375]], 'labels': ['person', 'person', 'person', 'person', 'person', 'person']}}"
0062,"{'<DENSE_REGION_CAPTION>': {'bboxes': [[111.21600341796875, 33.263999938964844, 203.50401306152344, 198.8000030517578], [3.9200000762939453, 39.98400115966797, 72.91200256347656, 142.8000030517578], [0.1120000034570694, 138.54400634765625, 64.6240005493164, 223.66400146484375], [16.91200065612793, 138.54400634765625, 64.6240005493164, 218.5120086669922], [109.20000457763672, 154.447998046875, 152.8800048828125, 223.66400146484375], [0.1120000034570694, 138.54400634765625, 27.440000534057617, 223.66400146484375], [109.42400360107422, 154.447998046875, 145.04000854492188, 206.864013671875], [0.1120000034570694, 189.6160125732422, 24.75200080871582, 223.66400146484375], [116.36800384521484, 203.27999877929688, 152.656005859375, 223.66400146484375], [176.17601013183594, 7.952000141143799, 190.2880096435547, 32.592002868652344], [40.432003021240234, 12.656000137329102, 51.40800094604492, 40.656002044677734], [166.76800537109375, 7.952000141143799, 176.62400817871094, 33.48800277709961], [191.1840057373047, 6.384000301361084, 201.71200561523438, 29.45600128173828], [55.21600341796875, 14.896000862121582, 65.0719985961914, 39.76000213623047], [106.06400299072266, 122.41600036621094, 114.57600402832031, 151.9840087890625], [49.39200210571289, 14.896000862121582, 56.560001373291016, 39.98400115966797], [154.2239990234375, 8.624000549316406, 163.4080047607422, 25.424001693725586], [134.5120086669922, 7.728000164031982, 143.4720001220703, 24.527999877929688], [144.36801147460938, 9.520000457763672, 153.10400390625, 24.97599983215332], [64.6240005493164, 23.631999969482422, 72.01599884033203, 39.53600311279297]], 'labels': ['cabinetry', 'cabinetry', 'chair', 'chair', 'chair', 'chair', 'chair', 'chair', 'chair', 'bottle', 'bottle', 'bottle', 'bottle', 'bottle', 'bottle', 'bottle', 'bottle', 'bottle', 'bottle', 'bottle']}}"
0063,"{'<DENSE_REGION_CAPTION>': {'bboxes': [[168.7840118408203, 125.552001953125, 220.97601318359375, 223.66400146484375], [168.11199951171875, 72.91200256347656, 221.42401123046875, 223.66400146484375], [26.768001556396484, 65.74400329589844, 80.97600555419922, 204.40000915527344], [99.12000274658203, 78.06400299072266, 130.70401000976562, 223.66400146484375], [145.48800659179688, 57.45600128173828, 175.95201110839844, 146.38400268554688], [102.9280014038086, 57.90400314331055, 136.0800018310547, 142.5760040283203]], 'labels': ['fancy dress', 'person', 'person', 'person', 'person', 'person']}}"
0064,"{'<DENSE_REGION_CAPTION>': {'bboxes': [[118.38400268554688, 121.07200622558594, 173.93600463867188, 216.04800415039062], [118.38400268554688, 97.10400390625, 174.16000366210938, 223.66400146484375], [2.3519999980926514, 80.30400085449219, 49.84000015258789, 223.66400146484375], [58.12800216674805, 77.84000396728516, 91.5040054321289, 196.11199951171875], [95.31200408935547, 58.12800216674805, 136.0800018310547, 143.4720001220703]], 'labels': ['fancy dress', 'person', 'person', 'woman', 'woman']}}"
0065,"{'<DENSE_REGION_CAPTION>': {'bboxes': [[29.23200035095215, 98.0, 91.05599975585938, 222.09600830078125], [126.22400665283203, 84.33600616455078, 169.2320098876953, 223.66400146484375], [94.86400604248047, 58.35200119018555, 135.6320037841797, 143.6959991455078]], 'labels': ['person', 'woman', 'woman']}}"
0066,"{'<DENSE_REGION_CAPTION>': {'bboxes': [[128.24000549316406, 61.71200180053711, 170.1280059814453, 223.66400146484375], [113.90400695800781, 67.98400115966797, 124.8800048828125, 91.2800064086914]], 'labels': ['girl', 'human face']}}"
0067,"{'<DENSE_REGION_CAPTION>': {'bboxes': [[131.82400512695312, 78.73600006103516, 172.14401245117188, 223.66400146484375], [173.93600463867188, 77.39200592041016, 216.72000122070312, 198.1280059814453], [28.784000396728516, 117.48800659179688, 76.27200317382812, 220.75201416015625], [93.96800231933594, 58.35200119018555, 137.42401123046875, 143.9199981689453], [43.12000274658203, 62.832000732421875, 70.2239990234375, 130.70401000976562]], 'labels': ['person', 'woman', 'person', 'person', 'person']}}"
0068,"{'<DENSE_REGION_CAPTION>': {'bboxes': [[132.04800415039062, 78.95999908447266, 170.5760040283203, 223.66400146484375], [111.66400146484375, 70.0, 122.41600036621094, 92.6240005493164]], 'labels': ['girl', 'human face']}}"
0069,"{'<DENSE_REGION_CAPTION>': {'bboxes': [[111.21600341796875, 33.263999938964844, 203.50401306152344, 136.9759979248047], [3.9200000762939453, 39.53600311279297, 72.46400451660156, 136.3040008544922], [40.432003021240234, 140.55999755859375, 135.6320037841797, 190.5120086669922], [104.94400024414062, 121.74400329589844, 114.57600402832031, 152.4320068359375], [0.1120000034570694, 99.56800079345703, 10.192000389099121, 128.46400451660156], [110.09600067138672, 69.3280029296875, 121.07200622558594, 92.1760025024414]], 'labels': ['cabinetry', 'cabinetry', 'table', 'bottle', 'human face', 'human face']}}"
0070,"{'<DENSE_REGION_CAPTION>': {'bboxes': [[111.21600341796875, 33.263999938964844, 203.50401306152344, 135.8560028076172], [3.248000144958496, 39.76000213623047, 72.24000549316406, 140.55999755859375], [22.512001037597656, 160.72000122070312, 64.8479995727539, 223.66400146484375], [0.1120000034570694, 189.16799926757812, 24.75200080871582, 223.66400146484375], [110.99200439453125, 69.3280029296875, 121.96800231933594, 92.1760025024414]], 'labels': ['cabinetry', 'cabinetry', 'chair', 'chair', 'human face']}}"
0071,"{'<DENSE_REGION_CAPTION>': {'bboxes': [[111.21600341796875, 33.263999938964844, 203.50401306152344, 135.8560028076172], [3.248000144958496, 39.76000213623047, 72.24000549316406, 142.3520050048828], [18.48000144958496, 156.68800354003906, 64.6240005493164, 223.66400146484375], [115.02400207519531, 154.2239990234375, 141.0080108642578, 223.66400146484375], [0.1120000034570694, 189.16799926757812, 24.75200080871582, 223.66400146484375], [104.94400024414062, 118.38400268554688, 114.57600402832031, 152.4320068359375], [166.76800537109375, 7.952000141143799, 176.62400817871094, 33.263999938964844], [191.1840057373047, 6.6080002784729, 201.71200561523438, 29.45600128173828], [177.74400329589844, 8.176000595092773, 187.60000610351562, 25.200000762939453], [154.447998046875, 8.40000057220459, 163.4080047607422, 25.200000762939453], [144.36801147460938, 9.520000457763672, 153.10400390625, 24.97599983215332]], 'labels': ['cabinetry', 'cabinetry', 'chair', 'chair', 'chair', 'bottle', 'bottle', 'bottle', 'bottle', 'bottle', 'bottle']}}"
0072,"{'<DENSE_REGION_CAPTION>': {'bboxes': [[110.99200439453125, 33.263999938964844, 203.95201110839844, 136.0800018310547], [18.48000144958496, 156.68800354003906, 64.8479995727539, 223.66400146484375], [0.1120000034570694, 189.39199829101562, 24.75200080871582, 223.66400146484375], [110.54400634765625, 66.86399841308594, 122.19200134277344, 91.7280044555664]], 'labels': ['cabinetry', 'chair', 'chair', 'human face']}}"
0073,"{'<DENSE_REGION_CAPTION>': {'bboxes': [[132.94400024414062, 80.08000183105469, 171.6959991455078, 223.66400146484375], [18.48000144958496, 156.91200256347656, 64.6240005493164, 223.66400146484375], [114.35200500488281, 154.447998046875, 141.2320098876953, 223.66400146484375], [0.1120000034570694, 189.16799926757812, 24.75200080871582, 223.66400146484375], [110.09600067138672, 69.10400390625, 120.84800720214844, 90.60800170898438]], 'labels': ['girl', 'chair', 'chair', 'chair', 'human face']}}"
0074,"{'<DENSE_REGION_CAPTION>': {'bboxes': [[127.79200744628906, 57.68000030517578, 172.14401245117188, 223.66400146484375], [109.42400360107422, 68.8800048828125, 120.1760025024414, 91.7280044555664]], 'labels': ['girl', 'human face']}}"
0075,"{'<DENSE_REGION_CAPTION>': {'bboxes': [[89.04000091552734, 117.48800659179688, 143.6959991455078, 223.66400146484375], [88.59200286865234, 95.31200408935547, 144.1439971923828, 223.66400146484375], [25.87200164794922, 57.45600128173828, 67.98400115966797, 205.74400329589844], [153.7760009765625, 49.61600112915039, 184.01600646972656, 202.83200073242188], [27.440000534057617, 57.45600128173828, 66.86399841308594, 160.94400024414062], [95.31200408935547, 59.02400207519531, 136.0800018310547, 143.0240020751953]], 'labels': ['fancy dress', 'person', 'person', 'person', 'person', 'person']}}"
0076,"{'<DENSE_REGION_CAPTION>': {'bboxes': [[20.04800033569336, 95.98400115966797, 76.49600219726562, 219.8560028076172], [95.31200408935547, 59.69600296020508, 136.9759979248047, 143.9199981689453], [141.2320098876953, 52.08000183105469, 171.9199981689453, 146.16000366210938]], 'labels': ['person', 'person', 'person']}}"
0077,"{'<DENSE_REGION_CAPTION>': {'bboxes': [[40.432003021240234, 57.00800323486328, 87.02400207519531, 210.0], [88.14400482177734, 59.69600296020508, 135.6320037841797, 144.1439971923828], [127.56800079345703, 56.336002349853516, 164.9759979248047, 146.38400268554688]], 'labels': ['person', 'person', 'person']}}"
0078,"{'<DENSE_REGION_CAPTION>': {'bboxes': [[60.816001892089844, 56.560001373291016, 93.96800231933594, 208.656005859375], [93.96800231933594, 59.24800109863281, 138.09600830078125, 143.6959991455078], [132.72000122070312, 50.736000061035156, 164.0800018310547, 146.16000366210938]], 'labels': ['person', 'person', 'person']}}"
0079,"{'<DENSE_REGION_CAPTION>': {'bboxes': [[100.68800354003906, 59.47200012207031, 143.6959991455078, 223.66400146484375], [131.15200805664062, 50.064002990722656, 165.87200927734375, 146.16000366210938]], 'labels': ['person', 'person']}}"
0080,"{'<DENSE_REGION_CAPTION>': {'bboxes': [[113.90400695800781, 153.10400390625, 153.7760009765625, 223.66400146484375], [17.360000610351562, 140.55999755859375, 163.1840057373047, 171.4720001220703]], 'labels': ['chair', 'table']}}"
0081,"{'<DENSE_REGION_CAPTION>': {'bboxes': [[0.1120000034570694, 93.07200622558594, 65.74400329589844, 223.66400146484375], [153.3280029296875, 67.08800506591797, 192.97601318359375, 214.92800903320312], [0.1120000034570694, 93.07200622558594, 46.47999954223633, 223.66400146484375], [95.76000213623047, 58.80000305175781, 136.5279998779297, 143.4720001220703], [132.27200317382812, 53.87200164794922, 163.6320037841797, 146.16000366210938]], 'labels': ['person', 'person', 'person', 'person', 'person']}}"
0082,"{'<DENSE_REGION_CAPTION>': {'bboxes': [[109.42400360107422, 33.263999938964844, 203.95201110839844, 198.3520050048828], [4.368000030517578, 39.53600311279297, 73.13600158691406, 136.9759979248047], [114.35200500488281, 152.656005859375, 154.2239990234375, 223.66400146484375], [109.64800262451172, 68.43199920654297, 120.4000015258789, 92.1760025024414]], 'labels': ['cabinetry', 'cabinetry', 'chair', 'human face']}}"
0083,"{'<DENSE_REGION_CAPTION>': {'bboxes': [[105.39200592041016, 116.81600189208984, 115.02400207519531, 152.4320068359375], [110.54400634765625, 67.98400115966797, 121.29600524902344, 91.7280044555664]], 'labels': ['bottle', 'human face']}}"
0084,"{'<DENSE_REGION_CAPTION>': {'bboxes': [[104.94400024414062, 115.92000579833984, 115.02400207519531, 152.4320068359375], [110.31999969482422, 67.76000213623047, 121.07200622558594, 91.7280044555664]], 'labels': ['bottle', 'human face']}}"
0085,"{'<DENSE_REGION_CAPTION>': {'bboxes': [[110.54400634765625, 33.263999938964844, 203.50401306152344, 145.04000854492188], [4.5920000076293945, 39.0880012512207, 72.68800354003906, 140.55999755859375], [114.35200500488281, 153.10400390625, 153.3280029296875, 223.66400146484375], [109.87200164794922, 66.63999938964844, 120.84800720214844, 91.7280044555664]], 'labels': ['cabinetry', 'cabinetry', 'chair', 'human face']}}"
0086,"{'<DENSE_REGION_CAPTION>': {'bboxes': [[113.90400695800781, 153.10400390625, 153.552001953125, 223.66400146484375], [108.30400085449219, 67.98400115966797, 119.9520034790039, 91.7280044555664]], 'labels': ['chair', 'human face']}}"
0087,"{'<DENSE_REGION_CAPTION>': {'bboxes': [[110.54400634765625, 33.263999938964844, 203.50401306152344, 142.5760040283203], [4.5920000076293945, 39.53600311279297, 72.68800354003906, 140.55999755859375], [114.35200500488281, 153.10400390625, 153.3280029296875, 223.66400146484375], [108.08000183105469, 67.76000213623047, 119.5040054321289, 90.38400268554688]], 'labels': ['cabinetry', 'cabinetry', 'chair', 'human face']}}"
0088,"{'<DENSE_REGION_CAPTION>': {'bboxes': [[110.54400634765625, 33.263999938964844, 203.50401306152344, 143.9199981689453], [4.368000030517578, 39.0880012512207, 72.68800354003906, 140.55999755859375], [114.35200500488281, 153.10400390625, 153.10400390625, 223.66400146484375], [110.54400634765625, 65.29600524902344, 121.29600524902344, 89.71200561523438]], 'labels': ['cabinetry', 'cabinetry', 'chair', 'human face']}}"
0089,"{'<DENSE_REGION_CAPTION>': {'bboxes': [[110.31999969482422, 33.48800277709961, 203.50401306152344, 145.04000854492188], [3.9200000762939453, 39.0880012512207, 72.46400451660156, 118.60800170898438], [114.35200500488281, 153.10400390625, 153.3280029296875, 223.66400146484375], [109.87200164794922, 66.63999938964844, 120.6240005493164, 90.38400268554688]], 'labels': ['cabinetry', 'cabinetry', 'chair', 'human face']}}"
0090,"{'<DENSE_REGION_CAPTION>': {'bboxes': [[151.9840087890625, 65.0719985961914, 210.89601135253906, 223.66400146484375], [5.936000347137451, 88.36800384521484, 50.96000289916992, 223.66400146484375], [96.656005859375, 58.80000305175781, 136.3040008544922, 143.6959991455078], [132.72000122070312, 49.84000015258789, 166.54400634765625, 145.71200561523438]], 'labels': ['person', 'person', 'person', 'person']}}"
0091,"{'<DENSE_REGION_CAPTION>': {'bboxes': [[110.31999969482422, 33.263999938964844, 203.50401306152344, 144.1439971923828], [4.5920000076293945, 39.0880012512207, 72.68800354003906, 139.88800048828125], [114.35200500488281, 153.552001953125, 153.552001953125, 223.66400146484375], [110.09600067138672, 67.31200408935547, 121.07200622558594, 91.7280044555664]], 'labels': ['cabinetry', 'cabinetry', 'chair', 'human face']}}"
0092,"{'<DENSE_REGION_CAPTION>': {'bboxes': [[110.31999969482422, 33.263999938964844, 203.50401306152344, 145.93600463867188], [4.368000030517578, 39.3120002746582, 72.46400451660156, 139.88800048828125], [114.35200500488281, 153.552001953125, 153.10400390625, 223.66400146484375], [141.4560089111328, 153.552001953125, 166.32000732421875, 223.66400146484375], [109.64800262451172, 67.31200408935547, 120.6240005493164, 91.2800064086914]], 'labels': ['cabinetry', 'cabinetry', 'chair', 'chair', 'human face']}}"
0093,"{'<DENSE_REGION_CAPTION>': {'bboxes': [[110.31999969482422, 33.263999938964844, 203.50401306152344, 145.71200561523438], [4.368000030517578, 39.53600311279297, 72.68800354003906, 140.55999755859375], [114.80000305175781, 153.10400390625, 153.3280029296875, 223.66400146484375], [109.64800262451172, 67.31200408935547, 120.6240005493164, 90.83200073242188]], 'labels': ['cabinetry', 'cabinetry', 'chair', 'human face']}}"
0094,"{'<DENSE_REGION_CAPTION>': {'bboxes': [[110.31999969482422, 33.48800277709961, 203.50401306152344, 145.93600463867188], [4.368000030517578, 39.53600311279297, 72.68800354003906, 141.2320098876953], [114.80000305175781, 153.10400390625, 153.10400390625, 223.66400146484375], [108.97600555419922, 68.43199920654297, 119.7280044555664, 91.7280044555664]], 'labels': ['cabinetry', 'cabinetry', 'chair', 'human face']}}"
0095,"{'<DENSE_REGION_CAPTION>': {'bboxes': [[110.99200439453125, 33.263999938964844, 203.50401306152344, 145.04000854492188], [4.5920000076293945, 39.98400115966797, 72.46400451660156, 140.55999755859375], [114.35200500488281, 153.552001953125, 153.3280029296875, 223.66400146484375], [110.76800537109375, 67.31200408935547, 121.52000427246094, 91.7280044555664]], 'labels': ['cabinetry', 'cabinetry', 'chair', 'human face']}}"
0096,"{'<DENSE_REGION_CAPTION>': {'bboxes': [[176.40000915527344, 8.176000595092773, 190.5120086669922, 32.592002868652344], [154.2239990234375, 8.176000595092773, 168.11199951171875, 33.93600082397461], [191.1840057373047, 6.384000301361084, 202.16000366210938, 31.920000076293945], [166.76800537109375, 7.952000141143799, 176.62400817871094, 33.71200180053711], [105.61600494384766, 121.07200622558594, 114.57600402832031, 152.2080078125], [48.944000244140625, 14.44800090789795, 56.336002349853516, 39.98400115966797], [134.2880096435547, 7.504000186920166, 143.4720001220703, 24.079999923706055], [144.36801147460938, 9.520000457763672, 153.10400390625, 24.97599983215332], [49.16800308227539, 140.7840118408203, 57.00800323486328, 151.08799743652344]], 'labels': ['bottle', 'bottle', 'bottle', 'bottle', 'bottle', 'bottle', 'bottle', 'bottle', 'bottle']}}"
0097,"{'<DENSE_REGION_CAPTION>': {'bboxes': [[111.21600341796875, 33.263999938964844, 203.50401306152344, 145.93600463867188], [4.5920000076293945, 39.98400115966797, 72.68800354003906, 140.55999755859375], [114.57600402832031, 153.552001953125, 153.3280029296875, 223.66400146484375], [141.4560089111328, 154.447998046875, 167.21600341796875, 223.66400146484375], [109.87200164794922, 67.98400115966797, 120.4000015258789, 92.1760025024414]], 'labels': ['cabinetry', 'cabinetry', 'chair', 'chair', 'human face']}}"
0098,"{'<DENSE_REGION_CAPTION>': {'bboxes': [[111.21600341796875, 33.263999938964844, 203.50401306152344, 145.04000854492188], [4.5920000076293945, 39.98400115966797, 72.46400451660156, 155.79200744628906], [114.35200500488281, 153.552001953125, 153.10400390625, 223.66400146484375], [109.42400360107422, 68.656005859375, 119.7280044555664, 91.7280044555664]], 'labels': ['cabinetry', 'cabinetry', 'chair', 'human face']}}"
0099,"{'<DENSE_REGION_CAPTION>': {'bboxes': [[57.68000030517578, 142.3520050048828, 166.32000732421875, 190.0640106201172], [30.576000213623047, 146.38400268554688, 54.992000579833984, 196.33599853515625], [107.40800476074219, 69.7760009765625, 118.38400268554688, 93.07200622558594]], 'labels': ['desk', 'human face', 'human face']}}"
0100,"{'<DENSE_REGION_CAPTION>': {'bboxes': [[105.39200592041016, 121.07200622558594, 114.80000305175781, 152.4320068359375], [26.992000579833984, 141.0080108642578, 48.944000244140625, 196.33599853515625], [143.4720001220703, 60.36800003051758, 154.67201232910156, 83.44000244140625], [108.08000183105469, 70.0, 118.60800170898438, 92.1760025024414]], 'labels': ['bottle', 'human face', 'human face', 'human face']}}"
0101,"{'<DENSE_REGION_CAPTION>': {'bboxes': [[110.54400634765625, 33.263999938964844, 203.50401306152344, 177.74400329589844], [4.5920000076293945, 39.98400115966797, 72.68800354003906, 145.04000854492188], [114.35200500488281, 153.552001953125, 153.3280029296875, 223.66400146484375], [0.1120000034570694, 138.54400634765625, 29.23200035095215, 223.66400146484375], [0.1120000034570694, 187.60000610351562, 28.112001419067383, 223.66400146484375], [28.112001419067383, 158.92800903320312, 39.3120002746582, 199.4720001220703], [108.08000183105469, 69.3280029296875, 119.0560073852539, 92.4000015258789], [142.5760040283203, 68.8800048828125, 153.7760009765625, 89.71200561523438]], 'labels': ['cabinetry', 'cabinetry', 'chair', 'chair', 'chair', 'human face', 'human face', 'human face']}}"
0102,"{'<DENSE_REGION_CAPTION>': {'bboxes': [[113.90400695800781, 153.10400390625, 153.552001953125, 223.66400146484375], [9.296000480651855, 145.93600463867188, 24.079999923706055, 196.33599853515625], [108.52799987792969, 68.8800048828125, 119.5040054321289, 92.6240005493164]], 'labels': ['chair', 'human face', 'human face']}}"
0103,"{'<DENSE_REGION_CAPTION>': {'bboxes': [[105.39200592041016, 120.6240005493164, 114.80000305175781, 152.4320068359375], [166.99200439453125, 8.176000595092773, 176.84800720214844, 33.71200180053711], [191.4080047607422, 6.6080002784729, 201.93600463867188, 29.00800132751465], [55.66400146484375, 14.896000862121582, 65.29600524902344, 39.76000213623047], [64.4000015258789, 19.152000427246094, 72.46400451660156, 39.53600311279297], [154.67201232910156, 8.624000549316406, 163.6320037841797, 25.648000717163086], [144.59201049804688, 9.520000457763672, 153.3280029296875, 24.97599983215332], [134.9600067138672, 9.968000411987305, 143.4720001220703, 24.079999923706055]], 'labels': ['bottle', 'bottle', 'bottle', 'bottle', 'bottle', 'bottle', 'bottle', 'bottle']}}"
0104,"{'<DENSE_REGION_CAPTION>': {'bboxes': [[110.54400634765625, 33.263999938964844, 203.50401306152344, 197.0080108642578], [4.5920000076293945, 39.98400115966797, 72.68800354003906, 142.5760040283203], [114.12800598144531, 153.552001953125, 153.3280029296875, 223.66400146484375], [108.52799987792969, 68.656005859375, 119.5040054321289, 92.1760025024414]], 'labels': ['cabinetry', 'cabinetry', 'chair', 'human face']}}"
0105,"{'<DENSE_REGION_CAPTION>': {'bboxes': [[110.54400634765625, 33.263999938964844, 203.50401306152344, 184.68800354003906], [5.263999938964844, 39.3120002746582, 72.68800354003906, 142.3520050048828], [114.12800598144531, 153.552001953125, 153.552001953125, 223.66400146484375], [26.992000579833984, 164.0800018310547, 66.63999938964844, 223.66400146484375], [108.75200653076172, 70.0, 119.2800064086914, 92.1760025024414]], 'labels': ['cabinetry', 'cabinetry', 'chair', 'chair', 'human face']}}"
0106,"{'<DENSE_REGION_CAPTION>': {'bboxes': [[110.54400634765625, 33.040000915527344, 203.50401306152344, 145.26400756835938], [4.5920000076293945, 39.3120002746582, 72.68800354003906, 142.5760040283203], [114.35200500488281, 153.552001953125, 153.552001953125, 223.66400146484375], [109.87200164794922, 70.44800567626953, 119.9520034790039, 93.96800231933594]], 'labels': ['cabinetry', 'cabinetry', 'chair', 'human face']}}"
0107,"{'<DENSE_REGION_CAPTION>': {'bboxes': [[157.13600158691406, 74.2560043334961, 199.6959991455078, 210.44801330566406], [96.656005859375, 61.48800277709961, 136.9759979248047, 144.36801147460938], [129.13600158691406, 72.91200256347656, 162.0640106201172, 145.93600463867188], [105.39200592041016, 121.52000427246094, 114.80000305175781, 152.4320068359375]], 'labels': ['person', 'person', 'person', 'bottle']}}"
0108,"{'<DENSE_REGION_CAPTION>': {'bboxes': [[105.39200592041016, 116.59200286865234, 114.80000305175781, 152.656005859375]], 'labels': ['bottle']}}"
0109,"{'<DENSE_REGION_CAPTION>': {'bboxes': [[159.15200805664062, 64.8479995727539, 191.6320037841797, 210.44801330566406], [129.13600158691406, 50.512001037597656, 167.44000244140625, 145.93600463867188], [97.552001953125, 57.90400314331055, 135.8560028076172, 143.4720001220703]], 'labels': ['person', 'person', 'person']}}"
0110,"{'<DENSE_REGION_CAPTION>': {'bboxes': [[110.54400634765625, 33.263999938964844, 203.50401306152344, 196.33599853515625], [4.5920000076293945, 39.53600311279297, 72.68800354003906, 142.8000030517578], [16.687999725341797, 138.54400634765625, 66.63999938964844, 223.66400146484375], [114.12800598144531, 153.10400390625, 153.3280029296875, 223.66400146484375], [0.1120000034570694, 104.27200317382812, 32.36800003051758, 223.66400146484375], [130.92800903320312, 50.96000289916992, 163.6320037841797, 145.93600463867188], [100.68800354003906, 58.12800216674805, 133.61599731445312, 143.6959991455078], [176.40000915527344, 8.40000057220459, 190.2880096435547, 32.816001892089844], [105.61600494384766, 118.38400268554688, 114.57600402832031, 152.4320068359375], [190.9600067138672, 6.6080002784729, 201.71200561523438, 31.472000122070312], [166.76800537109375, 7.952000141143799, 176.62400817871094, 33.48800277709961], [154.2239990234375, 8.848000526428223, 163.4080047607422, 25.424001693725586], [144.36801147460938, 9.520000457763672, 153.10400390625, 25.200000762939453]], 'labels': ['cabinetry', 'cabinetry', 'chair', 'chair', 'person', 'person', 'person', 'bottle', 'bottle', 'bottle', 'bottle', 'bottle', 'bottle']}}"
0111,"{'<DENSE_REGION_CAPTION>': {'bboxes': [[110.99200439453125, 33.263999938964844, 203.50401306152344, 141.6800079345703], [4.5920000076293945, 39.76000213623047, 72.46400451660156, 142.3520050048828], [16.91200065612793, 138.76800537109375, 66.63999938964844, 223.66400146484375], [113.90400695800781, 153.552001953125, 153.552001953125, 223.66400146484375], [25.424001693725586, 164.0800018310547, 66.63999938964844, 223.66400146484375], [152.2080078125, 154.67201232910156, 187.37600708007812, 210.44801330566406], [73.36000061035156, 189.8400115966797, 117.48800659179688, 223.66400146484375], [168.5600128173828, 78.73600006103516, 188.49600219726562, 108.75200653076172], [109.42400360107422, 62.608001708984375, 120.84800720214844, 87.47200012207031], [151.5360107421875, 56.112003326416016, 162.2880096435547, 80.52799987792969], [176.17601013183594, 8.624000549316406, 190.0640106201172, 32.816001892089844], [105.84000396728516, 118.38400268554688, 114.80000305175781, 152.656005859375], [190.9600067138672, 6.832000255584717, 201.71200561523438, 31.472000122070312], [166.76800537109375, 8.176000595092773, 176.62400817871094, 33.71200180053711], [154.2239990234375, 9.072000503540039, 163.4080047607422, 25.648000717163086], [144.36801147460938, 9.744000434875488, 153.10400390625, 25.424001693725586]], 'labels': ['cabinetry', 'cabinetry', 'chair', 'chair', 'chair', 'chair', 'chair', 'human face', 'human face', 'human face', 'bottle', 'bottle', 'bottle', 'bottle', 'bottle', 'bottle']}}"
0112,"{'<DENSE_REGION_CAPTION>': {'bboxes': [[0.1120000034570694, 0.1120000034570694, 223.66400146484375, 223.66400146484375], [113.90400695800781, 153.552001953125, 153.552001953125, 223.66400146484375], [150.41600036621094, 56.112003326416016, 161.8400115966797, 81.20000457763672], [110.09600067138672, 62.832000732421875, 121.29600524902344, 87.47200012207031]], 'labels': ['house', 'chair', 'human face', 'human face']}}"
0113,"{'<DENSE_REGION_CAPTION>': {'bboxes': [[110.54400634765625, 33.263999938964844, 203.50401306152344, 145.48800659179688], [4.5920000076293945, 39.53600311279297, 72.68800354003906, 142.5760040283203], [16.239999771118164, 138.76800537109375, 66.63999938964844, 223.66400146484375], [113.90400695800781, 153.10400390625, 153.3280029296875, 223.66400146484375], [25.424001693725586, 163.8560028076172, 66.63999938964844, 223.66400146484375], [174.38400268554688, 182.67201232910156, 215.82400512695312, 223.66400146484375], [149.29600524902344, 56.560001373291016, 160.72000122070312, 81.64800262451172], [109.20000457763672, 63.72800064086914, 120.4000015258789, 87.92000579833984]], 'labels': ['cabinetry', 'cabinetry', 'chair', 'chair', 'chair', 'handbag', 'human face', 'human face']}}"
0114,"{'<DENSE_REGION_CAPTION>': {'bboxes': [[111.21600341796875, 33.48800277709961, 203.50401306152344, 142.5760040283203], [4.5920000076293945, 39.76000213623047, 72.24000549316406, 142.3520050048828], [114.35200500488281, 153.552001953125, 153.3280029296875, 223.66400146484375], [26.768001556396484, 164.0800018310547, 66.41600036621094, 223.66400146484375], [141.4560089111328, 154.447998046875, 167.88800048828125, 223.66400146484375], [73.58399963378906, 189.8400115966797, 117.26399993896484, 223.66400146484375], [149.07200622558594, 56.560001373291016, 160.72000122070312, 82.09600067138672], [108.75200653076172, 63.72800064086914, 119.7280044555664, 88.36800384521484]], 'labels': ['cabinetry', 'cabinetry', 'chair', 'chair', 'chair', 'chair', 'human face', 'human face']}}"
0115,"{'<DENSE_REGION_CAPTION>': {'bboxes': [[110.54400634765625, 33.48800277709961, 203.50401306152344, 143.9199981689453], [4.5920000076293945, 38.41600036621094, 72.68800354003906, 143.0240020751953], [114.35200500488281, 153.10400390625, 153.10400390625, 223.66400146484375], [25.424001693725586, 164.7519989013672, 66.41600036621094, 223.66400146484375], [158.03199768066406, 64.6240005493164, 189.39199829101562, 209.7760009765625], [99.56800079345703, 58.12800216674805, 136.3040008544922, 143.6959991455078], [0.1120000034570694, 106.73600006103516, 15.792000770568848, 223.66400146484375], [176.17601013183594, 8.40000057220459, 190.2880096435547, 32.816001892089844], [153.552001953125, 9.520000457763672, 167.88800048828125, 34.15999984741211], [190.9600067138672, 6.832000255584717, 201.93600463867188, 33.93600082397461], [166.76800537109375, 8.40000057220459, 176.84800720214844, 33.93600082397461], [106.06400299072266, 121.96800231933594, 114.80000305175781, 152.8800048828125], [134.5120086669922, 7.728000164031982, 143.2480010986328, 24.75200080871582], [144.36801147460938, 9.968000411987305, 153.10400390625, 25.424001693725586]], 'labels': ['cabinetry', 'cabinetry', 'chair', 'chair', 'person', 'person', 'person', 'bottle', 'bottle', 'bottle', 'bottle', 'bottle', 'bottle', 'bottle']}}"
0116,"{'<DENSE_REGION_CAPTION>': {'bboxes': [[110.54400634765625, 33.48800277709961, 203.50401306152344, 145.48800659179688], [4.5920000076293945, 38.63999938964844, 72.68800354003906, 142.5760040283203], [114.35200500488281, 152.656005859375, 153.10400390625, 223.66400146484375], [26.768001556396484, 165.20001220703125, 66.41600036621094, 223.66400146484375], [141.2320098876953, 155.12001037597656, 166.99200439453125, 223.66400146484375], [110.09600067138672, 64.4000015258789, 121.52000427246094, 88.81600189208984]], 'labels': ['cabinetry', 'cabinetry', 'chair', 'chair', 'chair', 'human face']}}"
0117,"{'<DENSE_REGION_CAPTION>': {'bboxes': [[114.12800598144531, 152.656005859375, 153.552001953125, 223.66400146484375], [140.7840118408203, 154.67201232910156, 167.44000244140625, 223.66400146484375], [109.42400360107422, 63.952003479003906, 120.6240005493164, 87.47200012207031]], 'labels': ['chair', 'chair', 'human face']}}"
0118,"{'<DENSE_REGION_CAPTION>': {'bboxes': [[110.31999969482422, 33.263999938964844, 203.50401306152344, 196.7840118408203], [4.5920000076293945, 39.3120002746582, 72.68800354003906, 129.58399963378906], [114.12800598144531, 152.656005859375, 153.3280029296875, 223.66400146484375], [110.31999969482422, 64.1760025024414, 121.52000427246094, 87.47200012207031]], 'labels': ['cabinetry', 'cabinetry', 'chair', 'human face']}}"
0119,"{'<DENSE_REGION_CAPTION>': {'bboxes': [[110.31999969482422, 33.48800277709961, 203.50401306152344, 145.71200561523438], [4.5920000076293945, 39.0880012512207, 72.68800354003906, 140.55999755859375], [115.02400207519531, 153.10400390625, 153.3280029296875, 223.66400146484375], [110.09600067138672, 64.1760025024414, 121.29600524902344, 88.14400482177734]], 'labels': ['cabinetry', 'cabinetry', 'chair', 'human face']}}"
0120,"{'<DENSE_REGION_CAPTION>': {'bboxes': [[110.31999969482422, 33.263999938964844, 203.50401306152344, 197.9040069580078], [4.368000030517578, 38.63999938964844, 72.68800354003906, 130.25599670410156], [115.24800109863281, 152.2080078125, 152.2080078125, 223.66400146484375], [3.9200000762939453, 99.56800079345703, 24.079999923706055, 133.61599731445312], [110.31999969482422, 63.952003479003906, 121.29600524902344, 87.69599914550781]], 'labels': ['cabinetry', 'cabinetry', 'chair', 'human face', 'human face']}}"
0121,"{'<DENSE_REGION_CAPTION>': {'bboxes': [[115.02400207519531, 151.9840087890625, 149.52000427246094, 223.66400146484375], [110.54400634765625, 63.72800064086914, 121.52000427246094, 87.02400207519531]], 'labels': ['chair', 'human face']}}"
0122,"{'<DENSE_REGION_CAPTION>': {'bboxes': [[114.57600402832031, 154.447998046875, 153.10400390625, 223.66400146484375], [141.9040069580078, 61.26400375366211, 153.552001953125, 87.02400207519531], [110.31999969482422, 64.6240005493164, 121.29600524902344, 87.92000579833984]], 'labels': ['chair', 'human face', 'human face']}}"
0123,"{'<DENSE_REGION_CAPTION>': {'bboxes': [[114.35200500488281, 154.67201232910156, 153.10400390625, 223.66400146484375], [141.9040069580078, 60.36800003051758, 154.89601135253906, 86.12800598144531], [157.13600158691406, 86.80000305175781, 166.99200439453125, 117.71200561523438], [109.87200164794922, 65.96800231933594, 120.84800720214844, 89.71200561523438]], 'labels': ['chair', 'human face', 'human face', 'human face']}}"
0124,"{'<DENSE_REGION_CAPTION>': {'bboxes': [[110.54400634765625, 33.263999938964844, 203.50401306152344, 198.8000030517578], [4.5920000076293945, 39.0880012512207, 72.68800354003906, 137.1999969482422], [114.35200500488281, 154.2239990234375, 153.552001953125, 223.66400146484375], [142.3520050048828, 60.816001892089844, 154.447998046875, 83.44000244140625], [108.08000183105469, 67.31200408935547, 119.0560073852539, 89.71200561523438]], 'labels': ['cabinetry', 'cabinetry', 'chair', 'human face', 'human face']}}"
0125,"{'<DENSE_REGION_CAPTION>': {'bboxes': [[111.21600341796875, 33.263999938964844, 203.50401306152344, 199.2480010986328], [5.488000392913818, 39.0880012512207, 72.68800354003906, 142.3520050048828], [114.35200500488281, 154.447998046875, 157.13600158691406, 223.66400146484375], [9.744000434875488, 117.04000091552734, 27.216001510620117, 159.15200805664062], [160.49600219726562, 86.57600402832031, 179.0880126953125, 116.59200286865234], [141.9040069580078, 61.040000915527344, 153.7760009765625, 86.80000305175781], [108.30400085449219, 62.160003662109375, 119.0560073852539, 87.47200012207031]], 'labels': ['cabinetry', 'cabinetry', 'chair', 'human face', 'human face', 'human face', 'human face']}}"
0126,"{'<DENSE_REGION_CAPTION>': {'bboxes': [[110.31999969482422, 33.263999938964844, 203.50401306152344, 198.8000030517578], [5.488000392913818, 39.0880012512207, 72.68800354003906, 142.3520050048828], [114.57600402832031, 154.89601135253906, 153.552001953125, 223.66400146484375], [4.5920000076293945, 123.53600311279297, 24.304000854492188, 156.24000549316406], [160.27200317382812, 82.09600067138672, 172.81600952148438, 116.36800384521484], [141.9040069580078, 61.71200180053711, 153.552001953125, 87.47200012207031], [108.30400085449219, 62.160003662109375, 119.2800064086914, 86.80000305175781]], 'labels': ['cabinetry', 'cabinetry', 'chair', 'human face', 'human face', 'human face', 'human face']}}"
0127,"{'<DENSE_REGION_CAPTION>': {'bboxes': [[110.31999969482422, 33.263999938964844, 203.50401306152344, 199.2480010986328], [5.488000392913818, 39.0880012512207, 72.46400451660156, 142.1280059814453], [114.80000305175781, 152.2080078125, 153.552001953125, 223.66400146484375], [7.28000020980835, 107.40800476074219, 25.200000762939453, 144.36801147460938], [160.27200317382812, 83.21600341796875, 176.17601013183594, 117.26399993896484], [142.1280059814453, 61.93600082397461, 153.552001953125, 87.92000579833984], [110.99200439453125, 65.52000427246094, 121.29600524902344, 89.71200561523438]], 'labels': ['cabinetry', 'cabinetry', 'chair', 'human face', 'human face', 'human face', 'human face']}}"
0128,"{'<DENSE_REGION_CAPTION>': {'bboxes': [[114.35200500488281, 152.656005859375, 153.552001953125, 223.66400146484375], [158.70401000976562, 82.99200439453125, 172.14401245117188, 116.14400482177734], [139.66400146484375, 62.160003662109375, 151.5360107421875, 87.92000579833984], [100.91200256347656, 69.3280029296875, 112.11200714111328, 92.6240005493164]], 'labels': ['chair', 'human face', 'human face', 'human face']}}"
0129,"{'<DENSE_REGION_CAPTION>': {'bboxes': [[110.31999969482422, 33.263999938964844, 203.50401306152344, 199.2480010986328], [5.488000392913818, 39.3120002746582, 72.46400451660156, 141.0080108642578], [114.80000305175781, 152.4320068359375, 153.552001953125, 223.66400146484375], [161.6160125732422, 86.35200500488281, 175.27999877929688, 116.36800384521484], [96.43199920654297, 72.01599884033203, 109.20000457763672, 96.656005859375], [150.63999938964844, 60.14400100708008, 161.16799926757812, 83.21600341796875]], 'labels': ['cabinetry', 'cabinetry', 'chair', 'human face', 'human face', 'human face']}}"
0130,"{'<DENSE_REGION_CAPTION>': {'bboxes': [[110.54400634765625, 33.040000915527344, 203.50401306152344, 143.2480010986328], [4.815999984741211, 39.0880012512207, 72.91200256347656, 142.3520050048828], [145.93600463867188, 70.89600372314453, 190.2880096435547, 211.79200744628906], [106.96000671386719, 111.21600341796875, 148.62400817871094, 223.66400146484375], [0.1120000034570694, 113.90400695800781, 30.80000114440918, 223.66400146484375], [6.6080002784729, 76.94400024414062, 34.608001708984375, 153.7760009765625], [93.74400329589844, 62.608001708984375, 116.59200286865234, 128.01600646972656]], 'labels': ['cabinetry', 'cabinetry', 'person', 'person', 'person', 'person', 'person']}}"
0131,"{'<DENSE_REGION_CAPTION>': {'bboxes': [[105.39200592041016, 113.23200225830078, 114.80000305175781, 152.656005859375], [166.76800537109375, 8.176000595092773, 176.62400817871094, 33.71200180053711], [191.1840057373047, 6.6080002784729, 201.71200561523438, 29.00800132751465], [177.74400329589844, 7.952000141143799, 187.60000610351562, 25.200000762939453], [154.447998046875, 8.40000057220459, 163.1840057373047, 25.648000717163086], [144.36801147460938, 9.520000457763672, 153.10400390625, 24.97599983215332], [134.7360076904297, 7.952000141143799, 143.2480010986328, 24.304000854492188], [23.408000946044922, 92.6240005493164, 40.20800018310547, 125.10400390625], [158.92800903320312, 80.52799987792969, 172.81600952148438, 112.56000518798828], [174.60800170898438, 58.35200119018555, 186.70401000976562, 80.52799987792969], [101.58399963378906, 68.8800048828125, 110.99200439453125, 93.52000427246094]], 'labels': ['bottle', 'bottle', 'bottle', 'bottle', 'bottle', 'bottle', 'bottle', 'human face', 'human face', 'human face', 'human face']}}"
0132,"{'<DENSE_REGION_CAPTION>': {'bboxes': [[0.1120000034570694, 86.80000305175781, 42.672000885009766, 223.66400146484375], [150.63999938964844, 67.08800506591797, 189.8400115966797, 189.8400115966797], [29.68000030517578, 140.55999755859375, 145.26400756835938, 190.7360076904297]], 'labels': ['person', 'person', 'table']}}"
0133,"{'<DENSE_REGION_CAPTION>': {'bboxes': [[104.94400024414062, 118.38400268554688, 115.02400207519531, 152.656005859375], [162.9600067138672, 80.52799987792969, 183.34400939941406, 112.56000518798828], [99.12000274658203, 61.71200180053711, 109.64800262451172, 86.35200500488281]], 'labels': ['bottle', 'human face', 'human face']}}"
0134,"{'<DENSE_REGION_CAPTION>': {'bboxes': [[0.1120000034570694, 116.36800384521484, 56.784000396728516, 223.66400146484375], [138.76800537109375, 62.384002685546875, 180.656005859375, 208.2080078125], [86.12800598144531, 58.12800216674805, 143.9199981689453, 144.81600952148438], [0.1120000034570694, 95.31200408935547, 22.736000061035156, 184.01600646972656]], 'labels': ['person', 'person', 'person', 'person']}}"
0135,"{'<DENSE_REGION_CAPTION>': {'bboxes': [[105.39200592041016, 114.12800598144531, 114.80000305175781, 152.4320068359375], [98.22400665283203, 64.1760025024414, 109.64800262451172, 89.71200561523438]], 'labels': ['bottle', 'human face']}}"
0136,"{'<DENSE_REGION_CAPTION>': {'bboxes': [[111.21600341796875, 33.263999938964844, 203.50401306152344, 146.60800170898438], [4.5920000076293945, 39.0880012512207, 72.68800354003906, 142.1280059814453], [138.32000732421875, 65.96800231933594, 175.27999877929688, 223.66400146484375], [87.24800109863281, 59.02400207519531, 147.72801208496094, 146.60800170898438], [0.1120000034570694, 107.63200378417969, 25.424001693725586, 223.66400146484375], [105.61600494384766, 113.45600128173828, 114.80000305175781, 153.10400390625], [166.76800537109375, 8.40000057220459, 176.62400817871094, 33.48800277709961], [191.1840057373047, 6.832000255584717, 201.48800659179688, 29.45600128173828], [177.74400329589844, 8.40000057220459, 187.37600708007812, 25.648000717163086], [154.2239990234375, 9.520000457763672, 163.4080047607422, 25.424001693725586], [144.36801147460938, 9.744000434875488, 152.8800048828125, 25.200000762939453], [134.5120086669922, 7.728000164031982, 143.0240020751953, 24.079999923706055]], 'labels': ['cabinetry', 'cabinetry', 'person', 'person', 'person', 'bottle', 'bottle', 'bottle', 'bottle', 'bottle', 'bottle', 'bottle']}}"
0137,"{'<DENSE_REGION_CAPTION>': {'bboxes': [[111.21600341796875, 33.263999938964844, 203.50401306152344, 197.9040069580078], [4.815999984741211, 39.3120002746582, 72.68800354003906, 142.5760040283203], [0.1120000034570694, 86.12800598144531, 39.76000213623047, 223.66400146484375], [147.50399780273438, 62.384002685546875, 180.8800048828125, 223.66400146484375], [88.14400482177734, 58.12800216674805, 139.88800048828125, 143.9199981689453], [0.1120000034570694, 154.447998046875, 39.53600311279297, 223.66400146484375], [153.7760009765625, 9.072000503540039, 168.11199951171875, 35.50400161743164], [176.17601013183594, 8.40000057220459, 190.5120086669922, 32.816001892089844], [105.84000396728516, 113.00800323486328, 114.57600402832031, 152.8800048828125], [166.76800537109375, 8.40000057220459, 176.62400817871094, 33.71200180053711], [191.1840057373047, 7.056000232696533, 201.48800659179688, 29.904001235961914], [134.5120086669922, 7.504000186920166, 143.2480010986328, 24.304000854492188], [144.36801147460938, 9.968000411987305, 152.8800048828125, 25.424001693725586]], 'labels': ['cabinetry', 'cabinetry', 'person', 'person', 'person', 'person', 'bottle', 'bottle', 'bottle', 'bottle', 'bottle', 'bottle', 'bottle']}}"
0138,"{'<DENSE_REGION_CAPTION>': {'bboxes': [[111.66400146484375, 33.263999938964844, 203.50401306152344, 135.4080047607422], [4.815999984741211, 39.0880012512207, 72.46400451660156, 141.9040069580078], [26.768001556396484, 164.3040008544922, 67.76000213623047, 223.66400146484375], [114.80000305175781, 154.447998046875, 142.8000030517578, 223.66400146484375], [96.8800048828125, 67.08800506591797, 108.08000183105469, 92.1760025024414]], 'labels': ['cabinetry', 'cabinetry', 'chair', 'chair', 'human face']}}"
0139,"{'<DENSE_REGION_CAPTION>': {'bboxes': [[105.39200592041016, 117.48800659179688, 114.80000305175781, 152.8800048828125], [166.99200439453125, 8.40000057220459, 176.84800720214844, 33.71200180053711], [191.6320037841797, 6.832000255584717, 201.93600463867188, 29.45600128173828], [177.96800231933594, 8.40000057220459, 187.82400512695312, 25.648000717163086], [154.67201232910156, 8.624000549316406, 163.6320037841797, 25.424001693725586], [144.59201049804688, 9.744000434875488, 153.3280029296875, 25.200000762939453]], 'labels': ['bottle', 'bottle', 'bottle', 'bottle', 'bottle', 'bottle']}}"
0140,"{'<DENSE_REGION_CAPTION>': {'bboxes': [[111.21600341796875, 33.263999938964844, 203.50401306152344, 198.8000030517578], [4.5920000076293945, 39.3120002746582, 72.46400451660156, 142.3520050048828], [114.35200500488281, 154.2239990234375, 153.10400390625, 223.66400146484375], [103.3759994506836, 64.1760025024414, 114.35200500488281, 88.36800384521484]], 'labels': ['cabinetry', 'cabinetry', 'chair', 'human face']}}"
0141,"{'<DENSE_REGION_CAPTION>': {'bboxes': [[110.99200439453125, 33.263999938964844, 203.50401306152344, 145.71200561523438], [4.5920000076293945, 39.3120002746582, 72.46400451660156, 142.5760040283203], [17.13599967956543, 141.6800079345703, 119.7280044555664, 190.9600067138672]], 'labels': ['cabinetry', 'cabinetry', 'table']}}"
0142,"{'<DENSE_REGION_CAPTION>': {'bboxes': [[138.76800537109375, 67.31200408935547, 201.04000854492188, 201.93600463867188], [0.1120000034570694, 87.24800109863281, 37.52000045776367, 223.66400146484375], [0.1120000034570694, 151.31201171875, 37.29600143432617, 223.66400146484375], [103.60000610351562, 56.784000396728516, 132.72000122070312, 143.2480010986328]], 'labels': ['person', 'person', 'person', 'person']}}"
0143,"{'<DENSE_REGION_CAPTION>': {'bboxes': [[113.90400695800781, 152.2080078125, 153.10400390625, 223.66400146484375], [103.60000610351562, 68.43199920654297, 114.57600402832031, 89.93600463867188]], 'labels': ['chair', 'human face']}}"
0144,"{'<DENSE_REGION_CAPTION>': {'bboxes': [[0.1120000034570694, 85.00800323486328, 42.672000885009766, 223.66400146484375], [50.96000289916992, 67.53600311279297, 85.90399932861328, 210.89601135253906], [0.1120000034570694, 121.74400329589844, 42.448001861572266, 223.66400146484375], [159.60000610351562, 62.832000732421875, 187.15200805664062, 201.48800659179688], [99.56800079345703, 58.12800216674805, 132.49600219726562, 143.6959991455078]], 'labels': ['person', 'person', 'person', 'person', 'person']}}"
0145,"{'<DENSE_REGION_CAPTION>': {'bboxes': [[102.2560043334961, 116.36800384521484, 114.80000305175781, 152.4320068359375], [100.46400451660156, 72.01599884033203, 112.78400421142578, 94.19200134277344]], 'labels': ['bottle', 'human face']}}"
0146,"{'<DENSE_REGION_CAPTION>': {'bboxes': [[106.06400299072266, 123.31200408935547, 115.02400207519531, 152.2080078125]], 'labels': ['bottle']}}"
0147,"{'<DENSE_REGION_CAPTION>': {'bboxes': [[106.06400299072266, 119.2800064086914, 115.02400207519531, 152.2080078125], [99.12000274658203, 69.3280029296875, 111.21600341796875, 93.96800231933594]], 'labels': ['bottle', 'human face']}}"
0148,"{'<DENSE_REGION_CAPTION>': {'bboxes': [[106.06400299072266, 118.16000366210938, 114.80000305175781, 152.2080078125], [97.3280029296875, 67.98400115966797, 108.75200653076172, 93.07200622558594]], 'labels': ['bottle', 'human face']}}"
0149,"{'<DENSE_REGION_CAPTION>': {'bboxes': [[106.06400299072266, 112.78400421142578, 115.02400207519531, 152.4320068359375], [97.7760009765625, 72.68800354003906, 110.31999969482422, 95.08800506591797]], 'labels': ['bottle', 'human face']}}"
0150,"{'<DENSE_REGION_CAPTION>': {'bboxes': [[106.06400299072266, 120.6240005493164, 114.80000305175781, 152.4320068359375]], 'labels': ['bottle']}}"
0151,"{'<DENSE_REGION_CAPTION>': {'bboxes': [[106.06400299072266, 113.23200225830078, 115.02400207519531, 152.4320068359375], [97.552001953125, 73.36000061035156, 109.87200164794922, 94.63999938964844]], 'labels': ['bottle', 'human face']}}"
0152,"{'<DENSE_REGION_CAPTION>': {'bboxes': [[106.06400299072266, 113.23200225830078, 115.02400207519531, 152.4320068359375], [97.552001953125, 73.36000061035156, 109.87200164794922, 95.76000213623047]], 'labels': ['bottle', 'human face']}}"
0153,"{'<DENSE_REGION_CAPTION>': {'bboxes': [[106.06400299072266, 113.00800323486328, 115.02400207519531, 152.4320068359375], [97.552001953125, 73.80799865722656, 109.87200164794922, 95.31200408935547]], 'labels': ['bottle', 'human face']}}"
0154,"{'<DENSE_REGION_CAPTION>': {'bboxes': [[113.68000030517578, 153.10400390625, 153.7760009765625, 223.66400146484375], [99.12000274658203, 66.63999938964844, 110.99200439453125, 91.2800064086914]], 'labels': ['chair', 'human face']}}"
0155,"{'<DENSE_REGION_CAPTION>': {'bboxes': [[110.31999969482422, 33.040000915527344, 203.95201110839844, 199.0240020751953], [4.5920000076293945, 39.76000213623047, 72.91200256347656, 126.67200469970703], [113.90400695800781, 152.656005859375, 153.10400390625, 223.66400146484375], [140.7840118408203, 153.552001953125, 170.5760040283203, 223.66400146484375], [0.1120000034570694, 83.44000244140625, 31.02400016784668, 223.66400146484375], [0.1120000034570694, 155.34400939941406, 31.472000122070312, 223.66400146484375], [0.1120000034570694, 83.44000244140625, 28.336000442504883, 164.0800018310547], [32.36800003051758, 57.00800323486328, 53.42399978637695, 122.86400604248047], [106.28800201416016, 114.35200500488281, 115.24800109863281, 152.2080078125]], 'labels': ['cabinetry', 'cabinetry', 'chair', 'chair', 'person', 'person', 'person', 'person', 'bottle']}}"
0156,"{'<DENSE_REGION_CAPTION>': {'bboxes': [[0.1120000034570694, 83.44000244140625, 55.88800048828125, 223.66400146484375], [138.54400634765625, 111.21600341796875, 202.38400268554688, 223.66400146484375], [26.992000579833984, 114.35200500488281, 84.33600616455078, 223.66400146484375], [88.14400482177734, 59.47200012207031, 132.04800415039062, 143.9199981689453], [203.05599975585938, 43.12000274658203, 223.66400146484375, 193.42401123046875], [203.05599975585938, 43.12000274658203, 223.44000244140625, 150.19200134277344], [29.904001235961914, 58.35200119018555, 51.85600280761719, 124.20800018310547], [106.06400299072266, 113.90400695800781, 114.80000305175781, 152.656005859375]], 'labels': ['person', 'person', 'person', 'person', 'person', 'person', 'person', 'bottle']}}"
0157,"{'<DENSE_REGION_CAPTION>': {'bboxes': [[106.06400299072266, 114.35200500488281, 114.80000305175781, 152.4320068359375], [100.68800354003906, 66.63999938964844, 112.11200714111328, 90.60800170898438]], 'labels': ['bottle', 'human face']}}"
0158,"{'<DENSE_REGION_CAPTION>': {'bboxes': [[106.06400299072266, 114.35200500488281, 115.02400207519531, 152.4320068359375], [101.58399963378906, 66.86399841308594, 112.78400421142578, 90.60800170898438]], 'labels': ['bottle', 'human face']}}"
0159,"{'<DENSE_REGION_CAPTION>': {'bboxes': [[0.1120000034570694, 81.64800262451172, 54.768001556396484, 223.66400146484375], [30.128000259399414, 111.88800048828125, 83.21600341796875, 223.66400146484375], [91.05599975585938, 59.92000198364258, 134.0640106201172, 145.48800659179688]], 'labels': ['person', 'person', 'woman']}}"
0160,"{'<DENSE_REGION_CAPTION>': {'bboxes': [[0.1120000034570694, 79.18400573730469, 82.76800537109375, 223.66400146484375], [0.1120000034570694, 79.18400573730469, 56.784000396728516, 223.66400146484375], [87.02400207519531, 59.47200012207031, 142.1280059814453, 144.59201049804688]], 'labels': ['person', 'person', 'woman']}}"
0161,"{'<DENSE_REGION_CAPTION>': {'bboxes': [[110.31999969482422, 32.816001892089844, 203.72801208496094, 199.2480010986328], [3.696000099182129, 39.0880012512207, 72.91200256347656, 142.8000030517578], [117.93600463867188, 69.10400390625, 163.8560028076172, 223.66400146484375], [26.32000160217285, 111.21600341796875, 82.31999969482422, 223.66400146484375], [38.19200134277344, 68.8800048828125, 50.96000289916992, 94.63999938964844], [104.49600219726562, 71.12000274658203, 115.69600677490234, 95.53600311279297]], 'labels': ['furniture', 'furniture', 'girl', 'girl', 'human face', 'human face']}}"
0162,"{'<DENSE_REGION_CAPTION>': {'bboxes': [[17.583999633789062, 139.66400146484375, 167.44000244140625, 223.66400146484375], [156.46400451660156, 65.29600524902344, 223.66400146484375, 211.79200744628906], [25.424001693725586, 110.76800537109375, 82.54400634765625, 223.66400146484375], [0.1120000034570694, 82.99200439453125, 30.576000213623047, 223.66400146484375], [92.8479995727539, 61.040000915527344, 139.44000244140625, 144.59201049804688]], 'labels': ['table', 'woman', 'woman', 'woman', 'woman']}}"
0163,"{'<DENSE_REGION_CAPTION>': {'bboxes': [[0.1120000034570694, 162.2880096435547, 36.176002502441406, 223.66400146484375], [102.9280014038086, 72.01599884033203, 113.90400695800781, 95.98400115966797]], 'labels': ['fancy dress', 'human face']}}"
0164,"{'<DENSE_REGION_CAPTION>': {'bboxes': [[176.40000915527344, 8.176000595092773, 190.5120086669922, 32.816001892089844], [106.28800201416016, 114.12800598144531, 115.02400207519531, 152.4320068359375], [166.99200439453125, 7.952000141143799, 176.84800720214844, 33.48800277709961], [191.6320037841797, 6.384000301361084, 201.93600463867188, 29.904001235961914], [154.67201232910156, 8.40000057220459, 163.6320037841797, 25.424001693725586], [144.59201049804688, 9.520000457763672, 153.3280029296875, 24.75200080871582], [134.9600067138672, 10.416000366210938, 143.4720001220703, 24.527999877929688]], 'labels': ['bottle', 'bottle', 'bottle', 'bottle', 'bottle', 'bottle', 'bottle']}}"
0165,"{'<DENSE_REGION_CAPTION>': {'bboxes': [[176.40000915527344, 8.176000595092773, 190.5120086669922, 32.816001892089844], [166.99200439453125, 8.176000595092773, 176.84800720214844, 33.48800277709961], [191.6320037841797, 6.6080002784729, 201.93600463867188, 29.45600128173828], [106.51200103759766, 124.20800018310547, 114.80000305175781, 152.2080078125], [154.67201232910156, 8.624000549316406, 163.6320037841797, 25.424001693725586], [144.59201049804688, 9.744000434875488, 153.3280029296875, 24.75200080871582], [134.9600067138672, 10.640000343322754, 143.4720001220703, 24.527999877929688]], 'labels': ['bottle', 'bottle', 'bottle', 'bottle', 'bottle', 'bottle', 'bottle']}}"
0166,"{'<DENSE_REGION_CAPTION>': {'bboxes': [[114.35200500488281, 152.656005859375, 154.2239990234375, 223.66400146484375], [101.58399963378906, 72.24000549316406, 112.78400421142578, 94.63999938964844]], 'labels': ['chair', 'human face']}}"
0167,"{'<DENSE_REGION_CAPTION>': {'bboxes': [[110.54400634765625, 33.263999938964844, 203.50401306152344, 198.8000030517578], [4.5920000076293945, 39.0880012512207, 72.68800354003906, 163.8560028076172], [114.12800598144531, 150.19200134277344, 154.2239990234375, 223.66400146484375], [100.24000549316406, 70.89600372314453, 111.66400146484375, 94.86400604248047]], 'labels': ['cabinetry', 'cabinetry', 'chair', 'human face']}}"
0168,"{'<DENSE_REGION_CAPTION>': {'bboxes': [[110.54400634765625, 33.263999938964844, 203.50401306152344, 198.8000030517578], [4.5920000076293945, 39.0880012512207, 72.91200256347656, 141.0080108642578], [114.35200500488281, 151.08799743652344, 153.7760009765625, 223.66400146484375], [98.89600372314453, 71.12000274658203, 110.76800537109375, 95.31200408935547]], 'labels': ['cabinetry', 'cabinetry', 'chair', 'human face']}}"
0169,"{'<DENSE_REGION_CAPTION>': {'bboxes': [[110.31999969482422, 33.263999938964844, 203.50401306152344, 198.5760040283203], [4.5920000076293945, 39.3120002746582, 72.91200256347656, 141.0080108642578], [114.35200500488281, 151.08799743652344, 153.10400390625, 223.66400146484375], [99.12000274658203, 72.01599884033203, 110.76800537109375, 95.53600311279297]], 'labels': ['cabinetry', 'cabinetry', 'chair', 'human face']}}"
0170,"{'<DENSE_REGION_CAPTION>': {'bboxes': [[110.54400634765625, 33.040000915527344, 203.50401306152344, 198.3520050048828], [4.5920000076293945, 39.0880012512207, 72.68800354003906, 120.1760025024414], [114.35200500488281, 151.9840087890625, 153.3280029296875, 223.66400146484375], [101.58399963378906, 67.53600311279297, 112.78400421142578, 91.7280044555664]], 'labels': ['cabinetry', 'cabinetry', 'chair', 'human face']}}"
0171,"{'<DENSE_REGION_CAPTION>': {'bboxes': [[110.31999969482422, 33.263999938964844, 203.50401306152344, 198.3520050048828], [4.5920000076293945, 39.3120002746582, 72.68800354003906, 141.6800079345703], [114.35200500488281, 153.552001953125, 153.7760009765625, 223.66400146484375], [102.9280014038086, 68.8800048828125, 114.12800598144531, 93.52000427246094]], 'labels': ['cabinetry', 'cabinetry', 'chair', 'human face']}}"
0172,"{'<DENSE_REGION_CAPTION>': {'bboxes': [[94.63999938964844, 96.20800018310547, 122.86400604248047, 118.16000366210938], [106.06400299072266, 116.59200286865234, 115.02400207519531, 152.4320068359375], [112.11200714111328, 63.05600357055664, 123.53600311279297, 88.36800384521484]], 'labels': ['book', 'bottle', 'human face']}}"
0173,"{'<DENSE_REGION_CAPTION>': {'bboxes': [[138.32000732421875, 67.76000213623047, 185.58399963378906, 223.66400146484375], [112.78400421142578, 64.8479995727539, 124.20800018310547, 89.71200561523438]], 'labels': ['girl', 'human face']}}"
0174,"{'<DENSE_REGION_CAPTION>': {'bboxes': [[140.7840118408203, 62.384002685546875, 182.67201232910156, 223.66400146484375], [33.040000915527344, 116.36800384521484, 87.69599914550781, 223.66400146484375], [112.33600616455078, 65.74400329589844, 123.53600311279297, 89.71200561523438]], 'labels': ['girl', 'girl', 'human face']}}"
0175,"{'<DENSE_REGION_CAPTION>': {'bboxes': [[176.40000915527344, 8.176000595092773, 190.2880096435547, 32.816001892089844], [191.1840057373047, 6.6080002784729, 202.16000366210938, 33.48800277709961], [166.99200439453125, 8.176000595092773, 176.84800720214844, 33.93600082397461], [106.73600006103516, 120.6240005493164, 114.80000305175781, 152.656005859375], [154.447998046875, 9.296000480651855, 163.6320037841797, 25.87200164794922], [144.81600952148438, 9.744000434875488, 153.3280029296875, 25.200000762939453]], 'labels': ['bottle', 'bottle', 'bottle', 'bottle', 'bottle', 'bottle']}}"
0176,"{'<DENSE_REGION_CAPTION>': {'bboxes': [[110.31999969482422, 33.263999938964844, 203.95201110839844, 144.81600952148438], [4.5920000076293945, 39.0880012512207, 72.68800354003906, 137.42401123046875], [113.90400695800781, 153.10400390625, 153.7760009765625, 223.66400146484375], [108.97600555419922, 62.384002685546875, 119.9520034790039, 86.80000305175781]], 'labels': ['cabinetry', 'cabinetry', 'chair', 'human face']}}"
0177,"{'<DENSE_REGION_CAPTION>': {'bboxes': [[111.21600341796875, 33.263999938964844, 203.95201110839844, 145.04000854492188], [4.5920000076293945, 39.0880012512207, 72.68800354003906, 176.62400817871094], [113.90400695800781, 153.552001953125, 153.552001953125, 223.66400146484375], [141.6800079345703, 154.2239990234375, 170.1280059814453, 223.66400146484375], [108.97600555419922, 65.29600524902344, 119.9520034790039, 89.71200561523438]], 'labels': ['cabinetry', 'cabinetry', 'chair', 'chair', 'human face']}}"
0178,"{'<DENSE_REGION_CAPTION>': {'bboxes': [[105.39200592041016, 117.48800659179688, 115.02400207519531, 152.656005859375]], 'labels': ['bottle']}}"
0179,"{'<DENSE_REGION_CAPTION>': {'bboxes': [[114.35200500488281, 153.10400390625, 153.552001953125, 223.66400146484375], [108.30400085449219, 64.1760025024414, 119.5040054321289, 87.92000579833984]], 'labels': ['chair', 'human face']}}"
0180,"{'<DENSE_REGION_CAPTION>': {'bboxes': [[147.95201110839844, 64.8479995727539, 191.8560028076172, 213.80801391601562], [34.608001708984375, 105.61600494384766, 83.66400146484375, 223.66400146484375], [103.1520004272461, 58.80000305175781, 152.4320068359375, 145.71200561523438], [1.6800000667572021, 134.2880096435547, 42.224002838134766, 223.66400146484375], [31.02400016784668, 59.92000198364258, 55.44000244140625, 156.91200256347656], [0.1120000034570694, 159.15200805664062, 19.152000427246094, 223.66400146484375]], 'labels': ['person', 'person', 'person', 'person', 'person', 'person']}}"
0181,"{'<DENSE_REGION_CAPTION>': {'bboxes': [[110.31999969482422, 33.263999938964844, 203.95201110839844, 198.5760040283203], [4.5920000076293945, 39.53600311279297, 72.91200256347656, 140.55999755859375], [114.35200500488281, 153.10400390625, 153.10400390625, 223.66400146484375], [112.33600616455078, 71.79199981689453, 123.98400115966797, 96.43199920654297]], 'labels': ['cabinetry', 'cabinetry', 'chair', 'human face']}}"
0182,"{'<DENSE_REGION_CAPTION>': {'bboxes': [[110.99200439453125, 33.263999938964844, 203.95201110839844, 197.9040069580078], [4.5920000076293945, 39.53600311279297, 72.91200256347656, 138.54400634765625], [114.57600402832031, 151.9840087890625, 153.10400390625, 223.66400146484375], [106.73600006103516, 61.48800277709961, 117.93600463867188, 86.57600402832031]], 'labels': ['cabinetry', 'cabinetry', 'chair', 'human face']}}"
0183,"{'<DENSE_REGION_CAPTION>': {'bboxes': [[110.54400634765625, 33.263999938964844, 203.95201110839844, 128.01600646972656], [4.368000030517578, 39.3120002746582, 72.68800354003906, 140.55999755859375], [113.90400695800781, 151.9840087890625, 152.656005859375, 223.66400146484375], [106.06400299072266, 64.6240005493164, 117.93600463867188, 86.80000305175781]], 'labels': ['cabinetry', 'cabinetry', 'chair', 'human face']}}"
0184,"{'<DENSE_REGION_CAPTION>': {'bboxes': [[110.31999969482422, 33.263999938964844, 203.72801208496094, 189.6160125732422], [4.368000030517578, 39.53600311279297, 72.68800354003906, 125.552001953125], [113.90400695800781, 151.08799743652344, 153.10400390625, 223.66400146484375], [104.27200317382812, 68.8800048828125, 115.69600677490234, 93.07200622558594]], 'labels': ['cabinetry', 'cabinetry', 'chair', 'human face']}}"
0185,"{'<DENSE_REGION_CAPTION>': {'bboxes': [[110.31999969482422, 33.263999938964844, 203.50401306152344, 145.04000854492188], [3.9200000762939453, 39.0880012512207, 72.91200256347656, 138.99200439453125], [114.35200500488281, 153.552001953125, 153.10400390625, 223.66400146484375], [101.8080062866211, 64.8479995727539, 112.78400421142578, 88.36800384521484]], 'labels': ['cabinetry', 'cabinetry', 'chair', 'human face']}}"
0186,"{'<DENSE_REGION_CAPTION>': {'bboxes': [[105.39200592041016, 117.48800659179688, 114.80000305175781, 152.4320068359375]], 'labels': ['bottle']}}"
0187,"{'<DENSE_REGION_CAPTION>': {'bboxes': [[115.02400207519531, 151.9840087890625, 152.8800048828125, 223.66400146484375], [141.6800079345703, 154.447998046875, 171.0240020751953, 223.66400146484375], [108.97600555419922, 65.0719985961914, 119.9520034790039, 87.47200012207031]], 'labels': ['chair', 'chair', 'human face']}}"
0188,"{'<DENSE_REGION_CAPTION>': {'bboxes': [[114.35200500488281, 151.9840087890625, 152.8800048828125, 223.66400146484375], [141.2320098876953, 154.2239990234375, 171.0240020751953, 223.66400146484375], [109.64800262451172, 66.41600036621094, 120.6240005493164, 88.59200286865234]], 'labels': ['chair', 'chair', 'human face']}}"
0189,"{'<DENSE_REGION_CAPTION>': {'bboxes': [[114.57600402832031, 153.552001953125, 153.10400390625, 223.66400146484375], [141.6800079345703, 154.447998046875, 171.0240020751953, 223.66400146484375], [107.40800476074219, 65.74400329589844, 118.83200073242188, 89.71200561523438]], 'labels': ['chair', 'chair', 'human face']}}"
0190,"{'<DENSE_REGION_CAPTION>': {'bboxes': [[111.21600341796875, 33.263999938964844, 203.50401306152344, 198.8000030517578], [4.815999984741211, 39.53600311279297, 72.46400451660156, 128.01600646972656], [114.57600402832031, 153.552001953125, 152.8800048828125, 223.66400146484375], [141.4560089111328, 154.67201232910156, 170.8000030517578, 223.66400146484375], [107.18400573730469, 65.74400329589844, 118.38400268554688, 88.81600189208984]], 'labels': ['cabinetry', 'cabinetry', 'chair', 'chair', 'human face']}}"
0191,"{'<DENSE_REGION_CAPTION>': {'bboxes': [[111.21600341796875, 33.263999938964844, 203.50401306152344, 199.2480010986328], [4.815999984741211, 39.3120002746582, 72.46400451660156, 128.68800354003906], [114.35200500488281, 152.656005859375, 153.10400390625, 223.66400146484375], [141.2320098876953, 154.447998046875, 170.8000030517578, 223.66400146484375], [5.936000347137451, 111.21600341796875, 24.079999923706055, 145.71200561523438], [107.18400573730469, 65.29600524902344, 118.38400268554688, 89.04000091552734]], 'labels': ['cabinetry', 'cabinetry', 'chair', 'chair', 'human face', 'human face']}}"
0192,"{'<DENSE_REGION_CAPTION>': {'bboxes': [[114.35200500488281, 153.10400390625, 153.10400390625, 223.66400146484375], [107.18400573730469, 64.6240005493164, 118.60800170898438, 88.36800384521484]], 'labels': ['chair', 'human face']}}"
0193,"{'<DENSE_REGION_CAPTION>': {'bboxes': [[110.54400634765625, 33.263999938964844, 203.50401306152344, 199.2480010986328], [4.5920000076293945, 39.0880012512207, 72.68800354003906, 142.5760040283203], [114.35200500488281, 153.552001953125, 153.10400390625, 223.66400146484375], [141.4560089111328, 154.447998046875, 170.8000030517578, 223.66400146484375], [108.97600555419922, 65.74400329589844, 120.1760025024414, 88.59200286865234]], 'labels': ['cabinetry', 'cabinetry', 'chair', 'chair', 'human face']}}"
0194,"{'<DENSE_REGION_CAPTION>': {'bboxes': [[110.54400634765625, 33.263999938964844, 203.50401306152344, 198.8000030517578], [4.5920000076293945, 39.3120002746582, 72.46400451660156, 140.55999755859375], [114.35200500488281, 153.552001953125, 153.10400390625, 223.66400146484375], [141.9040069580078, 154.67201232910156, 170.8000030517578, 223.66400146484375], [108.75200653076172, 66.41600036621094, 119.7280044555664, 89.71200561523438]], 'labels': ['cabinetry', 'cabinetry', 'chair', 'chair', 'human face']}}"
0195,"{'<DENSE_REGION_CAPTION>': {'bboxes': [[110.31999969482422, 33.263999938964844, 203.50401306152344, 198.8000030517578], [4.5920000076293945, 39.0880012512207, 72.68800354003906, 138.54400634765625], [114.35200500488281, 154.0, 152.8800048828125, 223.66400146484375], [141.9040069580078, 154.447998046875, 170.8000030517578, 223.66400146484375], [108.52799987792969, 65.74400329589844, 119.9520034790039, 89.71200561523438]], 'labels': ['cabinetry', 'cabinetry', 'chair', 'chair', 'human face']}}"
0196,"{'<DENSE_REGION_CAPTION>': {'bboxes': [[110.54400634765625, 33.263999938964844, 203.50401306152344, 198.8000030517578], [4.815999984741211, 39.53600311279297, 72.46400451660156, 134.5120086669922], [114.12800598144531, 153.3280029296875, 152.8800048828125, 223.66400146484375], [141.2320098876953, 154.447998046875, 170.8000030517578, 223.66400146484375], [109.42400360107422, 65.74400329589844, 120.6240005493164, 89.26399993896484]], 'labels': ['cabinetry', 'cabinetry', 'chair', 'chair', 'human face']}}"
0197,"{'<DENSE_REGION_CAPTION>': {'bboxes': [[110.31999969482422, 33.263999938964844, 203.50401306152344, 198.8000030517578], [4.5920000076293945, 39.53600311279297, 72.46400451660156, 145.93600463867188], [114.35200500488281, 154.0, 152.8800048828125, 223.66400146484375], [141.2320098876953, 153.10400390625, 169.9040069580078, 223.66400146484375], [108.75200653076172, 67.76000213623047, 119.9520034790039, 91.2800064086914]], 'labels': ['cabinetry', 'cabinetry', 'chair', 'chair', 'human face']}}"
0198,"{'<DENSE_REGION_CAPTION>': {'bboxes': [[110.54400634765625, 33.040000915527344, 203.72801208496094, 199.2480010986328], [4.5920000076293945, 39.53600311279297, 72.68800354003906, 141.6800079345703], [115.02400207519531, 154.2239990234375, 153.10400390625, 223.66400146484375], [4.5920000076293945, 115.24800109863281, 25.200000762939453, 138.99200439453125], [108.75200653076172, 68.43199920654297, 119.9520034790039, 90.83200073242188]], 'labels': ['cabinetry', 'cabinetry', 'chair', 'human face', 'human face']}}"
0199,"{'<DENSE_REGION_CAPTION>': {'bboxes': [[110.76800537109375, 33.263999938964844, 203.50401306152344, 199.4720001220703], [63.952003479003906, 139.66400146484375, 166.54400634765625, 191.6320037841797], [114.35200500488281, 153.7760009765625, 153.10400390625, 223.66400146484375], [141.2320098876953, 154.2239990234375, 170.8000030517578, 223.66400146484375], [109.20000457763672, 67.31200408935547, 120.6240005493164, 91.2800064086914]], 'labels': ['cabinetry', 'table', 'chair', 'chair', 'human face']}}"
0200,"{'<DENSE_REGION_CAPTION>': {'bboxes': [[110.99200439453125, 32.36800003051758, 204.40000915527344, 200.81600952148438], [2.3519999980926514, 38.63999938964844, 71.79199981689453, 148.62400817871094], [114.12800598144531, 153.7760009765625, 153.3280029296875, 223.66400146484375], [141.9040069580078, 154.0, 169.0080108642578, 223.66400146484375], [107.85600280761719, 67.08800506591797, 119.2800064086914, 91.7280044555664]], 'labels': ['cabinetry', 'cabinetry', 'chair', 'chair', 'human face']}}"
0201,"{'<DENSE_REGION_CAPTION>': {'bboxes': [[115.02400207519531, 155.12001037597656, 154.2239990234375, 223.66400146484375], [143.9199981689453, 157.36000061035156, 173.26400756835938, 223.66400146484375], [35.28000259399414, 107.63200378417969, 53.87200164794922, 152.656005859375], [0.1120000034570694, 118.60800170898438, 14.223999977111816, 143.4720001220703], [108.97600555419922, 66.86399841308594, 120.6240005493164, 92.4000015258789], [101.13600158691406, 122.19200134277344, 115.24800109863281, 156.91200256347656], [34.608001708984375, 9.968000411987305, 46.25600051879883, 35.055999755859375], [49.84000015258789, 15.120000839233398, 61.040000915527344, 34.15999984741211], [158.03199768066406, 0.1120000034570694, 168.5600128173828, 18.70400047302246], [147.05599975585938, 0.1120000034570694, 157.13600158691406, 18.48000144958496], [136.9759979248047, 2.5759999752044678, 146.38400268554688, 17.808000564575195]], 'labels': ['chair', 'chair', 'human face', 'human face', 'human face', 'bottle', 'bottle', 'bottle', 'bottle', 'bottle', 'bottle']}}"
0202,"{'<DENSE_REGION_CAPTION>': {'bboxes': [[103.60000610351562, 122.64000701904297, 115.02400207519531, 161.16799926757812], [45.58399963378906, 0.1120000034570694, 57.00800323486328, 29.23200035095215], [28.784000396728516, 0.1120000034570694, 40.20800018310547, 29.68000030517578], [37.74399948120117, 0.1120000034570694, 46.704002380371094, 29.23200035095215], [56.112003326416016, 0.1120000034570694, 65.0719985961914, 28.336000442504883], [175.95201110839844, 0.1120000034570694, 187.60000610351562, 21.392000198364258], [205.52000427246094, 0.1120000034570694, 216.27200317382812, 15.792000770568848], [189.16799926757812, 0.1120000034570694, 199.6959991455078, 11.984000205993652], [149.52000427246094, 0.1120000034570694, 159.82400512695312, 10.86400032043457], [138.99200439453125, 0.1120000034570694, 149.29600524902344, 10.640000343322754], [162.0640106201172, 0.1120000034570694, 172.14401245117188, 11.984000205993652]], 'labels': ['bottle', 'bottle', 'bottle', 'bottle', 'bottle', 'bottle', 'bottle', 'bottle', 'bottle', 'bottle', 'bottle']}}"
0203,"{'<DENSE_REGION_CAPTION>': {'bboxes': [[0.1120000034570694, 0.1120000034570694, 223.66400146484375, 223.66400146484375], [119.5040054321289, 163.1840057373047, 153.552001953125, 223.66400146484375], [149.74400329589844, 166.32000732421875, 183.12001037597656, 223.66400146484375], [5.263999938964844, 108.75200653076172, 26.54400062561035, 163.1840057373047], [108.75200653076172, 55.44000244140625, 122.19200134277344, 86.12800598144531], [104.04800415039062, 123.08800506591797, 115.47200012207031, 164.5279998779297], [22.288000106811523, 0.1120000034570694, 34.832000732421875, 23.631999969482422], [40.656002044677734, 0.1120000034570694, 52.75200271606445, 22.736000061035156], [52.30400085449219, 0.1120000034570694, 61.040000915527344, 22.064001083374023]], 'labels': ['cabinetry', 'chair', 'chair', 'human face', 'human face', 'bottle', 'bottle', 'bottle', 'bottle']}}"
0204,"{'<DENSE_REGION_CAPTION>': {'bboxes': [[120.4000015258789, 167.88800048828125, 157.13600158691406, 223.66400146484375], [107.18400573730469, 54.768001556396484, 121.74400329589844, 85.00800323486328]], 'labels': ['chair', 'human face']}}"
0205,"{'<DENSE_REGION_CAPTION>': {'bboxes': [[121.07200622558594, 168.5600128173828, 158.03199768066406, 223.66400146484375], [169.4560089111328, 169.9040069580078, 189.6160125732422, 223.66400146484375], [109.20000457763672, 51.40800094604492, 123.76000213623047, 82.31999969482422], [0.1120000034570694, 0.1120000034570694, 57.45600128173828, 15.568000793457031], [14.672000885009766, 0.1120000034570694, 28.112001419067383, 15.344000816345215], [35.055999755859375, 0.1120000034570694, 48.272003173828125, 14.672000885009766], [0.1120000034570694, 0.1120000034570694, 11.088000297546387, 15.344000816345215], [47.60000228881836, 0.1120000034570694, 57.23200225830078, 14.223999977111816], [26.992000579833984, 0.1120000034570694, 35.95199966430664, 14.672000885009766]], 'labels': ['chair', 'chair', 'human face', 'book', 'book', 'book', 'book', 'book', 'book']}}"
0206,"{'<DENSE_REGION_CAPTION>': {'bboxes': [[46.47999954223633, 151.31201171875, 188.94400024414062, 223.66400146484375], [0.1120000034570694, 0.1120000034570694, 57.23200225830078, 15.568000793457031], [104.04800415039062, 125.7760009765625, 116.59200286865234, 169.2320098876953], [0.1120000034570694, 117.26399993896484, 18.256000518798828, 166.09600830078125], [9.296000480651855, 55.88800048828125, 26.992000579833984, 89.93600463867188], [108.97600555419922, 50.512001037597656, 123.76000213623047, 82.09600067138672]], 'labels': ['desk', 'book', 'bottle', 'human face', 'human face', 'human face']}}"
0207,"{'<DENSE_REGION_CAPTION>': {'bboxes': [[0.1120000034570694, 0.1120000034570694, 223.66400146484375, 223.66400146484375], [120.6240005493164, 168.5600128173828, 158.03199768066406, 223.66400146484375], [0.1120000034570694, 118.38400268554688, 15.568000793457031, 163.1840057373047], [108.30400085449219, 52.52799987792969, 122.86400604248047, 83.44000244140625]], 'labels': ['bookcase', 'chair', 'human face', 'human face']}}"
0208,"{'<DENSE_REGION_CAPTION>': {'bboxes': [[0.1120000034570694, 0.1120000034570694, 223.66400146484375, 223.66400146484375], [120.84800720214844, 168.5600128173828, 158.03199768066406, 223.66400146484375], [103.3759994506836, 50.736000061035156, 118.83200073242188, 82.09600067138672]], 'labels': ['bookcase', 'chair', 'human face']}}"
0209,"{'<DENSE_REGION_CAPTION>': {'bboxes': [[0.1120000034570694, 0.1120000034570694, 223.66400146484375, 223.66400146484375], [120.84800720214844, 168.5600128173828, 158.03199768066406, 223.66400146484375], [169.0080108642578, 170.8000030517578, 189.6160125732422, 223.66400146484375], [103.3759994506836, 50.064002990722656, 119.7280044555664, 82.54400634765625]], 'labels': ['bookcase', 'chair', 'chair', 'human face']}}"
0210,"{'<DENSE_REGION_CAPTION>': {'bboxes': [[0.1120000034570694, 0.1120000034570694, 223.66400146484375, 223.66400146484375], [120.84800720214844, 168.5600128173828, 158.03199768066406, 223.66400146484375], [169.0080108642578, 170.8000030517578, 189.6160125732422, 223.66400146484375], [0.1120000034570694, 45.80800247192383, 19.152000427246094, 78.95999908447266], [103.60000610351562, 52.97600173950195, 120.4000015258789, 84.11199951171875]], 'labels': ['bookcase', 'chair', 'chair', 'human face', 'human face']}}"
0211,"{'<DENSE_REGION_CAPTION>': {'bboxes': [[0.1120000034570694, 0.1120000034570694, 223.66400146484375, 223.66400146484375], [0.1120000034570694, 97.10400390625, 9.968000411987305, 154.2239990234375], [4.5920000076293945, 39.3120002746582, 21.392000198364258, 71.56800079345703], [103.60000610351562, 52.75200271606445, 119.9520034790039, 84.11199951171875]], 'labels': ['shelf', 'human face', 'human face', 'human face']}}"
0212,"{'<DENSE_REGION_CAPTION>': {'bboxes': [[0.1120000034570694, 0.1120000034570694, 223.66400146484375, 223.66400146484375], [120.84800720214844, 168.5600128173828, 158.03199768066406, 223.66400146484375], [169.0080108642578, 170.5760040283203, 189.6160125732422, 223.66400146484375], [0.1120000034570694, 41.104000091552734, 14.896000862121582, 76.72000122070312], [102.0320053100586, 51.63199996948242, 117.71200561523438, 82.99200439453125], [0.1120000034570694, 111.21600341796875, 5.936000347137451, 152.656005859375]], 'labels': ['bookcase', 'chair', 'chair', 'human face', 'human face', 'human face']}}"
0213,"{'<DENSE_REGION_CAPTION>': {'bboxes': [[34.608001708984375, 151.08799743652344, 187.60000610351562, 223.66400146484375], [0.1120000034570694, 0.1120000034570694, 57.23200225830078, 15.344000816345215], [204.84800720214844, 129.36000061035156, 216.94400024414062, 185.36000061035156], [33.48800277709961, 31.472000122070312, 52.75200271606445, 65.52000427246094], [151.760009765625, 156.24000549316406, 181.3280029296875, 166.76800537109375], [208.8800048828125, 33.040000915527344, 216.49600219726562, 66.86399841308594], [34.832000732421875, 0.1120000034570694, 47.60000228881836, 14.896000862121582], [0.1120000034570694, 0.1120000034570694, 10.86400032043457, 15.344000816345215], [19.376001358032227, 0.1120000034570694, 28.112001419067383, 15.120000839233398], [26.768001556396484, 0.1120000034570694, 35.50400161743164, 14.896000862121582], [47.37600326538086, 0.1120000034570694, 56.784000396728516, 14.0], [14.44800090789795, 0.1120000034570694, 20.720001220703125, 15.568000793457031]], 'labels': ['desk', 'book', 'book', 'book', 'book', 'book', 'book', 'book', 'book', 'book', 'book', 'book']}}"
0214,"{'<DENSE_REGION_CAPTION>': {'bboxes': [[0.1120000034570694, 0.1120000034570694, 223.66400146484375, 223.66400146484375], [120.84800720214844, 168.5600128173828, 157.80799865722656, 223.66400146484375], [169.0080108642578, 170.1280059814453, 189.16799926757812, 223.66400146484375], [0.1120000034570694, 100.91200256347656, 21.84000015258789, 159.60000610351562], [107.40800476074219, 52.97600173950195, 122.86400604248047, 86.35200500488281], [0.1120000034570694, 45.58399963378906, 13.552000045776367, 73.36000061035156], [143.6959991455078, 80.08000183105469, 154.89601135253906, 97.10400390625]], 'labels': ['bookcase', 'chair', 'chair', 'human face', 'human face', 'human face', 'human face']}}"
0215,"{'<DENSE_REGION_CAPTION>': {'bboxes': [[0.1120000034570694, 0.1120000034570694, 223.66400146484375, 223.66400146484375], [120.84800720214844, 168.33599853515625, 157.80799865722656, 223.66400146484375], [169.0080108642578, 170.1280059814453, 189.16799926757812, 223.66400146484375], [2.8000001907348633, 115.47200012207031, 17.808000564575195, 162.0640106201172], [105.84000396728516, 52.30400085449219, 121.29600524902344, 85.23200225830078]], 'labels': ['bookcase', 'chair', 'chair', 'human face', 'human face']}}"
0216,"{'<DENSE_REGION_CAPTION>': {'bboxes': [[110.09600067138672, 63.28000259399414, 148.84800720214844, 223.66400146484375], [100.46400451660156, 38.63999938964844, 126.67200469970703, 118.38400268554688]], 'labels': ['person', 'woman']}}"
0217,"{'<DENSE_REGION_CAPTION>': {'bboxes': [[121.07200622558594, 167.44000244140625, 158.03199768066406, 223.66400146484375], [106.51200103759766, 52.52799987792969, 121.74400329589844, 84.11199951171875], [104.49600219726562, 126.44800567626953, 116.81600189208984, 169.2320098876953], [29.00800132751465, 122.64000701904297, 40.656002044677734, 154.447998046875], [35.055999755859375, 0.1120000034570694, 48.04800033569336, 14.672000885009766], [15.344000816345215, 0.1120000034570694, 28.336000442504883, 14.896000862121582], [0.1120000034570694, 0.1120000034570694, 11.312000274658203, 15.120000839233398], [26.768001556396484, 0.1120000034570694, 35.95199966430664, 14.672000885009766], [47.60000228881836, 0.1120000034570694, 57.00800323486328, 13.552000045776367]], 'labels': ['chair', 'human face', 'bottle', 'bottle', 'book', 'book', 'book', 'book', 'book']}}"
0218,"{'<DENSE_REGION_CAPTION>': {'bboxes': [[28.112001419067383, 153.7760009765625, 187.60000610351562, 223.66400146484375], [107.40800476074219, 50.736000061035156, 122.41600036621094, 83.21600341796875], [149.96800231933594, 67.08800506591797, 160.94400024414062, 89.71200561523438]], 'labels': ['desk', 'human face', 'human face']}}"
0219,"{'<DENSE_REGION_CAPTION>': {'bboxes': [[0.1120000034570694, 0.1120000034570694, 223.66400146484375, 223.66400146484375], [31.02400016784668, 151.08799743652344, 187.15200805664062, 223.66400146484375], [108.52799987792969, 52.08000183105469, 123.53600311279297, 84.11199951171875], [151.08799743652344, 63.72800064086914, 162.5120086669922, 88.36800384521484], [136.7519989013672, 111.66400146484375, 150.86399841308594, 124.656005859375]], 'labels': ['cabinetry', 'desk', 'human face', 'human face', 'pen']}}"
0220,"{'<DENSE_REGION_CAPTION>': {'bboxes': [[121.07200622558594, 168.33599853515625, 157.80799865722656, 223.66400146484375], [169.4560089111328, 169.6800079345703, 189.8400115966797, 223.66400146484375], [103.60000610351562, 126.44800567626953, 116.81600189208984, 169.2320098876953], [107.85600280761719, 52.52799987792969, 122.86400604248047, 85.45600128173828], [149.74400329589844, 73.36000061035156, 160.04800415039062, 93.74400329589844]], 'labels': ['chair', 'chair', 'bottle', 'human face', 'human face']}}"
0221,"{'<DENSE_REGION_CAPTION>': {'bboxes': [[0.1120000034570694, 0.1120000034570694, 223.66400146484375, 223.66400146484375], [120.84800720214844, 168.5600128173828, 157.80799865722656, 223.66400146484375], [169.0080108642578, 169.4560089111328, 189.6160125732422, 223.66400146484375], [107.18400573730469, 49.61600112915039, 122.19200134277344, 83.44000244140625], [151.5360107421875, 156.91200256347656, 181.10400390625, 167.66400146484375], [34.832000732421875, 0.1120000034570694, 47.60000228881836, 14.44800090789795], [0.1120000034570694, 0.1120000034570694, 10.86400032043457, 15.344000816345215], [19.152000427246094, 0.1120000034570694, 28.112001419067383, 15.120000839233398], [26.768001556396484, 0.1120000034570694, 35.50400161743164, 14.896000862121582], [47.60000228881836, 0.1120000034570694, 56.784000396728516, 14.0], [14.44800090789795, 0.1120000034570694, 20.496000289916992, 15.568000793457031]], 'labels': ['cabinetry', 'chair', 'chair', 'human face', 'book', 'book', 'book', 'book', 'book', 'book', 'book']}}"
0222,"{'<DENSE_REGION_CAPTION>': {'bboxes': [[120.84800720214844, 168.5600128173828, 157.80799865722656, 223.66400146484375], [169.0080108642578, 169.0080108642578, 190.0640106201172, 223.66400146484375], [103.60000610351562, 126.67200469970703, 116.59200286865234, 169.2320098876953], [0.1120000034570694, 118.16000366210938, 18.70400047302246, 176.40000915527344], [108.52799987792969, 51.18400192260742, 123.53600311279297, 84.56000518798828], [149.74400329589844, 65.0719985961914, 160.72000122070312, 89.71200561523438], [34.832000732421875, 0.1120000034570694, 47.60000228881836, 14.44800090789795], [0.1120000034570694, 0.1120000034570694, 10.86400032043457, 15.344000816345215], [19.152000427246094, 0.1120000034570694, 28.112001419067383, 15.120000839233398], [26.768001556396484, 0.1120000034570694, 35.50400161743164, 14.896000862121582], [47.60000228881836, 0.1120000034570694, 56.784000396728516, 14.0], [14.223999977111816, 0.1120000034570694, 20.720001220703125, 15.568000793457031]], 'labels': ['chair', 'chair', 'bottle', 'human face', 'human face', 'human face', 'book', 'book', 'book', 'book', 'book', 'book']}}"
0223,"{'<DENSE_REGION_CAPTION>': {'bboxes': [[120.84800720214844, 168.33599853515625, 157.80799865722656, 223.66400146484375], [169.0080108642578, 169.0080108642578, 189.8400115966797, 223.66400146484375], [108.08000183105469, 51.63199996948242, 123.08800506591797, 85.90399932861328], [0.1120000034570694, 115.24800109863281, 8.176000595092773, 170.8000030517578], [150.63999938964844, 62.832000732421875, 161.8400115966797, 89.48799896240234], [150.86399841308594, 156.91200256347656, 181.10400390625, 167.88800048828125], [208.8800048828125, 32.816001892089844, 216.49600219726562, 67.08800506591797], [35.055999755859375, 0.1120000034570694, 47.60000228881836, 14.44800090789795], [0.1120000034570694, 0.1120000034570694, 10.86400032043457, 15.344000816345215], [19.152000427246094, 0.1120000034570694, 28.112001419067383, 15.120000839233398], [26.768001556396484, 0.1120000034570694, 35.50400161743164, 14.896000862121582], [47.60000228881836, 0.1120000034570694, 56.784000396728516, 14.0], [14.223999977111816, 0.1120000034570694, 20.720001220703125, 15.568000793457031], [10.416000366210938, 0.1120000034570694, 15.568000793457031, 15.792000770568848]], 'labels': ['chair', 'chair', 'human face', 'human face', 'human face', 'book', 'book', 'book', 'book', 'book', 'book', 'book', 'book', 'book']}}"
0224,"{'<DENSE_REGION_CAPTION>': {'bboxes': [[120.84800720214844, 168.5600128173828, 157.80799865722656, 223.66400146484375], [169.0080108642578, 169.4560089111328, 190.0640106201172, 223.66400146484375], [0.1120000034570694, 0.1120000034570694, 57.23200225830078, 15.568000793457031], [151.5360107421875, 156.68800354003906, 181.10400390625, 167.44000244140625], [35.055999755859375, 0.1120000034570694, 47.60000228881836, 14.44800090789795], [0.1120000034570694, 0.1120000034570694, 10.86400032043457, 15.344000816345215], [19.152000427246094, 0.1120000034570694, 27.88800048828125, 15.120000839233398], [26.768001556396484, 0.1120000034570694, 35.50400161743164, 14.896000862121582], [47.60000228881836, 0.1120000034570694, 56.784000396728516, 13.776000022888184], [14.223999977111816, 0.1120000034570694, 20.720001220703125, 15.568000793457031], [10.416000366210938, 0.1120000034570694, 15.568000793457031, 15.568000793457031]], 'labels': ['chair', 'chair', 'book', 'book', 'book', 'book', 'book', 'book', 'book', 'book', 'book']}}"
0225,"{'<DENSE_REGION_CAPTION>': {'bboxes': [[120.84800720214844, 168.33599853515625, 157.80799865722656, 223.66400146484375], [169.0080108642578, 169.4560089111328, 191.6320037841797, 223.66400146484375], [0.1120000034570694, 184.46400451660156, 23.856000900268555, 223.66400146484375], [151.760009765625, 156.68800354003906, 180.656005859375, 167.21600341796875], [35.055999755859375, 0.1120000034570694, 47.60000228881836, 14.44800090789795], [0.1120000034570694, 0.1120000034570694, 10.86400032043457, 15.344000816345215], [19.152000427246094, 0.1120000034570694, 27.88800048828125, 15.120000839233398], [26.768001556396484, 0.1120000034570694, 35.50400161743164, 14.896000862121582], [47.60000228881836, 0.1120000034570694, 56.784000396728516, 13.776000022888184], [14.223999977111816, 0.1120000034570694, 20.720001220703125, 15.344000816345215], [10.416000366210938, 0.1120000034570694, 15.568000793457031, 15.568000793457031]], 'labels': ['chair', 'chair', 'chair', 'book', 'book', 'book', 'book', 'book', 'book', 'book', 'book']}}"
0226,"{'<DENSE_REGION_CAPTION>': {'bboxes': [[121.07200622558594, 168.33599853515625, 157.80799865722656, 223.66400146484375], [169.0080108642578, 170.1280059814453, 189.6160125732422, 223.66400146484375], [106.06400299072266, 51.18400192260742, 121.29600524902344, 83.44000244140625], [151.08799743652344, 156.46400451660156, 181.10400390625, 166.99200439453125], [35.055999755859375, 0.1120000034570694, 47.60000228881836, 14.223999977111816], [0.1120000034570694, 0.1120000034570694, 10.86400032043457, 15.120000839233398], [19.152000427246094, 0.1120000034570694, 27.88800048828125, 14.896000862121582], [26.768001556396484, 0.1120000034570694, 35.50400161743164, 14.672000885009766], [47.60000228881836, 0.1120000034570694, 56.784000396728516, 13.552000045776367], [14.223999977111816, 0.1120000034570694, 20.720001220703125, 15.120000839233398], [10.416000366210938, 0.1120000034570694, 15.568000793457031, 15.344000816345215]], 'labels': ['chair', 'chair', 'human face', 'book', 'book', 'book', 'book', 'book', 'book', 'book', 'book']}}"
0227,"{'<DENSE_REGION_CAPTION>': {'bboxes': [[0.1120000034570694, 0.1120000034570694, 223.66400146484375, 223.66400146484375], [106.96000671386719, 52.97600173950195, 121.74400329589844, 84.11199951171875]], 'labels': ['bookcase', 'human face']}}"
0228,"{'<DENSE_REGION_CAPTION>': {'bboxes': [[17.583999633789062, 151.08799743652344, 181.3280029296875, 223.66400146484375], [175.50399780273438, 96.20800018310547, 223.66400146484375, 198.8000030517578], [104.04800415039062, 123.08800506591797, 116.81600189208984, 169.2320098876953], [106.06400299072266, 54.09600067138672, 121.29600524902344, 86.80000305175781], [147.27999877929688, 60.816001892089844, 156.68800354003906, 87.92000579833984]], 'labels': ['desk', 'fancy dress', 'bottle', 'human face', 'human face']}}"
0229,"{'<DENSE_REGION_CAPTION>': {'bboxes': [[121.07200622558594, 168.7840118408203, 157.80799865722656, 223.66400146484375], [169.0080108642578, 170.8000030517578, 192.0800018310547, 223.66400146484375], [103.82400512695312, 125.3280029296875, 116.59200286865234, 169.2320098876953], [105.84000396728516, 54.09600067138672, 121.07200622558594, 87.02400207519531], [0.1120000034570694, 43.79199981689453, 10.192000389099121, 77.61600494384766], [148.40000915527344, 60.592002868652344, 157.36000061035156, 85.45600128173828]], 'labels': ['chair', 'chair', 'bottle', 'human face', 'human face', 'human face']}}"
0230,"{'<DENSE_REGION_CAPTION>': {'bboxes': [[0.1120000034570694, 0.1120000034570694, 223.66400146484375, 223.66400146484375], [121.29600524902344, 168.5600128173828, 158.03199768066406, 223.66400146484375], [169.4560089111328, 171.0240020751953, 189.16799926757812, 223.66400146484375], [0.1120000034570694, 184.46400451660156, 22.288000106811523, 223.66400146484375], [107.18400573730469, 53.87200164794922, 122.19200134277344, 85.90399932861328], [0.1120000034570694, 43.12000274658203, 9.968000411987305, 78.06400299072266], [35.055999755859375, 0.1120000034570694, 47.82400131225586, 14.672000885009766], [0.1120000034570694, 0.1120000034570694, 11.088000297546387, 15.344000816345215], [19.600000381469727, 0.1120000034570694, 28.336000442504883, 15.120000839233398], [26.992000579833984, 0.1120000034570694, 35.72800064086914, 14.896000862121582], [47.82400131225586, 0.1120000034570694, 57.00800323486328, 14.0], [14.896000862121582, 0.1120000034570694, 20.944000244140625, 15.344000816345215]], 'labels': ['cabinetry', 'chair', 'chair', 'chair', 'human face', 'human face', 'book', 'book', 'book', 'book', 'book', 'book']}}"
0231,"{'<DENSE_REGION_CAPTION>': {'bboxes': [[121.07200622558594, 168.5600128173828, 158.03199768066406, 223.66400146484375], [169.4560089111328, 171.2480010986328, 189.16799926757812, 223.66400146484375], [0.1120000034570694, 184.46400451660156, 21.84000015258789, 223.66400146484375], [0.1120000034570694, 0.1120000034570694, 11.088000297546387, 15.344000816345215], [35.28000259399414, 0.1120000034570694, 47.60000228881836, 14.672000885009766], [14.896000862121582, 0.1120000034570694, 27.88800048828125, 15.120000839233398], [26.768001556396484, 0.1120000034570694, 35.72800064086914, 14.896000862121582], [47.60000228881836, 0.1120000034570694, 57.00800323486328, 14.0], [20.04800033569336, 0.1120000034570694, 28.112001419067383, 14.896000862121582], [14.896000862121582, 0.1120000034570694, 21.168001174926758, 15.344000816345215], [10.640000343322754, 0.1120000034570694, 15.568000793457031, 15.568000793457031]], 'labels': ['chair', 'chair', 'chair', 'book', 'book', 'book', 'book', 'book', 'book', 'book', 'book']}}"
0232,"{'<DENSE_REGION_CAPTION>': {'bboxes': [[121.07200622558594, 168.5600128173828, 158.03199768066406, 223.66400146484375], [169.4560089111328, 171.4720001220703, 192.5279998779297, 223.66400146484375], [0.1120000034570694, 183.79200744628906, 21.61600112915039, 223.66400146484375], [104.04800415039062, 121.74400329589844, 116.81600189208984, 169.2320098876953], [61.71200180053711, 141.4560089111328, 71.12000274658203, 156.46400451660156]], 'labels': ['chair', 'chair', 'chair', 'bottle', 'coffee cup']}}"
0233,"{'<DENSE_REGION_CAPTION>': {'bboxes': [[121.07200622558594, 168.5600128173828, 158.03199768066406, 223.66400146484375], [169.4560089111328, 171.2480010986328, 189.6160125732422, 223.66400146484375], [0.1120000034570694, 183.79200744628906, 21.84000015258789, 223.66400146484375], [104.04800415039062, 125.552001953125, 117.04000091552734, 169.4560089111328], [61.71200180053711, 141.4560089111328, 71.12000274658203, 156.46400451660156]], 'labels': ['chair', 'chair', 'chair', 'bottle', 'coffee cup']}}"
0234,"{'<DENSE_REGION_CAPTION>': {'bboxes': [[121.07200622558594, 168.5600128173828, 157.80799865722656, 223.66400146484375], [169.2320098876953, 171.2480010986328, 189.16799926757812, 223.66400146484375], [0.1120000034570694, 181.10400390625, 20.944000244140625, 223.66400146484375], [104.04800415039062, 126.00000762939453, 116.14400482177734, 169.2320098876953], [61.48800277709961, 141.4560089111328, 70.89600372314453, 156.46400451660156]], 'labels': ['chair', 'chair', 'chair', 'bottle', 'coffee cup']}}"
0235,"{'<DENSE_REGION_CAPTION>': {'bboxes': [[0.1120000034570694, 0.1120000034570694, 223.66400146484375, 223.66400146484375], [121.29600524902344, 168.5600128173828, 157.80799865722656, 223.66400146484375], [169.4560089111328, 171.2480010986328, 189.16799926757812, 223.66400146484375], [0.1120000034570694, 184.01600646972656, 20.944000244140625, 223.66400146484375], [105.84000396728516, 47.82400131225586, 120.6240005493164, 81.20000457763672]], 'labels': ['cabinetry', 'chair', 'chair', 'chair', 'human face']}}"
0236,"{'<DENSE_REGION_CAPTION>': {'bboxes': [[120.84800720214844, 168.5600128173828, 158.03199768066406, 223.66400146484375], [169.0080108642578, 171.4720001220703, 189.6160125732422, 223.66400146484375], [0.1120000034570694, 181.10400390625, 21.84000015258789, 223.66400146484375], [108.97600555419922, 53.87200164794922, 124.4320068359375, 87.02400207519531], [34.832000732421875, 0.1120000034570694, 47.60000228881836, 14.896000862121582], [0.1120000034570694, 0.1120000034570694, 10.86400032043457, 15.344000816345215], [26.54400062561035, 0.1120000034570694, 35.50400161743164, 14.896000862121582], [47.37600326538086, 0.1120000034570694, 56.784000396728516, 14.0], [19.376001358032227, 0.1120000034570694, 28.112001419067383, 15.120000839233398], [14.44800090789795, 0.1120000034570694, 20.720001220703125, 15.344000816345215]], 'labels': ['chair', 'chair', 'chair', 'human face', 'book', 'book', 'book', 'book', 'book', 'book']}}"
0237,"{'<DENSE_REGION_CAPTION>': {'bboxes': [[121.07200622558594, 168.7840118408203, 157.80799865722656, 223.66400146484375], [169.2320098876953, 171.0240020751953, 192.0800018310547, 223.66400146484375], [0.1120000034570694, 182.447998046875, 22.064001083374023, 223.66400146484375], [106.73600006103516, 55.66400146484375, 122.86400604248047, 87.02400207519531]], 'labels': ['chair', 'chair', 'chair', 'human face']}}"
0238,"{'<DENSE_REGION_CAPTION>': {'bboxes': [[121.07200622558594, 169.0080108642578, 157.80799865722656, 223.66400146484375], [169.4560089111328, 171.2480010986328, 192.0800018310547, 223.66400146484375], [0.1120000034570694, 180.656005859375, 21.168001174926758, 223.66400146484375], [105.39200592041016, 126.67200469970703, 116.59200286865234, 169.0080108642578], [29.00800132751465, 123.08800506591797, 39.53600311279297, 152.656005859375], [61.93600082397461, 141.4560089111328, 71.12000274658203, 156.46400451660156]], 'labels': ['chair', 'chair', 'chair', 'bottle', 'bottle', 'coffee cup']}}"
0239,"{'<DENSE_REGION_CAPTION>': {'bboxes': [[17.583999633789062, 150.41600036621094, 181.3280029296875, 223.66400146484375], [0.1120000034570694, 0.1120000034570694, 57.23200225830078, 15.344000816345215], [104.94400024414062, 126.44800567626953, 116.36800384521484, 168.7840118408203], [21.84000015258789, 127.12000274658203, 32.816001892089844, 154.67201232910156], [29.45600128173828, 122.86400604248047, 38.41600036621094, 138.99200439453125], [61.48800277709961, 141.4560089111328, 70.89600372314453, 156.46400451660156]], 'labels': ['desk', 'book', 'bottle', 'bottle', 'bottle', 'coffee cup']}}"
0240,"{'<DENSE_REGION_CAPTION>': {'bboxes': [[23.631999969482422, 145.93600463867188, 151.31201171875, 223.66400146484375], [0.1120000034570694, 0.1120000034570694, 11.088000297546387, 15.344000816345215], [35.28000259399414, 0.1120000034570694, 47.60000228881836, 14.672000885009766], [19.376001358032227, 0.1120000034570694, 28.560001373291016, 14.896000862121582], [27.216001510620117, 0.1120000034570694, 35.72800064086914, 14.672000885009766], [47.82400131225586, 0.1120000034570694, 57.00800323486328, 13.552000045776367], [14.896000862121582, 0.1120000034570694, 21.168001174926758, 15.120000839233398]], 'labels': ['desk', 'book', 'book', 'book', 'book', 'book', 'book']}}"
0241,"{'<DENSE_REGION_CAPTION>': {'bboxes': [[15.568000793457031, 146.60800170898438, 152.4320068359375, 223.66400146484375], [108.97600555419922, 51.18400192260742, 123.98400115966797, 83.66400146484375]], 'labels': ['desk', 'human face']}}"
0242,"{'<DENSE_REGION_CAPTION>': {'bboxes': [[21.84000015258789, 155.12001037597656, 151.31201171875, 223.66400146484375], [173.04000854492188, 82.31999969482422, 197.0080108642578, 127.79200744628906], [104.49600219726562, 126.67200469970703, 116.59200286865234, 169.2320098876953], [61.93600082397461, 141.4560089111328, 71.12000274658203, 156.46400451660156]], 'labels': ['desk', 'book', 'bottle', 'coffee cup']}}"
0243,"{'<DENSE_REGION_CAPTION>': {'bboxes': [[124.8800048828125, 56.560001373291016, 188.94400024414062, 223.66400146484375], [182.67201232910156, 36.624000549316406, 217.16799926757812, 223.66400146484375], [0.1120000034570694, 33.71200180053711, 26.32000160217285, 223.66400146484375], [92.8479995727539, 40.880001068115234, 132.72000122070312, 151.08799743652344]], 'labels': ['person', 'woman', 'woman', 'woman']}}"
0244,"{'<DENSE_REGION_CAPTION>': {'bboxes': [[18.48000144958496, 156.24000549316406, 151.31201171875, 223.66400146484375], [108.08000183105469, 56.560001373291016, 123.53600311279297, 86.80000305175781]], 'labels': ['desk', 'human face']}}"
0245,"{'<DENSE_REGION_CAPTION>': {'bboxes': [[0.1120000034570694, 0.1120000034570694, 223.66400146484375, 223.66400146484375], [115.24800109863281, 168.33599853515625, 154.447998046875, 223.66400146484375], [0.1120000034570694, 182.2239990234375, 21.61600112915039, 223.66400146484375], [107.63200378417969, 55.21600341796875, 123.31200408935547, 89.71200561523438], [103.82400512695312, 126.00000762939453, 116.59200286865234, 169.2320098876953], [21.61600112915039, 127.56800079345703, 32.816001892089844, 154.67201232910156], [29.00800132751465, 123.53600311279297, 39.53600311279297, 152.2080078125], [61.71200180053711, 141.2320098876953, 71.12000274658203, 156.68800354003906]], 'labels': ['cabinetry', 'chair', 'chair', 'human face', 'bottle', 'bottle', 'bottle', 'coffee cup']}}"
0246,"{'<DENSE_REGION_CAPTION>': {'bboxes': [[0.1120000034570694, 0.1120000034570694, 58.12800216674805, 138.99200439453125], [103.60000610351562, 126.00000762939453, 116.36800384521484, 169.2320098876953], [102.7040023803711, 52.97600173950195, 117.48800659179688, 82.99200439453125]], 'labels': ['bookcase', 'bottle', 'human face']}}"
0247,"{'<DENSE_REGION_CAPTION>': {'bboxes': [[133.8400115966797, 50.736000061035156, 190.2880096435547, 223.66400146484375], [109.42400360107422, 57.68000030517578, 165.42401123046875, 223.66400146484375], [177.29600524902344, 51.63199996948242, 217.6160125732422, 223.66400146484375], [0.1120000034570694, 29.23200035095215, 32.592002868652344, 223.66400146484375], [87.02400207519531, 46.928001403808594, 124.8800048828125, 130.03199768066406]], 'labels': ['person', 'woman', 'woman', 'woman', 'woman']}}"
0248,"{'<DENSE_REGION_CAPTION>': {'bboxes': [[125.3280029296875, 57.90400314331055, 184.91200256347656, 223.66400146484375], [167.66400146484375, 66.19200134277344, 223.66400146484375, 223.66400146484375], [0.1120000034570694, 114.80000305175781, 56.560001373291016, 223.66400146484375], [83.21600341796875, 48.720001220703125, 136.3040008544922, 158.92800903320312], [95.98400115966797, 61.26400375366211, 111.44000244140625, 95.08800506591797]], 'labels': ['man', 'woman', 'woman', 'woman', 'human face']}}"
0249,"{'<DENSE_REGION_CAPTION>': {'bboxes': [[117.04000091552734, 68.656005859375, 182.67201232910156, 223.66400146484375], [160.04800415039062, 38.63999938964844, 203.05599975585938, 223.66400146484375], [0.1120000034570694, 33.93600082397461, 26.32000160217285, 223.66400146484375], [104.94400024414062, 120.6240005493164, 116.36800384521484, 169.2320098876953]], 'labels': ['person', 'person', 'person', 'bottle']}}"
0250,"{'<DENSE_REGION_CAPTION>': {'bboxes': [[0.1120000034570694, 0.1120000034570694, 223.66400146484375, 223.66400146484375], [99.12000274658203, 54.09600067138672, 113.90400695800781, 88.36800384521484], [97.10400390625, 69.10400390625, 101.58399963378906, 76.94400024414062]], 'labels': ['bookcase', 'human face', 'mobile phone']}}"
0251,"{'<DENSE_REGION_CAPTION>': {'bboxes': [[104.94400024414062, 126.44800567626953, 116.14400482177734, 169.0080108642578], [96.43199920654297, 56.336002349853516, 113.00800323486328, 93.07200622558594], [167.44000244140625, 58.80000305175781, 181.3280029296875, 98.0], [0.1120000034570694, 47.152000427246094, 10.416000366210938, 85.00800323486328], [35.055999755859375, 0.1120000034570694, 47.152000427246094, 14.44800090789795], [47.37600326538086, 0.1120000034570694, 56.784000396728516, 13.552000045776367], [26.992000579833984, 0.1120000034570694, 35.50400161743164, 14.672000885009766], [19.600000381469727, 0.1120000034570694, 27.88800048828125, 14.672000885009766], [14.672000885009766, 0.1120000034570694, 20.496000289916992, 15.120000839233398]], 'labels': ['bottle', 'human face', 'human face', 'human face', 'book', 'book', 'book', 'book', 'book']}}"
0252,"{'<DENSE_REGION_CAPTION>': {'bboxes': [[114.57600402832031, 169.2320098876953, 153.10400390625, 223.66400146484375], [93.96800231933594, 59.92000198364258, 110.09600067138672, 94.86400604248047], [34.832000732421875, 0.1120000034570694, 47.60000228881836, 14.44800090789795], [19.152000427246094, 0.1120000034570694, 28.112001419067383, 15.120000839233398], [26.992000579833984, 0.1120000034570694, 35.50400161743164, 14.672000885009766], [47.60000228881836, 0.1120000034570694, 56.784000396728516, 13.552000045776367], [14.672000885009766, 0.1120000034570694, 20.496000289916992, 15.568000793457031]], 'labels': ['chair', 'human face', 'book', 'book', 'book', 'book', 'book']}}"
0253,"{'<DENSE_REGION_CAPTION>': {'bboxes': [[0.1120000034570694, 0.1120000034570694, 223.66400146484375, 223.66400146484375], [97.7760009765625, 50.512001037597656, 113.23200225830078, 83.66400146484375]], 'labels': ['cabinetry', 'human face']}}"
0254,"{'<DENSE_REGION_CAPTION>': {'bboxes': [[0.1120000034570694, 0.1120000034570694, 223.66400146484375, 223.66400146484375], [97.3280029296875, 51.18400192260742, 112.56000518798828, 84.56000518798828]], 'labels': ['cabinetry', 'human face']}}"
0255,"{'<DENSE_REGION_CAPTION>': {'bboxes': [[111.66400146484375, 6.6080002784729, 223.66400146484375, 223.66400146484375], [0.1120000034570694, 0.1120000034570694, 58.12800216674805, 138.76800537109375], [115.92000579833984, 167.88800048828125, 154.0, 223.66400146484375], [99.12000274658203, 52.97600173950195, 115.02400207519531, 87.24800109863281]], 'labels': ['cabinetry', 'cabinetry', 'chair', 'human face']}}"
0256,"{'<DENSE_REGION_CAPTION>': {'bboxes': [[0.1120000034570694, 0.1120000034570694, 223.66400146484375, 223.66400146484375], [55.21600341796875, 91.2800064086914, 76.27200317382812, 132.72000122070312], [99.12000274658203, 54.768001556396484, 114.35200500488281, 87.92000579833984]], 'labels': ['cabinetry', 'human face', 'human face']}}"
0257,"{'<DENSE_REGION_CAPTION>': {'bboxes': [[133.39199829101562, 51.18400192260742, 190.0640106201172, 223.66400146484375], [56.112003326416016, 49.61600112915039, 112.56000518798828, 223.66400146484375], [115.24800109863281, 81.20000457763672, 173.93600463867188, 223.66400146484375], [0.1120000034570694, 31.472000122070312, 34.608001708984375, 223.66400146484375], [165.42401123046875, 38.63999938964844, 202.83200073242188, 223.66400146484375], [92.8479995727539, 45.13600158691406, 130.70401000976562, 158.03199768066406]], 'labels': ['person', 'woman', 'woman', 'woman', 'woman', 'woman']}}"
